filename,before_hash,ctxr_hash,mipmaps,origin_folder,opacity_stripped,upscaled,upscaler_version,upscaler_type,ctxr3_converted,non_upscaled_version,npot_resized
0003a157.img,ad19bcee5657b3bc0055f5e3d0b5431977acdbf6,7b5e06801ef9342e9d271d3bc07dd736fe835b03,true,ps2 textures\opaque\bp_remade,true,true,5,remarci_4x_extra_smooth,false,0,false
0003a157.img_03f17ff9395846ea5bf936552c3b988a,5389da2c30305e6b7b6e595620efe394a94ed98f,8d69696365303e4a5b0c997922a297590d3555ec,true,ps2 textures\opaque\bp_remade,true,true,5,remarci_4x_extra_smooth,false,0,false
0003a157.img_072734442395aa77b4dc73a300e14635,a08be4b149f95965fabc915097010497e30f775c,362d74f33550fccd5d5dbbda92c766144cae7ab9,true,ps2 textures\opaque\bp_remade,true,true,5,remarci_4x_extra_smooth,false,0,false
0003a157.img_079c21f87c2396e85d5f7c82637e7352,18ac4a8461e014f5b87ba4ce2f5a358fe5e48a25,27a7b4f2489ed52ef76efb7cebb6f2521bc5861b,true,ps2 textures\opaque\bp_remade,true,true,5,remarci_4x_extra_smooth,false,0,false
0003a157.img_185cf90c2eaa2eef3aeb870ec4834671,bbece4eaec1e3a8f47a2aa29d09fdaecfb89a7ac,25f35875cd9869c42b45cf42cc5e7b0787256a9a,true,ps2 textures\opaque\bp_remade,true,true,5,remarci_4x_extra_smooth,false,0,false
0003a157.img_1ba470027dacd7c10adf661610dc04e1,e34cdb6f612d612e164067a2ddba43fda4f11a25,7f9c291de64043b768837ff20d962c7cc3a56a8b,true,ps2 textures\opaque\bp_remade,true,true,5,remarci_4x_extra_smooth,false,0,false
0003a157.img_1ece3f27cf607206241327a91b57c89d,e38d69e1f1bba3e514b0a402a2a2e7055ca568cb,4a1aa62c3f339c74e0c58c2364ce396d971882ee,true,ps2 textures\opaque\bp_remade,true,true,5,remarci_4x_extra_smooth,false,0,false
0003a157.img_2be35633bee586cebc75a438f0e6e4e2,f493418340dbf37d89c8e053a28b787cd455144c,06b168987c1cc9a40399a830f294084b32cedd58,true,ps2 textures\opaque\bp_remade,true,true,5,remarci_4x_extra_smooth,false,0,false
0003a157.img_3175e6874d78a2e57eb432e68c004751,8f373e2b5a21a433b05c6fc2bfabad656ed9aa40,c34bbf53a62bf633933a0efd7592c6c4e11ae6c8,true,ps2 textures\opaque\bp_remade,true,true,5,remarci_4x_extra_smooth,false,0,false
0003a157.img_335003ac512d622e8ff81548074823df,15643b48880abbf058fad6933d46d219fd2f58a9,40e0aaf39b43d0356b475bc95ae8a23f941dcd32,true,ps2 textures\opaque\bp_remade,true,true,5,remarci_4x_extra_smooth,false,0,false
0003a157.img_40340683d6a287e2af39d3760e2162ee,f290d2dc25ec22cca386ddfbf4081ac5d42394b0,2175b09ff931911aa6c0e0ec1622643942791e87,true,ps2 textures\opaque\bp_remade,true,true,5,remarci_4x_extra_smooth,false,0,false
0003a157.img_42c8b0bc2f3455093d90a25729ed91b4,7772b4e27e592afbb2373db5c40d5f77ba27e0d3,07112d614f26d847ca2a8cefc0afd48f8c09c154,true,ps2 textures\opaque\bp_remade,true,true,5,remarci_4x_extra_smooth,false,0,false
0003a157.img_4344dd0f107c82e1ab241f4f84165e45,563fcfd92acf3a5b4d1aba8ce3a670e62bdf5bd6,11f9ddbf6abfdb4e8bcc1e909bd4f81202d84e10,true,ps2 textures\opaque\bp_remade,true,true,5,remarci_4x_extra_smooth,false,0,false
0003a157.img_4b9c199f7524b4531a399cdcae08fec1,00f3d17ea550547abfbf3cf8b0b9fb4ef53afa8c,74f90804fee98d26b8a0d2636b4585fa518e7547,true,ps2 textures\opaque\bp_remade,true,true,5,remarci_4x_extra_smooth,false,0,false
0003a157.img_4ca343a31ddc4dfa5528cda5ec7f111b,5eaf569cefe9ba5c99ea300222cf413ef47c6dbc,c516e61061aecef8dddcf6be856ed6757a100806,true,ps2 textures\opaque\bp_remade,true,true,5,remarci_4x_extra_smooth,false,0,false
0003a157.img_4f9b6c4f12bbb06f5abff743fcd1085c,4ecdfdd74e0ae73d4ae3d0ee383acd4eead84fef,41d29b0dccf952aaef90aceb51b119b9cfbbe7f7,true,ps2 textures\opaque\bp_remade,true,true,5,remarci_4x_extra_smooth,false,0,false
0003a157.img_5667dcc8ac21297c981a8ec40fbe8c19,1131fac61bf06e9b20759a312287b4eebf0d2047,f492cd3e9c41f8928162ddcd5fe61a38385a59d4,true,ps2 textures\opaque\bp_remade,true,true,5,remarci_4x_extra_smooth,false,0,false
0003a157.img_56df4e5f35dee2941e00cbdcacd04fd1,d8e0020a845ceed01f123971505713ebc8b47ca6,46bf84eb65f24d141835ef276aadf7c39e8f94ff,true,ps2 textures\opaque\bp_remade,true,true,5,remarci_4x_extra_smooth,false,0,false
0003a157.img_5aab7ee976ca7144ad954ec48d7f93a4,66d6748c264270805802633295127a08a946db0f,f19b7288d590db23935fd1964d2040d2dc528510,true,ps2 textures\opaque\bp_remade,true,true,5,remarci_4x_extra_smooth,false,0,false
0003a157.img_68d061fb998272c35600430d51659598,222c8a329e6a6d5805460fb8192016aa4f006782,e2c49a49faae943e9d80dccf2e3a463bf91f4866,true,ps2 textures\opaque\bp_remade,true,true,5,remarci_4x_extra_smooth,false,0,false
0003a157.img_70d31f246558c4f580b0374defb6bdb2,c94f82712ea2ecb1c845a44d32c6ac07645f10f7,08c41af5da0850195f3c54206d5b56db06efb089,true,ps2 textures\opaque\bp_remade,true,true,5,remarci_4x_extra_smooth,false,0,false
0003a157.img_7f44ac4b5710b0a4e618d21d87b63de1,90d7f852114adf3303e9a0af1be87a6ce78570ef,9788d2c9980b597ba48fcc13a0386cadf8e47838,true,ps2 textures\opaque\bp_remade,true,true,5,remarci_4x_extra_smooth,false,0,false
0003a157.img_89fb46309dec3e73cf0af435d75612bc,2aa4fa9c2aa0ce1bdd1e5404d8cd1c5ac74a8945,55affad330cee8c290f473d0f059d29b1d6a5520,true,ps2 textures\opaque\bp_remade,true,true,5,remarci_4x_extra_smooth,false,0,false
0003a157.img_8a1bf389847c5277575f65a87d707776,5a2053d3f059d42b03648cb74ddc4faaba6e59b7,d476c8a73a8f65b7fa7ab1a732622d744bb223ae,true,ps2 textures\opaque\bp_remade,true,true,5,remarci_4x_extra_smooth,false,0,false
0003a157.img_8ce501972e9b7908be5585cdfc2be0a4,66315701d7ed1281fb0990405539e2ddc2bffbd8,cf98e2ed8a6d39fd4d00e27cb762b78f32105bd1,true,ps2 textures\opaque\bp_remade,true,true,5,remarci_4x_extra_smooth,false,0,false
0003a157.img_8e47400085fdb32a4b0d7074929174f7,b7782df583014f2020c2cdf4e5f70181446f2ed9,c875c15f987a96fa0e9070a906aaf7a0e61af407,true,ps2 textures\opaque\bp_remade,true,true,5,remarci_4x_extra_smooth,false,0,false
0003a157.img_938598d4a616f43eebbcf7870bb3a641,9ac6aa825e23552aec187862d39867983b2aa346,c97a78d918e4f68fd831e41d724ae64e91835780,true,ps2 textures\opaque\bp_remade,true,true,5,remarci_4x_extra_smooth,false,0,false
0003a157.img_b5f0a7ccc931259672c395e02daf5c4a,0917f5b24231fe168bef30708e789bd202e968ae,5cafd62bd5aceb2bbf6b35756f1c6a764b4a91cc,true,ps2 textures\opaque\bp_remade,true,true,5,remarci_4x_extra_smooth,false,0,false
0003a157.img_b8e21cf55f0d808db1b31817da1b8d12,12dd76bdd9ce2c2a46bc56dbdb8ec1d6b4a050e6,b395ab2b6e94691a8ae3113afed66e7878065bf6,true,ps2 textures\opaque\bp_remade,true,true,5,remarci_4x_extra_smooth,false,0,false
0003a157.img_bcf56bfe3db15abfc750268e7f5174c7,dac2f4f9bf4b7d1d9e0831daaa1f4bc7027ef501,83a09f4b785e945574504c6ba146644afbf57c11,true,ps2 textures\opaque\bp_remade,true,true,5,remarci_4x_extra_smooth,false,0,false
0003a157.img_c5891bd5da126da6f5e76224cbcd00b0,fe76dfea41079d782673bf396fce16e1e968371c,4973947a536f0982b445a8108c6fe3ff17b12bfc,true,ps2 textures\opaque\bp_remade,true,true,5,remarci_4x_extra_smooth,false,0,false
0003a157.img_cb75a58f0c068f44d888ce45e65894af,e8715f411ea0f4ed90c5d7857fe42dfcb4528dc2,1b501f80d9a93b096117ee7aea691d564e9405df,true,ps2 textures\opaque\bp_remade,true,true,5,remarci_4x_extra_smooth,false,0,false
0003a157.img_e24452b395efe665c10dd879c9efd649,1782029e24aff690518b72b03b4e87ef27b963f5,aaed2730e807042392a74ced1ad79f9d6fd2e4bb,true,ps2 textures\opaque\bp_remade,true,true,5,remarci_4x_extra_smooth,false,0,false
0003a157.img_e4856e14c95d0d7d93a4ef11546df433,0b0de5d4a05f6b2d3c03db6aab309e4e60127345,e8b05188a72ab0bbb71f954283ba9578abc8fb63,true,ps2 textures\opaque\bp_remade,true,true,5,remarci_4x_extra_smooth,false,0,false
0003a157.img_e88c0cb5c7f3449120f1f1f62980cdf0,7512b5e2a214bf8c6d29cb282f7b97947b06d7d2,fd0132285d8289cb336248837fa5c639b9413ffc,true,ps2 textures\opaque\bp_remade,true,true,5,remarci_4x_extra_smooth,false,0,false
0003a157.img_f0a023edf77daaaa485f569e28b23488,46688b7c70a1b1891cac986d97315cf6143dbc23,3eb60809ead09ca126054a21cba8b36836d64969,true,ps2 textures\opaque\bp_remade,true,true,5,remarci_4x_extra_smooth,false,0,false
0003a157.img_f327b39ad21edb1d0512ebe14c8315c5,88c6b149aaa7fae3382e1bd8952e76f8eb3f992a,574184dd47609e47af135bbece8aeae00aae0198,true,ps2 textures\opaque\bp_remade,true,true,5,remarci_4x_extra_smooth,false,0,false
0003a157.img_f338b1aa17146d40502eb55896857452,747b3356a2a496afa6fba3314278fd54702751dc,ff3076bb375c92891de81c6f34368821e84acf11,true,ps2 textures\opaque\bp_remade,true,true,5,remarci_4x_extra_smooth,false,0,false
0003a157.img_f3a959460eba4c009e7c4033581abb86,542fad7494845077ff4c7e7f1a275836920b14ae,4b827ba129e177d7d2990ac67f739a23bc8165c4,true,ps2 textures\opaque\bp_remade,true,true,5,remarci_4x_extra_smooth,false,0,false
0003a157.img_f4d589d12767497bfeb21185f0ec710b,367acb439be541dde86a27ce33483fa252e53fa5,6f63a19fba87acfc879e617a6929f409a49d95a3,true,ps2 textures\opaque\bp_remade,true,true,5,remarci_4x_extra_smooth,false,0,false
0003a157.img_f86a2cbae5c969c4f37a6ef62ff21901,493d6731fd02e0e7fa93c775cd86fea6b8dea156,65e08f930c773967ff3d191efe60d4c0561c1191,true,ps2 textures\opaque\bp_remade,true,true,5,remarci_4x_extra_smooth,false,0,false
0003a157.img_fe7cce545d819c784fd506cca4c9d7d8,f2ff484e92bcfec20289ef60e42c6689bec8db16,048218450daf2485bea4e4290104c4abed419777,true,ps2 textures\opaque\bp_remade,true,true,5,remarci_4x_extra_smooth,false,0,false
0029ee67,23cfd3692b8dc827bca4045849590df0ca3d048d,48b551a6ee10505ef12d38a74be9322dd6e615e9,true,ps2 textures\HAS ALPHA\bp_remade,false,true,5,remarci_4x,false,0,false
005930ca,4516024fa03f8cad7cd7ebab9cce5ff28fa8f51b,0f02924ce923cd89dd6ab21b972a036761008c87,true,ps2 textures\HAS ALPHA\bp_remade,false,true,5,remarci_4x,false,0,false
005e4593,8e8cee37b6497c80ba07b550820aed09cbc83ebb,4016de280c650d431a069e02f06c0353a0492a7e,true,ps2 textures\HAS ALPHA\bp_remade,false,true,5,remarci_4x,false,0,false
00765dfa-sna_def_olive~0063d2755986c53e88ca8238dcc91517,2aa7f371a16bf7b52ed0d76555c6a3a64fd92c0b,7b2da9edee0e9a68d7ba45b1e3f35f518e4eb60d,true,ps2 textures\opaque\bp_remade,true,true,5,remarci_4x,false,0,false
00765dfa-sna_def_olive~11b6c529be02c7be258feb2b9c0d765b,b79fe0c342eb5af294c0a15a61cedce1d6df797f,5d25b1cb869a628bcf6e9af4c006fef6b0e580ed,true,ps2 textures\opaque\bp_remade,true,true,5,remarci_4x,false,0,false
00765dfa-sna_def_olive~226720d60bf32248d4b2ff4d91332ff5,2cd36843dbb810bf5f95a19d728fd11507a5b0b0,6e0bc31bc91297ed2b26582fe72175a0e6e5499b,true,ps2 textures\opaque\bp_remade,true,true,5,remarci_4x,false,0,false
00765dfa-sna_def_olive~25834abebf04d0988daad5bf2794029f,cfe819ece9a756d2a0144f67c667d0a6b8ecd135,059f17cd90a0d3d3fc4517911fea84986457f2c6,true,ps2 textures\opaque\bp_remade,true,true,5,remarci_4x,false,0,false
00765dfa-sna_def_olive~3899b0451a9bf3a066c06607da896be5,0ce8a749efc1b0f1d0c46de5389c917b6d6ddc11,c324b76b29eb58639456295a246e43c70b3c2858,true,ps2 textures\opaque\bp_remade,true,true,5,remarci_4x,false,0,false
00765dfa-sna_def_olive~595bccc37f7fd4e109580710c4e05ace,dfcaced94e9851ed633c50045911b582d6ece216,68d1a16f0d4800602a4cdb29634254215185a123,true,ps2 textures\opaque\bp_remade,true,true,5,remarci_4x,false,0,false
00765dfa-sna_def_olive~5b3d1598f27e95be7e3c4707df16c674,d49d9e29064471ae943a4bda6f6a9449ee660c33,db24340c9fe5000f219fc1f43540fe20fc990179,true,ps2 textures\opaque\bp_remade,true,true,5,remarci_4x,false,0,false
00765dfa-sna_def_olive~86d6763dde8ecfc17f0757fd8e4ef306,dc1468bab89b9346a147c5da3aa589ae49de0ab4,1bc6954868a33cd6318040207505f7a01aa0792d,true,ps2 textures\opaque\bp_remade,true,true,5,remarci_4x,false,0,false
00765dfa-sna_def_olive~9d26662c63d25efb0d45047f2138adde,a49981c7f6be936dc53159ad7be5d48209cbc34f,20a3a02835908621bf69a3b74b9d36000e467851,true,ps2 textures\opaque\bp_remade,true,true,5,remarci_4x,false,0,false
00765dfa-sna_def_olive~a921b3a31002786d9ab96ce815775207,61385bded1afb9a53930c82be1e466d99dcd9061,dbb945b3d68be34a88f213d943b0ac17300eeafd,true,ps2 textures\opaque\bp_remade,true,true,5,remarci_4x,false,0,false
00765dfa-sna_def_olive~aa50c1cc5d6b4a104c9f98591f5fe392,cabce7a6d97ac52ca6fc048e021e11f560972c2c,da1ef4f8f8d9df47da0d48c0b3edbf1e5a05ee3c,true,ps2 textures\opaque\bp_remade,true,true,5,remarci_4x,false,0,false
00765dfa-sna_def_olive~bf83de4607fa1858fee936ce855f1bf2,0542e9705a97dd6457dd046de1f93e978ba6fb6c,205c83006873f0a75923270352ad7eeb583d802f,true,ps2 textures\opaque\bp_remade,true,true,5,remarci_4x,false,0,false
00765dfa-sna_def_olive~cd4b56738f492778c2200038dc1286dd,f5c1f05fa199f90ff98b8bc6d4d5ea689375c449,ba612f73a560fdead5035f5f873761c151e2df12,true,ps2 textures\opaque\bp_remade,true,true,5,remarci_4x,false,0,false
00765dfa-sna_def_olive~d4d384d014eaf51ba3c47999300d13b6,d100990e7158530718c40a067685a7b9fc846844,a7b75e99bfb88e71a1e3c43280711931c3a0b6f4,true,ps2 textures\opaque\bp_remade,true,true,5,remarci_4x,false,0,false
00765dfa-sna_def_olive~d911c904e6c6ec906da9f684a40302be,00a4853fcb6166a05e82283d5078995dc40792c8,86109522d6c3bc43f755390aa2ca4d082f7b1a8e,true,ps2 textures\opaque\bp_remade,true,true,5,remarci_4x,false,0,false
00765dfa-sna_def_olive~e13e0de15eb8f17eb8b7cdcc907a8c73,8b887d3032fcf43083787d5c0cb5891374a7b8f3,d58cfe0d56942ee9c00231a14477ebf8dfaa9321,true,ps2 textures\opaque\bp_remade,true,true,5,remarci_4x,false,0,false
00765dfa-sna_def_olive~e5992dad6ebeda010e8d35d02c628c98,40364d63f887308c50ded6430c21dd05e5bbd97e,1fa99537b2454eef5b22c29c96da892473aacf5d,true,ps2 textures\opaque\bp_remade,true,true,5,remarci_4x,false,0,false
00765dfa-sna_def_olive~fe6f8be43a9b674bd5151a36957fbfa8,65dea645417c2901faf64dc4418233a2ce1dd140,0bf63a48c05f5ddcf358986cac3d8334cdb578b2,true,ps2 textures\opaque\bp_remade,true,true,5,remarci_4x,false,0,false
007695e3,aeb7e81cbcdfe4245ccad9ae2fddca77cf2b9a95,9d0934f13077d60ec42bcc6e648fb1c56ff54ec9,true,ps2 textures\HAS ALPHA\bp_remade,false,true,5,remarci_4x,false,0,false
007eb2ca,75e2d8f01fb4167cd4ed7f10d4f3a32081df432d,032b027d243818777a4a422c7d7fad1313d7808e,true,ps2 textures\HAS ALPHA\bp_remade,false,true,5,remarci_4x,false,0,false
0088205a,9ed4c0d97183d7501608471e818cfe49ad3c2c75,0b9ca87ea52ea8440b65232bd4e26a13217ec5d5,true,ps2 textures\opaque\bp_remade,true,true,5,remarci_4x,false,0,false
00883597,5298f537c3c9c37f6f6f0ffa035cb22ddb738e23,9f9f3ea58627105960c1385f17bac888bd900491,true,ps2 textures\HAS ALPHA\bp_remade,false,true,5,remarci_4x,false,0,false
00930696,fa0baf9301d74678d1f053df86e7a75c9c613ece,01c10877b92b66b1d0bbba5717363e16bf2c6ef4,true,ps2 textures\HAS ALPHA\bp_remade,false,true,5,remarci_4x_extra_smooth,false,0,false
00941ed9,aef203ebd64ef3baf67a7f9d25c98f9cc89dcc0a,8357ed02eba54b162362f2da04442a65d75deb78,true,ps2 textures\opaque\bp_remade,true,true,5,remarci_4x,false,0,false
009c249d,ac552d4cf2db324bf364d2ec6c939d49a1ca573d,bd8eaaac5746719609afa925ffb6885bc1f8842d,true,ps2 textures\HAS ALPHA\bp_remade,false,true,5,remarci_4x,false,0,false
00a7dd24,a2702ee8a2cdead486338ff1a38de4e32f375876,a9ad9f657a23bb5ac51e4b16c2783a572b6f3561,true,ps2 textures\HAS ALPHA\bp_remade,false,true,5,remarci_4x,false,0,false
00ee6ec5,f4dcc3151ef8271b3d290435c9a7716deccaf34c,63f461e5e41b1aa654a5fb1be89f3a64771a01cf,true,ps2 textures\HAS ALPHA\bp_remade,false,true,5,remarci_4x,false,0,false
akm_selecter.bmp,9d4c9d10012d0753c9704c7ca176a1d55d4eb709,e1fb0141b94c2beec5482981d2c1823e7ef6d096,true,ps2 textures\opaque\bp_remade,true,true,5,remarci_4x,false,0,false
akm_tex.bmp,c33cbedacf1f4a3ab2ca3b4151b639e4fbe268bb,a43b498650d1988c75974074212d48bda51eae46,true,ps2 textures\opaque\bp_remade,true,true,5,remarci_4x,false,0,false
alarm_00.bmp,f8faf888c63fcb0697fe06b8c3513c809ceea752,4e9f84de2d525ba9782a0c237bd034c10e92b7f4,true,ps2 textures\opaque\bp_remade,true,true,5,remarci_4x,false,0,false
alarm_02.bmp,2105c138de84e3c4ca38fa442ec13898535d2cd4,f6e82e9d089c1dc3d03852f9172f9fcbb230fc62,true,ps2 textures\opaque\bp_remade,true,true,5,remarci_4x,false,0,false
armory_boxb01.bmp_8359af8dc17ecefa969948b14c5e473c,3fa3e4e56f2b916c2b2b0d0ffb454b83ed27bb93,296583e3c89168eb9bdfd2f1bc887d2c89f312a1,true,ps2 textures\opaque\bp_remade,true,true,5,remarci_4x,false,0,false
armory_boxc00.bmp_132f4f8b7d173ccd52bee002963287d5,f6b4530b78bdb6c4d02fcbc5519bc7ad36d3d24e,206f551ed2922068ad6159e2a88e806b0f590d04,true,ps2 textures\opaque\bp_remade,true,true,5,remarci_4x,false,0,false
armory_caution00.bmp,7a9859a80d7940cff9231cec2bc87237b7d63ab1,93639a7793278ccbaf6dd655c957e4cda8e5b920,true,ps2 textures\opaque\bp_remade,true,true,5,remarci_4x,false,0,false
armory_door01.bmp_489b5ea5cb68b74450fec93c19a1c9e3,3af8872a9c2a8dc28ef71fa498f52e3858e6dd43,88c7c42bab66f6ebc86ee50899d967f40806ed7e,true,ps2 textures\opaque\bp_remade,true,true,5,remarci_4x,false,0,false
armory_doorframe01.bmp,2e1cd020ec62bdb9802054b0af7f6ceea8bd1302,395c82e5a1c8f478b273e64d6aaec680fd1d8b12,true,ps2 textures\opaque\bp_remade,true,true,5,remarci_4x,false,0,false
armory_hako00.bmp,d8d93856ed5c966e78a9d23c10e2015f3d13fc73,f4c1ac8e55818bbc621a77d04d3eda2dcee07abd,true,ps2 textures\opaque\bp_remade,true,true,5,remarci_4x,false,0,false
armory_hako00.bmp_324baacc86fea1cd4aebafe9599140a9,e2c9f71ebb1362e468f1b37442254f9976b7be02,cb8852ccf15712c4cded92eb9d699940dcbadd2c,true,ps2 textures\opaque\bp_remade,true,true,5,remarci_4x,false,0,false
armory_hako01.bmp,7900ad2a09b955f71e9c2b33cb94b445d8f35d14,dea56d9ebfe712f5e793472cbe0ce1be370c6948,true,ps2 textures\opaque\bp_remade,true,true,5,remarci_4x,false,0,false
armory_hako01.bmp_28f5f2428d7f2bcd200658a095c1cbba,62884a97a68df3f4e4b8c4a2d16ee5b2bbafad45,99d119abb2aa0124f05ea83a90ac04a586d3387e,true,ps2 textures\opaque\bp_remade,true,true,5,remarci_4x,false,0,false
armory_hako02.bmp,e4e70bafc8a732527d43c384ca4a6c58aba1c05b,2267847963b444bb9621a334ecd70c6c402bb934,true,ps2 textures\opaque\bp_remade,true,true,5,remarci_4x,false,0,false
armory_hako02.bmp_bc6d6886a77e7095878fb624086cfbd4,57447d2c191dd1a2db9c51349ec4f631385065a5,87aa9c6773c8b8d5cbdc89d396b3209abafa205c,true,ps2 textures\opaque\bp_remade,true,true,5,remarci_4x,false,0,false
armory_rack00.bmp,a0c6e2c4867495834efdfbab73da813baaf93836,d2bba816c765778ed95897f96fe1d15eea5c7cea,true,ps2 textures\opaque\bp_remade,true,true,5,remarci_4x,false,0,false
armory_rackdoor.bmp_0c5dfc57875cf2252a1fdf7fc97c7d77,01bfd1a439451af2d3f9659203d3b464949c05da,9ba69340ece4671a670dabff972cb3a18f554c88,true,ps2 textures\opaque\bp_remade,true,true,5,remarci_4x,false,0,false
armory_wall01.bmp,3fa0097eeff993701d65e2053631807e92127599,7b5494705c1154fff2856d0427075bcfdfaf307e,true,ps2 textures\opaque\bp_remade,true,true,5,remarci_4x,false,0,false
armory_wall01.bmp_42781015d7a89e3dd0162a4f9c656a7d,1563ea28ba6a2c81aa11b3eecd5cea10260fbba3,7687495d19c1e755d89087f942fc47d186d76ec3,true,ps2 textures\opaque\bp_remade,true,true,5,remarci_4x,false,0,false
aro_dmo.bmp,103842e2bee3298bcd7135155fbed0437939eb65,24005bae71ab514a1b0a081b5421b3ad73f57ec5,true,ps2 textures\opaque\bp_remade,true,true,5,remarci_4x,false,0,false
arowana_co02_eaten02.bmp,79161df6311d1d22db765d1d1bd2dc695edca6fa,ac464491c548552676a07c66d0bfc91d4bf5253b,true,ps2 textures\opaque\bp_remade,true,true,5,remarci_4x,false,0,false
ast_arm.bmp,cbb035c8617c38d93fbdab12e021ac884e7096fe,780bc5db3ade1408c68d6a074383ca3216b9f442,true,ps2 textures\opaque\bp_remade,true,true,5,remarci_4x,false,0,false
ast_body.bmp,20684f701b19fdc96ac853d86df010172b9a50f3,1be9c149eff60d7f3b9e887a0b33a53ea1a25dcf,true,ps2 textures\opaque\bp_remade,true,true,5,remarci_4x,false,0,false
ast_eye_new.bmp,34e7c3f25f46c659104e0992734789aec750018b,197778320fc18eafc6c2c14909257fd81cc2458f,true,ps2 textures\opaque\bp_remade,true,true,5,remarci_4x,false,0,false
ast_face.bmp,ead3d511a5e940026d79abbde0129aba1154ef7d,8a65a37aecbaa6597d6c38b77e4fc9edba634678,true,ps2 textures\opaque\bp_remade,true,true,5,remarci_4x_extra_smooth,false,0,false
ast_foot.bmp,5c46970ed9e900cf12d40dbc3158a90ec0594fd1,3e7090467320b7a2e1df12f87c64c4b8a0be68dd,true,ps2 textures\opaque\bp_remade,true,true,5,remarci_4x,false,0,false
ast_grass_flame.bmp,4a842bdee720d1abf8d53a61e37215d6d9949dcd,194e6b8fc5672ecdd95c1e8c164143c6b12f8cf6,true,ps2 textures\opaque\bp_remade,true,true,5,remarci_4x,false,0,false
ast_hair_ovl_alp.bmp,301ba496d42b1e739758706e38ff8789a8720d3d,10be593493829e1dc274ea4a3a192033ba9aeb33,true,ps2 textures\HAS ALPHA\bp_remade,false,true,5,remarci_4x,false,0,false
ast_idcard.bmp,051de436a872b0126fcd3af02caf9ba8cdb07d72,6ac9101bbbb640938122babb78f37b73f6c69b62,true,ps2 textures\opaque\bp_remade,true,true,5,remarci_4x,false,0,false
ast_item_tray_base.bmp,f3fc7cdf4251753995c8fa180e313d9bedaddbfe,9fc57f862ad08aeb8b747e4afe5c5e9348b596cc,true,ps2 textures\opaque\bp_remade,true,true,5,remarci_4x,false,0,false
ast_neck.bmp,76b9f58fd9e71b675ef6149f6a5105f90e17303a,93f40c1cc15bf4de92b0ee56c90a46b69ab3074d,true,ps2 textures\opaque\bp_remade,true,true,5,remarci_4x,false,0,false
bee_nest_sphere04.bmp,2e8fc60990644ccf8f7dafb9b3c00e9bc1bacc91,0a97382b0d20bc6fd34a78eeff84003e56545a2f,true,ps2 textures\opaque\bp_remade,true,true,5,remarci_4x,false,0,false
boat_h.bmp,81b71ade2847783a0ae169d1617330a73d6edf2f,a8edf476f11867eb5e8c8403e64ced08b4ab9abc,true,ps2 textures\opaque\bp_remade,true,true,5,remarci_4x,false,0,false
boat_i.bmp,421728ccba79f7edd66e0297d454fe58865ed5ba,9ca81162df3546b26bbe544201e0500afbb74532,true,ps2 textures\opaque\bp_remade,true,true,5,remarci_4x,false,0,false
boat_j.bmp,27f3fdf5bd4f10e99490763aa64ea18b1a7e0503,a8db94ba69ee68d15260fc8c31a5904b0a79f43e,true,ps2 textures\opaque\bp_remade,true,true,5,remarci_4x,false,0,false
boat_k.bmp,5512e705745dba5e4dc7342db3db41e0dd9022a7,49d482080d73f81d45944477261bd963de3bb722,true,ps2 textures\opaque\bp_remade,true,true,5,remarci_4x,false,0,false
boat_n.bmp,60e66dd8fd335eaca0ac32e016934edcb7782706,e7ec15ff5be970658c4eaaca0686a6d0c58c72c2,true,ps2 textures\opaque\bp_remade,true,true,5,remarci_4x,false,0,false
boat_o.bmp,a72bd6f0a7aa4d938f599d22094ba8935d026db7,aab6d08970b589323afe359198a71a779a841b56,true,ps2 textures\opaque\bp_remade,true,true,5,remarci_4x,false,0,false
bonn_battery.bmp,e137a5029f384272eaf43ee649b823ddc799ab65,42883ea4852ebcf304a29fe639343ef87e08f2a6,true,ps2 textures\opaque\bp_remade,true,true,5,remarci_4x,false,0,false
bonn_drumbra_left.bmp,daee03308078d4c9e7fed49932cdb569def40432,af6be72ddc02ca9a9e23200d054889782e0ee8c1,true,ps2 textures\opaque\bp_remade,true,true,5,remarci_4x,false,0,false
bonn_engine.bmp,9898f843eed43e4eddf17eb3f6dfdc5896ddd1d7,ca60966fcad1567ff7a4e4bb3e8ef20943fdf5f0,true,ps2 textures\opaque\bp_remade,true,true,5,remarci_4x,false,0,false
bonn_frame.bmp,4bcd64d3b13918c5bd02155696fc047ed497cffe,76f8d217721422fb89ca36948b89f9040fb4eadc,true,ps2 textures\opaque\bp_remade,true,true,5,remarci_4x,false,0,false
bonn_gearcase.bmp,305094da363734275cd89276e3289b0ea3e89755,dc0ccdf503cc090c5ae75f515cae883c7f7392ff,true,ps2 textures\opaque\bp_remade,true,true,5,remarci_4x,false,0,false
bonn_handle.bmp,a2c869081573381796def02dcfb9295bab295c1e,e70f52becc3f0d6b1a7c4bbf7bcbf2697df45ca9,true,ps2 textures\opaque\bp_remade,true,true,5,remarci_4x,false,0,false
bonn_headlight.bmp,e665ab9115fe57a2d97f2e399836d02378c56627,2b71b94e842a65b82929712360a0e5634cdcd792,true,ps2 textures\opaque\bp_remade,true,true,5,remarci_4x,false,0,false
bonn_knapsack.bmp,42fd8fe34458fb8c93b75944d277b858170f4c23,7751c8b7e7b8b70b6fd27641915dd8c6d8f419ab,true,ps2 textures\opaque\bp_remade,true,true,5,remarci_4x,false,0,false
bonn_schlafs.bmp,330a7c7e8c2f0e6ded89bb5464fd9c8158d90f0c,d7d63076df8d7d3c130bdd926444b7180bd830b9,true,ps2 textures\opaque\bp_remade,true,true,5,remarci_4x,false,0,false
bonn_seat.bmp,b63f6275b2712ba7b5b5cb1c5fac3154bfa05e8f,aba4a1c3190ebabcf839c559e1e66401208946a7,true,ps2 textures\opaque\bp_remade,true,true,5,remarci_4x,false,0,false
bonn_tank.bmp,ff6d756dc0962e9c7067116a77698b39cc8491a1,8963e3781bda267ddb052d0d2a52d646dbbb5a00,true,ps2 textures\opaque\bp_remade,true,true,5,remarci_4x,false,0,false
book_256close00.bmp,86cacefec21fca931e24b607e7a2f8a46ade405b,b30d96092f6e08633e0da447f051043b15075654,true,ps2 textures\opaque\bp_remade,true,true,5,remarci_4x,false,0,false
book_case_cast00.bmp_94bd143a411ab9577d03f3e920bded2d,46cc92134e4486d5d6a2c4bf989ab71a340316ae,52f5f8b6d0a764933429659d58a8fe1104fec2ab,true,ps2 textures\opaque\bp_remade,true,true,5,remarci_4x,false,0,false
book_case_side.bmp_13eea8e239fb7145437028b3b92a4503,23655fdeba1f78c7d0ff12b8923aedb242a8be70,fadbe65eb69cf371d43e35f62aea8e5b3584032b,true,ps2 textures\opaque\bp_remade,true,true,5,remarci_4x,false,0,false
book_casewin00_alp_ovl.bmp_d1e9ec7a5d157953cccc67a54295be46,ec7b4c9b6ca806cf6527e49628a445d5214efa2c,c04ef9e18d79fbf596797f425acbaca352d673d4,true,ps2 textures\HAS ALPHA\bp_remade,false,true,5,remarci_4x,false,0,false
book_cover_a00.bmp,fe7a482c0ddf943be22507382f0e8074ebaa86b0,d25388160ae0ab4c01f6f81595a47dd295f41497,true,ps2 textures\opaque\bp_remade,true,true,5,remarci_4x,false,0,false
book_open00.bmp,f559ad057fdf620460b03ebbda2aa740593dcd99,e00ec3b7d2e217bea77cd302d244b73aebee18a3,true,ps2 textures\opaque\bp_remade,true,true,5,remarci_4x,false,0,false
book_side00.bmp_3f0fc15d80a6c4b3c0c29c8929f5aa30,d65ea65e3fb5e0b49ca5e909e494f00431bc149e,ed7ffd2e1e03d68325f647fca04589f477ca6604,true,ps2 textures\opaque\bp_remade,true,true,5,remarci_4x,false,0,false
book_side00.bmp_805a7428be9afac2a6f5f5854302bdaf,eca9a155185b2f8539be71a54f81ea18a230fd39,a7082a6740dd2073576e28eb48324360516cec11,true,ps2 textures\opaque\bp_remade,true,true,5,remarci_4x,false,0,false
book_side01.bmp,0e5c897dfaa7a45d1cd2a8b34f0594d8a91fce18,2128c01f5d7ae43b8bee36d558b614225a11d4ef,true,ps2 textures\opaque\bp_remade,true,true,5,remarci_4x,false,0,false
book_side_bk.bmp,1f0d35c60b41c212695f753fe42facb5cd400e60,47856e1455b835dac922a9cdef7d8f6ca62d7125,true,ps2 textures\opaque\bp_remade,true,true,5,remarci_4x,false,0,false
books02.bmp,ed2053409164b5919e654578e0c3d3dcaa1fc502,b741ed4efb6937973605f3fe58d1ca1fcb6f250b,true,ps2 textures\opaque\bp_remade,true,true,5,remarci_4x,false,0,false
bos_face_end.bmp,6fa66300e1f6ca0e4a689de5f60fc03e9c250910,bf591eef38d24f2318bf0b16fd60b304ee3c4ea6,true,ps2 textures\opaque\bp_remade,true,true,5,remarci_4x_extra_smooth,false,0,false
bos_item_hair_ss_string_.bmp,532b8ccceb29e6f6ea3465580747f85c84249431,6fdf71790068d47e92b1a1de0bb3b181de0010d0,true,ps2 textures\opaque\bp_remade,true,true,5,remarci_4x,false,0,false
bos_mant_cloth.bmp,e286aedf5221ce840af67a98e99e5b48dcf2eaf5,c391ac2f20a90594d98efccad5b258a41a716775,true,ps2 textures\opaque\bp_remade,true,true,5,remarci_4x,false,0,false
bos_mant_col.bmp,9d98d1046cb52b415fa6dee97a6f8b4b6a40be15,e358861e044bc2127c379b1a59f24ab6af18ec4f,true,ps2 textures\opaque\bp_remade,true,true,5,remarci_4x,false,0,false
bos_mant_sub_ovl_alp.bmp,f8728ac32cda05549d7d0b02d7d21f9bb84a4ce4,f97fd99bce2ae1484096eea714c176e7cd6a2404,false,ps2 textures\HAS ALPHA\bp_remade\no_mip_fixes,false,true,5,remarci_4x,false,0,false
bos_mod1120_ovl_alp_emap.bmp,db422395f721e59d5f32bc49d660656bfb6a1bf6,571a25363425cfee355f11871975b3a3e3f5592c,true,ps2 textures\opaque\bp_remade,true,true,5,remarci_4x,false,0,false
bos_rope_ovl_alp.bmp,41a90922a4f7692ae1b26bd630e3096aeeace1d0,06e6bb843b469b69d2463a61982b249ab44afbbe,true,ps2 textures\HAS ALPHA\bp_remade,false,true,5,remarci_4x,false,0,false
bos_ss_arm.bmp,0ca14e307ae19d46e88007db341092b55b2b161f,0452a3f5ed846a46dd0951c3a8d732c1c5b6a8bf,true,ps2 textures\opaque\bp_remade,true,true,5,remarci_4x,false,0,false
bos_ss_arm_ovl_add_alp.bmp,cba1ac2be39992e2ee2f735af43e1d8a1f680bf7,3331de9ade1c3655d1e3b814fa10419a85981328,true,ps2 textures\HAS ALPHA\bp_remade,false,true,5,remarci_4x,false,0,false
bos_ss_boots.bmp,2df6edaba6dc5c0bc9cb7b403fba14b0f3b99985,519b747ac9594e5aa8a9042f9dbf951d65388e98,true,ps2 textures\opaque\bp_remade,true,true,5,remarci_4x,false,0,false
bos_ss_end_body_hi.bmp,bce998606daa60bd96b076221accefc947fa58dc,b21d28c13aac90153f6a4af8fdb5d8ab9c4e4ed3,true,ps2 textures\opaque\bp_remade,true,true,5,remarci_4x,false,0,false
bos_ss_end_sling_ovl_alp.bmp,074db44118be3aa4745aeed00297f2a629aae1b9,06600707951cc0c1e319b0a1d8a5a06c17b16e61,true,ps2 textures\HAS ALPHA\bp_remade,false,true,5,remarci_4x,false,0,false
bos_ss_leg_ibl.bmp,84f6764b4705622b2e50865a87f3b862a42ddf33,1c663de1b91e42de4d7f0ee9507db0e7a8694f3e,true,ps2 textures\opaque\bp_remade,true,true,5,remarci_4x,false,0,false
bos_ss_leg_ibl_ovl_add_alp.bmp,87cb17ef84365f328f5eda5967bbdeca6a5caf39,35b0d6385263e7c533efd2e3d20109f5cf55a797,true,ps2 textures\HAS ALPHA\bp_remade,false,true,5,remarci_4x,false,0,false
bos_ss_leg_net.bmp,7bee59c49e41e1586e2ea4de7eaeb8cf9afe7dcf,295d7184a5ec14abdef45a9311d477d8ccb651cc,true,ps2 textures\opaque\bp_remade,true,true,5,remarci_4x,false,0,false
bos_ss_side_belt.bmp,5eb440f6c0a15b9ea62578770eace6ca6f709b77,7a46b960c1d96936ed74e27a9d7d03e0d10363d3,true,ps2 textures\opaque\bp_remade,true,true,5,remarci_4x,false,0,false
bos_ss_side_belt_ovl_add_alp.bmp,88d4e003c190bf80183577e7e8722147c1793a7b,ca8dab7ee6a32af59c5d4eab630c7a861cd53427,true,ps2 textures\HAS ALPHA\bp_remade,false,true,5,remarci_4x,false,0,false
bos_vr_arm.bmp,f20adeac6730bbf347ad5d3c5cb1d3cbad507590,977367238d700d79d224a84cf321b232ca66bde2,true,ps2 textures\opaque\bp_remade,true,true,5,remarci_4x,false,0,false
bos_vr_arm_ovl_sub_alp.bmp,6cd40b52f4ed9c09b8151bd59dff135f8fcee10c,4e80cab5e383b851af62702297f28f29c661179c,false,ps2 textures\HAS ALPHA\bp_remade\no_mip_fixes,false,true,5,remarci_4x,false,0,false
bos_vr_hair_back_ovl_alp.bmp,97e7318c780c82a791038a734f37257fd9468a48,116910adaa052a3d22bedd231148dd1d95ef62ec,true,ps2 textures\HAS ALPHA\bp_remade,false,true,5,remarci_4x,false,0,false
bos_vr_hair_long_ovl_alp.bmp,41eb646117178412dc1d86def8a1e5a5a50b2883,d619df518385a9fc0473b81c4120787d18a4dd43,true,ps2 textures\HAS ALPHA\bp_remade,false,true,5,remarci_4x,false,0,false
bos_vr_leg.bmp,c2276e9331d92670f6ba9f784e309b63b082e396,333c750c48f3ed77a982c6266d0e89efcc8f8c07,true,ps2 textures\opaque\bp_remade,true,true,5,remarci_4x,false,0,false
box_a01.bmp,8f708c09c0c9e49a28a02aebfc534414cfafbc30,01137552218f1e630ff0f4cdc144abc2e2ca27ed,true,ps2 textures\opaque\bp_remade,true,true,5,remarci_4x,false,0,false
box_tex.bmp,460f5028568085281452803514ab206a54597620,85ee96d4988c46af156b38e3d487c5a4bca3cab9,true,ps2 textures\opaque\bp_remade,true,true,5,remarci_4x,false,0,false
breakset.bmp,bf04eb036ecbd0122f97c2fc996da47bff323ed1,c35d4376820f4411887e35ff8472580757a17618,true,ps2 textures\opaque\bp_remade,true,true,5,remarci_4x,false,0,false
btr_inpane05.bmp,f248e3a18ec5efa12e68a2f1d882acbe9febdef0,870e73aa7c0deddbc7e57da406d503cbdc83084f,true,ps2 textures\opaque\bp_remade,true,true,5,remarci_4x,false,0,false
btr_inpane06.bmp,fe1deac1a516bf142b66f98696ff5d88cb4c23ca,41202f0dad67d4a7f292d486e3d2ca823564c242,true,ps2 textures\opaque\bp_remade,true,true,5,remarci_4x,false,0,false
btr_tex_a.bmp,bad074e7d77ac1452e450ee195aeea39a4c8f4f6,2d8795c223ac7034c7fd135e9d175eca6fee2253,true,ps2 textures\opaque\bp_remade,true,true,5,remarci_4x,false,0,false
btr_tire01.bmp,801b9888f26cee409227e3342c86e75f3a182778,f200030c17b690aa8d13099e92d7d45543551cad,true,ps2 textures\opaque\bp_remade,true,true,5,remarci_4x,false,0,false
btr_tire03.bmp,7f9cf50f6efba1d7831127414c86a5f694642385,7e050529820d8dc6cc29685a52cdcc312c5c0de0,true,ps2 textures\opaque\bp_remade,true,true,5,remarci_4x,false,0,false
bullet_mark_tank.bmp,56d414d01fb02d937774c6c4390f68e5440da1d9,ba43c305a1e9130d711523bdf353d1960702f2e5,true,ps2 textures\opaque\bp_remade,true,true,5,remarci_4x,false,0,false
c3_bomb_body.bmp_97a1c6c32544f8d1619f84cde1f726c8,9d37cb3acf4e23958bf1e434621931fe2162da18,6a896a308424bf8c067d0dacb5c2143db984a05e,true,ps2 textures\opaque\bp_remade,true,true,5,remarci_4x,false,0,false
c3_bomb_hupack_c.bmp,73d08e2eb2738d348c08caa8a08637bf44e94532,39ef88ecfb90b695952882baaa028b96de4928cb,true,ps2 textures\opaque\bp_remade,true,true,5,remarci_4x,false,0,false
c3_bomb_pack.bmp,24ff50baeb0b309a586d7305718b56c1bbbb5a4e,3d3b0082524ffc752f5f6d692a18a5cb76b3a72d,true,ps2 textures\opaque\bp_remade,true,true,5,remarci_4x,false,0,false
c3_bomb_panel_dmo.bmp,cccbf44d7572d50d45f068e6505ab66a09fd3de0,e1d4cf3e2c638c99b7932defc49591651d5ed5b7,true,ps2 textures\opaque\bp_remade,true,true,5,remarci_4x,false,0,false
c3_bomb_tape.bmp,44dff1c7753d746f45cc7f4d48f618e0bc18e362,9f989937b63891393deef7ca606517ea1599cf90,true,ps2 textures\opaque\bp_remade,true,true,5,remarci_4x,false,0,false
c3_bomb_timer_02.bmp,5c5372d15de6af99e0c71fae2fe35389d58f5a0c,dd7bf5ca33ae06153d63a8b765e8546c1f74b906,true,ps2 textures\opaque\bp_remade,true,true,5,remarci_4x,false,0,false
c3_heart.bmp,fa0a18fdada81eb745b8a0b27b2ee85c8f43e8dc,3bc90530b0a139557091e0c2992343040d86af02,true,ps2 textures\opaque\bp_remade,true,true,5,remarci_4x,false,0,false
c3_mthf.bmp,29c74611704df0a46a2dee3ee05bbf62216b2f24,7bcc1a2fd6c96c3a8415bd88938581e19ec14f94,true,ps2 textures\opaque\bp_remade,true,true,5,remarci_4x,false,0,false
c_130_b.bmp,0fe32e1a579b8ee4d0562ac2d9b112893a054022,1e9b7555afb5d2c935e333e29afe1bee14cd17ff,true,ps2 textures\opaque\bp_remade,true,true,5,remarci_4x,false,0,false
c_130_c.bmp,b308f36383d45758dcab57b2f606c58c8f175179,d2ccfe26c2b97b6f3689c8a4888d91abf74413c8,true,ps2 textures\opaque\bp_remade,true,true,5,remarci_4x,false,0,false
c_130_h.bmp,2184c7f0b27a0bb4af75e52e8a24ef00d00774cc,3ee67a3e42d671671fddddece033f0b9d7670f09,true,ps2 textures\opaque\bp_remade,true,true,5,remarci_4x,false,0,false
c_130_i.bmp,8ea942e87501b6978c360b22588bc7d2bfb9d065,ff0b910158ce883bfa9597125779373a28210980,true,ps2 textures\opaque\bp_remade,true,true,5,remarci_4x,false,0,false
c_130_j.bmp,9558c1828754de66ad0d290b814c0ebf5709a40d,11b3442abbb3d91cac998a5ad581342d0d4b1f07,true,ps2 textures\opaque\bp_remade,true,true,5,remarci_4x,false,0,false
c_mag.bmp,dcd6139d48b3f7ca9460d262c98c0cc92c1b3d0d,e1d5d4afdef5a79309e87d95c2c557c1bda5137e,true,ps2 textures\opaque\bp_remade,true,true,5,remarci_4x,false,0,false
caloriemate.bmp,42ff980290ef979f5b791d0f99f9d3062a51d418,615772da27dee5822da40e6edfa1ed04266e8b3d,true,ps2 textures\opaque\bp_remade,true,true,5,remarci_4x,false,0,false
caloriemate_back.bmp,1fa3c601312689e73ceaee6d47f8303d045c93c9,70b625e111940d87a0937ca43e64597a8777ca44,true,ps2 textures\opaque\bp_remade,true,true,5,remarci_4x,false,0,false
cargo_drumcan.bmp,221043cef83918772af6051a01952278c5189827,59c3e1b3fb92de81f7ff9fd032f470154a3e7e06,true,ps2 textures\opaque\bp_remade,true,true,5,remarci_4x,false,0,false
cargo_guns.bmp,91625d0f9944b42d23fc02a9cba5fda68b3b9a45,ecf6ada36776e6b1657a3f2caba860c7ee9af4c2,true,ps2 textures\opaque\bp_remade,true,true,5,remarci_4x,false,0,false
cargo_guns_amo.bmp,c621b2379da61b385084f9546129ea51507c8f48,bf22c3748abc464dcd97ee98dd7977832cab1cbd,true,ps2 textures\opaque\bp_remade,true,true,5,remarci_4x,false,0,false
cargo_room_ammunition.bmp,6de0256bd53b7bb99920b19cb714ae9def17d1d0,48887ed29ad054cbc9745d3da3b57efd11081131,true,ps2 textures\opaque\bp_remade,true,true,5,remarci_4x,false,0,false
cargo_room_box.bmp,c78b887f42216c22f791549f0fc70db14a8034b7,23a39901b5d8324d3cf7b47c9edfa31d4fd85548,true,ps2 textures\opaque\bp_remade,true,true,5,remarci_4x,false,0,false
cargo_room_console.bmp,ea385f12b15f3fd3a74188716e36275484103991,49647506b8d80e9346070a9a8ab93a77ef9b7bf1,true,ps2 textures\opaque\bp_remade,true,true,5,remarci_4x,false,0,false
cargo_room_pillar_e.bmp,5a9453ce1f64bdbafba2b5356df2d427a40b13e3,56274dfbbdc84c001b62538f3c76441852a10977,true,ps2 textures\opaque\bp_remade,true,true,5,remarci_4x,false,0,false
cargo_room_rear.bmp,300f205e98c078d1d4148cd5509dc86b8cac3928,29749ac12ac31fa28fb6e624f7acbefa2bf48c0c,true,ps2 textures\opaque\bp_remade,true,true,5,remarci_4x,false,0,false
casecover_up_render.bmp,c598bd7699529d0cf4bc8fa43a85a2d4058063ad,f830c3ce4e6b2c14f621b9ad92360aa8cb84ef70,true,ps2 textures\opaque\bp_remade,true,true,5,remarci_4x,false,0,false
cave_rocksfc_a34_rep.bmp,8455ef4fa14876362ea050821fb55be5f71fbcd5,958c9704ded6960aa180e44982536622681475ef,true,ps2 textures\opaque\bp_remade,true,true,5,remarci_4x,false,0,false
chair_back_of_body.bmp_57ab258682252580476c2915c3617408,fbfac1ae9fee9f45ab1021e3f1047cbddf483478,948c48d5fe0ca9d3c3367296cd415074e66b1357,true,ps2 textures\opaque\bp_remade,true,true,5,remarci_4x,false,0,false
chair_red00.bmp,9fc0834db066ea47f9e4f3b5026b997ead7b5ed7,64bbcc34cc382aad0892f7cae6ba12dec293a53e,true,ps2 textures\opaque\bp_remade,true,true,5,remarci_4x,false,0,false
chair_red01.bmp,ad27a8d0be45ed65951742577247d5f43e41393c,ee40d40bb60b3b2c7484309d289a0ee031e91b40,true,ps2 textures\opaque\bp_remade,true,true,5,remarci_4x,false,0,false
chair_seat.bmp,2ca771df1478282e83b27f751c3794340e605ed7,88efdfd22fa81db9220ad605dab3f041fa89e476,true,ps2 textures\opaque\bp_remade,true,true,5,remarci_4x,false,0,false
chair_seat.bmp_72aa6b10f3bfc4c765484872d9fab5bd,515e89c0d4fc34e71d308966aae59195758337fa,f574533c057b6bb758b16f6aa2c2f5ab3c440927,true,ps2 textures\opaque\bp_remade,true,true,5,remarci_4x,false,0,false
chairb_02.bmp,ad3f79981ca76b11a481be9ba9814a61f8c5ccb2,f196e3be39dc0ddcc4029ed26c1775a79828452a,true,ps2 textures\opaque\bp_remade,true,true,5,remarci_4x,false,0,false
cia_body.bmp,56d420b810bdbf8a9f5ac081394c61ba179210ef,91a1352eb8f4e363465ff91e68baa872bb620574,true,ps2 textures\opaque\bp_remade,true,true,5,remarci_4x,false,0,false
cia_eye.bmp,673639d262df378e3494f6f71586dee98ece8eec,1a9d2b476b5bfe930f959106ee56b4518217e360,true,ps2 textures\opaque\bp_remade,true,true,5,remarci_4x,false,0,false
cia_face.bmp,ee559639694e16d12a67dcc9c5fa63b4c0975043,8cb8ab97ca1af535df0a2d65300925fc4eb30547,true,ps2 textures\opaque\bp_remade,true,true,5,remarci_4x_extra_smooth,false,0,false
cia_face_ovl_sub_alp.bmp,b0fa7b1b516e2c339bed808fa7aced1ecc9a4932,6814343f032a82a937d572d0fef6d99306d9e2bd,false,ps2 textures\HAS ALPHA\bp_remade\no_mip_fixes,false,true,5,remarci_4x,false,0,false
cia_glass_ovl_alp.bmp,fb5afb2c10fdd0cb1938ebe9ce3b7b6a5bea8d3d,db2ef82c6c7a4d18087825dd20359b4b8f910c99,true,ps2 textures\HAS ALPHA\bp_remade,false,true,5,remarci_4x,false,0,false
cia_glass_parts.bmp,0a7014469fe880a533c7daac739e7ebcc64dfdfc,73e41fbb52ae52bdad59ec0aab9b88f961e10be5,true,ps2 textures\opaque\bp_remade,true,true,5,remarci_4x,false,0,false
cia_hair_ovl_alp.bmp,0d52f553950e55aa265b067e81e9b8e158c1b90e,ad33be3ea6e5317800b92a3d60c636493b13e893,true,ps2 textures\HAS ALPHA\bp_remade,false,true,5,remarci_4x,false,0,false
cia_hand_low.bmp,d89cc7e5fd9532b4a2ef4fdc5c4e9dfb73157ad1,a34dc3b2ef7f5d132137c7a53017d5107e64ac72,true,ps2 textures\opaque\bp_remade,true,true,5,remarci_4x,false,0,false
cia_me.bmp,25657712ffb06c8ea9ed81e03aa544e9ac692a18,aafe05e1cacb984ce456330557a2a8c5baf5530f,true,ps2 textures\opaque\bp_remade,true,true,5,remarci_4x,false,0,false
cia_nekutai.bmp,a4b9d84ebe7f62f1166819d0a7d67978f5aab0c0,94d3bd44e0b7ae1b6443bec594b3a658f651adcc,true,ps2 textures\opaque\bp_remade,true,true,5,remarci_4x,false,0,false
cia_ovl_mod1120_alp_emap.bmp,c9fbe12681ec1deabccf57aceba884ec6c94cbcb,2dbc951d7b45df49f96d6e5c2bf7492db6da2c91,true,ps2 textures\opaque\bp_remade,true,true,5,remarci_4x,false,0,false
cia_shats.bmp,53ec2038a537741cb42da9e34d62ae80854cafa3,998324fb2990e3f56522b2e4123c26f3de3c39f3,true,ps2 textures\opaque\bp_remade,true,true,5,remarci_4x,false,0,false
cia_teeth.bmp,757c84b07644117dd0c4cea297f83130e0227925,783afec9d9abc56d24353ec193e32d2c6f7d8481,true,ps2 textures\opaque\bp_remade,true,true,5,remarci_4x,false,0,false
cm_s062a_hut_wall01.bmp,3124d2f86c43de5a4b5e856120848dd103d1639c,a0e16685d3902295564903ee8d3610ad56c83290,true,ps2 textures\opaque\bp_remade,true,true,5,remarci_4x,false,0,false
colmagatex.bmp,632de60505c1167ad8ab0feb4e909cd18181bc27,6b8b341d8648879bee9cfe35d71a9c6e1fb47b20,true,ps2 textures\opaque\bp_remade,true,true,5,remarci_4x,false,0,false
colttex.bmp_38de91f1aa72a3cb2c1407a8cd778ae3,fba97ae924468f90952cb67144723eca357f9c50,e25225fc2d1fbcf6ac498e5dfb5637c8d6cdf8f1,true,ps2 textures\opaque\bp_remade,true,true,5,remarci_4x,false,0,false
comic_1.bmp,cc22efc87a64c706f29b83e5c94d4f9dfa580a7f,4c068d3afd8ae75e87c7b1c78eb4424a0abd9e56,true,ps2 textures\opaque\bp_remade,true,true,5,remarci_4x,false,0,false
comic_2.bmp,5098e694a268665a0bd2ae7b4a45d6be607b903d,ddcf8bd7b496ddce01521e69a864fc9ca94c3733,true,ps2 textures\opaque\bp_remade,true,true,5,remarci_4x,false,0,false
comic_3.bmp,d8726bed4aa240ad806d9c3e619b74ea25ae6d8a,6b08672edf24e45eaf44c1ec1ed2fe23b495ffc6,true,ps2 textures\opaque\bp_remade,true,true,5,remarci_4x,false,0,false
comic_4.bmp,656cebce7f4ef323a7831987ec368ef5b924e530,8064cbb9dec9ca35066080c922a7aaf47ab17f05,true,ps2 textures\opaque\bp_remade,true,true,5,remarci_4x,false,0,false
comp_a00.bmp,e106cc9f46c8b8ff2f2f8a9c9214056c7ba5a48c,3afd6600afc4016f3409ec6bf7c70438a5d81fb2,true,ps2 textures\opaque\bp_remade,true,true,5,remarci_4x,false,0,false
comp_a00.bmp_7acc2ca737f5d7b6061dc6160fd4d675,95d1b5a34ed61c184d3e9ac65fed4b8c6a318c59,d0b9bfe3d9a7357734186b9c4d42150166650f36,true,ps2 textures\opaque\bp_remade,true,true,5,remarci_4x,false,0,false
comp_b00.bmp,c3b852a17882b899af8cf660742afae9819d965b,52242d9d73b0b0a573a6ee01218249497b414c6c,true,ps2 textures\opaque\bp_remade,true,true,5,remarci_4x,false,0,false
comp_c00.bmp,f5efc136783bfdad8ab267cb5c485e2ccd40e8d5,89b1f21db9a54468f1340e518f845f9b9f42d748,true,ps2 textures\opaque\bp_remade,true,true,5,remarci_4x,false,0,false
comp_e00.bmp,c115c903ce918b3166f0d2fd3e3f6ba7375477ed,80fecabc2949dfbac852f71c7e16b1702993704f,true,ps2 textures\opaque\bp_remade,true,true,5,remarci_4x,false,0,false
container_b00.bmp,c44380675cd8156ca5cd2bbec17cd76923c105c4,0c12a06885e9debe3a6f8537cdb44eca8cfdc728,true,ps2 textures\opaque\bp_remade,true,true,5,remarci_4x,false,0,false
cord_ovl_alp.bmp,7154dd4adef27ce37c3f4fe22a4ba9aba78d5d43,6142830d908e689a8def40787561761944b1d649,true,ps2 textures\HAS ALPHA\bp_remade,false,true,5,remarci_4x,false,0,false
cork.bmp,91a8f7b0d4c15c1d2d9ffed1e5b3e10cd7c0fc42,27d1d2937233916dcdb5a2fb4ee1f4d50d021d44,true,ps2 textures\opaque\bp_remade,true,true,5,remarci_4x,false,0,false
cushion.bmp,c4f1e97451c3d03caad376f9e9e9a9e698ff8547,dcf4c8463b942afe599ab6af8ed9610746b314c0,true,ps2 textures\opaque\bp_remade,true,true,5,remarci_4x,false,0,false
davy_barrel.bmp,5691047555a5b875b0a7f156e4d1e6a8c165bf94,861bb7dc1a081d38afe873422ab38fb162c6e997,true,ps2 textures\opaque\bp_remade,true,true,5,remarci_4x,false,0,false
davy_case_barrel_in01.bmp,d90248251ba6707d0fe2067cbbc27323bb574301,ea40c23a3aa1189b6dcde928d9b1d922af7e60ba,true,ps2 textures\opaque\bp_remade,true,true,5,remarci_4x,false,0,false
davy_case_barreli.bmp,07148fe015236db0998df6ad7ccdb4c3278055c2,581b44ac8cfcd532e12229586eb49bad6d9f2097,true,ps2 textures\opaque\bp_remade,true,true,5,remarci_4x,false,0,false
davy_case_barrels.bmp,91839154ccb54e488e6c9bf0d216f17401346550,44f4648887beb518d439a6c68568c20c5a8aa68f,true,ps2 textures\opaque\bp_remade,true,true,5,remarci_4x,false,0,false
davy_case_barrelt.bmp,bba6e13bc31f6c5892c1d9181cb3246733613fe6,84f40d847cf66c5f8df60ddf329fa078bfb69587,true,ps2 textures\opaque\bp_remade,true,true,5,remarci_4x,false,0,false
davy_case_barrelu.bmp,257368837014da4db7c2213a64ffec46ba2a3fd9,e07982df04619d4032537b9901481f61a2e4bcaf,true,ps2 textures\opaque\bp_remade,true,true,5,remarci_4x,false,0,false
davy_case_nuclear_in08.bmp,2943c60c22765d7dbe9402830f65844350966cd2,e63edf9859b93d4dfdfd0ba1aca6220e534a4098,true,ps2 textures\opaque\bp_remade,true,true,5,remarci_4x,false,0,false
davy_case_nuclear_in09.bmp,e5d79b4430d0aed34423e425be2dd743faf60dec,483afd447ca55e1b6a885a002f4838afbef0da73,true,ps2 textures\opaque\bp_remade,true,true,5,remarci_4x,false,0,false
davy_case_nuclear_in12.bmp,37dbca8a5dc4db74d5fd9d69f750da5eb73e1259,f15fa9e6190a4b4b2a64594b9bb205611a1d3db5,true,ps2 textures\opaque\bp_remade,true,true,5,remarci_4x,false,0,false
davy_case_nuclearbu.bmp,0e6df0e33723f8731a32f3424f9bcb311038b372,d66ba9fefe5516ead1b78024c869f1de1e726e78,true,ps2 textures\opaque\bp_remade,true,true,5,remarci_4x,false,0,false
davy_case_nuclears.bmp,483c99567448bab26a196d13f181d0e9142ff515,c190e587d3b95721651c78c5748297de2a20a40f,true,ps2 textures\opaque\bp_remade,true,true,5,remarci_4x,false,0,false
davy_case_nucleart.bmp,7278249416661c2dbf63a595201898deb7b32e27,c5b89350a384bd333221b60b46cdf37b71a5cc1f,true,ps2 textures\opaque\bp_remade,true,true,5,remarci_4x,false,0,false
davy_grip.bmp,3a3b8360aac25e4b70e4d69889f4d2d996423ff4,b044c72b0b877eb28bdfe12ee03b76b4f0a878a1,true,ps2 textures\opaque\bp_remade,true,true,5,remarci_4x,false,0,false
dmit_newkey_a00_alp_ovl.bmp,8ef2347e6610c8f350202e1f79ed7e103645dbf0,8c7a080abdea17b768fc8dfe00a23bb225ca0af6,true,ps2 textures\HAS ALPHA\bp_remade,false,true,5,remarci_4x,false,0,false
dmo_gave_cus_glip_a.bmp,ef45c2509a19ab623d6b78dc538bacd03cf6d812,65e601ea920c496e538ac42e03de86486150eeed,true,ps2 textures\opaque\bp_remade,true,true,5,remarci_4x,false,0,false
dmo_gave_cus_glip_b.bmp,e43d0e432cde2ee3e566273afffb32f077197b23,8c96e70306978ef9c24bea99cde407944af77cc8,true,ps2 textures\opaque\bp_remade,true,true,5,remarci_4x,false,0,false
dmo_gave_cus_hammer.bmp,6aa37278abb77c7915a4a78e25e61be3b2f06bf3,bf94e649eb78461b376dbd003899c3d5e0b07444,true,ps2 textures\opaque\bp_remade,true,true,5,remarci_4x,false,0,false
dmo_gave_cus_muzzle.bmp,c5f0165a2d5c458403f03f5456a912c4303e7331,4cdcf2667fe9cbea01c9e4e8a3b5119e1e9d2869,true,ps2 textures\opaque\bp_remade,true,true,5,remarci_4x,false,0,false
dmo_gave_cus_safety.bmp,00726c6aa9981a7878261cd32b5f9cd225c57e43,ac76da06234f3e243947fdaa6f6c888496325421,true,ps2 textures\opaque\bp_remade,true,true,5,remarci_4x,false,0,false
dmo_gave_cus_slide.bmp,39af4ab3d0554066a65a1c9b24b76e5e149961ff,b9966214e2639a2d021a8bbe96a14960ee5625e5,true,ps2 textures\opaque\bp_remade,true,true,5,remarci_4x,false,0,false
dmo_gave_cus_trigger.bmp,91dd7817a949ffd8622567b8ac66daa9830c33d9,dbb978cd77a3939f74b072743fa3f20426174413,true,ps2 textures\opaque\bp_remade,true,true,5,remarci_4x,false,0,false
dmo_gave_safety_sub_alp_ovl.bmp,1b78ba2d4ef74b03d962fd992de4f19608a6f28a,bf9f4c236d2e544d2a220b820e65c00100f73aa4,false,ps2 textures\HAS ALPHA\bp_remade\no_mip_fixes,false,true,5,remarci_4x,false,0,false
dmo_gave_slide_sub_alp_ovl.bmp,4b1d583661aff6fa924eefc86a8536d50a57594c,42ed8a783f938216cda47c6071edd8b6ee30f6cb,false,ps2 textures\HAS ALPHA\bp_remade\no_mip_fixes,false,true,5,remarci_4x,false,0,false
door_a00.bmp,a5f8dc664c2b6f0b8229667c7e028385727a0303,67bb874fc23d14b406bb93d59775067937159578,true,ps2 textures\opaque\bp_remade,true,true,5,remarci_4x,false,0,false
door_frame00a.bmp,9c49d15d3cf12bdd0bbea0fff70e4d943d76c42b,4f6eced1517ff862e8f2d807e82beb4fb88bcd66,true,ps2 textures\opaque\bp_remade,true,true,5,remarci_4x,false,0,false
door_frame00a.bmp_5e81ed816613855c915ebb39d7c46cb5,5b2b84f4df2773f0fa01759c7f4624df112f9803,469ebb849a1f8cef8fb21bb6795f8083b3022fbf,true,ps2 textures\opaque\bp_remade,true,true,5,remarci_4x,false,0,false
door_frame00a.bmp_e61140fd22b74ee5c40430ed845c6523,7c1d393ea5c8efc7e9a11669ed12007709f8de3b,9988bb4281a58b5704afd24a1c7011d7e6776358,true,ps2 textures\opaque\bp_remade,true,true,5,remarci_4x,false,0,false
doramom.bmp_d34dc03a8a061c56ac3df0391e726752,843352c358349aa486ad72216a60782b9de8e817,e69688290ae3ce6ca110114c95675f9c3cfc83d7,true,ps2 textures\opaque\bp_remade,true,true,5,remarci_4x,false,0,false
doro.bmp,4065a625800a504b4a52784d8edfebea00d540b2,5269d8b6cabbce90241e3a4c4de4b1e520f6de07,true,ps2 textures\opaque\bp_remade,true,true,5,remarci_4x,false,0,false
driveshaft.bmp_430bec93808cc154ab5ad426cac145af,1ff6164c846ccb7b341c2236fd8d9d1e4ae43819,4e6d84f6a7cb75e528cb9a7778e0b9ae376aa7b5,true,ps2 textures\opaque\bp_remade,true,true,5,remarci_4x,false,0,false
drone_d.bmp,8dff827792e26cd4a1a2763851abf19844fa347a,59f94b821be2ccd47c692ea62dbb207c8c090e5e,true,ps2 textures\opaque\bp_remade,true,true,5,remarci_4x,false,0,false
drone_e.bmp,d8ef5bf58a418cc12e7a98544461a9e9bf6f5975,ad86c269909a7103310aa47c9e80e50eaa45ab48,true,ps2 textures\opaque\bp_remade,true,true,5,remarci_4x,false,0,false
drone_f.bmp,48e46e45ae5cb228d7f300652b85d8bad34aa059,d049a743ff951b61f3e272fa1bccf140fad066d9,true,ps2 textures\opaque\bp_remade,true,true,5,remarci_4x,false,0,false
drone_g.bmp,d1130b83cb4d2925b71dfdf281a57e16ec2cc536,75142fea457ddce5cc3e3ee2ce98cabec2ac440f,true,ps2 textures\opaque\bp_remade,true,true,5,remarci_4x,false,0,false
drumcan_exp_t1.bmp,de683f5fbd4921d9792e136aeea2aa99fc005ba5,fb1918b5a78799c8824af7a7b79fa6a6407321d7,true,ps2 textures\opaque\bp_remade,true,true,5,remarci_4x,false,0,false
dshk_m01.bmp,43227f5e0f924603c0c6116eb2447cd629d65f92,e7dfa727032cbbc07382df2f8800f7976aaa945f,true,ps2 textures\opaque\bp_remade,true,true,5,remarci_4x,false,0,false
dshk_m01.bmp_14cfe0ae0bcb81fb3adcb6d9d6ea2e18,b97e79dd8cfa47ea9a4c5863f4f880149fb82de4,3c4950763f6d91694afe4ec6c0940553d55c1688,true,ps2 textures\opaque\bp_remade,true,true,5,remarci_4x,false,0,false
dshk_m02.bmp,bab9a7a8cd6fbd537837921a5b7aa7f0f6c2e3d9,d48b4ffc2e4ac92721da0e396e78ea9a52897edf,true,ps2 textures\opaque\bp_remade,true,true,5,remarci_4x,false,0,false
dshk_m02.bmp_df47143a9de7d7ed9d0c42d99b2e449b,3cfd18b32a8589be007aef3cf718e1cdd84b7e4e,c7ea161d8bfe19c8f862c95e815e75bd34e03d5d,true,ps2 textures\opaque\bp_remade,true,true,5,remarci_4x,false,0,false
dshk_m03.bmp,27afe09099bdee512ff35609ee502bada98fb512,d25a9bc397eba4186aaaa68e0fa5735cc7509084,true,ps2 textures\opaque\bp_remade,true,true,5,remarci_4x,false,0,false
dshk_m04.bmp,1f1ccbb18d251f3f6d8e58a2643d34e8adccd100,331cc0378490b47b19924a861b208bea7fb96b1d,true,ps2 textures\opaque\bp_remade,true,true,5,remarci_4x,false,0,false
e00_gaju_alp_ovl.bmp,2b19bd50202e1edbcf5fdc8115ea478021f062c2,f194ee2e00730c56fd0341f9b116a1f373aece69,true,ps2 textures\HAS ALPHA\bp_remade,false,true,5,remarci_4x,false,0,false
e00c_flr_moss02_alp_ovl.bmp,d2852526a3e2744a38b3217cf222de278ab0e920,cd2aff5e55c01281826f7a10bddbb0ccdb394cab,true,ps2 textures\HAS ALPHA\bp_remade,false,true,5,remarci_4x,false,0,false
e01_1.bmp,e0311b163147d2dc3022848ad99f01cd13d59cb1,22cf91d96cfb4b6323e64b426491f4ef822cb75e,true,ps2 textures\opaque\bp_remade,true,true,5,remarci_4x,false,0,false
e01_2.bmp_f0b63fb0ea7e68f56e4e83a511bf37e1,2a35d3dd3e72c3cc9f9ebf7c2c6ae77dc2605683,658822ed07169f80b1a76b601ce5d6be5ae4ad8f,true,ps2 textures\opaque\bp_remade,true,true,5,remarci_4x,false,0,false
e01_3.bmp_541acc1ad8a115247861fcf34368023d,98c63f63ac916b94073e481368438459eb972665,8ec4bcf03cc2c85d469c82e83224d6ea2c35fd7d,true,ps2 textures\opaque\bp_remade,true,true,5,remarci_4x,false,0,false
e01_4.bmp_54f96d8a29ca80b1a3feabfd6ad0ce4b,caa27fd131c67960efbae16d9fdc30b7f951f6a8,98479d64d7f8a8e0a761c340501fd0a079199496,true,ps2 textures\opaque\bp_remade,true,true,5,remarci_4x,false,0,false
e02_1.bmp,4bfcfe998231f52f7e9ecf7b2c48640eee648e9c,6abf2afe4b32b893657c81ab84ed7bdc00714ef2,true,ps2 textures\opaque\bp_remade,true,true,5,remarci_4x,false,0,false
e02_2.bmp_75c18656e1070488b65f4ef3c5459c6a,189185f56325a8844fad725f83aeeb86f556efdd,65f5a0d0d11e17a1279596a36d1ef8d2e4bf617b,true,ps2 textures\opaque\bp_remade,true,true,5,remarci_4x,false,0,false
e02_3.bmp_9f9413fdf4806383d89d42846a722a3f,866fdd8fdd5c2d544245ec949e4aea90c66338cc,2d6a3db8426ed0244985491c4a484597a5ecb98a,true,ps2 textures\opaque\bp_remade,true,true,5,remarci_4x,false,0,false
e02_4.bmp_e98df2b1939851f47c8a6c28ea1d4cda,9756c3ef3f0c2473cb005f6c3d52776e4cf0ec13,b9fae233d3fb3197cd5e1ab6c413241952fdbdfd,true,ps2 textures\opaque\bp_remade,true,true,5,remarci_4x,false,0,false
e02b_bridgefl00a.bmp,09618f5a890d2c2e771a5907ee7bf97b68d9c890,31934cb4cae01590226f37f2e02d7dfc3fbfeb42,true,ps2 textures\opaque\bp_remade,true,true,5,remarci_4x,false,0,false
e02b_bridgefl00b.bmp,d65d8a9ee94d3c45fc144a280c231c1ac9185790,9d9bf5816082f3dcbdfa5fc720807a5b9c75ea84,true,ps2 textures\opaque\bp_remade,true,true,5,remarci_4x,false,0,false
e02b_bridgefl00c.bmp,40bca44c9517a2b9aeac7e789e9e66c3eed37096,141a3f69b617ff5d18c674ce34ac325b80dbe077,true,ps2 textures\opaque\bp_remade,true,true,5,remarci_4x,false,0,false
e02b_bridgefl00d.bmp,b19b2e2e08e68fdd398b368943dc526c65a4059b,3a36ae13237ceed938a5e42df8bbef63d762159d,true,ps2 textures\opaque\bp_remade,true,true,5,remarci_4x,false,0,false
e02b_bridgefl00e.bmp,42406e7dcc220a02e21ae319571095941c2b8321,7927882708ca0b290d34c8fdf31eb10342f3641d,true,ps2 textures\opaque\bp_remade,true,true,5,remarci_4x,false,0,false
e02b_bridgefl01a.bmp,17107ef1bd0ffc708d5634cd7f6fe0ee67d28777,fa6b477e029c460b562d83bb3140751b9bcd3c50,true,ps2 textures\opaque\bp_remade,true,true,5,remarci_4x,false,0,false
e02b_bridgefl01b.bmp,dab93b68e695fcd90a6a71d83c1ce4439d7050d4,78d7895182ab6e231df84bcfacbf9b485ed137ae,true,ps2 textures\opaque\bp_remade,true,true,5,remarci_4x,false,0,false
e02b_drumcan00.bmp,db905de65d9c404bf4249da975f0deb5c9dc1c91,38a934501732455211f89bb526e6a4ce0cd85db5,true,ps2 textures\opaque\bp_remade,true,true,5,remarci_4x,false,0,false
e02b_drumcan01.bmp,de8ba1849d38eb71875b783d1fe7448339e0fe9b,0faed2499b2aa3170e8574d85c589bf0a7e87260,true,ps2 textures\opaque\bp_remade,true,true,5,remarci_4x,false,0,false
e02b_fl04_alp_ovl.bmp,066000081327604e5b4e5fb724ab873aa7ac09d3,514f25b1535e8989f4f263dc37e0a5986afe121b,true,ps2 textures\HAS ALPHA\bp_remade,false,true,5,remarci_4x,false,0,false
e02b_sk00.bmp,9d9940ba12547283076acd1a2b27ee36771f6dee,20d77f3d6e1ec66ecf10b5ee1b47900d4358bb49,true,ps2 textures\opaque\bp_remade,true,true,5,remarci_4x,false,0,false
e02b_sk01_alp.trans.bmp,2b43d04f9d5568a45607a9ed88ebd964afb566e9,1578ac8110aaf60d7f3c04ad701dc7c1f877ea03,true,ps2 textures\HAS ALPHA\bp_remade,false,true,5,remarci_4x,false,0,false
e02b_wbox_s.bmp_2151fa9141185b6480190697b659af87,5df0e54575aea8c5e7f39ae2613e894b6f2d1ea0,781477c5423e2b7e6b54a756434d7688355a5b88,true,ps2 textures\opaque\bp_remade,true,true,5,remarci_4x,false,0,false
e02b_wbox_s2.bmp,d41a7b0f47ede4e0ce3011263150ea3e6da1954e,06bf2ec51499f6ffcc545d32c769a382ac735528,true,ps2 textures\opaque\bp_remade,true,true,5,remarci_4x,false,0,false
e02b_wbox_t.bmp_2ce5b3b2ac61356432ea7147967b3f25,15c51099df1a6847cc68501b38352e4e648e9d59,7dfa7f86a8ca1924a8cb2c3e193584d70954790d,true,ps2 textures\opaque\bp_remade,true,true,5,remarci_4x,false,0,false
e03_1.bmp,aa1f61aaca62848da038905783a7aa6f0e9e4eac,a7097fa775e6da2c9e69b4dc93b5d2519af6da47,true,ps2 textures\opaque\bp_remade,true,true,5,remarci_4x,false,0,false
e03_2.bmp_9dacb2c715572785a6dae28acd90e8b1,63486388722f94e2ba1fc2cb6f1bce782231cf73,cbb8b17c481e4acc4fd1756fd230a88d4e0f045a,true,ps2 textures\opaque\bp_remade,true,true,5,remarci_4x,false,0,false
e05_1.bmp,d8e68b43d46f166590f6cba056108feb5d8e3cae,ca2c667e3c0ac14bc8afbaeee775a7ba8b9ebb74,true,ps2 textures\opaque\bp_remade,true,true,5,remarci_4x,false,0,false
e05_2.bmp_82b3b58938902ff77960ab86bece7fde,0c9fdfd84077304dd77e598bb68c03fdf7261d16,a7f993ce96cd918540b4091532fc0e33904bcbb4,true,ps2 textures\opaque\bp_remade,true,true,5,remarci_4x,false,0,false
e05_3.bmp_af67f0040e86439009598c872cff2e9d,576bd3006d38c8164e739ff10cb629323da2abc0,f1a43c26f3d384fb0228c18a8bb83a770db167e0,true,ps2 textures\opaque\bp_remade,true,true,5,remarci_4x,false,0,false
e05_4.bmp_36713177f73649f66e6d12e18911a8b2,47caebc353a23dc214279b13e437cfbc9fdaca91,5fdfd587ef7b0ed57a3c933f98b32ce8fe80e7f8,true,ps2 textures\opaque\bp_remade,true,true,5,remarci_4x,false,0,false
e_magpo-ti.bmp,32f21f0c78795369cf3bfd327f9230c65b651fcd,448dfae58b3a1f27e1b3735ebbf25da177904882,true,ps2 textures\opaque\bp_remade,true,true,5,remarci_4x,false,0,false
e_makarofu.bmp,6b38ab72aee31346170ae7936c6b510d3ea1b8c4,445a781ad907aeb5f15c1bfe6dba55beb1d75a51,true,ps2 textures\opaque\bp_remade,true,true,5,remarci_4x,false,0,false
e_map.bmp,f43c479992a9c624e4a635af39e7728d555ca0eb,fa1660ccf740784d1153eadf7e3cd10e8a89e9ba,true,ps2 textures\opaque\bp_remade,true,true,5,remarci_4x,false,0,false
e_map_belt.bmp,d53f36982ab1505bcbe659af44144adf6b6cb857,119080e4386a6eb3c340678fd0a526a0ad241473,true,ps2 textures\opaque\bp_remade,true,true,5,remarci_4x,false,0,false
e_mizu.bmp,becc454968b8df0488c115c490eaf97e9f31be12,35d29c55470bd57a19859c72d9112f9b10b65cf2,true,ps2 textures\opaque\bp_remade,true,true,5,remarci_4x,false,0,false
e_skoppu.bmp,83010a3a67f8d4aa277bbcb63ba238142d8f34be,6a255eb0a0eb8a1aff2d900e7e685530096b7ff6,true,ps2 textures\opaque\bp_remade,true,true,5,remarci_4x,false,0,false
e_sspo-ti.bmp,b6e745449c2ff7dcf20a1a257e538ca20ba3ef36,250cccfaf6c58640897dadecb686242deb5c8d0a,true,ps2 textures\opaque\bp_remade,true,true,5,remarci_4x,false,0,false
e_tento.bmp,0a4b64a0e9647a952198635fa0ade9e683a8950a,6cf57142cb21ef96b1323b019d0bd90d408d1e54,true,ps2 textures\opaque\bp_remade,true,true,5,remarci_4x,false,0,false
e_tentobelto_alp_ovl.bmp,1a06cbaf3f40a8dc3cbaa10d3a73a64622543719,d5981213e0f4dd63fc74c0b0908dae8a6500bb2c,true,ps2 textures\HAS ALPHA\bp_remade,false,true,5,remarci_4x,false,0,false
end_dead_hand.bmp,7ba5f69c5898191ea4affae825d4eedd1378139c,506782d29c26d2b6c2e5d86a021e991b3f0fca19,true,ps2 textures\opaque\bp_remade,true,true,5,remarci_4x,false,0,false
end_def_hand.bmp,89a28180486f02e8503f5d0d7b1dcecdd1a210ee,2325e3d30203b39ea760d2f6d5dd79f4ae4c8b99,true,ps2 textures\opaque\bp_remade,true,true,5,remarci_4x,false,0,false
end_ela01_alp_ovl.bmp,0850c3f6aceef03bad173f47eb14d74c7b6ba96e,85bfe2b23b7578cad62c496a8e7c2826b33d8c62,true,ps2 textures\HAS ALPHA\bp_remade,false,true,5,remarci_4x,false,0,false
end_face_ovl_mod1120_alp_emap.bmp,a4ef3fc89be12022a47620b9db1276a6d8719d4a,721a810b829f44e3cf45969bae4d6e963a8efdee,true,ps2 textures\opaque\bp_remade,true,true,5,remarci_4x,false,0,false
end_false_gums.bmp,13b300121ead4dd7f7c44204592f3401a4fe4571,ce3209941953f0369cc80ce2f86d67827bac6c73,true,ps2 textures\opaque\bp_remade,true,true,5,remarci_4x,false,0,false
end_false_metal.bmp,54027c9348a9bbbed0f3a6fc926c2f906220af00,98035a396a876af9b9fd8a2f7dc1e614bb63b619,true,ps2 textures\opaque\bp_remade,true,true,5,remarci_4x,false,0,false
end_false_tooth.bmp,f19e0e0106e5a0c1bbac98970579edef8cc1e97b,18fe13ae6a5a49f76a925b731acf7abbc185db48,true,ps2 textures\opaque\bp_remade,true,true,5,remarci_4x,false,0,false
end_ghost_foot.bmp,b4f45d4bc938e6155154d68aaae6893d350fa5af,9b251b5aa05cd37f236fe9979e55bdc10e29d3a9,true,ps2 textures\opaque\bp_remade,true,true,5,remarci_4x,false,0,false
end_ghost_foot_under.bmp,c9391a1c3133ef139ca7dd42f1bf2e946345c368,5877ec54d689780086c5e5b4d15708ffebc2463c,true,ps2 textures\opaque\bp_remade,true,true,5,remarci_4x,false,0,false
end_ghost_hand.bmp,da223bd9bdf05b5026df1e5f8f55613207c921ef,86504058f8c1788006bc963afc0c09dc38b0435e,true,ps2 textures\opaque\bp_remade,true,true,5,remarci_4x,false,0,false
end_gr_ovl_alp.bmp,787d6b9ef0972a236184ff6d5d334407f8aca523,9aefe06f6fb819db185509a761d44139cd6829f8,true,ps2 textures\HAS ALPHA\bp_remade,false,true,5,remarci_4x,false,0,false
end_hp_ovl_mod1120_alp_emap.bmp,f4313d023b2ce10014fff9c489ac5c1df9847171,898e6b80c6d4e1ee6447e8915e05a7547655b0b4,true,ps2 textures\opaque\bp_remade,true,true,5,remarci_4x,false,0,false
end_item_bk.bmp,c3b757489a9fd86012ec688936a8817c1a032bd5,262f5862943034db37fdba1725313c2d6b4d12d2,true,ps2 textures\opaque\bp_remade,true,true,5,remarci_4x,false,0,false
end_item_bk_side.bmp,2512526d9e43fcfb10a4fa02467e33eb5f04fae7,0e22fa498514832460829261ee2272a9b67d4937,true,ps2 textures\opaque\bp_remade,true,true,5,remarci_4x,false,0,false
end_item_case_def.bmp,ffe4436f91604b45db3480f765d222bd5f1770f8,40bfc0d463ea36d8c325d6ea0e8097b2aebe4b4f,true,ps2 textures\opaque\bp_remade,true,true,5,remarci_4x,false,0,false
end_item_case_def_sub_ovl_alp.bmp,bc8d9204eb0e8645071783d2c52dd1e3ef5a6fb4,318270ea5c21dad6b12ec2908231c12e6f49c289,false,ps2 textures\HAS ALPHA\bp_remade\no_mip_fixes,false,true,5,remarci_4x,false,0,false
end_item_hp_coad.bmp,1c893de9d620857ace91e001d22121959a4229f6,a3d49492e8c1e9d63bca90936c91b4d8f0c37223,true,ps2 textures\opaque\bp_remade,true,true,5,remarci_4x,false,0,false
end_item_hp_coad_sub_ovl_alp.bmp,3bf0a5bca43bb269872f8c143ac95acf15151c7a,2196dd4d7f92fe768b69d8193c2a9f80879d6f66,false,ps2 textures\HAS ALPHA\bp_remade\no_mip_fixes,false,true,5,remarci_4x,false,0,false
end_item_hp_def.bmp,3ebf8a6bda4007c07c4efa2b902867051e0b6d8d,7335e3eb42fb3bfdd362690ee2855a01cb0b37aa,true,ps2 textures\opaque\bp_remade,true,true,5,remarci_4x,false,0,false
end_item_hp_def_sub_ovl_alp.bmp,6b5b87b7020105c9c3a50d29ff1b1213d50142e9,be970c96604558fc1b338084b85e4afcac18aae7,false,ps2 textures\HAS ALPHA\bp_remade\no_mip_fixes,false,true,5,remarci_4x,false,0,false
end_item_hp_mb.bmp,2f882b0f09cda98462500d400e301b560caed59a,4ff35a99e2c2db415b9bf9c7bda74b1f697e9334,true,ps2 textures\opaque\bp_remade,true,true,5,remarci_4x,false,0,false
end_item_hp_mc_sub_ovl_alp.bmp,78d44557aaf3a05050534a7c156a174ac89f0dee,28f5fa218d7ccf58cf1d7043cd7cf2977f3deb18,false,ps2 textures\HAS ALPHA\bp_remade\no_mip_fixes,false,true,5,remarci_4x,false,0,false
end_item_hp_md.bmp,4fab603970bb36e6fac4d8358d7ef43924135046,383787542cf17ae6e6019a1352b0937531c2b7db,true,ps2 textures\opaque\bp_remade,true,true,5,remarci_4x,false,0,false
end_item_hp_me_sub_ovl_alp.bmp,339e00902df405cffca0d33411d9503745a160ef,7b823d49f610a6600b7d1db8f3c7b5603bbf36a9,false,ps2 textures\HAS ALPHA\bp_remade\no_mip_fixes,false,true,5,remarci_4x,false,0,false
end_mgs3_arm_def.bmp,53833ec2b901b3096861c20e54d3471bbf8379fe,ccb9a3e0c4467d18ba78656ce29ebc1d839a7f83,true,ps2 textures\opaque\bp_remade,true,true,5,remarci_4x,false,0,false
end_mgs3_arm_red.bmp,f22f246ae4a7048e57737b0abc5a780aa4de2393,0f3cacf5fda15545ee41f5a67a7250150212e1ee,true,ps2 textures\opaque\bp_remade,true,true,5,remarci_4x,false,0,false
end_mgs3_belt.bmp,351a1d1d3111bcc6918d38e93b1c87d04c4d62f0,24f25fb84ade516443adebd5d27bcdbf7f2eabd6,true,ps2 textures\opaque\bp_remade,true,true,5,remarci_4x,false,0,false
end_mgs3_belt_bak.bmp,5a269f4ea06948136682e62945ac756094ed8233,fcb1f199628df59991ed0088723a4c503bae5c73,true,ps2 textures\opaque\bp_remade,true,true,5,remarci_4x,false,0,false
end_mgs3_belt_def.bmp,c0c5d94e26db61177285efd64e5c15d21c50512a,ab76f833d31248532829f7386c1fda68580c73b0,true,ps2 textures\opaque\bp_remade,true,true,5,remarci_4x,false,0,false
end_mgs3_belt_shl.bmp,ea9f2058b6269b83338e1d1859ac07cef2ddde80,8f75dd060d50142d531ee29e191d3d76aa510019,true,ps2 textures\opaque\bp_remade,true,true,5,remarci_4x,false,0,false
end_mgs3_body_def.bmp,cd67f89111a2a9d790b125f4aeb5b4debc1eaec7,cae40d02227ad0e0988d3f0785851241347f5ac0,true,ps2 textures\opaque\bp_remade,true,true,5,remarci_4x,false,0,false
end_mgs3_body_gr_ovl_alp.bmp,0530c69151805492a6fb9f097674fa253c4c0ed7,055255909281773bed25aa93a5aa81b487f16123,true,ps2 textures\HAS ALPHA\bp_remade,false,true,5,remarci_4x,false,0,false
end_mgs3_body_red.bmp,828da9150556c8096858a5daee3d6163e5901e30,fb7239f74e55260efb326a5ec74a665891792643,true,ps2 textures\opaque\bp_remade,true,true,5,remarci_4x,false,0,false
end_mgs3_body_red_ovl_alp.bmp,3a989ecf2cab534798acb234b0af3278aba00c31,e6b016c79c9ccaac2afacf99b6a30778b5065970,true,ps2 textures\HAS ALPHA\bp_remade,false,true,5,remarci_4x,false,0,false
end_mgs3_eye.bmp,f937685160c165844b10dbdc07f05143b4a29d0c,9c79763720c4fa10411b43593e68ef2f2886350a,true,ps2 textures\opaque\bp_remade,true,true,5,remarci_4x,false,0,false
end_mgs3_eye_dead.bmp,58bb2e6e35f52ecc2e22221a2501c3cf1db2b93e,28d7a895eae06e17597319a688c06aa9c797ef33,true,ps2 textures\opaque\bp_remade,true,true,5,remarci_4x,false,0,false
end_mgs3_face_dead.bmp,165be2cf57dab133902678579be72f582a892dee,36f0c58eea6854cdd52f72b789b35c2536ec48d9,true,ps2 textures\opaque\bp_remade,true,true,5,remarci_4x_extra_smooth,false,0,false
end_mgs3_face_def.bmp,6bc844cacf162d14831993aa3b2de0f32d231578,c690ca42eef870da10ad33c24a61d2aa9604060e,true,ps2 textures\opaque\bp_remade,true,true,5,remarci_4x_extra_smooth,false,0,false
end_mgs3_face_def_sub_ovl_alp.bmp,17bedbcab788b2c1065d3b68253a44d9ac322cba,4325683a2cdaa71255f957188be51aa3a90c2f68,false,ps2 textures\HAS ALPHA\bp_remade\no_mip_fixes,false,true,5,remarci_4x,false,0,false
end_mgs3_face_wheel.bmp,8d0fa18051709f41c63d396e1f64b129addacfe4,8f9a1a6952e6c295d45e511c3dcb18a88b7c0509,true,ps2 textures\opaque\bp_remade,true,true,5,remarci_4x_extra_smooth,false,0,false
end_mgs3_face_young.bmp,f17ae7579420126824c5f01e3e98cbc628df0df4,934bcc14370194096104a1a4b1c059dfc5699d9c,true,ps2 textures\opaque\bp_remade,true,true,5,remarci_4x_extra_smooth,false,0,false
end_mgs3_foot.bmp,b7160814709ababb1a6ec2ed58589c27f489a89e,e065302c8009f476f895583b59f9179e8c2d291e,true,ps2 textures\opaque\bp_remade,true,true,5,remarci_4x,false,0,false
end_mgs3_foot_def.bmp,ef19bc4da947e23e1c0de530967bc7160b42b272,10f4ab3c050ab470b916c477ff4d00bc250b01fe,true,ps2 textures\opaque\bp_remade,true,true,5,remarci_4x,false,0,false
end_mgs3_foot_red.bmp,4f3346c571dd463a226f7f0aa91e8c79c11b2611,6057922e1c9ef68d6bebbeb59cb325bfc152c0c1,true,ps2 textures\opaque\bp_remade,true,true,5,remarci_4x,false,0,false
end_mgs3_foot_under.bmp,634d8e59dc06eeca355eabcbadfe5b97375221ff,83afc32d218dc977f24a520a9930256f5a6e57d6,true,ps2 textures\opaque\bp_remade,true,true,5,remarci_4x,false,0,false
end_mgs3_gun_belt.bmp,a621d34f76e54238b643384deee9a718f20797e1,fac8b11a4c84dc81b0ab99649146c81115a58b1a,true,ps2 textures\opaque\bp_remade,true,true,5,remarci_4x,false,0,false
end_mgs3_hair_f_ovl_alp.bmp,c5cd4a5c6a8487b8752167a621c227395f9493a4,8b2512e3c864ab06056d6407866d786f294dfc99,true,ps2 textures\HAS ALPHA\bp_remade,false,true,5,remarci_4x,false,0,false
end_mgs3_neck_def.bmp,a8b27a7f29db00f675553835f1698f86b3bf333a,6fffa639f87b7e971f38ac671e5fab21aeb78c88,true,ps2 textures\opaque\bp_remade,true,true,5,remarci_4x,false,0,false
end_mgs3_wpl.bmp,71d1efe760389b3ef83eea4b35a9d5cd53d72b61,f029f2333686a99946ce845f7fec32fae85b58d4,true,ps2 textures\opaque\bp_remade,true,true,5,remarci_4x,false,0,false
end_under_tooth.bmp,9429e5a930df4532e0470a1bbc7d8fb2940ee028,1477e78f9185863471aeb0cc9f1255194f5e48a9,true,ps2 textures\opaque\bp_remade,true,true,5,remarci_4x,false,0,false
end_young_hand.bmp,930cd3ab55932ee54570b27d72b5d2115fcdd52d,9eecc01b93ff60dbf244901ef2d5770c44bb93ba,true,ps2 textures\opaque\bp_remade,true,true,5,remarci_4x,false,0,false
ene_def_akmagpouch_bag.bmp,da98d674776465fea5d73b6ad749618756220502,900336f5ea5f3ba42ec2bd8f122af803f2a9ee1e,true,ps2 textures\opaque\bp_remade,true,true,5,remarci_4x,false,0,false
ene_def_arm.bmp,6cd214b7bb34204a0d3340d3911a93a8f1e59dbd,0927c628e7272a34ddedf206c768f07053a60861,true,ps2 textures\opaque\bp_remade,true,true,5,remarci_4x,false,0,false
ene_def_body.bmp,223fabfea3649d00643694ce9c84984570694744,b78a1bd0084434e59e8ce3b8706eca794776b652,true,ps2 textures\opaque\bp_remade,true,true,5,remarci_4x,false,0,false
ene_def_eye.bmp,2ad6ae664a32d62454ec69574cdd3c761ecd6dbe,26bd00b7321fd797a8887398c0661e99f82ccd64,true,ps2 textures\opaque\bp_remade,true,true,5,remarci_4x,false,0,false
ene_def_eye_close.bmp,7890770b7bb433f137b5d78a4f7dfb59ed284efe,f1972b2e3c0888903bc821693302a806fe665557,true,ps2 textures\opaque\bp_remade,true,true,5,remarci_4x,false,0,false
ene_def_eye_mu.bmp,d26f465134fe50dd37642a7287976460d3418bb0,6d8be6e4484bde4b14557fcefb4af899920003d2,true,ps2 textures\opaque\bp_remade,true,true,5,remarci_4x,false,0,false
ene_def_eye_open.bmp,812588f453b4deb592d9592433546501d968994c,279f0797921a20b0d1c59122f173bab08f81da87,true,ps2 textures\opaque\bp_remade,true,true,5,remarci_4x,false,0,false
ene_def_eye_pain.bmp,152a903a54060fd491313ce916253cf094af1809,0c495a7c7de6c1fa20ac8b31005caf22fe50bc45,true,ps2 textures\opaque\bp_remade,true,true,5,remarci_4x,false,0,false
ene_def_eye_white.bmp,5ad4313384faaef40f8f18785056fc441528a383,e46823afcc8d41f716a05bd06e2c4119e0bd1f31,true,ps2 textures\opaque\bp_remade,true,true,5,remarci_4x,false,0,false
ene_def_headtop.bmp,8fc2cb048e623a8de57247584421c40fb1079ec9,fe28a30fc15c889aafb325e6a8413ea744fe1871,true,ps2 textures\opaque\bp_remade,true,true,5,remarci_4x,false,0,false
ene_def_headunder.bmp,d16947f86e03c4b3ea5610f233496dfe6681b783,dde8474bcc457cf22aeaae9d72bb87acfa770185,true,ps2 textures\opaque\bp_remade,true,true,5,remarci_4x,false,0,false
ene_def_leg.bmp,8739f09bb2fb035203044aef9a14c329659319d5,922916fb975df0b3a321d6d1384dd07313015375,true,ps2 textures\opaque\bp_remade,true,true,5,remarci_4x,false,0,false
ene_def_neck.bmp,14e459ad6e5c8dccf09e3aff8988c4ccff591aa8,d902214ec289a285a91745f37dad6a7f55bead17,true,ps2 textures\opaque\bp_remade,true,true,5,remarci_4x,false,0,false
ene_spe_amdmagpouch_bag.bmp,e5e93fe8ebfc9df7622fb32c9ad1de517fbead62,0671a7145cd9532e678e631c75ffbce4521a9c4c,true,ps2 textures\opaque\bp_remade,true,true,5,remarci_4x,false,0,false
ene_spe_body.bmp,a80cf6eafd66b714925cd5d04e79bd80366838f8,221cb30858f372ee488fe35347d9e6b930e9059c,true,ps2 textures\opaque\bp_remade,true,true,5,remarci_4x,false,0,false
ene_spe_body_belt_alp_ovl.bmp,c0c7ae06b67b0c310ef876e8d34fe42490e33d5b,87fe195a3f081da0a76910c17949d90298f6604f,true,ps2 textures\HAS ALPHA\bp_remade,false,true,5,remarci_4x,false,0,false
ene_spe_boots1.bmp,22e875e00b7755b55bc0557cc9c06154801e65d3,6d0ae24b47f751f4bb14482bdc5cfac7037402f5,true,ps2 textures\opaque\bp_remade,true,true,5,remarci_4x,false,0,false
ene_spe_boots1_ovl_sub_alp.bmp,dc5ea7b04bfb35a12c02389b849dad6723b631d3,e775e06261970c07aca1366f835702739b2a08f8,false,ps2 textures\HAS ALPHA\bp_remade\no_mip_fixes,false,true,5,remarci_4x,false,0,false
ene_spe_boots2_ovl_sub_alp.bmp,59e192baa57a99ef8d9dce71d3c71be28278166e,2fbbfb8b55b292701d04bbc2c165a8884401d233,false,ps2 textures\HAS ALPHA\bp_remade\no_mip_fixes,false,true,5,remarci_4x,false,0,false
ene_spe_boots3.bmp,8ea2bd61328f6711a6d2a24643c66bda12897e4c,c86630defe63f3f196c170eea81e73e58d7e9c1b,true,ps2 textures\opaque\bp_remade,true,true,5,remarci_4x,false,0,false
ene_spe_boots3_ovl_sub_alp.bmp,b97a824fcc964e6d5ca6c77644992233ff3c58ab,c95de4ccdae705884b00c709a53d9ce24e7caa79,false,ps2 textures\HAS ALPHA\bp_remade\no_mip_fixes,false,true,5,remarci_4x,false,0,false
ene_spe_boots4.bmp,d9712e2125326ec758c8831c9bb22e6f36e72387,cc280afdb4181e5bd4d0f2299942be866c4d29e1,true,ps2 textures\opaque\bp_remade,true,true,5,remarci_4x,false,0,false
ene_spe_dr_magpouch.bmp,b745861cebf9f3873014cb38ae0c6d846015c75e,606de8b20b2dfbbe011f5356e36f065b735a490c,true,ps2 textures\opaque\bp_remade,true,true,5,remarci_4x,false,0,false
ene_spe_dr_magpouch2.bmp,c796fc4f66bcc83b303c83e8ca8ef02029ba26c2,af35aab5f8106013629ec7ec8e54b70e988e0aad,true,ps2 textures\opaque\bp_remade,true,true,5,remarci_4x,false,0,false
ene_spe_eye_close.bmp,f3cc362bba26aa9f10ce5e2bfec647f81bc669b0,0de6dde170e44c47e64979501e6f1df599489df0,true,ps2 textures\opaque\bp_remade,true,true,5,remarci_4x,false,0,false
ene_spe_eye_def.bmp,973a6c486701bc68f161de2b44b4afe4405278bc,7f05ac0dfe927845649c6c86c18ded42e295311e,true,ps2 textures\opaque\bp_remade,true,true,5,remarci_4x,false,0,false
ene_spe_eye_mu.bmp,99bd6546b46e84bab11d4120d17756f60d83e9a9,e245a478903ab48f1946a23c6f98848609fadb45,true,ps2 textures\opaque\bp_remade,true,true,5,remarci_4x,false,0,false
ene_spe_eye_open.bmp,22f2e75dde19d172b6ec41df1c5578ebd5fa77d5,01949e354e31fa1e1248bebc3c114b8f5cecfb64,true,ps2 textures\opaque\bp_remade,true,true,5,remarci_4x,false,0,false
ene_spe_eye_pain.bmp,5607de0cf695c3d6be7a0bbdcfafec59691d7d52,34a9421fa2cdbfe225d70d06dddd8aea51c6c1d3,true,ps2 textures\opaque\bp_remade,true,true,5,remarci_4x,false,0,false
ene_spe_eye_white.bmp,2923e41aeeb728b79dcabd2942e35bd1a5f39905,639edf055311e93b175b81125d320b52464e0ffd,true,ps2 textures\opaque\bp_remade,true,true,5,remarci_4x,false,0,false
ene_spe_hand.bmp,3e1d91b081b2c4d4e2377e5bd5919a4b8b68689d,ee9593f4c24d4cf44ffa4fef1708c41b94083fdb,true,ps2 textures\opaque\bp_remade,true,true,5,remarci_4x,false,0,false
ene_spe_head.bmp,b3b6b97e080bad1a4e133c9cd39c74d878417f1e,d3c54a21d2411bad55cc081abff04f0e2e513d99,true,ps2 textures\opaque\bp_remade,true,true,5,remarci_4x,false,0,false
ene_spe_mizu.bmp,5c413f9388741e38c0a1eeef761dd7e2e237ed60,5c93ac44c50d4777632118cb5edbc9e15862f4a8,true,ps2 textures\opaque\bp_remade,true,true,5,remarci_4x,false,0,false
ene_spe_ovl_mod1120_alp_emap.bmp,44ce01b9632c04ceeab9c81e6897fa8fde2b9d2b,0f40cf5708aac05cebb04ff5e711bd0e1c8be233,true,ps2 textures\opaque\bp_remade,true,true,5,remarci_4x,false,0,false
ene_spe_pain_face.bmp,925a9191993704f3be6b7ea6ba494f31255b642d,d06f7a64e59e9d195f8b808c2898c887da7ae3f5,true,ps2 textures\opaque\bp_remade,true,true,5,remarci_4x_extra_smooth,false,0,false
ene_spe_pain_neck.bmp,99352a4950184e4ec62aa9a6b08585b650fbbb22,fa10a35818cfbbdb755fb735abd1b80dc9320fbe,true,ps2 textures\opaque\bp_remade,true,true,5,remarci_4x,false,0,false
ene_spe_sspo-ti.bmp,69f40ae8569bbec9f8cb0e49c8129114f19cf6f4,123f3a55a3d3db68d92a1429622b00c4dc2ec91c,true,ps2 textures\opaque\bp_remade,true,true,5,remarci_4x,false,0,false
ene_spe_stboxmagpouch.bmp,9f0af933922c21a0893fbcd50e45c84a64e72b08,cd6e4ace47ae52b8f46094b65fb686cde8ebf6d5,true,ps2 textures\opaque\bp_remade,true,true,5,remarci_4x,false,0,false
enjine01.bmp,e659d18a1e4ec0c283d5bdb03de300f97fb5263d,b49046b7b9707db51449b827582c5f224eaa4cb5,true,ps2 textures\opaque\bp_remade,true,true,5,remarci_4x,false,0,false
enjinp01.bmp,7a1d66b45267ecfdbc14ee9181f57cb83c6b8baf,c3adad66ad8874dc957e9d83a46e9b6b19770308,true,ps2 textures\opaque\bp_remade,true,true,5,remarci_4x,false,0,false
enjinp01.bmp_af673edb2b6d4f16ad759a50e83cf3df,ccb6ad5b78d341ea1b2e510580efd38279cf2bc6,35eb9198c5bdeb96779b62bef700be773dbd398a,true,ps2 textures\opaque\bp_remade,true,true,5,remarci_4x,false,0,false
enjinp03.bmp,a2da52551420f06fd1500fb8643e74df4301e8e9,c79e38d7bbba3d58ecfc4c24c22087d7784bd3d1,true,ps2 textures\opaque\bp_remade,true,true,5,remarci_4x,false,0,false
eve_item_branch.bmp,814b24b18b7f1f27b68f3af60fe46fb58094c157,3a112bdb10308f2fcc7adf2ccf0c30264a1aa7c1,true,ps2 textures\opaque\bp_remade,true,true,5,remarci_4x,false,0,false
eve_item_helmet.bmp,68a4bd9ee98ee1adbfa631b30bd8d26db7558274,4c3d0b1f94fdf772873c35bbe95de26501b59c70,true,ps2 textures\opaque\bp_remade,true,true,5,remarci_4x,false,0,false
f_forkuup.bmp,5f87645261036292bfb07bc39521ee86b4b31a3a,89038188652cdbbf7094deaead8c0727d41dd724,true,ps2 textures\opaque\bp_remade,true,true,5,remarci_4x,false,0,false
fea_backpack.bmp,2461fb959275e035d1bbfd08ee14411e1054b931,59da76576323545bef4eb8892d8cbb1f2932db84,true,ps2 textures\opaque\bp_remade,true,true,5,remarci_4x,false,0,false
fea_body_fix.bmp,81b042978cd7e4273e26d022bcbae4e633c45756,7261c37e794c2b2d67b4f1a00a3c666d193a21c6,true,ps2 textures\opaque\bp_remade,true,true,5,remarci_4x,false,0,false
fea_case.bmp,f9bbba5641160e3a476dd3cb7c8d4f1b11ecc293,c4bba1c04f60a7022e04ccb52e28bde22bdfe802,true,ps2 textures\opaque\bp_remade,true,true,5,remarci_4x,false,0,false
fea_def_boot.bmp,9abebf298cda3db5f799f166c4adef01efbfb5dc,be12522acc53f646ede1a733ec2490395ddd4092,true,ps2 textures\opaque\bp_remade,true,true,5,remarci_4x,false,0,false
fea_def_boot_low.bmp,aaa78ce88ffbc10d46123e87c437d2353e6ec6a2,fd646e3c3cb77cf78d2e7e4624617207587997cb,true,ps2 textures\opaque\bp_remade,true,true,5,remarci_4x,false,0,false
fea_def_dmo_hand.bmp,604af714489ebd6a4629dead837cb4cdf721d1e7,5d645762214a33312a0bc454468c51030777bf77,true,ps2 textures\opaque\bp_remade,true,true,5,remarci_4x,false,0,false
fea_def_hand_low.bmp,5ba44ca13323b3148ed599c44b613e79de02cdaa,57d2e4848b7279675ec0dbc24e8ca092adf22c54,true,ps2 textures\opaque\bp_remade,true,true,5,remarci_4x,false,0,false
fea_face_fix.bmp,49e19e556d0643585d4a562fbe799cfd1957627c,dcb11ace78b5872bdf06c89e6cbbd1169817c96d,true,ps2 textures\opaque\bp_remade,true,true,5,remarci_4x_extra_smooth,false,0,false
fea_face_ovl_alp_mod1120_emap.bmp_20090ce542f2c5ce0babfeb8f195dd0c,7c32f2dcaf149b020e8312cdd0b3cfee2c7a6b6d,7ec0b84f733b0875d0a89670f31fa05a36d0675d,true,ps2 textures\opaque\bp_remade,true,true,5,remarci_4x,false,0,false
fea_face_ovl_sub_alp.bmp,427015534c25c1e5aee2f38dd4a95b02eda09533,82f5a330e34de44be738d905be30fb842aa3aa0d,false,ps2 textures\HAS ALPHA\bp_remade\no_mip_fixes,false,true,5,remarci_4x,false,0,false
fea_hair_top_ovl_alp.bmp,e8d89625d0a0df39f706f338e1351a4c8084a80d,399bce40f27f2dedc3f1bd83835c8369353e1694,true,ps2 textures\HAS ALPHA\bp_remade,false,true,5,remarci_4x,false,0,false
fea_hair_top_white_ovl_alp.bmp,56a98b9d55d8a19ef35e6fa1a77470b98baee52f,6118fc095e3e618dca1e7140c4c3b8b52f2b3db3,true,ps2 textures\HAS ALPHA\bp_remade,false,true,5,remarci_4x,false,0,false
fea_tongue.bmp,55c7dafa1d30f5d126d6851cadd03a1cfcfecaf1,6abb1d49aacfb2afcbca9a8ac1dd37e0daeef00f,true,ps2 textures\opaque\bp_remade,true,true,5,remarci_4x,false,0,false
fea_tongue_ovl_sub_alp.bmp,d1890f73676ecb43a558cd835e51f9ebab71d416,267ee9baded0f031eef8e4fe90f5bd3a283ac56b,false,ps2 textures\HAS ALPHA\bp_remade\no_mip_fixes,false,true,5,remarci_4x,false,0,false
fenjin01.bmp,e9ffdf3fae0954126dcafde7afee7580880860b3,b8fdd68707149fb1a556da5f29b8af81985c8537,true,ps2 textures\opaque\bp_remade,true,true,5,remarci_4x,false,0,false
fenjin01.bmp_3123852a69edd7df0af2e65c4e35c8ae,ff453469e9eba46bc2667a750bc3e040a7730916,bb6ca06a1d250c83c4a5f697aa91ea7b3b10e6c3,true,ps2 textures\opaque\bp_remade,true,true,5,remarci_4x,false,0,false
firewood_box_ovl_alp.bmp,8b830e7d673e81c8d0975243492ecd7e4aaed514,04db3e6ed6dbe981a2cd991762dc65d28e862ee2,true,ps2 textures\HAS ALPHA\bp_remade,false,true,5,remarci_4x,false,0,false
floor_a02.bmp,9e5da8b4642d89a5a67f26e2fff3c3af636c5d8c,bfeede56bf50da9a62d8e8f43d84167e52169211,true,ps2 textures\opaque\bp_remade,true,true,5,remarci_4x,false,0,false
fsh_mid.bmp,db3309791a3b3c4145d4ba1f5bde10bc58f1c0be,84b60d4015b5015d405f9b26c06fbb695868ec2e,true,ps2 textures\opaque\bp_remade,true,true,5,remarci_4x,false,0,false
gav_body.bmp,16697bc3fd0678812a544ea9c049a1e82c4b2c0f,22d1e85174d4354d94f4a0f789b16dbd52a90727,true,ps2 textures\opaque\bp_remade,true,true,5,remarci_4x,false,0,false
gave_cus_sup.bmp,8ead33676155b5f69f4196c0a495e0506453308e,f3ecdac62c304a35aee20f75e7d978e52cd58847,true,ps2 textures\opaque\bp_remade,true,true,5,remarci_4x,false,0,false
gavial_cap.bmp,00871129e8417e8486fa1504216084ea2aea9535,fb817328f6f84135cae19181e6922c630157c6db,true,ps2 textures\opaque\bp_remade,true,true,5,remarci_4x,false,0,false
gg_door02.bmp,29a3a84f27f2c3a317c7f48087e970f17bf9ba47,71c14646b1b9807d7ce12b245931e8e4e444bc90,true,ps2 textures\opaque\bp_remade,true,true,5,remarci_4x,false,0,false
ggbrk_fl_breakb_rep.bmp,c7ee308c04553f6eee68135b600239385129545b,144bfb004b94e79544426646f76c38917907fc8a,true,ps2 textures\opaque\bp_remade,true,true,5,remarci_4x,false,0,false
gpi_def_eye_open.bmp,90efcc80ce70179e080f2c34a60fd9e4bfb8b4e4,9776ae131969b5f6fc1f81923a3962f862a99d71,true,ps2 textures\opaque\bp_remade,true,true,5,remarci_4x,false,0,false
gpi_eyea.bmp,8717cc8a65489b2fb530f36fe3ae4ad7a485d4e3,0a4b7376629e3d04cc1b431dee7314dfaf2f9264,true,ps2 textures\opaque\bp_remade,true,true,5,remarci_4x,false,0,false
gpi_eyeb.bmp,17534cb659311be43a76a78511f7db0805c9cfd0,22f1e953349ebf60da575d800485aed3afe0145d,true,ps2 textures\opaque\bp_remade,true,true,5,remarci_4x,false,0,false
gpi_face_def.bmp,b71c27a8dfeecbecf30319281f1a6e543b99be73,7abcc384c9e3cd4fa49e2e905288e0fc0ffe1e85,true,ps2 textures\opaque\bp_remade,true,true,5,remarci_4x_extra_smooth,false,0,false
gpi_foot_def.bmp,18e8731082c1677d4bb8a3466a39d511dd394ea8,899c5c517339ef70197ebcd9c8a92e8e6a02d616,true,ps2 textures\opaque\bp_remade,true,true,5,remarci_4x,false,0,false
gpi_foot_f.bmp,1a3960848979f38909411bd8339b623d89cd0033,ba2fe2ad428d38188ac3bf01765906bf98b2f3fd,true,ps2 textures\opaque\bp_remade,true,true,5,remarci_4x,false,0,false
gpi_foot_r.bmp,27e92919632a39fbb3f1445c87aa2aeb4853a34c,680a07fd72a1eebcaf49902c48cbfa659d7bc13b,true,ps2 textures\opaque\bp_remade,true,true,5,remarci_4x,false,0,false
gpi_foot_u.bmp,97c45f2912300fd289e915e1b25d7537b080f805,2da8ceb16456a1437a887353a1156bb959073f0b,true,ps2 textures\opaque\bp_remade,true,true,5,remarci_4x,false,0,false
gpi_hair_def.bmp,bd8dd4e67d779db794430cca3c879e7b03a32d06,a84928c9ac31e4b969670914b6e43de61826f8ba,true,ps2 textures\opaque\bp_remade,true,true,5,remarci_4x,false,0,false
gpi_hand_def.bmp,3ac24e8afa536979293da433ea86fe47b51473e9,6cb67fed40e46c9977fb0ec14b417bb6174176a4,true,ps2 textures\opaque\bp_remade,true,true,5,remarci_4x,false,0,false
gpi_headphone.bmp,fe183e1dff083a1c70a21ea61201a70eab6d3858,e320a6996221b445c1f6d93eea622f64acb25d7b,true,ps2 textures\opaque\bp_remade,true,true,5,remarci_4x,false,0,false
gpi_income.bmp,d45c91ad3f989f897a83003d884b1aa91bb54fb8,065e047fea6b0b90f9ecfa366f4831d70a72ae95,true,ps2 textures\opaque\bp_remade,true,true,5,remarci_4x,false,0,false
gpi_tshirt.bmp,dbef9a071441d591012adf420af09dfb7828190f,d5dd15624c48b9d6cc8abedced1c096935e709c5,true,ps2 textures\opaque\bp_remade,true,true,5,remarci_4x,false,0,false
gpi_ubody.bmp,c6526dbe4edb72139843908fc6493ba0efe6bc08,7264b4c72fb60bb18c8669bf139413cd069b60dd,true,ps2 textures\opaque\bp_remade,true,true,5,remarci_4x,false,0,false
gra_dead_arm.bmp,9843cebd8a163c04d42a265989d2a1eee11b6834,57d10930fa8d74300d69b4662960c321bc1601a2,true,ps2 textures\opaque\bp_remade,true,true,5,remarci_4x,false,0,false
gra_dead_body.bmp,fe9efdd50b6cdb45da7fa8f3d1f46bfdec4c9a95,43b848397638f28bd2b4b630af2983ac1182a18e,true,ps2 textures\opaque\bp_remade,true,true,5,remarci_4x,false,0,false
gra_dead_body_vest.bmp,bf3aabb2662e995c8936427490fce296c76a023c,27b055ae89f1cfac6baf7b74ccd7fbbbcc1830ca,true,ps2 textures\opaque\bp_remade,true,true,5,remarci_4x,false,0,false
gra_dead_botan2_ovl_alp.bmp,2f5181f4f272a8b8e1a65bb4bfc9abc4de4c6bad,fbdf2a6a9b122559d753b11c33c9829f8a6cec20,true,ps2 textures\HAS ALPHA\bp_remade,false,true,5,remarci_4x,false,0,false
gra_dead_botan_ovl_alp.bmp,60206b1c09e18efa7eccc2dfd3a89b30fc705b24,d1bf10cfd7abc0d5f212ba6db9790f3483e0c806,true,ps2 textures\HAS ALPHA\bp_remade,false,true,5,remarci_4x,false,0,false
gra_dead_eye.bmp,3596a24a0a5d0d9c389d08c9b3c09336cff225c6,326601a527dc3bc4e586cade5ff3c819a21f5539,true,ps2 textures\opaque\bp_remade,true,true,5,remarci_4x,false,0,false
gra_dead_face.bmp,492cb2e2ba720fa75344ece28686b5cae49c5e2b,557dbd27d9e2c80083e65c62516b6c935a22472d,true,ps2 textures\opaque\bp_remade,true,true,5,remarci_4x_extra_smooth,false,0,false
gra_dead_foot.bmp,08dd11aaa64904dbb6ad85819a95ce7c7a34b9c5,d3ea1e6703f1773ce33ffe425829ae32e69190ff,true,ps2 textures\opaque\bp_remade,true,true,5,remarci_4x,false,0,false
gra_dead_foot_s.bmp,cbabaf1fcb263e0d5835f532aca0ddd6fc2a617e,e732585b32df590767d0d40129cda477643a111f,true,ps2 textures\opaque\bp_remade,true,true,5,remarci_4x,false,0,false
gra_dead_foot_s2.bmp,f473d1097abfad8d8391b40aa816352f76e487c6,7da2778ce6b56c4c63f4ffcefbb08e19171e70d9,true,ps2 textures\opaque\bp_remade,true,true,5,remarci_4x,false,0,false
gra_dead_foot_s2cap.bmp,7b6de5bea6c930c987bf9a0253085e90e24ec9f6,12362d3b3b94b10461290f7f3f25cd6b77d5dc6b,true,ps2 textures\opaque\bp_remade,true,true,5,remarci_4x,false,0,false
gra_dead_hand.bmp,33dd4ea88b4a96a3c5cf81841dbfd519e54534e6,e5bb35ed648400c2c1aafcc9077eb9b16db89d19,true,ps2 textures\opaque\bp_remade,true,true,5,remarci_4x,false,0,false
gra_dead_hasshinki.bmp,b85bf244c1f8a428e2be795233a214b17f7d75e8,84b75112baa4022bffe2d8a72f6fb895fb405c4d,true,ps2 textures\opaque\bp_remade,true,true,5,remarci_4x,false,0,false
gra_dead_matuge_alp_ovl.bmp,256a88d9c859020d6ddc1f6ebf034c287dcbd4c9,051eb3795fe6a8b77502b3e5a2f184f15daafc33,true,ps2 textures\HAS ALPHA\bp_remade,false,true,5,remarci_4x,false,0,false
gra_dead_med_ovl_mod1120_alp_emap.bmp,89dfeddf8846d2dbce3b94d5e22eea33133a2f77,23fd1f601a80600bf8ef2d5699737703d7525aac,true,ps2 textures\opaque\bp_remade,true,true,5,remarci_4x,false,0,false
gra_dead_medal_a.bmp,f59eeb333b77ff3052ca87b1f80981f6f938fedb,464ed11a5599ec7720b4aa3667bcc00b16c779d6,true,ps2 textures\opaque\bp_remade,true,true,5,remarci_4x,false,0,false
gra_dead_medal_b.bmp,695cb183879c3fea71c0b6d1d10a5fd484a98b84,23fa1c924f36ece651f0e4961f4787329c12f800,true,ps2 textures\opaque\bp_remade,true,true,5,remarci_4x,false,0,false
gra_dead_medal_c.bmp,e5fe61cffa6d0e5434ffcd67d64c5b0b951bf599,63435b84b09c7f76a723a514e15740746955fcb8,true,ps2 textures\opaque\bp_remade,true,true,5,remarci_4x,false,0,false
gra_dead_medal_rening.bmp,c6153317f55905dfa6d75a4be3e2306815613d4b,d366d90e97d60c828c2d6fdca3a936257f1fef2a,true,ps2 textures\opaque\bp_remade,true,true,5,remarci_4x,false,0,false
gra_dead_nekutai.bmp,bd94d33397a8f1bb7e96f2ab7f65e3b1f82c6865,fff0d35f246f205baa540c34114032bdf1b110c7,true,ps2 textures\opaque\bp_remade,true,true,5,remarci_4x,false,0,false
gra_dead_ovl_mod1120_alp_emap.bmp,a347e8e75d7f4a1ba1a602186b8600443eadc828,d7dd249c056ba916d26d776681616c217e692127,true,ps2 textures\opaque\bp_remade,true,true,5,remarci_4x,false,0,false
gra_dead_shatu.bmp,63a258258d47511ab8764714edf4fb3ee80271ae,08f02058a3243a32552d549ab3a9a796900cc462,true,ps2 textures\opaque\bp_remade,true,true,5,remarci_4x,false,0,false
gra_dead_teeth.bmp,6122602e6de3e5fe73c4dee9224846824e099b55,26af928769c8b3b010806fbb7251dd90ed840ab3,true,ps2 textures\opaque\bp_remade,true,true,5,remarci_4x,false,0,false
gra_def_arm.bmp,4137bb785dd0d38fa8622f717c250c593ca68751,19e96c6f6e7d313236c36114afed2cd194148b19,true,ps2 textures\opaque\bp_remade,true,true,5,remarci_4x,false,0,false
gra_def_body.bmp,c7ed3c8641b2d86610c6d7d82b0e50803fac711b,37958b1445566d4ca7720d852b8afa12c01d0f05,true,ps2 textures\opaque\bp_remade,true,true,5,remarci_4x,false,0,false
gra_def_body_vest.bmp,5a223807a514e542770a38a9090ece04f394594c,303c4cf42946edbe2bf2d25ee7976eaaab50142d,true,ps2 textures\opaque\bp_remade,true,true,5,remarci_4x,false,0,false
gra_def_botan2_ovl_alp.bmp,6dc3fc6427b3bb74aadfed478d3a879006b2811e,7f7aca306fcee8aa4e0649ee15e6c31a9615f62c,true,ps2 textures\HAS ALPHA\bp_remade,false,true,5,remarci_4x,false,0,false
gra_def_botan_ovl_alp.bmp,0ab94d7be6f03e77ee85557ad92ff4a2db495e25,94bfae5c7e6920641975f00661bf12dc74ee50a0,true,ps2 textures\HAS ALPHA\bp_remade,false,true,5,remarci_4x,false,0,false
gra_def_eye.bmp,df58d421337ea065414a1e870db0c8f1be14a13d,c4233e567ee126e2e94b1d5b7e5ce4aaa7d63c5f,true,ps2 textures\opaque\bp_remade,true,true,5,remarci_4x,false,0,false
gra_def_face.bmp,dbe5734531290d3b35346b1269e6c38e4b2d86ba,7a69a6c2aa9abbd119a80fad439e2a82a7bfd533,true,ps2 textures\opaque\bp_remade,true,true,5,remarci_4x_extra_smooth,false,0,false
gra_def_foot.bmp,94a2d7efde82aec87224a1f5e44a5d0c65d0d58f,ccc240d209ba6cbb42e68bed10a38bca5f454dbe,true,ps2 textures\opaque\bp_remade,true,true,5,remarci_4x,false,0,false
gra_def_foot_s.bmp,89a580df3849c4d7592e08eccfae33b168ccc069,6a9a91506ba3b0b53afa09f81f50e19b8a5b5cc4,true,ps2 textures\opaque\bp_remade,true,true,5,remarci_4x,false,0,false
gra_def_hand.bmp,e45926b25ca1ac47ab711dc9f1d8d992cecfff10,485e0e253993022a234691be1b06cfc7f63b0a54,true,ps2 textures\opaque\bp_remade,true,true,5,remarci_4x,false,0,false
gra_def_liquor_ovl_alp.bmp,04c9db831904a927561b809a881d6b75d0cbc504,caffd325c09851f91dd8ccccccefce5619743387,true,ps2 textures\HAS ALPHA\bp_remade,false,true,5,remarci_4x,false,0,false
gra_def_liquor_ovl_mod1120_alp_emap.bmp,717bbd65c9ba34f89281060c26cf77cf55251b5f,15224f324ebb351a7d7e8d01e585408e30e9e3bc,true,ps2 textures\opaque\bp_remade,true,true,5,remarci_4x,false,0,false
gra_def_medal_a.bmp,0df3dd34e5784bd7cf17cfc9078151cf92d6f9e7,18b591c0aadfac96b49654e04076be17c9b82427,true,ps2 textures\opaque\bp_remade,true,true,5,remarci_4x,false,0,false
gra_def_medal_b.bmp,ae0192a26022dd84ae7c38b4a89f0127788b7aac,df91d01a1d14853fc3d207cbfbf9b970b55fcb8b,true,ps2 textures\opaque\bp_remade,true,true,5,remarci_4x,false,0,false
gra_def_medal_c.bmp,7f1380d4892c0edf5ad3f623825028cd8d3d14d7,eb0f18d9b8003d5ddaa350653dd1d0df5fd5dfb5,true,ps2 textures\opaque\bp_remade,true,true,5,remarci_4x,false,0,false
gra_def_medal_rening.bmp,d177bbfdc5079bd26f0708c35319c02aa6d39b1f,1d047ffbbc0fd9b120711dff8099a4fbe5768862,true,ps2 textures\opaque\bp_remade,true,true,5,remarci_4x,false,0,false
gra_def_nekutai.bmp,a108b84926be37f35dc685802ed23edc68221b7d,4239563f16a6850eb22dd840ddc139bc23dd5fcb,true,ps2 textures\opaque\bp_remade,true,true,5,remarci_4x,false,0,false
gra_def_ovl_mod1120_alp_emap.bmp,c6ea604c23a9d8eae5209c83980160e7d4e6ca41,c9a2e957e8dd2a9b4366c301c16d0873d33ed877,true,ps2 textures\opaque\bp_remade,true,true,5,remarci_4x,false,0,false
gra_def_shatu.bmp,488e67420a37e71819c023ebdf6daba1fc817ef8,48207f8812e1342acfa92eceda10a7d6c9a3b620,true,ps2 textures\opaque\bp_remade,true,true,5,remarci_4x,false,0,false
gra_med_ovl_mod1120_alp_emap.bmp,28e756fba6b4b10c9bc1dd2d10d16b2bdd9bc702,0e6430f849b926f52433b00d04e958688e460ce4,true,ps2 textures\opaque\bp_remade,true,true,5,remarci_4x,false,0,false
grchaira_front00.bmp_c5882cadcbb5f7d299d1d12d73c1d393,c4cc6dd5677bc4509c70df79e4999340d869a7cd,4f044c1934725d4686a97eb223932efd88f02beb,true,ps2 textures\opaque\bp_remade,true,true,5,remarci_4x,false,0,false
grchaira_pillar_under.bmp,e3ce76230e24e8688cd18915306e0d3226b43e4d,eb3e0613ee034764b7612690b590efbb4517b768,true,ps2 textures\opaque\bp_remade,true,true,5,remarci_4x,false,0,false
grchaira_top01.bmp_cc58cf5bf64c7d2a8f2d2aad2097c60c,189f3fe79b1a42c4703154ae71751e61314c1cb1,df6c964cba4f2412947e691f9efabbb70b19084b,true,ps2 textures\opaque\bp_remade,true,true,5,remarci_4x,false,0,false
grd_def_tex_bace.bmp,cfbaeada9e1f2fb720cb30944a2666801b058f62,ed0706fd2a35a8759ba429a2a055efea356d4e65,true,ps2 textures\opaque\bp_remade,true,true,5,remarci_4x,false,0,false
grip.bmp,1e133b4cbabe4926dc5194b6b528ec19a1b5252a,4994eeb6c4bee486b67a2b5f1ca5dace12a38cbd,true,ps2 textures\opaque\bp_remade,true,true,5,remarci_4x,false,0,false
guns_roter02_alp.trans.bmp,7d81a8247e495d22229298e37cdda2526d3abde1,4bf102437a18f53a030c575083fbc014d7a41522,true,ps2 textures\HAS ALPHA\bp_remade,false,true,5,remarci_4x,false,0,false
gunship_body.bmp,3b668b7716b9bb567dd989aa56eef9eb430e1fc7,6e190face1e54c9e455f8546d0cb77287414a3b0,true,ps2 textures\opaque\bp_remade,true,true,5,remarci_4x,false,0,false
gunship_engin.bmp,da4820ae771ce5789b20d3b2805400cbe5a9302e,e1a8bf244d0b7511415c876521989b3f12fe1e8a,true,ps2 textures\opaque\bp_remade,true,true,5,remarci_4x,false,0,false
gunship_wing.bmp,de2f7021df22642ae419b96bc6ba31bd249ced11,8b392a00adc5a0724861baecd922e1944b6e23f0,true,ps2 textures\opaque\bp_remade,true,true,5,remarci_4x,false,0,false
gunship_wing02.bmp,b6e57c3f3dd14f3e8fcb2cdde0142b1890840971,4efe6eae8757d556a25f3ec77a51caa7753cc10d,true,ps2 textures\opaque\bp_remade,true,true,5,remarci_4x,false,0,false
h_bottle_label.bmp,4cd479a358324540adbe2ecb1d6a6873410c03ca,f02fba88795770bc17d112ad30b9362deb9e799f,true,ps2 textures\opaque\bp_remade,true,true,5,remarci_4x,false,0,false
h_bottle_ovl_alp.bmp,54a14b6f819d2d546ffdb48fc60541f0384225d2,77e0410a05a7d9b79da72205701aff312189e819,true,ps2 textures\HAS ALPHA\bp_remade,false,true,5,remarci_4x,false,0,false
h_handkerchief.bmp,b042f300025ff3f22f878416fcd4321d91263def,51ff5da3ed32a7fb4d8d16e44629377600d4c0b6,true,ps2 textures\opaque\bp_remade,true,true,5,remarci_4x,false,0,false
handlebase.bmp,892eb9a871822b8888d2026fe21641392b23bc5b,47792617f22192ca85a8dbf860afca8643bd9908,true,ps2 textures\opaque\bp_remade,true,true,5,remarci_4x,false,0,false
handleber.bmp,6a597e157414af3afbbcd25390c818d4c9ca0514,6cde81002c37b1f6b2a569f6bfe174eef139a3cf,true,ps2 textures\opaque\bp_remade,true,true,5,remarci_4x,false,0,false
handlegrip.bmp,ff333b75ea217dde474a97dc81485c7f6d60206f,212d3cdd30a27332b3a07e6240ebcb99c2e988a5,true,ps2 textures\opaque\bp_remade,true,true,5,remarci_4x,false,0,false
hbiyoku.bmp,f08f24ae99e185955b19062dc3d0dad18f87adef,a28595525b6d9c35be92e67fd30c8e6d1e0d8c9c,true,ps2 textures\opaque\bp_remade,true,true,5,remarci_4x,false,0,false
headlight02.bmp,2212496b1aca6a7b1bec73aa83f0b203a899f9df,a2992379e5cc027c3a67a09edcd3cc2965bf9a47,true,ps2 textures\opaque\bp_remade,true,true,5,remarci_4x,false,0,false
headtomegane.bmp,55599eac5d3e2585431d8274b2b7d3d4cd9d9bdf,0de27e775f2c7610007a287d7acdd5d83968d3f2,true,ps2 textures\opaque\bp_remade,true,true,5,remarci_4x,false,0,false
hind_body_n.bmp,f7142173e9a3ad3983bde2e1998846355bf07a59,4d0442d1e88dc4a12652fe827de6978f7a43200d,true,ps2 textures\opaque\bp_remade,true,true,5,remarci_4x,false,0,false
hind_mainpro_n.bmp,08714ef23ea4998483e1d8bfbfa49f8a22884ff2,eb0050fc1a2044216275f50096c9fe800f37d43f,true,ps2 textures\opaque\bp_remade,true,true,5,remarci_4x,false,0,false
hind_missile_n.bmp,5208857367d375bc7b925b8cdd23bc2dcab96fc2,5ff7c4f41ea3c0cea832928a9be825d92cda787f,true,ps2 textures\opaque\bp_remade,true,true,5,remarci_4x,false,0,false
hind_pod_n.bmp,9945b153d588e3ffbb995dcc6272b46d40a7ce56,dce889472eccfad6afcc88f404efbb6a5f798a8b,true,ps2 textures\opaque\bp_remade,true,true,5,remarci_4x,false,0,false
hind_tire_f_n.bmp,75b587c5e41723dff9d5e4ae7dc6fa217d1646c2,50b853fcc757f9acc4009c9d12014c6ddfc1f94c,true,ps2 textures\opaque\bp_remade,true,true,5,remarci_4x,false,0,false
hind_tire_m.bmp,9f058c86c1084bcde61c10e3c1379f5835cca5e5,e95f86d2132b23ad500436fbdbcc96e435929870,true,ps2 textures\opaque\bp_remade,true,true,5,remarci_4x,false,0,false
hind_tire_r_n.bmp,227ebea0a8408dfed964cb6060cc265a93baa70b,96a6e1ba0aa1b9b9e854b3efecaf5a666203ba37,true,ps2 textures\opaque\bp_remade,true,true,5,remarci_4x,false,0,false
hind_wing_n.bmp,8892c28d1db4243eebf73d82836e7e20d63c6d0d,0ce541ebf74b4558f14e62307daf8b9b96dd50bf,true,ps2 textures\opaque\bp_remade,true,true,5,remarci_4x,false,0,false
ice.bmp,8baba377714106e76cc65daa89c1e081803dbeac,8ce0dfd9d17e46ffa8f2cfe1905a944707ad3731,true,ps2 textures\opaque\bp_remade,true,true,5,remarci_4x,false,0,false
ice_cup.bmp,89baa6694ef601797753dec1d01c61a09f218ef7,2688f7f7b9c63581c5fd94d70027d8d86fd26538,true,ps2 textures\opaque\bp_remade,true,true,5,remarci_4x,false,0,false
ice_cup_under.bmp,9a4715af56d920388b1c538ebb53b69511cb1f67,c5fad560eacd33bae6806205953d534c9f25fe4a,true,ps2 textures\opaque\bp_remade,true,true,5,remarci_4x,false,0,false
item_gr_bottle_00.bmp,23dd4bddb611139c07302c36e670796a914f6606,c6170f1aff5a13fb9b88ec656205f6e88adffc72,true,ps2 textures\opaque\bp_remade,true,true,5,remarci_4x,false,0,false
item_gr_bottle_01.bmp,4a89ee24a86e79cf93d725c51e872a24c3b870b9,78ec83dcb17abf3e33d83f91de0a682ebd35c782,true,ps2 textures\opaque\bp_remade,true,true,5,remarci_4x,false,0,false
item_gr_bottle_02.bmp,d4b9e9f72a4acdd08fd06f38f82fa9b231b0aeec,7a42d6747967aec994e96eda339f81597c4ea845,true,ps2 textures\opaque\bp_remade,true,true,5,remarci_4x,false,0,false
ithaca_tex.bmp,08c6afc24fe7dd8f174e7e40d41795cfb03996d7,9ac76b2853b22479bff25d5776d6ea5ca9fafe28,true,ps2 textures\opaque\bp_remade,true,true,5,remarci_4x,false,0,false
j10_1.bmp,9da4a802ccd31c402cbc20d84fcef6498ffec644,25cc46145639a69e34d36571c845abfab542fb94,true,ps2 textures\opaque\bp_remade,true,true,5,remarci_4x,false,0,false
j10_2.bmp,b4bbf4c6e340212004b0e1fd7f099fc826866f50,41962ef23f4b16e427175bfd099e4af1ba7fc566,true,ps2 textures\opaque\bp_remade,true,true,5,remarci_4x,false,0,false
j10_3.bmp,24150af6624480ac2dbd9f066ea97d4cd204772c,0c0632f870ed1d79772827463e8861ebc68f7f9f,true,ps2 textures\opaque\bp_remade,true,true,5,remarci_4x,false,0,false
j10_4.bmp,d19a751ba10bb1a16f8a7a30c1f6fd9e0568dc94,15e90b1995ec58fc94cc502b3c3283cb03a28dd4,true,ps2 textures\opaque\bp_remade,true,true,5,remarci_4x,false,0,false
jngl_eda1_alp_ovl_mip16000.bmp,db85f06288b6b8d481f916dcc3c82fe3a4d7c7d4,f4a97b54e2079352bc9eab975f45f3445ce7503c,true,ps2 textures\HAS ALPHA\bp_remade,false,true,5,remarci_4x,false,0,false
jngl_eda2_alp_ovl_mip8000.bmp,9f81c993606b9c55f19d2600bbc1399161620b2a,63658a1354288c6398d65ab068e3861b55442d48,true,ps2 textures\HAS ALPHA\bp_remade,false,true,5,remarci_4x,false,0,false
jngl_eld_tree1_large_mip8000_rep.bmp,d09d5f7e441d08bd1e045bb67ae28fc0ad937c67,57e140d9a6b6eb93c0981a73c478eebf463ab59b,true,ps2 textures\opaque\bp_remade,true,true,5,remarci_4x,false,0,false
jngl_happa04_alp_ovl_mip16000.bmp,15dc6b6355213c0058398474b542516bce81dd4b,15dc6b6355213c0058398474b542516bce81dd4b,true,Self Remade\Finalized\DXT5\PS2 Source\bp_remade\2x,false,false,0,none,false,5,false
jngl_happa04_alp_ovl_mip8000.bmp,5ecc8e091cee65c1383d53cf2ed979b3e7aa22e8,5ecc8e091cee65c1383d53cf2ed979b3e7aa22e8,true,Self Remade\Finalized\DXT5\PS2 Source\bp_remade\2x,false,false,0,none,false,5,false
jngl_taki_eda_12_alp_ovl_mip8000.bmp,cc55ba7b7231c0536325eb48395e717a7d28731f,cc55ba7b7231c0536325eb48395e717a7d28731f,true,Self Remade\Finalized\DXT5\PS2 Source\bp_remade\2x,false,false,0,none,false,5,false
jngl_taki_eda_17_alp_ovl_mip4000.bmp,cd3aeb86b0e6032417ee4c53ba4adc4e2ea820b3,cd3aeb86b0e6032417ee4c53ba4adc4e2ea820b3,true,Self Remade\Finalized\DXT5\PS2 Source\bp_remade\2x,false,false,0,none,false,5,false
jngl_thintree01.bmp,d6946d14343de440a5d41181d111f1940ef3835a,0b03f6cae59ac8fa3c5d6aca3501b71050f8e07f,true,ps2 textures\opaque\bp_remade,true,true,5,remarci_4x,false,0,false
jngl_thintree01_ne_alp_ovl.bmp,73fb8df8fc41cd0127694a337ee19438e67720c1,8e3498fbfdea86027fd888a056d54a38052257bf,true,ps2 textures\HAS ALPHA\bp_remade,false,true,5,remarci_4x,false,0,false
jngl_tree13_mid_mip8000.bmp,ebdc01de0dbf6bfab7031c00aa0815a7237c2aad,c6869ad8179612abe4d865fdd9984e2e5e6e7547,true,ps2 textures\opaque\bp_remade,true,true,5,remarci_4x,false,0,false
jngl_tree13_mid_mip8000.bmp_03a92a6187cb335537852926a6f11a69,af999def0870623146cb6780429341bae79ee646,cd19aef25cd2311c87add99c858b16962bf1562c,true,ps2 textures\opaque\bp_remade,true,true,5,remarci_4x,false,0,false
jngl_tree13_mid_ne_alp_ovl.bmp,9bf2cf83df9767a5c468fd6bf366648b9f6bfd25,23a39c229b5229199d1d8bc433856d07f3266cd1,true,ps2 textures\HAS ALPHA\bp_remade,false,true,5,remarci_4x,false,0,false
jngl_tsuta1_alp_ovl.bmp,65d4188ef6b4ebf068bdcf2e010db7353c92461a,e2fee70827c22c08cfec3bbaf5f467fcb2e217b9,true,ps2 textures\HAS ALPHA\bp_remade,false,true,5,remarci_4x,false,0,false
kan_a00.bmp,44bf992232de6393b2179d0a2577fcd9afd7ba22,5a92222bf78e67c7ddb27c66c2a448538e52820d,true,ps2 textures\opaque\bp_remade,true,true,5,remarci_4x,false,0,false
kan_b00.bmp,afdd8cd875e4a70bed542980d73c9de5b978b7ef,fb6ff2240a2e3f14fd3396cbe5a9c67e94f5a752,true,ps2 textures\opaque\bp_remade,true,true,5,remarci_4x,false,0,false
kan_c00.bmp,9f8bb7455c04d57f6bcf753cf8158f3244d0c0e7,da73a1cc4846048dd5b831c3b0a0b7d6eb97f05d,true,ps2 textures\opaque\bp_remade,true,true,5,remarci_4x,false,0,false
kankan.bmp,b33ff140bbbf235e2d80d9f57c11075b51c7e7f2,52f7af404bfd822991fe32a49f0e2816449c02a9,true,ps2 textures\opaque\bp_remade,true,true,5,remarci_4x,false,0,false
katu_door_panel_02.bmp,4afac8bd78e157cb58ef05f765aa6a23cef0b6ec,2302a18e497f2f71babe5d9d4ec15202e681612a,true,ps2 textures\opaque\bp_remade,true,true,5,remarci_4x,false,0,false
katu_door_panel_03.bmp,5ed4344472e43874f1652d3e0f52944d44f3c956,80e44ad210addeff8e10163f1e23632f553f580a,true,ps2 textures\opaque\bp_remade,true,true,5,remarci_4x,false,0,false
katu_door_panel_04.bmp,d1c04dd833dc109a6e0a428b43cd840ecba9cd19,cfc54394638d0046f776145394baf0b7efcb5c5a,true,ps2 textures\opaque\bp_remade,true,true,5,remarci_4x,false,0,false
koya_bed01.bmp,71809f5b1996b542df7237500f83cecb20b9a14d,d1b4430833e2942141633749c06ede830cda467d,true,ps2 textures\opaque\bp_remade,true,true,5,remarci_4x,false,0,false
koya_door02.bmp,03f44d1f6ac8728584f0893907beac5fadb334fe,3eea78800123d65d02d0cb873779526e669044ea,true,ps2 textures\opaque\bp_remade,true,true,5,remarci_4x,false,0,false
koya_hako_b02.bmp_185158c54b601976532065bcb1429931,8b00139c1d4973d2bb8512cb4ab8a2b81a4150ac,334998409921bb67f004fc212c790abd30e28cb1,true,ps2 textures\opaque\bp_remade,true,true,5,remarci_4x,false,0,false
koya_hako_b06.bmp_30ced34a1dc430e65e7d75b0e0ee50b5,68dbe08f54894811a63493177de55c146034c6b1,af5ccb01f543d48c9fa6e11dc0a98a20148ea700,true,ps2 textures\opaque\bp_remade,true,true,5,remarci_4x,false,0,false
koya_hasira01.bmp,14d3bb405dc02def172097b60fb01bebd6c5e5e4,554e06c93f491925537e169dac797651f8ad97a9,true,ps2 textures\opaque\bp_remade,true,true,5,remarci_4x,false,0,false
koya_hasira03.bmp,71cb7772432711c1e508df916f9c974767ded5e3,678f7a0ad3489e3aa8d43c9d9d6ece67c94b6616,true,ps2 textures\opaque\bp_remade,true,true,5,remarci_4x,false,0,false
koya_isu01.bmp,b129ed4fafbfdc07cb126581db51a642d9770440,7959fd79992107436c794557b8a3d8e6379114c1,true,ps2 textures\opaque\bp_remade,true,true,5,remarci_4x,false,0,false
koya_yuka04.bmp,3326aac538f6d21716bbd2ff5774f7a05e3f6f9c,3d9304687599f192d565486b5152d7e66f870c85,true,ps2 textures\opaque\bp_remade,true,true,5,remarci_4x,false,0,false
koya_yuka04.bmp_e0cb2418fdada0b2771d264d686a9950,7ec6067523327c1bdedcc74b30af03a01f989d0f,619790cb0b147d6e3183606db04bf363fba19457,true,ps2 textures\opaque\bp_remade,true,true,5,remarci_4x,false,0,false
koya_yuka04_new.bmp,9e98d22e238f375fd7e42b94b4ca07d4e49efe33,9724c33d0b8a65b34d1aadf2c3a9944d0457150a,true,ps2 textures\opaque\bp_remade,true,true,5,remarci_4x,false,0,false
landgia01.bmp,12d4b3217c4b3dc893002226097b4f33d2828cfe,db16477a7741b7cc99856f1090bd56238740334c,true,ps2 textures\opaque\bp_remade,true,true,5,remarci_4x,false,0,false
littele_arrow.bmp,d5d4d6907019d80d9ee9aea4793b212693f3b2c0,e364207f18f2329add989fca5c279726993d0d43,true,ps2 textures\opaque\bp_remade,true,true,5,remarci_4x,false,0,false
littlejoe_tex.bmp,40bdd13565292c9c22e5d8fdeb07543d85385b40,d46fc51e4f8cdefda85b07a8244a77a6b1b937ca,true,ps2 textures\opaque\bp_remade,true,true,5,remarci_4x,false,0,false
littlejoe_tex02.bmp,fa5926f0e59e051143f2bee19d300fc69e9d5aab,154c7e48160be3a788234d4035717d1a366a29cd,true,ps2 textures\opaque\bp_remade,true,true,5,remarci_4x,false,0,false
m16a_kamo.bmp,f6b1c48e78d6faa282f7764b1bd34985f6728fa1,f1fd30d3715f100ac40debd64d49f9a202248653,true,ps2 textures\opaque\bp_remade,true,true,5,remarci_4x,false,0,false
m16a_sp.bmp,d425f037803b9bd0f908802afbcdaf48b473467a,a64cf9ceb54115baf1263418b5f2e33c775ee9d6,true,ps2 textures\opaque\bp_remade,true,true,5,remarci_4x,false,0,false
m3_a.bmp,bd50d80f77f5d6d2a7f71ddd0a1cbb66a63f5555,b0de058f5edef5bd4b80772a888d359283546061,true,ps2 textures\opaque\bp_remade,true,true,5,remarci_4x,false,0,false
m3_cover.bmp,50776f10f06cdaf7a83be475ffe18646e8bc7cd6,40c1ac1c1f717177668ebc29995cf4f3444757cd,true,ps2 textures\opaque\bp_remade,true,true,5,remarci_4x,false,0,false
m63_a.bmp,cc8294b5c9ad4358ffa7e147677a3aba1018b82d,cec6cb22f515b8c3a22a10196923e71e04b9061d,true,ps2 textures\opaque\bp_remade,true,true,5,remarci_4x,false,0,false
m63_amo.bmp,f4fca8484241fc60349e199e7ee13446075c8668,482c4f09d73291c0b2da7eadb56c07924a2e0164,true,ps2 textures\opaque\bp_remade,true,true,5,remarci_4x,false,0,false
m63_ring.bmp,be1222f34285ab51306e178e6735bf9db09a6e22,2450d70ddd988ae4330ec95558a6820efc014fdc,true,ps2 textures\opaque\bp_remade,true,true,5,remarci_4x,false,0,false
m_rocksfc_a07_rep.bmp,94ec3db08a7632a51669d8dfdb435891068158f2,c6903fdcb27146a90a12916e3f0d7288bf4a4e20,true,ps2 textures\opaque\bp_remade,true,true,5,remarci_4x,false,0,false
m_rocksfc_a08_rep.bmp,876e7dd7abc33148351b2e55f2e990a3fe181168,a0eaccedd9f69c316c447e76d9bf7ee8d448f5b7,true,ps2 textures\opaque\bp_remade,true,true,5,remarci_4x,false,0,false
m_rocksfc_a09_rep.bmp,39e4cddb81c17013115db06f74013ee79bd374af,b7ee11f6a4622b15ef09c015a5b939a7a8ff20ce,true,ps2 textures\opaque\bp_remade,true,true,5,remarci_4x,false,0,false
mafuler03.bmp,3998f65d2c55702e326bcb55c4baf8cafe65561b,795da4be68c2721c8a19b15c0e68ce5e836262a6,true,ps2 textures\opaque\bp_remade,true,true,5,remarci_4x,false,0,false
mark_base_tex.bmp,818ba7a2017837e80a9cfbea4288d39a4071669b,e619b93a3395211832613499d5c6663feac15dc2,true,ps2 textures\opaque\bp_remade,true,true,5,remarci_4x,false,0,false
mauser_b.bmp_f81d25d64cdd6de514a051d5c699c2dc,0d2d32b9e07c6412a1783142bfecb982b576ab58,d2edf6006956abf10dbf4a1d3c401c9d9f979a8f,true,ps2 textures\opaque\bp_remade,true,true,5,remarci_4x,false,0,false
maz_532_a.bmp,f20417e1e6a2e1d056c813876a472730b340e32b,e6353d994edd121af0437fcb5fb8032d4d55a37f,true,ps2 textures\opaque\bp_remade,true,true,5,remarci_4x,false,0,false
maz_532_b.bmp,8791f0a961c91688fc97f958e87562bb08e2c51d,b26632a1b476e1e8f570d719c4c0b7554d80f2cb,true,ps2 textures\opaque\bp_remade,true,true,5,remarci_4x,false,0,false
meater.bmp,b8f5cc06af752d347ad883b54d0a28acc225dcd9,bf168ccdc4cad1fc612288fe585893b1899ed906,true,ps2 textures\opaque\bp_remade,true,true,5,remarci_4x,false,0,false
med_arm_ws.bmp,a831009ad03c92ce985ad1d340873d50507983e9,fd4df44f58db3299e7c9937a2fcfb19c2596c99e,true,ps2 textures\opaque\bp_remade,true,true,5,remarci_4x,false,0,false
med_best.bmp,101aa9c64ee6d420ce5e68a7507bc770950181b6,62a02e5bc8256c7c5cdb4bdff7432aeb3be582ad,true,ps2 textures\opaque\bp_remade,true,true,5,remarci_4x,false,0,false
med_boots_himo_ovl_alp.bmp,c23d864df1047b7b0ccc4e13f237ada2ba11cfb0,b562dd2a75e119a34e67d2e209400ffc29789f94,true,ps2 textures\HAS ALPHA\bp_remade,false,true,5,remarci_4x,false,0,false
med_bottun_ovl_alp.bmp,5fdfc519336421659fc04109517b4fc840f07913,f496f91284d443da8c23e5d52e4fb3401011bed9,true,ps2 textures\HAS ALPHA\bp_remade,false,true,5,remarci_4x,false,0,false
med_bottun_suits_ovl_alp.bmp,eb8ba495e6207c7a1b3673e52460f78430b893df,6c55d933c7038fbea17520f2fbf0db8ed3bb2312,true,ps2 textures\HAS ALPHA\bp_remade,false,true,5,remarci_4x,false,0,false
med_coat.bmp,322cb5b2f5a9dd48f54a277ef94b009e2c7267ea,43a9337bd26aeb81d3f6f6b607960f7e14a47fc9,true,ps2 textures\opaque\bp_remade,true,true,5,remarci_4x,false,0,false
med_face.bmp,1b0e269fdc77f92b2e5e64b7f1e50586267727d5,d33d385272e7040d530fe2011396993bb993c245,true,ps2 textures\opaque\bp_remade,true,true,5,remarci_4x_extra_smooth,false,0,false
med_foot.bmp,f2c482bc3624af2031299f339c15e603f180508e,b2a3898f0011459b143ea9464a419f7519d1460a,true,ps2 textures\opaque\bp_remade,true,true,5,remarci_4x,false,0,false
med_hair.bmp,2843c4bd86029375e80b7b09c63c545ab24d0df9,d258bc814140ef82682c1943d2ee6d2060f52f11,true,ps2 textures\opaque\bp_remade,true,true,5,remarci_4x,false,0,false
med_hand.bmp,9aa0982418a249cab4a578a08a0b3fbed8d96580,c969328abd13b4ff19295eb86456df2077947725,true,ps2 textures\opaque\bp_remade,true,true,5,remarci_4x,false,0,false
med_heel.bmp,7d509c396265a6efc0a548c16609023e483d6bc6,31a638eec283e3eebc88b392a1d6f8374ed62e3c,true,ps2 textures\opaque\bp_remade,true,true,5,remarci_4x,false,0,false
med_idcard.bmp,b393eef2656499bc6f704b849796ed8f9ea51083,4e1afc785a3ede390cac494d2c4a2642b119457d,true,ps2 textures\opaque\bp_remade,true,true,5,remarci_4x,false,0,false
med_jipper.bmp,ebe05c0e58682da8b93d52e143fc231fe1e264c0,45d9a584f4f6348d3633cccd0b1b4de939b8927a,true,ps2 textures\opaque\bp_remade,true,true,5,remarci_4x,false,0,false
med_midle_hair_cal_ovl_alp.bmp,d3122a0f15240e9d6e1ff8b7c57691f6aa9a559b,0b58b80c9045b81a85e4ad068fe43982fe171e96,true,ps2 textures\HAS ALPHA\bp_remade,false,true,5,remarci_4x,false,0,false
med_skart_ws.bmp,636a765e9e76f7ffe7f0b97689a9764c47f52b45,e5c1ed67427d8d90c22590fca30f4a907349e546,true,ps2 textures\opaque\bp_remade,true,true,5,remarci_4x,false,0,false
meter.bmp,31fd8b65c5a27b2891cb17a91738725402f2ac21,d39d36b9054bc473b5cd118b1311d7b3208daac1,true,ps2 textures\opaque\bp_remade,true,true,5,remarci_4x,false,0,false
meter_a.bmp,adb8399e306ec948bbcf04cbf4015f220ce88080,876eef0e131a3e19d03eb17540b4f5d42f149d4a,true,ps2 textures\opaque\bp_remade,true,true,5,remarci_4x,false,0,false
meter_c.bmp,3783fbb37f69f43654eeb4c56e8a2ed351e2cf58,d756cb8d4d35eac240a5b21e2787be0f1ed22b3b,true,ps2 textures\opaque\bp_remade,true,true,5,remarci_4x,false,0,false
meter_d.bmp_49a3aa7abb453923c379ae155a4e54a3,7a782ac35f7a134a672fb2ac14a291cc50dcbb5a,e8a31c16a06b52ee7ce574fe0a467b3f4e3738de,true,ps2 textures\opaque\bp_remade,true,true,5,remarci_4x,false,0,false
mic_a.bmp,83d3c2d77a1c45aefee2295dc8e9335f15c538bd,20a3317e0094789b1d764a4956471dda03dafb69,true,ps2 textures\opaque\bp_remade,true,true,5,remarci_4x,false,0,false
mig_cock_front.bmp,eebecb1a4daca6c6ad2fc61be12f75bfecbb0f45,d7bbbb3a4eb40f139711f52cbe7aae0ec502d9b0,true,ps2 textures\opaque\bp_remade,true,true,5,remarci_4x,false,0,false
mk22.bmp,17fb792dc49b547378f8701b54b27f4f62fbe6a8,e3d1542bc61323be40a85f6742a6c621d9c605a9,true,ps2 textures\opaque\bp_remade,true,true,5,remarci_4x,false,0,false
mk22_amo.bmp,e11a9a871b954bf3ccf154c35cb29f9257169b71,9cea7b4482f47361019836c9712e0c4af37618be,true,ps2 textures\opaque\bp_remade,true,true,5,remarci_4x,false,0,false
mk22_sup.bmp,b18d3be58d1a9ee4dd12fb4465123d7085ca856b,5208a65ad13a8e7f2f226c0e2a8ffe2f6a6b2ef9,true,ps2 textures\opaque\bp_remade,true,true,5,remarci_4x,false,0,false
mk22_sup_a.bmp,4bad4fa83ad4818eee15ced4b77e9313c2b2da66,25cba6fafcdad76b57bc75bb6c95402cb3cb2ea8,true,ps2 textures\opaque\bp_remade,true,true,5,remarci_4x,false,0,false
mog_box_04.bmp,2ab0d36ab63385e0e107c9f8e81a1fa56aff6f2e,f1efbe516bddbd57cd67b32ed44bad6e69890ac9,true,ps2 textures\opaque\bp_remade,true,true,5,remarci_4x,false,0,false
mog_box_11_alp_ovl.bmp,81a5c28a4c4d88ea3690d59c174519a953372dd8,29fb28f985deec614e3526f1bf1cd929c7a2ac80,true,ps2 textures\HAS ALPHA\bp_remade,false,true,5,remarci_4x,false,0,false
mog_box_14.bmp,73e6de0245b3c78111d8c7e4410a93d0e571a0a3,8a4610ca022b47615a1ac950a95d3c18841517a8,true,ps2 textures\opaque\bp_remade,true,true,5,remarci_4x,false,0,false
mog_box_15.bmp,7add109340ba8aef498863bb3ec5990215d787f0,12c0336e6ca09d1ed214bee13f52eb41fa8741fe,true,ps2 textures\opaque\bp_remade,true,true,5,remarci_4x,false,0,false
mog_box_16.bmp,301e57fa7e90f51a5c53d71234ef2ea2d050fc6b,2dd4b90ad7c322612a769c193789c67f6a0bb002,true,ps2 textures\opaque\bp_remade,true,true,5,remarci_4x,false,0,false
mog_box_17.bmp,ef33ba393e0de28af4a3a15542618c3d61edfd6b,d8890e0696e761ec1f13cef3cf6a3caef3398f73,true,ps2 textures\opaque\bp_remade,true,true,5,remarci_4x,false,0,false
mog_box_rep_01.bmp,73ef0972c54a66745d4c51ff000752c59764a8f5,3d738ac91c11552a8218c9ed445814744d8cae12,true,ps2 textures\opaque\bp_remade,true,true,5,remarci_4x,false,0,false
mog_box_rep_02.bmp,11c9ef18fa6157e313e2c26f1a24b05a62416357,919b5b7da8865699252a9b02cdd6f34557ac3fea,true,ps2 textures\opaque\bp_remade,true,true,5,remarci_4x,false,0,false
mog_door_01.bmp,007634d4c98430dd9d8127be0ab72ae21817ed28,1e6886d7880611d971fbbc5c573f4ad204f2ae26,true,ps2 textures\opaque\bp_remade,true,true,5,remarci_4x,false,0,false
mog_door_04.bmp,7d8a4cfc1be3750b4a4387b5a40b65c01e850de8,adf0c3317b762b8e0952339131fa30e445119159,true,ps2 textures\opaque\bp_remade,true,true,5,remarci_4x,false,0,false
mog_floor_rep_04.bmp,0428bdf1b9ae6fa0454013bf1216c302a4399941,aba176248f4b5ebf723341dd42877549ddb55b6e,true,ps2 textures\opaque\bp_remade,true,true,5,remarci_4x,false,0,false
mog_floor_rep_13.bmp,047fcabc9acef7b577e8cce309340d27e709bd76,727bb218732b19aec99bcc032669db70a38b6d4c,true,ps2 textures\opaque\bp_remade,true,true,5,remarci_4x,false,0,false
mog_pillar_04.bmp,f3412fb569f2274e76a3aef1cd793636659ce98c,2a8b57bd3cb4316d2578b4f65150b894e5a2f555,true,ps2 textures\opaque\bp_remade,true,true,5,remarci_4x,false,0,false
mog_pillar_06.bmp,67fd25723b6fd8a72653fc62ad1076c1dadff9dc,d80057864536bd3e125c03f89ef468d99ebaf8e8,true,ps2 textures\opaque\bp_remade,true,true,5,remarci_4x,false,0,false
mog_pillar_08.bmp,6ad59dbfe962128a5c30e6e90d273632a7455607,baff19e2070f5ea33641cf037e360a1f80268e5c,true,ps2 textures\opaque\bp_remade,true,true,5,remarci_4x,false,0,false
mog_pillar_rep_02.bmp,f48850c6a2cdccc9c955a35c5792099b1c37fa9a,ef98a7e0d22aadf3f5e62e44109b875e5806517d,true,ps2 textures\opaque\bp_remade,true,true,5,remarci_4x,false,0,false
mog_rail_rep_02.bmp,93ecba3ede23a760a3b516aa725766cd2a9ce14e,1b62e7de72c61102c5fb53739a14aceb909c3a8a,true,ps2 textures\opaque\bp_remade,true,true,5,remarci_4x,false,0,false
mog_shago_base_01.bmp,ad03232e867bae73d412761b8b9fcc37a898ee12,02ebe2e89056e91a93f42e541a299c666a7a7233,true,ps2 textures\opaque\bp_remade,true,true,5,remarci_4x,false,0,false
mog_shago_base_rep_02.bmp,af98007baeed53a7276b3c98707601ef6cd37ea2,310fa525f41e44864c77990b4c62ec5c2f74011d,true,ps2 textures\opaque\bp_remade,true,true,5,remarci_4x,false,0,false
mog_step_02.bmp,72e98892a174eb8b70a99e2076185c2bc89baa5c,add35eb797bb34d498e77b4cc8826534afcaff7e,true,ps2 textures\opaque\bp_remade,true,true,5,remarci_4x,false,0,false
mog_wall_13.bmp_9ecb33588af54a5e16bdc5e694a5a3a3,66e10ea1153fb857b8cee9779ee50532a01bff7d,14841f5e75ba6e480316566e3331a5db7c7ccf3e,true,ps2 textures\opaque\bp_remade,true,true,5,remarci_4x,false,0,false
mog_wall_rep_01.bmp,27aeae388cd1e56ca9f8610f266c36a030b0ce15,97e2b193840864585ac3593797a0ce57dc202cd3,true,ps2 textures\opaque\bp_remade,true,true,5,remarci_4x,false,0,false
mog_wall_rep_04.bmp,1de0c52688cf2e5bb401eda2f294804a0c605d42,330994e9d03e12e46195530bce119739f33908eb,true,ps2 textures\opaque\bp_remade,true,true,5,remarci_4x,false,0,false
mog_wall_rep_08.bmp,66a06c2f8f7e508fa704e124a19581f6a0915105,bc92d5762e22d1f9b1acbbea276cba231f266889,true,ps2 textures\opaque\bp_remade,true,true,5,remarci_4x,false,0,false
mog_wall_rep_10.bmp,537f9bf91b0d21e5c4d2fe66c880fee5b8569dd4,6ff9cc7e1bb6ffeb81ab90e5c4f1f07f4bab8444,true,ps2 textures\opaque\bp_remade,true,true,5,remarci_4x,false,0,false
mog_wall_rep_13.bmp_c8d1251ac2253f04c5f11f8e7e244b6f,f02361d7318f99212d0e0a88b97a0e75c7e96c3d,e02b4ff5bec15310ac0118491c0286c6412d4b3b,true,ps2 textures\opaque\bp_remade,true,true,5,remarci_4x,false,0,false
mon_tex.bmp,5cec90f54f7a2796d743ef4da9c0c0573254f47c,641a4ddc186bb8cbcc0cff706bec4a363f8aa878,true,ps2 textures\opaque\bp_remade,true,true,5,remarci_4x,false,0,false
mos_body.bmp,30ec26f2414e6afc27ad339a8bab3bf4313667d5,daf7ab1cd5287514d300264eb98b418bc2b71eba,true,ps2 textures\opaque\bp_remade,true,true,5,remarci_4x,false,0,false
msn_ngn_b.bmp,1ab174396f2b3500cca84a061a7860900c2dac7a,5d0458a0cad02de5d61115e8702348f69b5f4d82,true,ps2 textures\opaque\bp_remade,true,true,5,remarci_4x,false,0,false
msn_ngn_d.bmp,3872e749bfb31de5cf9909907cb85f396aab14e5,a5bdddfa7268cc9654092d65989d63f21534eced,true,ps2 textures\opaque\bp_remade,true,true,5,remarci_4x,false,0,false
nidai01.bmp_b38628bdfca1ec9076183e4e264d3320,7c30e1029b6af8e64ed771f9353cd45d5aba6567,ffccdcc9de37245de82255689a0e5da50d7fe75d,true,ps2 textures\opaque\bp_remade,true,true,5,remarci_4x,false,0,false
nidai02.bmp_116814a37d65058a908206b425df176f,6d8cf946b9aad986f588d396ca78b1d668c24376,e36e95d82404455f4befb17c1d9e23bec125550c,true,ps2 textures\opaque\bp_remade,true,true,5,remarci_4x,false,0,false
number.bmp,d0cb16d16d2c02cf129434c53a044a7daf918460,fef66e52703c86cb89eb50f4dce363c13b080a03,true,ps2 textures\opaque\bp_remade,true,true,5,remarci_4x,false,0,false
obj279_body.bmp,2ec8ebfe971fb246ea3d58b1d568a0e38d7231ed,50d035c7fd2b78a5026408b5adfe2e48caa8deaf,true,ps2 textures\opaque\bp_remade,true,true,5,remarci_4x,false,0,false
obj279_caterpillar.bmp,41eb89c7f138e790259375abf4b2d42b5e23cef6,c429866327f6bc80975715d81cee1f9065440f70,true,ps2 textures\opaque\bp_remade,true,true,5,remarci_4x,false,0,false
obj279_test.bmp,672de97be1f359a9db4a5f30775a03bd0be805bc,419c349f3b66ef5f0f4159757d445ac5b994009c,true,ps2 textures\opaque\bp_remade,true,true,5,remarci_4x,false,0,false
oce_def_boots2.bmp,e3f0b76b22834e85567f989b92a26e905dc583b7,46890440ae912ffe4acd1962e59d49107e305f57,true,ps2 textures\opaque\bp_remade,true,true,5,remarci_4x,false,0,false
oce_def_face.bmp,7e106a58b1a042473fa3e786e1ff30867617bbe5,e6d3cfaaf8954d93f20a0bf6e85cdf1f38fdf6dc,true,ps2 textures\opaque\bp_remade,true,true,5,remarci_4x_extra_smooth,false,0,false
operation_room_a_alp_ovl.bmp,ec5cc86871270a9c41c69e586f963039b598b1f9,8b29988ecc7d41264b94ce205ac49f89e53a4085,true,ps2 textures\HAS ALPHA\bp_remade,false,true,5,remarci_4x,false,0,false
oum_allbody_col00.bmp,b7e29e29887b485c8daea9214a2ba1725c4c3da1,0d2a6058a13845fc4975cd6b86d0f7402f85e13e,true,ps2 textures\opaque\bp_remade,true,true,5,remarci_4x,false,0,false
oum_wing_out_alp_ovl_col.bmp,c80ee57176828acff311a4ea508a8228534b75d0,a6f456ac96594e3c4b814aaae7edc04f11a7059c,true,ps2 textures\HAS ALPHA\bp_remade,false,true,5,remarci_4x,false,0,false
pai_bridge_face.bmp,4d3c1f74623be7472ef56abd01a6742d2ad88657,b0255805c0fb4772e5f85067e4c007f2e06ff432,true,ps2 textures\opaque\bp_remade,true,true,5,remarci_4x_extra_smooth,false,0,false
pai_bridge_face_ovl_sub_alp.bmp,4f49edd3ba0ded2f6d5c702d8d416376b8459473,f483920004c805e45c8f9b4ecee20b41cb84efae,false,ps2 textures\HAS ALPHA\bp_remade\no_mip_fixes,false,true,5,remarci_4x,false,0,false
pai_def_body.bmp,b64c55cbd3a00454750d8de595c8a969407aaed3,f48d6d86875615bc0eacfd36cbcdd12da61f57b3,true,ps2 textures\opaque\bp_remade,true,true,5,remarci_4x,false,0,false
pai_def_boots.bmp,c0cfa6fa5ac469c5c2c3cf84533f6b1c82034c2e,1c89e8350a3535985f9e39023ce37c51558dc14b,true,ps2 textures\opaque\bp_remade,true,true,5,remarci_4x,false,0,false
pai_def_bp.bmp,c464c9bbcbe996baf206cf39d77f71d4b455b767,63e62f38bab8c9c5e6bd4470daa2d9a9ca89ac6b,true,ps2 textures\opaque\bp_remade,true,true,5,remarci_4x,false,0,false
pai_def_bp_belt.bmp,ad564d33a8058d575e332da9059709490daab5b9,9980e5e6cc9f22929b51ee96fc1de5085d546746,true,ps2 textures\opaque\bp_remade,true,true,5,remarci_4x,false,0,false
pai_def_bpstrap.bmp,c1ac4804da8c579e1f6258257cfcf3edc179284c,db63c88ba22e92edf8b8f81d86bbf19c7c1f3c02,true,ps2 textures\opaque\bp_remade,true,true,5,remarci_4x,false,0,false
pai_def_bug.bmp,50ce871d58fcc64d46ad4e0bdecd618e1f5d8e5e,639879b590bee6322da9cca0260faabdcd02d06e,true,ps2 textures\opaque\bp_remade,true,true,5,remarci_4x,false,0,false
pai_def_eye_hi.bmp,54f9ab4ace7969fba19867c4ba1c481a8a998e63,b9f337755fbdb2bf98af62c2ea31e6221f7c474b,true,ps2 textures\opaque\bp_remade,true,true,5,remarci_4x,false,0,false
pai_def_face.bmp,859f3311563aa63b7c8f7b114829bf39849bad4e,c7bbd9aee036c5c3edd24001cc05894c20caba12,true,ps2 textures\opaque\bp_remade,true,true,5,remarci_4x_extra_smooth,false,0,false
pai_def_face_ovl_sub_alp.bmp,e1e6e0e9c0d91f92a6205d1b4a34d9d70bcf3d3c,1253a5e9cbfda92556a123852569c1df50e5778b,false,ps2 textures\HAS ALPHA\bp_remade\no_mip_fixes,false,true,5,remarci_4x,false,0,false
pai_def_hand_hi.bmp,8fc54bd36086d7a8e8a7bcdb939181bc7661414e,cf9294527a521f88ff0f65e0c399d3a1be057ceb,true,ps2 textures\opaque\bp_remade,true,true,5,remarci_4x,false,0,false
pai_def_hand_low.bmp,fd044cbe1363a01556e97cb999cd531ee2ff6c94,98d076aade8b0652dbb06f8a4ba9eb2c5909f786,true,ps2 textures\opaque\bp_remade,true,true,5,remarci_4x,false,0,false
pai_def_mask.bmp,38a25ce759e2d2c950eb79b1cfa5f4310ef52059,9521dcf852387fa532a345e97d45e00a45a83c09,true,ps2 textures\opaque\bp_remade,true,true,5,remarci_4x,false,0,false
pai_def_mask_dmo.bmp,310de6d555482ca27c3f2c2328e1c71abffde9fc,0ed016654eb0d6d8e9c2d6613f2997857e79d1d9,true,ps2 textures\opaque\bp_remade,true,true,5,remarci_4x,false,0,false
pai_def_vest.bmp,002bfc0527947248072941169d2413033f0af1e6,2fdbd1919428609fad3872f61969830108c903bc,true,ps2 textures\opaque\bp_remade,true,true,5,remarci_4x,false,0,false
pai_ghost_eye.bmp,d2497a0a706d82b5bdd2dc067d5f91c4314e424b,3394315536f45a206c6ec4b1720c62e713b10ad0,true,ps2 textures\opaque\bp_remade,true,true,5,remarci_4x,false,0,false
pai_ghost_teeth.bmp,a8d30885ac8320adf41533fcc0c21fbea9c77b89,e76f3718d958480cb4fe439f6505e0fe43b53aef,true,ps2 textures\opaque\bp_remade,true,true,5,remarci_4x,false,0,false
pato.bmp,466c90b4add01165311f594e966339383b43e025,eb22ac8696b927cdd3ddff2b4b1e1fa52060be66,true,ps2 textures\opaque\bp_remade,true,true,5,remarci_4x,false,0,false
petalb_alp_ovl.bmp,bb0aa4e46fd6b98d4137cd060c82640ed81c68a7,8d74c89da4f0e94565523075f206f9a9cade4cf1,true,ps2 textures\HAS ALPHA\bp_remade,false,true,5,remarci_4x,false,0,false
picturel01.bmp,6622712d54cc0df09c39554711daf15ee852a9c6,2e79776a2eb875098df5d45cdc9c7d3a9a2f4bdb,true,ps2 textures\opaque\bp_remade,true,true,5,remarci_4x_extra_smooth,false,0,false
picturem00_alp_ovl.bmp,8dafca05a3aab8e7dbcb7b94ba30a0c76d69e796,5103a2889aae708ddfc49a3a6cd0b4643cf1fecf,true,ps2 textures\HAS ALPHA\bp_remade,false,true,5,remarci_4x_extra_smooth,false,0,false
potted_plant_00.bmp,68d3026d91c8d2be444f0a82592d1292af7e183b,30b4974dc6fe56bb0f937a14d23e0ff0efb511f7,true,ps2 textures\opaque\bp_remade,true,true,5,remarci_4x,false,0,false
potted_plant_02.bmp,df39088ec5277bf5535f94a27a5b26e0309679db,c5fd67712240c6ff6fbc7150fb728f28581fef8d,true,ps2 textures\opaque\bp_remade,true,true,5,remarci_4x,false,0,false
pre_boots.bmp,1b23c505f6a97b4b4e84bb41851fd23c86694172,7f9649f021ae77bdbb650a96e16967d4014b8fff,true,ps2 textures\opaque\bp_remade,true,true,5,remarci_4x,false,0,false
pre_bottun_suits_ovl_alp.bmp,a5ee3985e83126d17ac7a7376eb2c7ab3cfdd7b1,f7289d8d66b9c504541fdc63193265112ef48d95,true,ps2 textures\HAS ALPHA\bp_remade,false,true,5,remarci_4x,false,0,false
pre_eye.bmp,8aa8fadb712af4d85e3309cedc69dd1d85f4f727,cc74af3e2502a4a2b276f8081517e5fc1c02f70c,true,ps2 textures\opaque\bp_remade,true,true,5,remarci_4x,false,0,false
pre_face.bmp,b34b49c7e7fba22cc3020478cb7efccfbd800015,9717368dbd9792eba4b352a3c6a14a0857ada570,true,ps2 textures\opaque\bp_remade,true,true,5,remarci_4x_extra_smooth,false,0,false
pre_hand.bmp,25ead161c82dcf504fe1a57d75e61ff47e537a37,57aa75fb087ae9f255be88a1470cc19f88a5b5ce,true,ps2 textures\opaque\bp_remade,true,true,5,remarci_4x,false,0,false
pre_head_back.bmp,47991e389d43c76c37cad6db1e7c79057d8d8196,584568426576d7eda48dc5bbb7f4c9c4670f0694,true,ps2 textures\opaque\bp_remade,true,true,5,remarci_4x,false,0,false
pre_item_medal_body.bmp,55f70c050f4fb222e7267026e9658b0155ca0ac9,0ae3f7ac4ff1511ca4a9a00a78c55e746eb525a4,true,ps2 textures\opaque\bp_remade,true,true,5,remarci_4x,false,0,false
pre_item_medal_mod1120_ovl_alp_emap.bmp,5c340b2eac0dc8509558bdb3955572f91e6e6859,8509faaa11ed6e6cacafc0e7d3bb9b2d15e47d68,true,ps2 textures\opaque\bp_remade,true,true,5,remarci_4x,false,0,false
pre_shurts.bmp,5ff1e0078b6683220f4980282a7bb2091254d825,42a25f4dbeae6b54cd6558958680042298347eb7,true,ps2 textures\opaque\bp_remade,true,true,5,remarci_4x,false,0,false
pre_suits.bmp,f0c20277fb40bca9205cb93699902012f4d478ab,0831ef4eea39d13a4d4c810ba0fd10bc93723c4d,true,ps2 textures\opaque\bp_remade,true,true,5,remarci_4x,false,0,false
pre_tai.bmp,b40e959f5bc7b86c8550755da5822828ac3e1a68,8c911d53298fca0d7d4c3b487362ad667ca80ac1,true,ps2 textures\opaque\bp_remade,true,true,5,remarci_4x,false,0,false
pre_teeth.bmp,280b3b15338324707927a34348ead77740e4c47f,1966475ea8b64869b5fcd2a1ae16701ee40ed9b7,true,ps2 textures\opaque\bp_remade,true,true,5,remarci_4x,false,0,false
radi_break_bottan.bmp,e95a1b964e46e849eae0724a134dbcb0cb35f304,72529c00d23245e3db459e3b52bfa7e2d7d712ee,true,ps2 textures\opaque\bp_remade,true,true,5,remarci_4x,false,0,false
radi_break_ita.bmp,30a49874594775af9ddf7afd2ac72f50f827d1ef,3defc9a151011eeed3609db007c7ab1e88eedd91,true,ps2 textures\opaque\bp_remade,true,true,5,remarci_4x,false,0,false
radi_break_tetsu.bmp,c3990f5656630e5ba4ebf8c47b05620a70e0de7c,07719281c15e571d3afe12f52753020f92036f56,true,ps2 textures\opaque\bp_remade,true,true,5,remarci_4x,false,0,false
radio_4.bmp,e01ef25c3183734177582638259f472dcbdfc8eb,aaa82c5a162e5701903dce4fff7581ce4bdd6a42,true,ps2 textures\opaque\bp_remade,true,true,5,remarci_4x,false,0,false
radio_5.bmp,8509e2920ecfa4d544021d93cb7e9064d12e940f,6dfbebe018aa4cbc942e4c4015dcf82b8e611081,true,ps2 textures\opaque\bp_remade,true,true,5,remarci_4x,false,0,false
radio_end.bmp,bbe9baa87bf1ea99a151a31d3306dc53cdd46bfb,c605efca91eedd1b8c3bff457f0a4297d0980af5,true,ps2 textures\opaque\bp_remade,true,true,5,remarci_4x,false,0,false
radio_mark_ovl_alp.bmp,74826d8eb709372e1d5b151573c32ee2590c3f65,ea73d608bcc4d04ca5ac41c73deff3526ddfcea2,true,ps2 textures\HAS ALPHA\bp_remade,false,true,5,remarci_4x,false,0,false
radio_moji.bmp,b52e0d4b94b1f87ec26f21b24d7945632b93c493,4ae391862d8904825fa997cc3663cbbec8323ded,true,ps2 textures\opaque\bp_remade,true,true,5,remarci_4x,false,0,false
rattrap_tex.bmp,5cfed6afe81b51396607a51f84767243baa78c57,1c8c4cd19a6b7277395d010c802ca9d0c27c9396,true,ps2 textures\opaque\bp_remade,true,true,5,remarci_4x,false,0,false
reception_desk00.bmp,7dff65e452fe871c459bd7adeae008430cb43f70,7365bed2e5c7319dbd47573ccf748f66bac1a8f9,true,ps2 textures\opaque\bp_remade,true,true,5,remarci_4x,false,0,false
renjin01.bmp,5ec1f52c309310ac241d70943c327fededce745b,dc70f8f4c342b9a0db414403d91a46f596bce445,true,ps2 textures\opaque\bp_remade,true,true,5,remarci_4x,false,0,false
rfender01.bmp,fa937574d27daf210227e0e62ca7ef191a662810,99792e7d0a07884ed8b2fca59cce9d6d500b3e9c,true,ps2 textures\opaque\bp_remade,true,true,5,remarci_4x,false,0,false
rfender02.bmp,220fdf9397f76d598380fd6bdba10cedb5f4eb15,8960a5bcbe72ff83d12f86326dcd5be548fc63e5,true,ps2 textures\opaque\bp_remade,true,true,5,remarci_4x,false,0,false
rgd5_deto.bmp,f93b4aa71f9a9d45e32c3a4d309cb9f7b56631c9,989203be8bc8c92bd70f5f5ff435a87912d0bca9,true,ps2 textures\opaque\bp_remade,true,true,5,remarci_4x,false,0,false
rgd5_safe01.bmp,513e982099139b8c93209e7f0cb56e1ecfa82ff5,38af6a756f9ac287e7072131a1ab8ae3004fed89,true,ps2 textures\opaque\bp_remade,true,true,5,remarci_4x,false,0,false
rpg7_sco_tex.bmp,6845e5d9df9899262ba77c4fce15b2b8d91cb26e,3724340340a76560b116182acd41907cdc76a39c,true,ps2 textures\opaque\bp_remade,true,true,5,remarci_4x,false,0,false
rpg7_tex.bmp,ea16238919e02b1e891800f1004e5529aaa67823,7a144cdb308753b1eb33856f5c24a611d026606a,true,ps2 textures\opaque\bp_remade,true,true,5,remarci_4x,false,0,false
s001a_soil01_eld_ne_alp_ovl_rep.bmp,682306e249168d1361297af17b8b77a550aec08f,3d823ed75bf56c9c88c0bee55e50e93e64d71d9b,true,ps2 textures\opaque\bp_remade,true,true,5,remarci_4x,false,0,false
s001a_soil01_rep_mip8000.bmp,ae5435a205610c5550408bd661e28eac198d81e3,ae5435a205610c5550408bd661e28eac198d81e3,true,Self Remade\Finalized\DXT5\PS2 Source\bp_remade\2x,false,false,0,none,false,5,false
s001a_wall01_rep_mip8000.bmp,bb097328cf8615f15ccfb0751a33829cb0ea1639,8ce60630e14a41a43732871937d2434ceca770c4,true,ps2 textures\opaque\bp_remade,true,true,5,remarci_4x,false,0,false
s001a_wall_edge01_alp_ovl_rep.bmp,cfb681815c70d0d16db7c0aa1cd993ac115d84ff,3b4705fd966692c10cf604a3f79a7dbfabbf12fa,true,ps2 textures\HAS ALPHA\bp_remade,false,true,5,remarci_4x,false,0,false
s002a_rock_alp_ovl.bmp,82253a1a38ed4eafc16013692470919c553e8903,1518347582444807de362152d39cf30a31fedf00,true,ps2 textures\HAS ALPHA\bp_remade,false,true,5,remarci_4x,false,0,false
s002a_wall04_rep_mip8000.bmp,ef01699fb03d100a02b956fa7a55da8e599ba40d,9a1499029909d79de4b20cfa25b2e3f66c019341,true,ps2 textures\opaque\bp_remade,true,true,5,remarci_4x,false,0,false
s002a_wall_edge01_alp_ovl_rep.bmp,5ddbe01df6a1fa32d9941e206dd0ccb39aafa54c,e7148d7950ebb4b0b800b21ff6ae44ce5e4bf634,true,ps2 textures\HAS ALPHA\bp_remade,false,true,5,remarci_4x,false,0,false
s003a_flr_soil03_alp_ovl.bmp,9fcc0036a652275fa4ec58982c5bf4a99b0054d8,f1c2af62727ee3dec7851986fb20910f8a836692,true,ps2 textures\HAS ALPHA\bp_remade,false,true,5,remarci_4x,false,0,false
s003a_flr_swamp03_rep.bmp,b7b08291a7c8c03e98cb8585534da1e5ff95c7f7,1c1b19134f8d8848c52708a613a282195ecacd93,true,ps2 textures\opaque\bp_remade,true,true,5,remarci_4x,false,0,false
s003a_flr_swamp_edge01_alp_ovl.bmp,dbe0466396b7eee206133d174389ef666ff31ce7,647a9965ac6011b7ceba109296628a480663634e,true,ps2 textures\HAS ALPHA\bp_remade,false,true,5,remarci_4x,false,0,false
s003a_moss_mip8000_rep.bmp,e8fcfe084cb6b61ff074afca25a9467b75c59ffe,dbea4ec706831663c4895ea96407e679753e6b0b,true,ps2 textures\opaque\bp_remade,true,true,5,remarci_4x,false,0,false
s003a_pond_fader2_alp_ovl.bmp,6437ffb7e241e970498ced482bdd06fd5cd8f858,52e6c85ebb5f912c053fa0588d87f67490eab2ef,true,ps2 textures\HAS ALPHA\bp_remade,false,true,5,remarci_4x,false,0,false
s003a_rock_alp_ovl.bmp,0412941c23bd1af15f5a02fadd6021f059ac638f,87762d262f627de49d8c587e87c12d4006fbc816,true,ps2 textures\HAS ALPHA\bp_remade,false,true,5,remarci_4x,false,0,false
s003a_swamp_hl_alp_ovl_rep.bmp,6aeba79751da4a7e8fb151b37ea9f3a599661583,b0e3ca2bee165e857e8b4117f3b6c4a88d176f2b,true,ps2 textures\HAS ALPHA\bp_remade,false,true,5,remarci_4x,false,0,false
s003a_wall01_alp_ovl.bmp,791e07fceb16e94e07fbce203717ca6355b14025,64e56a5aba55a0eb0683bda710187fa9f62ed990,true,ps2 textures\HAS ALPHA\bp_remade,false,true,5,remarci_4x,false,0,false
s004a_flor_noise04_alp_ovl_rep.bmp,2a1aaedd481c5f1123b6afd2dbf389774e2e384b,6c52bb2cb398d73fac7dd0aac34a765761d860e3,true,ps2 textures\HAS ALPHA\bp_remade,false,true,5,remarci_4x,false,0,false
s004a_soil01_hl_rep_mip8000.bmp,6915e22226e93701484352aa7543aa887ba39040,adb1f758269eab0bf994d110cdcabb2544bbaf9d,true,ps2 textures\opaque\bp_remade,true,true,5,remarci_4x,false,0,false
s005a_bridge01.bmp,3aae0e21bfd3c2da89cc42edf5d06c0f2aaecb8b,3703577e2de69571acf0baaf2dec567d2d0729c1,true,ps2 textures\opaque\bp_remade,true,true,5,remarci_4x,false,0,false
s005a_flr_soil03_rep.bmp_c9e7b4d605431d5586888d2550feadd4,af017f94d1a32309746bf8321feab9ef4d6500e2,4023fa56558c0e6aaa181c17c1cdf280d013681f,true,ps2 textures\opaque\bp_remade,true,true,5,remarci_4x,false,0,false
s005a_flr_soil07_alp_ovl_rep.bmp,b5094a84360961ca055f0ef4724aef60f07b91e2,a27759bc30ba132591006724fff069c5973ef503,true,ps2 textures\HAS ALPHA\bp_remade,false,true,5,remarci_4x,false,0,false
s005a_rock01_rep_mip12000.bmp_68192261b987f8a27dfdba0187a7fc56,1db84eb1fbf4db77797a4173070672068e532cb2,e7679a4ede58c8a68e42b3d3c04d26dedca2bc79,true,ps2 textures\opaque\bp_remade,true,true,5,remarci_4x,false,0,false
s005a_rock04_rep.bmp,6b2d64fda034b5eba39df64fed6af5a0e54e2bba,f0e7c04c43c76bbbe7302e715fa9761891473106,true,ps2 textures\opaque\bp_remade,true,true,5,remarci_4x,false,0,false
s005a_susbridge_floor1.bmp,7c7f7a210b9f8889c5d5908c3011fe9d823b4481,fdb2be8cc5b549a44e22f88d7009f711d303942a,true,ps2 textures\opaque\bp_remade,true,true,5,remarci_4x,false,0,false
s006a_bombe1.bmp,740c8946e66c116dfa2a6b0b4520f75b066beb20,3f039f10aad12fbb1b5839a45f6dd66bf8e33a16,true,ps2 textures\opaque\bp_remade,true,true,5,remarci_4x,false,0,false
s006a_bombe2_top.bmp,7762bc18a8c25ee4bbb37f81105dd4878ec901e1,8b600f35ea7458d6098578305e5c90380c85bdb7,true,ps2 textures\opaque\bp_remade,true,true,5,remarci_4x,false,0,false
s006a_box1_s1.bmp,cafc18d3342ca1b662372e1825295ecc6a7b6d43,15008b69578b413d65dafec4442be6f54c775c6e,true,ps2 textures\opaque\bp_remade,true,true,5,remarci_4x,false,0,false
s006a_box1_s2.bmp,3449dec31989b9bc5641f5fbc731a388ad51def9,34324883b93818ec10c86f3f01a4827d40aecc35,true,ps2 textures\opaque\bp_remade,true,true,5,remarci_4x,false,0,false
s006a_box1_t1.bmp,0fedee567fe43d27b4e755aa5d4da1246cae35a2,cb87e1b24d0b06279f3d1a190ca3b28e930dcac3,true,ps2 textures\opaque\bp_remade,true,true,5,remarci_4x,false,0,false
s006a_brickwall1_brk1.bmp,88875ccee61b9966789945d6488da1ca66145bc2,d77ab2cb3743cbd920f3f2b77fc26d1a5a3ddb32,true,ps2 textures\opaque\bp_remade,true,true,5,remarci_4x,false,0,false
s006a_brickwall1_brk2_rep.bmp,97ed526edb6bd78b7c5add0f723c488dac3b171d,db05ca149e3b70cf6679abde1d41013b24a448e4,true,ps2 textures\opaque\bp_remade,true,true,5,remarci_4x,false,0,false
s006a_brickwall1_rep.bmp,a5899ae309fee75fee15c1c8e7ae4cfb363620b3,3db498f6b47a18ec3859275297a85956018b4f42,true,ps2 textures\opaque\bp_remade,true,true,5,remarci_4x,false,0,false
s006a_brickwall2_rep_v2.bmp,aab1c5f560d9905e24750e9839d0afc66ee627b7,1ff545d526e6acd828d568a9e44604565204c03a,true,ps2 textures\opaque\bp_remade,true,true,5,remarci_4x,false,0,false
s006a_conc01_rep.bmp,a37bc7f69c5defa132bd99152027868dfba4e652,b3e95e8c2f57d446dc1a5da01c514d0f88adef46,true,ps2 textures\opaque\bp_remade,true,true,5,remarci_4x,false,0,false
s006a_door1.bmp,a85a5e241a520fbabb63bbb742620fc50aeb7a29,80d568ed93b76f1d1335c26f1359a34684640151,true,ps2 textures\opaque\bp_remade,true,true,5,remarci_4x,false,0,false
s006a_dust1_alp_ovl.bmp,5304ab5b0972ef5d18398f211e34a1e14d8ed0ff,1c71c7ca5e1e831a9134a324fd46734f6f67e730,true,ps2 textures\HAS ALPHA\bp_remade,false,true,5,remarci_4x,false,0,false
s006a_fence_ami_alp_ovl_rep.bmp,a07ed7737b7b759158a156b5fde18e318df0a26e,e38400f870fd94f2ea17b98d5f5d4ad67c09b7f8,true,ps2 textures\HAS ALPHA\bp_remade,false,true,5,remarci_4x,false,0,false
s006a_happa05_alp_ovl_mip8000.bmp,6d5fef14e3b1761d7e5bf46ed3010c4d30be5af2,a52a2c7824fbc91917e6562d22d7fc16c29dd968,true,ps2 textures\HAS ALPHA\bp_remade,false,true,5,remarci_4x,false,0,false
s006a_hatch_frame1.bmp,b569a6657ae30d349874b3b295acdbefc08189b2,8baf12b4b43e09f852f48a0020624ca6a3c22a04,true,ps2 textures\opaque\bp_remade,true,true,5,remarci_4x,false,0,false
s006a_hatch_hinji_alp_ovl.bmp,9f8b41783a7170603e552fd87b9797fbef0819a8,6f97759a88204a18f06c7e7b31bfaf19e4c36c3b,true,ps2 textures\HAS ALPHA\bp_remade,false,true,5,remarci_4x,false,0,false
s006a_locker1_f_rep.bmp,ee45b7d4084dd0d04ec6f2a8232fc01c87e0327b,aea5b7bfe972963f3707ebc6f2111ece790639d7,true,ps2 textures\opaque\bp_remade,true,true,5,remarci_4x,false,0,false
s006a_locker1_s_rep.bmp,e2413075869a4e3858d22e183e0760e5890a0750,93c57419fc593d200d4800ec958fe936824878ba,true,ps2 textures\opaque\bp_remade,true,true,5,remarci_4x,false,0,false
s006a_machine1_front.bmp,5064a8435b16087c69d604980b1cb32a6bb34ecd,e7db0b2e065d8e033c3c7902e2fe814ce5c6fc21,true,ps2 textures\opaque\bp_remade,true,true,5,remarci_4x,false,0,false
s006a_rockwall1_rep.bmp,2a8dddab68576e71595285c49895ca8f1c0e0e21,049f825050bd1004715d7338e0bcabc81a351d11,true,ps2 textures\opaque\bp_remade,true,true,5,remarci_4x,false,0,false
s006a_sidetable_f.bmp,1994c04aad6e294cf9eef06bd7236f561e0c4dc7,5fcbb3379a9e903bd56938670bc713d605e6159b,true,ps2 textures\opaque\bp_remade,true,true,5,remarci_4x,false,0,false
s006a_soil01_hl_rep_mip8000.bmp,ed7984c014587190c7c3db6843507b7cf6726272,43370d44f3a989f04b7f49a9f27eabb9c32da33a,true,ps2 textures\opaque\bp_remade,true,true,5,remarci_4x,false,0,false
s006a_tall_locker1.bmp,462265bca639f4144904e3fdef9e6529ce21520b,d2e3add7b9483f4bf8fc0e3f64098911bc692e68,true,ps2 textures\opaque\bp_remade,true,true,5,remarci_4x,false,0,false
s006a_wfloor1_rep_mip4000.bmp,c8a33d99dca6feb50ca489cdf44a66dfa7f26e59,ad38a93253c8fad96cc7067237d6ee8a35fb9388,true,ps2 textures\opaque\bp_remade,true,true,5,remarci_4x,false,0,false
s012a_deadtree1_rep.bmp,943032787934d6d9b254d61e87967025b7fd9cda,3355f337f2ff44a2ea34bc2e8854d4a7c5b165b6,true,ps2 textures\opaque\bp_remade,true,true,5,remarci_4x,false,0,false
s021a_bbwire_rep_alp_ovl.bmp,6f140f1501fb9b24fa1a5ca73256f5593712efb3,c92440db9badba557eb32f182fe6da3c9b359c6c,true,ps2 textures\HAS ALPHA\bp_remade,false,true,5,remarci_4x,false,0,false
s021a_soil00_hl_rep_mip8000.bmp,4f07e945265c0fee19bb1a303b41de0021532f00,422473db8394e75b87e5f9ea33f7e235fe8bda9a,true,ps2 textures\opaque\bp_remade,true,true,5,remarci_4x,false,0,false
s021a_stfance01.bmp,ae204814d7e79df08480a5c54265934495b8c347,c7f717ca5c0f271336fb2e7348c2c207aae06d05,true,ps2 textures\opaque\bp_remade,true,true,5,remarci_4x,false,0,false
s021a_stfance01_side.bmp,5875318d1ced35d91824af5fa219a0a7da3f91d1,678088aabd5a7c99107b3ec4e441d5f874a0f210,true,ps2 textures\opaque\bp_remade,true,true,5,remarci_4x,false,0,false
s021a_wf_battery1.bmp,53166d078214b3f490fbfb3d85dd4a27cf3c6eb1,9f13b6fc847a4b7480846af7e34dc17fb586605d,true,ps2 textures\opaque\bp_remade,true,true,5,remarci_4x,false,0,false
s021a_wf_battery_cable_alp_ovl.bmp,4d9203bca6cffa5df0beed023957ea2dce672fbd,4e2cb82cb8856ac38404855e14e73300e4f05d1d,true,ps2 textures\HAS ALPHA\bp_remade,false,true,5,remarci_4x,false,0,false
s022a_ara_conk_rep.bmp,87293f70c6daba84ccbe53321692f7f6a9c8c5b7,44985a23cb5c9a227c0c12cf6e1be8b44e31e7a6,true,ps2 textures\opaque\bp_remade,true,true,5,remarci_4x,false,0,false
s022a_board_new.bmp,561314df2c7797cdfe3451a5937fe2e65cf2e01a,548902e459fc2a32613095251b05898eb8a6b139,true,ps2 textures\opaque\bp_remade,true,true,5,remarci_4x,false,0,false
s022a_fence01.bmp,1a7c7481b1e8450da84bb77b5b6271f8c2446c8d,2f120de654f8d5bfc86794ea93cde734e1718b72,true,ps2 textures\opaque\bp_remade,true,true,5,remarci_4x,false,0,false
s022a_fence_alp_ovl_rep_01.bmp,c4a32bd3429a8c26524b2048a198cb55ade52e3a,8faffde173e60234cdfd8da9ca9a43ebb6d60d86,true,ps2 textures\HAS ALPHA\bp_remade,false,true,5,remarci_4x,false,0,false
s022a_flr_soil_rep02.bmp,01ea91161067e792996a4357ba05379c75863d0e,c43e6d23b8e1a7778c8814622ac8b85fa03fb0dc,true,ps2 textures\opaque\bp_remade,true,true,5,remarci_4x,false,0,false
s022a_flr_soil_rep_new.bmp,10e8816b6318e0fd08fbf2623fbf88f9b6e2a3df,8b84c5d4b4dd840c28b82fdd043cf0d30190d5d1,true,ps2 textures\opaque\bp_remade,true,true,5,remarci_4x,false,0,false
s022a_flr_soil_rep_new1.bmp,9a4225f73a1748212a6bdab1ad2711cb10b6d7b3,d51d7b4264a12eb912272759fbb26d66a373dce1,true,ps2 textures\opaque\bp_remade,true,true,5,remarci_4x,false,0,false
s022a_obj_03.bmp,d8c6cd11c257590326ed7108b41c8a3ce0bb487e,3fb246a6067e2e317841d8132262bcabd105b180,true,ps2 textures\opaque\bp_remade,true,true,5,remarci_4x,false,0,false
s022a_pipe_rep01.bmp,2f78b4e679eee029c97ad5ef5d11493d06feecce,6d4ceb1b212cfe0a85061454c321ee063606898d,true,ps2 textures\opaque\bp_remade,true,true,5,remarci_4x,false,0,false
s022a_stfance_rep_02.bmp,1ce5554f5078906d7a38e8e4968b9aff7299961e,15101eb2629b1b859ffe522f6631ae2c692cac05,true,ps2 textures\opaque\bp_remade,true,true,5,remarci_4x,false,0,false
s022a_wall_rep05.bmp,cdaf458ba38221b1d3936fa7be16cc13dcba428a,be3347b1fc1ac6e170c77bff1610573bbdf3096b,true,ps2 textures\opaque\bp_remade,true,true,5,remarci_4x,false,0,false
s022a_wall_rep06.bmp,46be6a89b89521acc09d97d798d6b2a5011ebb7f,6d425697781105eed30de6f71130a49bd3a37820,true,ps2 textures\opaque\bp_remade,true,true,5,remarci_4x,false,0,false
s033a_koke_03_alp_ovl_rep.bmp,8dce01235e55154f6afb346608c6b960fb0b66aa,2b29b37083359f2e178ba5275dbebd58337b7403,true,ps2 textures\HAS ALPHA\bp_remade,false,true,5,remarci_4x,false,0,false
s041a_wall01_alp_ovl_rep.bmp,ac5d06681df4b45f2b4e6083b015121e4ae5213b,957a6d1bdca7d79a1dd19ab7375a177d6d77e4d7,true,ps2 textures\HAS ALPHA\bp_remade,false,true,5,remarci_4x,false,0,false
s042a_armory_caution00_alp_ovl.bmp,6936ec8a03d241beee288a50e995bfd51a46e811,62effa505e948b8da4ad37ece602104cd79866e6,true,ps2 textures\HAS ALPHA\bp_remade,false,true,5,remarci_4x,false,0,false
s042a_fl04a.bmp,7fe380b9d859b57a7fa913bcc74961364f6bfbb3,fbd08645fa068ba7c285405d7d5d2a6163c1c4c4,true,ps2 textures\opaque\bp_remade,true,true,5,remarci_4x,false,0,false
s042a_fl04b.bmp,b3cfc3da4ab2dc221b2a90978072667ea7e25684,9ff46baed3b47f68571bb337f81b92808b73c76c,true,ps2 textures\opaque\bp_remade,true,true,5,remarci_4x,false,0,false
s042a_ladder00.bmp,62c19143582e4a40b71dfa61ee5a6017caac21b0,90689d04fbb68470aa5c5b13edeba7a32276c18c,true,ps2 textures\opaque\bp_remade,true,true,5,remarci_4x,false,0,false
s042a_ladder01.bmp,d58dd5f29efe6c231d3cf4ad0951d0bf8c6098e2,10396b61c2006a1ff532b54a58d66b7fe793e27d,true,ps2 textures\opaque\bp_remade,true,true,5,remarci_4x,false,0,false
s042a_rubble00_alp_ovl.bmp,c473641f1b88a7cba37b68455b216d02570049f1,04e0e8c1adc8e82688da81c762359164db780da5,true,ps2 textures\HAS ALPHA\bp_remade,false,true,5,remarci_4x,false,0,false
s042a_wall01a.bmp,711d4c10bb53e1fbc0f7921ffe19f819a5b147d5,9d8f0c956884aa9b9d1b65636fb474639e7840f9,true,ps2 textures\opaque\bp_remade,true,true,5,remarci_4x,false,0,false
s042a_wall01a2.bmp,ea8549cf5bd39c1150fa75b8677bf3877d20239d,d02fff178949856b47770192d23dbd14ec52910f,true,ps2 textures\opaque\bp_remade,true,true,5,remarci_4x,false,0,false
s043a_box00a.bmp,118fedc0524cc5a19ba1b7a830adb4a53bdd0688,eaf0cd26938437c2cf09e82ee295563aec7ee355,true,ps2 textures\opaque\bp_remade,true,true,5,remarci_4x,false,0,false
s043a_box00b.bmp,8f527a124a9f9f85ca7fcbcc30764b062f939473,9fbb70d7ddd5ee66fbc7764d8e265cb08bfb9999,true,ps2 textures\opaque\bp_remade,true,true,5,remarci_4x,false,0,false
s043a_box00c.bmp,eb2fc0ba048aa8ebf0b67e1058a78ba26049fe36,bf2605f3af97494c6047180a0809394974f6cf8d,true,ps2 textures\opaque\bp_remade,true,true,5,remarci_4x,false,0,false
s043a_bridgefl02b.bmp,2a2f3f84a5f065671a5c30bcbfb15321fa3da591,4f43ffde8b4def7221b45a63b67db2343bda4852,true,ps2 textures\opaque\bp_remade,true,true,5,remarci_4x,false,0,false
s043a_bridgefl03b.bmp,3c1709a12116d28993398aa82aa824dde59c2036,c08336f0100152cfcaa7c66e2c85b6bbe7ada054,true,ps2 textures\opaque\bp_remade,true,true,5,remarci_4x,false,0,false
s043a_fl01_rep.bmp,8830abeb20f0f240fb21866a9b0b6c7ac2f0505a,4e5db407d62ff675e6a28ed9bdb41a3e249664a7,true,ps2 textures\opaque\bp_remade,true,true,5,remarci_4x,false,0,false
s043a_fl05.bmp,684695c8278c152a3bca1bfcf60074fdfd46f5af,aa4a8510d4919bcfcfcdd2f1051a9a44b67172dc,true,ps2 textures\opaque\bp_remade,true,true,5,remarci_4x,false,0,false
s043a_gate00b.bmp,80d12611514589d5bab2894b2083855cda349ae7,373ba8922601a12384bd5097772b194c3409c110,true,ps2 textures\opaque\bp_remade,true,true,5,remarci_4x,false,0,false
s043a_underwall01a.bmp,700ea1d88ee7f2e16f8c84d5e844534eea7e1d1a,f60077f6547446eae21e637265e944a120bb768a,true,ps2 textures\opaque\bp_remade,true,true,5,remarci_4x,false,0,false
s043a_underwall01b_rep.bmp,934de26bb93e19ad89d604c6744650a037a643ac,f1d64e618c447793be872bf209df4babb0642535,true,ps2 textures\opaque\bp_remade,true,true,5,remarci_4x,false,0,false
s043a_wall01a.bmp,5703f83a82f9e3e75b78c032f7a37b580668ff03,77bb71a6626092dd028a60a51db80e980e10bf85,true,ps2 textures\opaque\bp_remade,true,true,5,remarci_4x,false,0,false
s043a_wall01d.bmp,e5ba632d665dec94f522937c5e061e70c28bf547,dc8f12d2b26749acb78bda7210f0dc7ef6f47e9f,true,ps2 textures\opaque\bp_remade,true,true,5,remarci_4x,false,0,false
s043a_wall01d2.bmp,70831371f38fc374b1d0afbfdc2feeee88f0fe2d,74ce54dd4736e04824376a0959615a26847ef1e5,true,ps2 textures\opaque\bp_remade,true,true,5,remarci_4x,false,0,false
s043a_wall02b.bmp,cc07fdb2f0141d759705a33013bfca720887bfae,ae01c5b0d482540839de31c17eff500451878db3,true,ps2 textures\opaque\bp_remade,true,true,5,remarci_4x,false,0,false
s043a_wallbrk02.bmp,f342e2689ed6af0f6fe5a11c76f59f340b35b970,6b56110d85dd46c6f84cd10d4b6610577c3542c4,true,ps2 textures\opaque\bp_remade,true,true,5,remarci_4x,false,0,false
s044a_door00.bmp,f62b25cc23ed4ac3a0a1bd77d5088ad1065a0811,539cc5d2c86cd886d537fe8173763c6b194ac91e,true,ps2 textures\opaque\bp_remade,true,true,5,remarci_4x,false,0,false
s044a_drwall00b.bmp,b225c69d668e2d8551c638573c61f6793d065d29,6c2355da2e3552c9e70de8e9a3e3acc17eaa14f1,true,ps2 textures\opaque\bp_remade,true,true,5,remarci_4x,false,0,false
s044a_drwall00c.bmp,6f60eedb6bcfb9cbf101ef9b6c8ba8334b40b29f,430f431301ba86d4a77e0e7437c34606e592a14d,true,ps2 textures\opaque\bp_remade,true,true,5,remarci_4x,false,0,false
s044a_elv_door00.bmp,29594ab846de63ec78bbbca876ddffee0da1d542,c7494eca6d007c0c48a94b316ec8c4ccfd3d2996,true,ps2 textures\opaque\bp_remade,true,true,5,remarci_4x,false,0,false
s044a_elv_panel00.bmp,95b875b83bc3e2d04cb364d8f335c28e68a0b2db,5887c63671a064475d72f030b6c3e6c5b4979809,true,ps2 textures\opaque\bp_remade,true,true,5,remarci_4x,false,0,false
s044a_fl03_rep.bmp,a05f3ef52077ef4fb854c2003f7de7c89cc63e46,393988d472798cc1126d629249b2b46962786ce2,true,ps2 textures\opaque\bp_remade,true,true,5,remarci_4x,false,0,false
s044a_fl05_alp_ovl.bmp,e4626c6415f35825dfe037995912e1ff7c29a44c,50faff5ba7bfd1a7e73c1edc2635c2bcf28d196a,true,ps2 textures\HAS ALPHA\bp_remade,false,true,5,remarci_4x,false,0,false
s044a_flpnl00a.bmp,2d21b8ead2472fbef836a0fc66982d41a3931035,705be48cba7a172be0e06d014a2801bd1866a932,true,ps2 textures\opaque\bp_remade,true,true,5,remarci_4x,false,0,false
s044a_flrusty01_alp_ovl.bmp,c3086428013c56e67c8d6b24c17ecae0b539d59f,591443d76c50f982a12548e23cfa25983afcf85a,true,ps2 textures\HAS ALPHA\bp_remade,false,true,5,remarci_4x,false,0,false
s044a_gate00.bmp,0544608f0d98c6e166848ef4bf356ae99051504c,127818f94cab0e6b9cd0c882a1d0a9e192453242,true,ps2 textures\opaque\bp_remade,true,true,5,remarci_4x,false,0,false
s044a_maa01_01.bmp,a98518954801af2f8597659e0be7cfd16f5995d6,a890c0cc952fd24ae8e66b30cdc077148e1731f1,true,ps2 textures\opaque\bp_remade,true,true,5,remarci_4x,false,0,false
s044a_maa01_02.bmp,a4755ebbda97c98c36068a299baac0b22212f0f9,78e3bc1dbc9abb196c5df348de9941c9a693012e,true,ps2 textures\opaque\bp_remade,true,true,5,remarci_4x,false,0,false
s044a_maa01_03.bmp,bb023a7ca999e2c86f70a5c7bb5d33a485a7b562,fe7be8a70f6a3598c8f9f18a5c7062d50efa3fef,true,ps2 textures\opaque\bp_remade,true,true,5,remarci_4x,false,0,false
s044a_roof00a.bmp,71fc4bac0340ac4b82a13004b4519b8a56ff600e,3538fa2dff4d0cbf1b326bb50d897d66053925a2,true,ps2 textures\opaque\bp_remade,true,true,5,remarci_4x,false,0,false
s044a_step01a.bmp,9208c8da2e1fad3ca4c99b2d5a70515d54c03213,5c6bceb5959674cfd0c281fe685fd4c5be125807,true,ps2 textures\opaque\bp_remade,true,true,5,remarci_4x,false,0,false
s044a_step01b.bmp,a968ab12e2eab99fb7e2317f0573a185241c1689,8ac7412dc24a010e44ff0a289231faa076f02710,true,ps2 textures\opaque\bp_remade,true,true,5,remarci_4x,false,0,false
s044a_wall01_rep.bmp,b3c5eee84cae0a6ed86f12a08149f1d3474227df,8f21ad048d8a5c227fa5b99e1b9523cda92e4039,true,ps2 textures\opaque\bp_remade,true,true,5,remarci_4x,false,0,false
s044a_wall02_rep.bmp,336382e6b9f6b5332debb9545266229f4e84e7f3,a0f9b6170167881e7bd9afe125fa0f0d3fb4f8d0,true,ps2 textures\opaque\bp_remade,true,true,5,remarci_4x,false,0,false
s044a_wall03a_rep.bmp,ec04962c785b41422c43e931160d2cba0489769a,b233f792025a38708b42219d49eeb4c0d6a0058c,true,ps2 textures\opaque\bp_remade,true,true,5,remarci_4x,false,0,false
s044a_wall03b_rep.bmp,6b176eb1e2e9f4bb5a2bf2c2f710346cd346a2ec,b525321da22b12ba19fe50d0bfdf38970c78921b,true,ps2 textures\opaque\bp_remade,true,true,5,remarci_4x,false,0,false
s044a_wall03c_rep.bmp,2779773e2ab11a1ae1df56ae969fac3afb882d3c,0914deaf6d9661e87973699df3eeb79f77e6c724,true,ps2 textures\opaque\bp_remade,true,true,5,remarci_4x,false,0,false
s044a_wallobj00_alp_ovl.bmp,51388a40ed51d08826d63032c74bb003608caaab,e60965eccae7078c7a06aac20d7e62bc3923ca47,true,ps2 textures\HAS ALPHA\bp_remade,false,true,5,remarci_4x,false,0,false
s044a_wallrusty01_alp_ovl.bmp,d11db9aea4750758e8b813badca76fdd852f3bfe,33f92aba25b01becee6f391c7eab4f890f107f36,true,ps2 textures\HAS ALPHA\bp_remade,false,true,5,remarci_4x,false,0,false
s045a_fence_a_alp_ovl_new.bmp,3ca080608c8ac9c4eaa7386739e768c7bf3fd144,d08f5d67e520054561e31ba5d5724e6ff37ff7d1,true,ps2 textures\HAS ALPHA\bp_remade,false,true,5,remarci_4x,false,0,false
s045a_wall_a_pillar_new.bmp,0f9630f5a39a4c2540bb5cc04263ad3de74356e6,667c7af7aee5c7e0cb98dbb2d1d596c358d0fc51,true,ps2 textures\opaque\bp_remade,true,true,5,remarci_4x,false,0,false
s051a_44wall01b.bmp,0552f87688a6c92e38b1c25875f63347fe42451e,383b8149a9bed0e82afc21eed39bccb2c399de79,true,ps2 textures\opaque\bp_remade,true,true,5,remarci_4x,false,0,false
s051a_jimen_a01_rep.bmp_a29eacb6af2fb4c008aac3603e46039a,0cc4fd380b6f6d427d0831a804d96850b3fcb17a,03fbc70e0b16580726354dddd23077059c799d1f,true,ps2 textures\opaque\bp_remade,true,true,5,remarci_4x,false,0,false
s051a_rock_rep01.bmp,9f12bf1328fb54ef17b07d921fe0369397f67ec8,32c04fa35ae1a6b23cb9175a0dc997334a614e0d,true,ps2 textures\opaque\bp_remade,true,true,5,remarci_4x,false,0,false
s052a_box_01.bmp,23843c67148ee2bebb0431864b24fa6320a493f8,f594426ef129697362318d6a03c439f67d319d9b,true,ps2 textures\opaque\bp_remade,true,true,5,remarci_4x,false,0,false
s052a_door_light_02.bmp,6c0ae01b5f920524502ab8174d60e7b6bb6d1eac,cd82d2c5a32d3fc4f13ac9af1b3164a2cf2a9cc5,true,ps2 textures\opaque\bp_remade,true,true,5,remarci_4x,false,0,false
s052a_door_light_03.bmp,1627b8e4df787e64009685b170bb6326dffccb3c,08d892a649d8b4fa905a9964e32ca762eaeca628,true,ps2 textures\opaque\bp_remade,true,true,5,remarci_4x,false,0,false
s052a_door_wood_01.bmp,d521f4a6e62d114a87465615f01e642331dc8b82,ef60cb395ff5b5516cac6b2e3a260fde22881bba,true,ps2 textures\opaque\bp_remade,true,true,5,remarci_4x,false,0,false
s052a_door_wood_01.bmp_89397a37640b16463974121866f9728f,2d9fa82586ba00854802ddcf67ec7ad7e6c44808,f63e4968642bbf1c7d210a46c5a7dde9740866cb,true,ps2 textures\opaque\bp_remade,true,true,5,remarci_4x,false,0,false
s052a_ent_conc_02_rep.bmp,0319beb3e8b590a327e0a3d95676e1c9f6cebad5,508d1bce02f506f38a83885401d99505156935c1,true,ps2 textures\opaque\bp_remade,true,true,5,remarci_4x,false,0,false
s052a_ent_deco_01_alp_ovl.bmp,b32b6338dcc02e6d0ee469f896e32cf050601fa0,3a83299ae27deeb5ac9279bbecf083e46dd86fa1,true,ps2 textures\HAS ALPHA\bp_remade,false,true,5,remarci_4x,false,0,false
s052a_ent_floor_01_rep.bmp,9228f8840fba56513180f3bfeb69cc7b0adbea65,1dfa7c29cd1b03619d1b3e6d39d866f1c0d52f82,true,ps2 textures\opaque\bp_remade,true,true,5,remarci_4x,false,0,false
s052a_ent_floor_02_rep.bmp,4187861bba42994fc366efa716d1ad0f2971c38a,2a9335900a36bf4055b77cf58ca6b9e62ede47a9,true,ps2 textures\opaque\bp_remade,true,true,5,remarci_4x,false,0,false
s052a_ent_floor_03.bmp,2dc5a89a58926efe180274deca904eb1282c3496,743f2ba9529b6be0d01d5acd6567729fa8564f0c,true,ps2 textures\opaque\bp_remade,true,true,5,remarci_4x,false,0,false
s052a_ent_mat_01_alp_ovl.bmp,31f342db70e2966f0254b02212d58d259ecc816b,a325cdaf13e13f6248e8579e70caf0d266400678,true,ps2 textures\HAS ALPHA\bp_remade,false,true,5,remarci_4x,false,0,false
s052a_ent_mat_02_alp_ovl.bmp,9883c85bea5e0b6bcad909ca8e2647f13829c50c,94d977999722a3bf1cf93b116e12e8a41f92bf81,true,ps2 textures\HAS ALPHA\bp_remade,false,true,5,remarci_4x,false,0,false
s052a_gate_door_04mk_alp_ovl.bmp,7b57920bfa4ff3e55f0ada8f6d0c7b61fe2a1db7,0f784f25e6cf211edb9454554993539828cbe70e,true,ps2 textures\HAS ALPHA\bp_remade,false,true,5,remarci_4x,false,0,false
s052a_hashira_01.bmp,ccacf9f3f451c89f160ff77889cf385a2e03518a,93cdfec4a38eb9b5171b6bdd2e67f0c585ba56c7,true,ps2 textures\opaque\bp_remade,true,true,5,remarci_4x,false,0,false
s052a_hashira_02.bmp,91786b849c603b489d57226a04796eb045b8b5f7,19bdb40b886feeaa8b009e6a9786f7be18e7d8d7,true,ps2 textures\opaque\bp_remade,true,true,5,remarci_4x,false,0,false
s052a_hashira_03.bmp,dbc41f3f33e165bcbd0a8f2d5e95be5f332e7ae3,3d04021e11ef19a57d712728360c35d5da418e73,true,ps2 textures\opaque\bp_remade,true,true,5,remarci_4x,false,0,false
s052a_jimen_deco_rep.bmp,08f8658878b5422d7c61d6ea5aebcc17c6506415,12c1fe7b77d7bb241316a0d14158ce1992cb6376,true,ps2 textures\opaque\bp_remade,true,true,5,remarci_4x,false,0,false
s052a_kadan_01.bmp,b219a99bd35e65fc8cf6d4a83b8999f9fdcba053,1a8462f7902ab00aa62631abb3d2b1b8b2485d6d,true,ps2 textures\opaque\bp_remade,true,true,5,remarci_4x,false,0,false
s052a_noon_ent_kage_02_alp_ovl.bmp,1f8304af80ee1ee843dc1fc09774a2f6336a62c5,9297344fd873cc0339a5a58b59953f0cde1b5cba,true,ps2 textures\HAS ALPHA\bp_remade,false,false,0,none,false,5,false
s052a_noon_ent_roof_rep.bmp,e3ca9ca29b71601faa351697cf9a097a59a5aa7d,8f255c4cccab30f26c44277838e515d60bc8dfed,true,ps2 textures\opaque\bp_remade,true,true,5,remarci_4x,false,0,false
s052a_renga_wall_01_rep.bmp,0d56d59915cc294807e3a872034b43fec7aa6c3e,f7ce0ba6cabe2716b794e8c47326986cba7c18f3,true,ps2 textures\opaque\bp_remade,true,true,5,remarci_4x,false,0,false
s052a_renga_wall_02_rep.bmp,b463e4e78a705ac7d81eb2f8a70b79f4a6d87c9f,b00cfc4c2c2570d1b7a91dacfeaea4c29efbdc1e,true,ps2 textures\opaque\bp_remade,true,true,5,remarci_4x,false,0,false
s052a_streetlight_03.bmp,da42c1747748d4651ef92413aade8eabc5c281f4,5af8b5328bc6dc273c009e3a53c8b45caa5a4264,true,ps2 textures\opaque\bp_remade,true,true,5,remarci_4x,false,0,false
s052a_streetlight_05.bmp,a4dafe6bc119282c660682c8629e5dea9a3e8c92,45d828f5b2b5f6dc7624b31a51e2df0c9851a284,true,ps2 textures\opaque\bp_remade,true,true,5,remarci_4x,false,0,false
s052a_tile_floor_01_rep.bmp,3e4c9b21c7830299808f4d9163d0cfc6cf77afda,37b317c8ca4fa4b61f84d35be550fd85f43627af,true,ps2 textures\opaque\bp_remade,true,true,5,remarci_4x,false,0,false
s052a_wall01.bmp,4ad7c17b7b86b8a09395a852e074b3c880a921a3,d99252468eb0922bf144b13e299ff07a72f4ad1d,true,ps2 textures\opaque\bp_remade,true,true,5,remarci_4x,false,0,false
s052a_wall02.bmp,a5523cfc124a096cc834be37f3140ea0d9e84559,cfdb15bad08cbfed59c0e36c1731a83cf2812ab7,true,ps2 textures\opaque\bp_remade,true,true,5,remarci_4x,false,0,false
s052a_windw_sita_01.bmp,367645eadfb717c953b2c71939d0ecb9c8819baf,121504d20ed2ef323d77f4bc89e30a0bc2e2b5c1,true,ps2 textures\opaque\bp_remade,true,true,5,remarci_4x,false,0,false
s053a_bookstop.bmp_39c48569f059746c2629fdd82139863e,0373f817736a04ca1f0f394a878d291ffbfcd5d5,650646d9caca4cca971f6497d4cdd080fa1f5a92,true,ps2 textures\opaque\bp_remade,true,true,5,remarci_4x,false,0,false
s053a_boxa00.bmp,117c3177ab74ba7d4b7de8e8720131361fd4eca6,e2956b86b3defc9aaa825846cd59e2088083a400,true,ps2 textures\opaque\bp_remade,true,true,5,remarci_4x,false,0,false
s053a_carpet00.bmp,a675bae8a0502e85caee80161c882e2941359883,42637886fe2e5676423c2bb572d0ec78b2d774b0,true,ps2 textures\opaque\bp_remade,true,true,5,remarci_4x,false,0,false
s053a_case00.bmp_577fc47da881b28a88dcea0b580d8a7e,da54cde7ec73e72218fc0f0396009aa94b04fe50,62d9455d3065e1331b9e0fb139174c0e76ca2985,true,ps2 textures\opaque\bp_remade,true,true,5,remarci_4x,false,0,false
s053a_comp_c00.bmp,c0eeb6984e0b34c09e1ba8bc68eae54be6858346,455e1bd23daee6398d8bd1dee295b2db35d9850d,true,ps2 textures\opaque\bp_remade,true,true,5,remarci_4x,false,0,false
s053a_curtain_a00.bmp,5ea73e9d74f0386aa5c40ed3120d301aec8e7ae2,16cb378685060147f611c5f1125913a08b089035,true,ps2 textures\opaque\bp_remade,true,true,5,remarci_4x,false,0,false
s053a_curtain_b01.bmp_72e3ddebb0af1ad3cc60e0cce2d72e12,d6900eae40eb7c124bf6cfaeb796dab7275d7abd,fa89192a3bb2b9bb1948294f1b7797caf921fa24,true,ps2 textures\opaque\bp_remade,true,true,5,remarci_4x,false,0,false
s053a_door_b00.bmp_ac9b2f2a3c8818e577edc950d7cf0a32,8896f7ceea36ee849427b3a3bd68d37097a97a1c,e5b6d769905335c8c1e7c674b252e38cf2866661,true,ps2 textures\opaque\bp_remade,true,true,5,remarci_4x,false,0,false
s053a_duct_00_rep.bmp,67a9057ea2fbc1773fd526634c0e6abd6c9ae652,992079fbbf4d0a06eb0575161c330f0adcd102e9,true,ps2 textures\opaque\bp_remade,true,true,5,remarci_4x,false,0,false
s053a_floor_b00.bmp_ba9902d7ff252f85633820cfa379a97d,60521690a9ac8fdf3a488e06c47b8a5d5cd019b7,b6b0715b5ab71f1e482097de419b4750f0421c16,true,ps2 textures\opaque\bp_remade,true,true,5,remarci_4x,false,0,false
s053a_floor_c00.bmp,64a3f6a2c3951435ce62719885fcfd74a26b01e6,423a85b08856baf24c03b9708874a75d664edcdf,true,ps2 textures\opaque\bp_remade,true,true,5,remarci_4x,false,0,false
s053a_floor_c01.bmp,fef1fd18894cafb774c31c9b59872caadfbf1b8f,395c5d78fed090b948fd02ae546fb762e910ce16,true,ps2 textures\opaque\bp_remade,true,true,5,remarci_4x,false,0,false
s053a_floor_cortyard_00_rep.bmp,6c599dffe7f9b0011d357ce78e5e153f7d51c246,ce0604d9b1355bad55d35d904ffd7a8db17e2405,true,ps2 textures\opaque\bp_remade,true,true,5,remarci_4x,false,0,false
s053a_floor_d00.bmp,22a4f29e3e2123d7d18ad9f581e0b81f890db338,467608f47ffd2a4a6a25f18d96ed0aa1a8ac079f,true,ps2 textures\opaque\bp_remade,true,true,5,remarci_4x,false,0,false
s053a_floor_step00.bmp,b43a7c960eef944e5dbff5155444bcefac0d8d8d,89f553feb5898b96c6b9492f3feaca8f29cda563,true,ps2 textures\opaque\bp_remade,true,true,5,remarci_4x,false,0,false
s053a_floor_step00.bmp_09c53fd0b62a8927f6cb7d36dd6b2867,24a4da409df2f37acd580548ea7471c199d7400d,93841e26c6f7c8be280eaaf1c4a9a17becdd295e,true,ps2 textures\opaque\bp_remade,true,true,5,remarci_4x,false,0,false
s053a_lattice00.bmp,30573b5442208df0c07aa9cd8b411a0784a89eef,d42335ad02b85387110c4c032b9d8e36faef6ab5,true,ps2 textures\opaque\bp_remade,true,true,5,remarci_4x,false,0,false
s053a_locker00.bmp_39e770c968e39c0253104e49b18ed7ee,a13131b66492243f83d674ff5fbd80e8c4f3995d,1b85e5115c6bb253ba2964480c182de00ae80e0f,true,ps2 textures\opaque\bp_remade,true,true,5,remarci_4x,false,0,false
s053a_outsidewall_a00.bmp,da6b08e7d1affc2e4b37ea54e2cab047947375a3,1b9848b5d666551bb8817ee0680c23b3d87e66bf,true,ps2 textures\opaque\bp_remade,true,true,5,remarci_4x,false,0,false
s053a_outsidewall_a01.bmp,7d95c2f5bee5e32b73a2f02323448d18c3ca1d6e,59a65e2c701a481a6921e9dc8cfa016aafe3e6aa,true,ps2 textures\opaque\bp_remade,true,true,5,remarci_4x,false,0,false
s053a_outsidewall_a02_rep.bmp,9ece1f5dff0a0d6ebfe1e16ddfb0d6ccd29c46c4,e5a6115d27d5079f9d997a317e5419031dff183c,true,ps2 textures\opaque\bp_remade,true,true,5,remarci_4x,false,0,false
s053a_roof_a00_rep.bmp_938bcd93e7a87aab26291f3bae3b87cb,91b3be1bd428d6755a0720bbb7a0d24bf895f519,8b32da6de348a3bdeeb911d627598b89d0b3f2dc,true,ps2 textures\opaque\bp_remade,true,true,5,remarci_4x,false,0,false
s053a_sign_00_alp_ovl.bmp,b7dba09c83e5af11e064f92723d54788fb44e91d,ed5448fc7f19557793a5ce6357648ba828b4cc39,true,ps2 textures\HAS ALPHA\bp_remade,false,true,5,remarci_4x,false,0,false
s053a_step00.bmp,bce5efbee7c914bf7ab161c3dd36478944255ab9,c3d4991c646ad2aff9a9d1fdb7907ef5144ddd7b,true,ps2 textures\opaque\bp_remade,true,true,5,remarci_4x,false,0,false
s053a_step01.bmp,6abcdeefd89c2a9801e9a13f0cbefc8316477774,7e956e3a9bcf22bebaebd18965b970aef4685d6d,true,ps2 textures\opaque\bp_remade,true,true,5,remarci_4x,false,0,false
s053a_table00.bmp,4f83681374ca1b684bc1e74341b18935877f3b82,9f5a2f078780e8afbdb8b0acfcedc465bf4683b9,true,ps2 textures\opaque\bp_remade,true,true,5,remarci_4x,false,0,false
s053a_tablelight_a02.bmp,ae4f5e7afe25fdd865ab8e73f53b293225c382c3,0709ed3f75f2507437f46a943ddfd63342756c0d,true,ps2 textures\opaque\bp_remade,true,true,5,remarci_4x,false,0,false
s053a_tablestone00.bmp,26733f5335348db004d0394ec20ee749d6f02858,6c73d5b82a0b3ac6382929878799ebbe8c4887f0,true,ps2 textures\opaque\bp_remade,true,true,5,remarci_4x,false,0,false
s053a_vent_b00_alp_ovl.bmp,1e384604e620af192df12572aabeef6fc7949b6d,1d371e60207eb0a5d1fbcc7d4e553f264b2049ae,true,ps2 textures\HAS ALPHA\bp_remade,false,true,5,remarci_4x,false,0,false
s053a_wall_a00.bmp,a574c322a24cd22a00087f2ba18c2dcfa55f6382,8ec1b0e5df9cdcc60d5ed1cbfd637154ad5a946b,true,ps2 textures\opaque\bp_remade,true,true,5,remarci_4x,false,0,false
s053a_wall_a01.bmp,84cb4c2a4a05bac117cc5eb6099c3341dbe828d7,2e1a622de0ba58111a29a1a3dca9098e972304c2,true,ps2 textures\opaque\bp_remade,true,true,5,remarci_4x,false,0,false
s053a_wall_a02.bmp,dc4305c123ece8b5f90f03dc523a361a437b8153,c47d61c727393a466ac0c777a7d1faf5e52d1449,true,ps2 textures\opaque\bp_remade,true,true,5,remarci_4x,false,0,false
s053a_wall_a03.bmp_1096250c2007540100bdb5ebfacfc248,7b1acfe36da654bdc7380db2c8d3e8822f55ffbf,e44893a7e98c0680e9df59b4dd6d241c4ae28ca5,true,ps2 textures\opaque\bp_remade,true,true,5,remarci_4x,false,0,false
s053a_wall_b00.bmp,0910cc818df1bdbb16f5074e6e8fb8bbd1758b24,0d10ef07b66ba627dbb95c993cec6a8313b82ec9,true,ps2 textures\opaque\bp_remade,true,true,5,remarci_4x,false,0,false
s053a_wall_c00.bmp,d127f71f16eb58322f32b2e7ff784ad519217369,051024a496e34f2ca8759c826b87560173d55268,true,ps2 textures\opaque\bp_remade,true,true,5,remarci_4x,false,0,false
s053a_wall_c01.bmp,07b6f347004ce87ae8a61b008e6c8227d7881f42,40ebc3f50cb3ca9fb9be3b6fe8c29cfa4b01b7bb,true,ps2 textures\opaque\bp_remade,true,true,5,remarci_4x,false,0,false
s053a_wall_tile00.bmp,b6da65c34f0b77d08938745e169769c438964614,0316bf88d60af81a7f36ca6a0a9a887b28ce398c,true,ps2 textures\opaque\bp_remade,true,true,5,remarci_4x,false,0,false
s053a_wall_tile01.bmp,b39a770082d4336bfa70e5ec56a6729045b7fd46,ac5c623e5c1ec9bfe30f7b70bb239d07f8d7c45f,true,ps2 textures\opaque\bp_remade,true,true,5,remarci_4x,false,0,false
s053a_winframe01.bmp,ef9b87e193bf284d4c4da8917accfbb0882129d3,e6a7810a47641e8b0a9294c635625a18c90f909f,true,ps2 textures\opaque\bp_remade,true,true,5,remarci_4x,false,0,false
s053a_winframe_a00.bmp_5ca9f735c63d9708d16af9fe8a75fabb,47a9262d19b7e6d58c6d9fcc10078f28fe6d3db9,22f91c821ddc95afc98a597575c0ef3f5db68e2e,true,ps2 textures\opaque\bp_remade,true,true,5,remarci_4x,false,0,false
s053a_winframe_a01.bmp,3ba9c55e59e5d4ef21e950090d880c2e82972176,c1756d27de99714e4c0b0317153ddef47b228330,true,ps2 textures\opaque\bp_remade,true,true,5,remarci_4x,false,0,false
s054a_256floor.bmp_0697fac15d00781af713e1e454a9bfc2,55579eade2b07dfcd9f37acc491488f0a74f2a95,53a94db8841f82385a7818c22aede386506e334e,true,ps2 textures\opaque\bp_remade,true,true,5,remarci_4x,false,0,false
s054a_book00.bmp,33055903894bc8302590d25b617eab606819f4f8,f1e4ffa41ae2e0a0abd8144dfe6d93e95bb1e510,true,ps2 textures\opaque\bp_remade,true,true,5,remarci_4x,false,0,false
s054a_chair00.bmp_5d9a6452cb3a310e9a4aab3b11eb961d,fceef60b4a3037d951c43ac4bab84d9af436cca7,f4961a9cac4df22c894648851bcb9073905a82a1,true,ps2 textures\opaque\bp_remade,true,true,5,remarci_4x,false,0,false
s054a_chair_top.bmp,efa1bb48e4620ab9f943bd03482ff8954723f94d,f33a09b71ec266e92b89d8a79784a003422f3df5,true,ps2 textures\opaque\bp_remade,true,true,5,remarci_4x,false,0,false
s054a_chair_top1.bmp,475c687fc8f1423d4b919180055ae3394034ec0b,38e635bb8880ccc1ce22c1614afa0de01f69f008,true,ps2 textures\opaque\bp_remade,true,true,5,remarci_4x,false,0,false
s054a_comp01.bmp_23e825bc353843aff7bdba09f280521c,2322a2ec59c45f4103e68dbff67b033674f20637,1cd104c84e7493d152151bef196e5d16e743fde8,true,ps2 textures\opaque\bp_remade,true,true,5,remarci_4x,false,0,false
s054a_comp256_00.bmp_e2e8f9316df1d56e556e9d7b5d4d2356,530c2d5b7aff0cbbbcf86e0a40a9dd2caec497fc,a28ce6d949fa9f56f6d468413cb5774991773d9f,true,ps2 textures\opaque\bp_remade,true,true,5,remarci_4x,false,0,false
s054a_desk_cloth.bmp,96fcc42e747ec56a8d09ea929fb0e1a68b5acfe5,6343b416ed9ac6250e39f193b45482b676a4152d,true,ps2 textures\opaque\bp_remade,true,true,5,remarci_4x,false,0,false
s054a_desk_shelf.bmp,52627ad0ecb7b27b1477d55e95b5b1c7ed48b2f2,3b800ce762267c2713d8065f6f6f058e49cc8be1,true,ps2 textures\opaque\bp_remade,true,true,5,remarci_4x,false,0,false
s054a_desk_side1.bmp_f3680b6f57de4b6130325f13923512ac,872e58efab826ba0d6f9a726cb4cf89b281a4d06,52511d25ba9e1ad2708a119c194ed30b9028a380,true,ps2 textures\opaque\bp_remade,true,true,5,remarci_4x,false,0,false
s054a_desk_side2.bmp,ac66d97611dcb04140cf63aa51a9111bac2e5273,6968157dbfc2813492a1e3475c92b3d7d6165f6c,true,ps2 textures\opaque\bp_remade,true,true,5,remarci_4x,false,0,false
s054a_desk_side3.bmp,673e08013285035288cda0ca519b1efdd7c8907e,8eb17653f5bf47632b973c9221d69657454c61a1,true,ps2 textures\opaque\bp_remade,true,true,5,remarci_4x,false,0,false
s054a_desk_top.bmp_e9975f62e962dbfcc0ceb3af4c1baf4b,a3722ca0aac58e26561a7903c06a2f1f34a93674,909f0148704547954684fa172762dce0d23b7a93,true,ps2 textures\opaque\bp_remade,true,true,5,remarci_4x,false,0,false
s054a_door.bmp,30d354d60a355c8d61e07ebb1b5dcf9f3716e957,a343f4591465d9d723c347c35e58a5dcb3bb2d33,true,ps2 textures\opaque\bp_remade,true,true,5,remarci_4x,false,0,false
s054a_paper_a00_alp_ovl.bmp,1fb4132a742a9eda20264679153f81bfbf3fec0c,28c0db8d54971c1efa10b263f7819295de899a58,true,ps2 textures\HAS ALPHA\bp_remade,false,true,5,remarci_4x,false,0,false
s054a_paperd_alp_ovl.bmp,ef6cbe78dd709ff9a1cc62fe4badf1255683ffde,40562ec25e6e700da8ff89a3901a6b07ca67f18e,true,ps2 textures\HAS ALPHA\bp_remade,false,true,5,remarci_4x,false,0,false
s054a_phone00.bmp,1089cd85c474216a5af75791383bee00caf657df,4acba705accfcf28666a747a93fc615d0634b8bd,true,ps2 textures\opaque\bp_remade,true,true,5,remarci_4x,false,0,false
s054a_shelf01.bmp_798577b9e4978164785bb7b4d4e1dbb7,8b303349fc1798eb4bc36e0f38a46a81fa91eedc,dff8268225d51494fe801976df125e1f5da190c9,true,ps2 textures\opaque\bp_remade,true,true,5,remarci_4x,false,0,false
s054a_wall.bmp_ce6231c92dfca41914c8b7670aa2032c,f3f5d8ad88fb7f16eb026f2d6221547c1ce21cc9,fb96d567a3f79de1be8dff04589f051c49f12267,true,ps2 textures\opaque\bp_remade,true,true,5,remarci_4x,false,0,false
s055a_bed_02.bmp,f0805052d0b00ec33b4322c9e8e37abf7284a37b,04d8a36d0015dbd7d0e9d2ec24b4e3f78347f6d3,true,ps2 textures\opaque\bp_remade,true,true,5,remarci_4x,false,0,false
s055a_cagowall00.bmp,ab00e29d726bae4f0dc0b3168d9116a98cfe7879,6381274c08ef92ba7a8b04768d123f99c585ba68,true,ps2 textures\opaque\bp_remade,true,true,5,remarci_4x,false,0,false
s055a_case_a00.bmp,50b0345b388ed0616555803d314098a997473862,690ad3e5b81daa3354fd1c7bc1401386f5285a2f,true,ps2 textures\opaque\bp_remade,true,true,5,remarci_4x,false,0,false
s055a_case_a01.bmp,17ebddefb4b37a4cd536b01f95d5d0839722e935,e06aad06012efa8c9fe05c781b93ae6795577e31,true,ps2 textures\opaque\bp_remade,true,true,5,remarci_4x,false,0,false
s055a_cell_ironbars_02.bmp,945e5b4fe3f7cd452269c68bea84ca511ca98cb7,8dea5a60deb2bc4b9ae2d3bc1d38e1b79725a1ac,true,ps2 textures\opaque\bp_remade,true,true,5,remarci_4x,false,0,false
s055a_cell_ironbars_03.bmp,365265c367e5347030eb334445965e40981fd622,b57bbd3042d2f5347b47e8a2def7064ed786b1df,true,ps2 textures\opaque\bp_remade,true,true,5,remarci_4x,false,0,false
s055a_cell_koushi_01.bmp,c62809bd5bda6501d5dff0b17d1ce5c2936a5734,aca5a172b393094ae57ef9e74a9baf3bfd9cb673,true,ps2 textures\opaque\bp_remade,true,true,5,remarci_4x,false,0,false
s055a_curtain_b00.bmp,ec714241acb9d151c73b75929cb992336b199941,e2dcd80b4f234506239a76e6ae06e5e46ced1201,true,ps2 textures\opaque\bp_remade,true,true,5,remarci_4x,false,0,false
s055a_duct_01.bmp,4d0019746aa2d9d7677a1e6ca30d4d8e535d7634,82ad721a29036e7bfa78deb48b652e90c86977e2,true,ps2 textures\opaque\bp_remade,true,true,5,remarci_4x,false,0,false
s055a_heater01.bmp_680e3d2f3b8f552dca96322c16c58025,d216d43bd330e1c7a0de2ef93e4ec9994580bdc1,b6df1fdff621ae438aed864a086bb0a1cc772db1,true,ps2 textures\opaque\bp_remade,true,true,5,remarci_4x,false,0,false
s055a_heater04.bmp_ce6c6ff40e9a27d679170944d046584e,431abc6eab08dfe09e2b779046c0492aba11dbdc,fa94b32a94be02733629e2b2734da07468dd22d7,true,ps2 textures\opaque\bp_remade,true,true,5,remarci_4x,false,0,false
s055a_pipe00.bmp,77291342fc9bd6105cfec9d89a6a4c7bb65e0490,74d19d96a9d28f91a95eef2ba7b16e8b59a930a8,true,ps2 textures\opaque\bp_remade,true,true,5,remarci_4x,false,0,false
s055a_senmen_04.bmp,26840e9b1b1775dcfc5eaae3dac850089fdff2d1,85f6b008f33c71ac09f5a9e9e183daf42706e6bd,true,ps2 textures\opaque\bp_remade,true,true,5,remarci_4x,false,0,false
s055a_toilet_03.bmp,fa7d37ad1dd09636137bb5a8a4dba6ba179c8f35,fe91a6a4b37117cf67db6f27f3c99899f6cc8b47,true,ps2 textures\opaque\bp_remade,true,true,5,remarci_4x,false,0,false
s055a_wall_b00.bmp,090d9d178a16741873db6febbc209e5668e691ce,fa30da25a4af8b5b44a4a916cffdd353123ef375,true,ps2 textures\opaque\bp_remade,true,true,5,remarci_4x,false,0,false
s055a_wall_b01.bmp,f5f13e416e62cf1249075879e3f688344e7364ad,4f87abca53267541052f50d66a91662ea42ece9d,true,ps2 textures\opaque\bp_remade,true,true,5,remarci_4x,false,0,false
s055a_wall_c00.bmp,b92e5d20f8c1e66687c7c1cc94847c55054a7e0c,59f4687ec2053a8c18138b9eff5355aa4756cefd,true,ps2 textures\opaque\bp_remade,true,true,5,remarci_4x,false,0,false
s056a_compdesk_00.bmp,314b1fa55aa2e9431043581c5baba633cf932591,f38dd5b49b2ace7fe35bfc4b174e99e0c13fbd3e,true,ps2 textures\opaque\bp_remade,true,true,5,remarci_4x,false,0,false
s056a_compdesk_04.bmp,915f0e57c8d4e323016c4ddfc43bf4d5fd650b24,4d958a556126eb02d6cb985deb286797a17f14d7,true,ps2 textures\opaque\bp_remade,true,true,5,remarci_4x,false,0,false
s056a_compdesk_c00.bmp,0eb4f88d8a9ee16b34e2b0b012830748298440c6,a3ce7c51db3346aaf896db6cd422f1db75c66401,true,ps2 textures\opaque\bp_remade,true,true,5,remarci_4x,false,0,false
s056a_compdesk_lt00.bmp,a98a34ddfa22b7ea6c0888db78566d795b4c5a5f,15a24b6ff17a7cd1181b2d0b9f4473cacbe479b8,true,ps2 textures\opaque\bp_remade,true,true,5,remarci_4x,false,0,false
s056a_compdesk_p01.bmp,540e770d14edee4444072904fa25cf3adec7a416,80ed589c5a89f1ef666a145980d44f2856405329,true,ps2 textures\opaque\bp_remade,true,true,5,remarci_4x,false,0,false
s056a_compdesk_top.bmp,985c5b08777e683e45e48d8a559dfd8420945243,a088719d9b1e6d1dcc265079c54471e0ac3eb6c8,true,ps2 textures\opaque\bp_remade,true,true,5,remarci_4x,false,0,false
s056a_door_a00.bmp,ef9a3bf3b66022e480af4173d7c54f306609edd6,06cb9d39e1f5a65ddced393374ea6a044e88a37f,true,ps2 textures\opaque\bp_remade,true,true,5,remarci_4x,false,0,false
s056a_door_b00.bmp,7a110dd698115b0ae603de2d565bfc749552b5e6,bfe546889219380a29d1e9f960bc318550e5c54e,true,ps2 textures\opaque\bp_remade,true,true,5,remarci_4x,false,0,false
s056a_door_c00.bmp,85e20dda51aaefc2e5881da72598839088bf368c,6d0287f967b9724ebb0eb4ff0bd9175e3c20dc4d,true,ps2 textures\opaque\bp_remade,true,true,5,remarci_4x,false,0,false
s056a_roof_wood00_rep.bmp,5e92a8e6589bbfa5e1b5fff97cfa2dc1b9110aea,f013452f1be8e12e5bbe0420cd24d09caefeccc8,true,ps2 textures\opaque\bp_remade,true,true,5,remarci_4x,false,0,false
s056a_wall_b00.bmp,ffc5ef5defcbd5456924c4613ba6afb36b5f96d5,db5d57212a3f5184af750ae77d76ba78b5b7ad73,true,ps2 textures\opaque\bp_remade,true,true,5,remarci_4x,false,0,false
s056a_wall_d00.bmp,c552e82b3e3a339ac887cc607fe1627bd5034ec6,c7399ec5e607ac52365cac2fbb1c263459e463bd,true,ps2 textures\opaque\bp_remade,true,true,5,remarci_4x,false,0,false
s061a_eld_tree1_large_mip8000.bmp,2df8078b7f32885b621e7044aad9511677e206de,9294379b9dee248814c34c4f7a8ed80d9d16bad6,true,ps2 textures\opaque\bp_remade,true,true,5,remarci_4x,false,0,false
s061a_tree10_mid_rep_mip8000.bmp,8614864294199dc8c0b5da381b9060c3e32df55b,bd8376f249e77f279a57836ef8528bc460a26412,true,ps2 textures\opaque\bp_remade,true,true,5,remarci_4x,false,0,false
s061a_tree13_mid_dark_mip8000_rep.bmp,1d01444dc8aa1386fcd461547fccba632462534f,cb6923b06d4e533f89c52410f6ea14aa412724e6,true,ps2 textures\opaque\bp_remade,true,true,5,remarci_4x,false,0,false
s062a_blanket01.bmp,333d20d21d5965a739100c3100482d38533e5d8d,be1e0bd811043a28ed51333f3e7b00871566bee1,true,ps2 textures\opaque\bp_remade,true,true,5,remarci_4x,false,0,false
s062a_board01.bmp,a330c82631973871b97b32276a7a183c1aefa908,c690d232b4f35eae07e32f8104b51f2cac23ea10,true,ps2 textures\opaque\bp_remade,true,true,5,remarci_4x,false,0,false
s062a_box02.bmp,52a967fce84febb55af249f7522d807cb85662e8,8b7c3ff9dc543857a61bddf77b44ce2b2e7be179,true,ps2 textures\opaque\bp_remade,true,true,5,remarci_4x,false,0,false
s062a_box03.bmp,92438dec6595944c2e1e1250e8d33d1e8144e28c,ad937047009a2bab21e3e2e6f29ac056b1098554,true,ps2 textures\opaque\bp_remade,true,true,5,remarci_4x,false,0,false
s062a_box05.bmp,9e0014241be8357d7926af743ba5bdf56aeed73c,93b728b600fd05c7f0378840525c8e1a07fa60bc,true,ps2 textures\opaque\bp_remade,true,true,5,remarci_4x,false,0,false
s062a_box08.bmp,3195d432d9e16ede515307d27a33b531a51d8198,d8fcde1b9390d92ef65fb506ce19270645f8b6a7,true,ps2 textures\opaque\bp_remade,true,true,5,remarci_4x,false,0,false
s062a_locker03.bmp,8520cdb9459867be2701eb4847ec81f0b69970ed,55eda78518657644bdd73182088c3e575539b817,true,ps2 textures\opaque\bp_remade,true,true,5,remarci_4x,false,0,false
s062a_locker03s.bmp,a55a99eff0ec81b6f018c54f39bcc67440885668,328597f68d56eb65e5f9f67d74d492dd5b929b70,true,ps2 textures\opaque\bp_remade,true,true,5,remarci_4x,false,0,false
s062a_mog_floor_rep_01.bmp,23056cb786dc40b5219b61b78a068524a3831d71,f7e50ed2aa14f21571484958834a3b81cb32b5e6,true,ps2 textures\opaque\bp_remade,true,true,5,remarci_4x,false,0,false
s062a_mog_obj_01.bmp,767203a3be740b35a82428b68d58110174c90e6b,6843e52a70768cee56a04d5b91f107e4f0844d8a,true,ps2 textures\opaque\bp_remade,true,true,5,remarci_4x,false,0,false
s062a_mog_obj_02.bmp,32723fdd149f204a68d2fb88215237f96ea78429,121391b7c96841ab06a3636d9376660d56beac49,true,ps2 textures\opaque\bp_remade,true,true,5,remarci_4x,false,0,false
s062a_mog_obj_06.bmp,eaca5938624b331c39b05111a7b8f6891fb910ff,2d358d56eb5a449885356c3c9e2eb5c4a10b8e6f,true,ps2 textures\opaque\bp_remade,true,true,5,remarci_4x,false,0,false
s062a_obj01.bmp,e7f9b522cc771efc7c22ae01528c65228eafd527,6f9ab2811cb90d58d93ab7fcfe42072416001710,true,ps2 textures\opaque\bp_remade,true,true,5,remarci_4x,false,0,false
s062a_radio01.bmp,2994ecd4ebc5875cbeac09233c8a2fea10f05860,1ac52cdc6146c0ec54b8f07be9b5bed9c3d58bf7,true,ps2 textures\opaque\bp_remade,true,true,5,remarci_4x,false,0,false
s062a_wodbrk01_alp_ovl.bmp,a65905394813cf371e3dd7292aa5f84f603f5763,3d0a47d5c34735054fa8748c24281b777115c068,true,ps2 textures\HAS ALPHA\bp_remade,false,true,5,remarci_4x,false,0,false
s062a_wodbrk03_alp_ovl.bmp,114d74a9201c7db1c4b0f18b8ac5931b6476389d,04202810e72edf7c117686da99c04d18f625dcec,true,ps2 textures\opaque\bp_remade,true,true,5,remarci_4x,false,0,false
s062a_wodbrk04_alp_ovl.bmp,7d83d46f7c3432b3de2a308cd938161c3dd297b6,0ac6451d8f410bb986935c65b4dfcb9730ab678e,true,ps2 textures\HAS ALPHA\bp_remade,false,true,5,remarci_4x,false,0,false
s063a_armory_moss_alp_ovl_rep.bmp,5169d0eb93bbd6cabd3c03109c28e42373cd86d4,d2dd782600fbc6562a1edb2260f589d95f42a068,true,ps2 textures\HAS ALPHA\bp_remade,false,true,5,remarci_4x,false,0,false
s063a_conc_wall01.bmp,35f4d3a069810d18f6a9f8d4543c256ab48d19e3,3ee8e93bc65a71daf026cd55ec363ddbf43907e8,true,ps2 textures\opaque\bp_remade,true,true,5,remarci_4x,false,0,false
s063a_flr_moss3_alp_ovl_rep.bmp,59efe1ccb22c0b5581a7dc99788c148ed068a4a1,ad6c88eaec701592468c1dc01f2f71c6e80cbbb4,true,ps2 textures\opaque\bp_remade,true,true,5,remarci_4x,false,0,false
s063a_flr_soilc_alp_ovl_rep.bmp,78018215e5d4efb19c0542ac707558c392691b31,c3eca6ced8ec525fbdc7f96f2f31a5d06bb25784,true,ps2 textures\opaque\bp_remade,true,true,5,remarci_4x,false,0,false
s063a_small_tree3_rep.bmp,cbb9c824ef5d30bf9e9f5d649bee120fb1fb3d09,9b69e721a298ea63ff24462fc6c1c1bfc7770d96,true,ps2 textures\opaque\bp_remade,true,true,5,remarci_4x,false,0,false
s063a_thin_leaf1_alp_ovl_mip8000.bmp,8c6e1d551307fdd75f84efce4704281003196cf3,943525f480af2f8ea667c13af11b7771508ab99f,true,ps2 textures\HAS ALPHA\bp_remade,false,true,5,remarci_4x,false,0,false
s063a_thin_tree1_rep.bmp,66292862a0ec6eda8415bd1b712a81cb72ca697a,93da10d7165794b0aa6852f0d472b8d8e9adde67,true,ps2 textures\opaque\bp_remade,true,true,5,remarci_4x,false,0,false
s063a_tree13_mid_rep_mip8000.bmp,008dff871750ca099bd8f7cebed0230f68f85060,badad919f6b1760f366daf5384130b38b675b83f,true,ps2 textures\opaque\bp_remade,true,true,5,remarci_4x,false,0,false
s064a_deadtree2_rep_mip8000.bmp,3757088cbe1d6ea78eb6886ec6c71e2385e145c5,cc592b96435ad6387282257ebabda0fabd7e8a30,true,ps2 textures\opaque\bp_remade,true,true,5,remarci_4x,false,0,false
s064a_deadtree2_root_alp_ovl_rep.bmp,5533d9a547d279018eb71be7c13ec2c0151630fb,3b225294526ba0eadc3e6c7e00efd9ab2dd7844e,true,ps2 textures\HAS ALPHA\bp_remade,false,true,5,remarci_4x,false,0,false
s065a_gajyu_tree1_l_rep.bmp,3babd1d8515eed76264b29a788b7a0fbec83dfe0,f9399650e4cd382597d4e594e4589eb6cbe65f01,true,ps2 textures\opaque\bp_remade,true,true,5,remarci_4x,false,0,false
s066a_door00.bmp,8f9f22c296f94775e92c514b5191bb3f1b3820de,8cda24e90fc8b6bb60f2d72a5e203998f5069cd0,true,ps2 textures\opaque\bp_remade,true,true,5,remarci_4x,false,0,false
s066a_ladder00a.bmp,cdda825e61c39f3e9f6c76a2a106bff5d46e5893,934f3cdb907a256003a20a4a85e329ffd64e952f,true,ps2 textures\opaque\bp_remade,true,true,5,remarci_4x,false,0,false
s066a_sk01a.bmp,7f97eb6caef3962d2d81fa04bb3d776b7798a6d9,fc277e992542b838946e64ebd7f66815d9223904,true,ps2 textures\opaque\bp_remade,true,true,5,remarci_4x,false,0,false
s066a_sk01b.bmp,7797969c130cd4983de25b1fabae19020bde7a87,31a5a5292c152e3e21bf57495b61cbc8a6f8f13d,true,ps2 textures\opaque\bp_remade,true,true,5,remarci_4x,false,0,false
s071a_snow_06_alp_ovl_rep.bmp,c6c8b6c30c01d565777c4f95bf5f804a1448fb75,796a30ca17af7b70b744b2d28e3942da59041f17,true,ps2 textures\HAS ALPHA\bp_remade,false,true,5,remarci_4x,false,0,false
s072a_jimen_a01_rep.bmp,8e08183050fb9ae7d8e9664da12cadb847afff15,7ce3322c5db8cbcd9739a28a46e8513b8352949b,true,ps2 textures\opaque\bp_remade,true,true,5,remarci_4x,false,0,false
s072a_wood_a01_rep.bmp,5abf870532645187da09d23c223807d24a4c0a5f,fe9c3a6ef120abd4f6f4a1b149d7a70b0b19e9fa,true,ps2 textures\opaque\bp_remade,true,true,5,remarci_4x,false,0,false
s072a_wood_a02_rep.bmp,abb3471bbc81b359853c7ee443d396ccdaa6bc68,0a9f93a42924509f03cc3fa164286e667a41b268,true,ps2 textures\opaque\bp_remade,true,true,5,remarci_4x,false,0,false
s072a_wood_a03_rep.bmp,e29dcbb135374d7d4e4fc4249f43db4da18851e5,2fdecf0dbbb527c70e0f0535e7f6547521583005,true,ps2 textures\opaque\bp_remade,true,true,5,remarci_4x,false,0,false
s072a_wood_a04_rep.bmp,b0ee212643c0f0e9068ad7e3309c080e0de83e43,051f6a614029aacc78e44240facef3b2752f1772,true,ps2 textures\opaque\bp_remade,true,true,5,remarci_4x,false,0,false
s073a_armory_door01.bmp,d0b3e32d067a1377d4a7cf8fb6e33aab06651a44,042611772df0a18c564d727ca91418d6a2847fe3,true,ps2 textures\opaque\bp_remade,true,true,5,remarci_4x,false,0,false
s073a_door_iron_01.bmp,bbd8693acefa0359d68d08f4d4d978db31c5cac6,d627638552bd6888a29acbde3f8ca4f358a3d52c,true,ps2 textures\opaque\bp_remade,true,true,5,remarci_4x,false,0,false
s073a_snow_a05_alp_ovl_rep.bmp,89c8fd992094843f188e840771c90637e6d0bd41,f8821bc36b1a66fb6988658978f5906b61e381e9,true,ps2 textures\opaque\bp_remade,true,true,5,remarci_4x,false,0,false
s073a_wall_sokumen_a01_rep.bmp,9f19481a741962a40e1a792c42c4413ba078732b,9e51f221db564710d3e49e35f57515b0a693293e,true,ps2 textures\opaque\bp_remade,true,true,5,remarci_4x,false,0,false
s073a_wallsfc_a01_rep.bmp,d5b4f6bc994c52a3ad881fe73ecbd833a306fc6c,fe1ccf1afdf7975103386f1d08654a3b7cfc6ea1,true,ps2 textures\opaque\bp_remade,true,true,5,remarci_4x,false,0,false
s073a_wood_b01_rep.bmp_ca7fe7ef9d25856ead9e67509ef213a1,744f8fac515b2479a126254cf5c6a8bbc504c4e6,f18d1ddfa1be9e26214f21501f531216df8843ec,true,ps2 textures\opaque\bp_remade,true,true,5,remarci_4x,false,0,false
s073a_wood_b02_rep.bmp_3a62e37cadcdc0c94cc9b3e4fe52d4f3,a76b712f55bed59511e4951c189fee17ec435690,ee2709849591db30a90efcd3761c0fc40239cd7f,true,ps2 textures\opaque\bp_remade,true,true,5,remarci_4x,false,0,false
s073a_wood_b03_rep.bmp,4c427de11b516d017d3fd5b40c4f23b5a8ebb8ab,0f4fdb62f5d92beefff1b1ef396cb6e7abc8783d,true,ps2 textures\opaque\bp_remade,true,true,5,remarci_4x,false,0,false
s074a_box00.bmp,7627c88d697ed8d6e90d14bd18cfefd1f0d4df38,fa32413c88e26ead8c6b65e6029ea9126a94e689,true,ps2 textures\opaque\bp_remade,true,true,5,remarci_4x,false,0,false
s074a_roof01_rep.bmp_11bb6511942d5239548ec285d775b056,3f7febc71158457625e001916bc8101867f16f38,14bd47d9cc02423fa174f0d6c36bc16208c21e99,true,ps2 textures\opaque\bp_remade,true,true,5,remarci_4x,false,0,false
s074a_roof03_rep.bmp,19c621417d96fdc639e1e0fa296f41d34ea5ab8f,d8bdfcdb212b7b1f537edd9ad78b7b76ad29dc48,true,ps2 textures\opaque\bp_remade,true,true,5,remarci_4x,false,0,false
s074a_wood.bmp,c19ffa04e7acecc63664c832957c752126fb81f7,30f62a9662f4238e1d08e0f7d0f85f34cfb067a6,true,ps2 textures\opaque\bp_remade,true,true,5,remarci_4x,false,0,false
s075a_mog_ground_rep_01.bmp,6b1c1376211074cb0b85eff03b0c7ecfc1b7665d,dee5c59ce2d9083c0f7c945263ff4bf8ab6b1237,true,ps2 textures\opaque\bp_remade,true,true,5,remarci_4x,false,0,false
s075a_mog_wall_alp_ovl_08.bmp,c6bceb479e123c5fd8dd8daeeda97bb2cdf83e7f,b3098f2ed569f147f25bbbdbecf9024acd575aac,true,ps2 textures\HAS ALPHA\bp_remade,false,true,5,remarci_4x,false,0,false
s091a_101wall00.bmp,3ebda724c6c940dae9b9aeb0ae2b55ba7973d04c,37d5936f13d18107ce5446ef87d207d67ad48b28,true,ps2 textures\opaque\bp_remade,true,true,5,remarci_4x,false,0,false
s091a_111wall03.bmp,48968e14146885a38e805a0eb755723e3ed8da82,a5677a6310e1ec62d52448f0c03ea5e4fba66402,true,ps2 textures\opaque\bp_remade,true,true,5,remarci_4x,false,0,false
s091a_111wall04.bmp,d3859303719246b439a6ef96da320168487a0cd9,3cfa88ec98bc33f6f7022a2d9cb940c9992dbee7,true,ps2 textures\opaque\bp_remade,true,true,5,remarci_4x,false,0,false
s091a_121gatedoor00.bmp,033f90d6e69ac02aac917b2b8df13c4d9a1a7699,508ea9811e0c3c105252a1b3e5ad64cf828d93af,true,ps2 textures\opaque\bp_remade,true,true,5,remarci_4x,false,0,false
s091a_121wall00.bmp_c7b971f7f45fdf2691fd9cfb9214e328,40456c1ed4c9634119c21b8d3c46cb0a0029aa66,7821f3c5ebbd645eb1e547ce529aa39ead45af07,true,ps2 textures\opaque\bp_remade,true,true,5,remarci_4x,false,0,false
s091a_armory_rackdoor.bmp,6f7ad964de4bc564a90c7918122733bf51b75415,94f83d43740305bab4032ec8190ee31028a3b59d,true,ps2 textures\opaque\bp_remade,true,true,5,remarci_4x,false,0,false
s091a_baria.bmp,3c95f23f991dcf73c2bd3bf1a93fbcaf2a5e1b40,2fc7d14c55cbf48b8453f878e6b1d94aab6144cf,true,ps2 textures\opaque\bp_remade,true,true,5,remarci_4x,false,0,false
s091a_box00a_1.bmp,b969620c88eadb5601fbdf25de71d97d6b02fde7,8848af989ccd2c46931d5d21541784aa71d0f881,true,ps2 textures\opaque\bp_remade,true,true,5,remarci_4x,false,0,false
s091a_box00a_2.bmp,605854db745455d27e73907958359fdab5b4eb13,48131c6fab5a67e82bd10f51cb7388bdb7e4dd64,true,ps2 textures\opaque\bp_remade,true,true,5,remarci_4x,false,0,false
s091a_box00a_3.bmp,174a320d235edf9777658e2842263ba96a69e578,b4f984d76824aaeee73e6a1da51a25e8f51f2278,true,ps2 textures\opaque\bp_remade,true,true,5,remarci_4x,false,0,false
s091a_box1ma01.bmp,29da6775de26e9248b81054ed2e774fe14fcd820,bd1e36a7541c24accb97b29efeea2513559d2de8,true,ps2 textures\opaque\bp_remade,true,true,5,remarci_4x,false,0,false
s091a_box1ma02.bmp,ae4b2756fe476f683bdcc879505ecb3e8111c77a,b8935a8cdd8a380ea387b70259d6df1072cc1f41,true,ps2 textures\opaque\bp_remade,true,true,5,remarci_4x,false,0,false
s091a_box1ma03.bmp,2da16bb79a9b5a513f30343f73d33de954316366,27e5dbcc2f1bdbadde10454992d4585414a6e2aa,true,ps2 textures\opaque\bp_remade,true,true,5,remarci_4x,false,0,false
s091a_box1mb01.bmp,8066147a3158fdfd168b1dd8c791637af63d96ce,97968d47f49c21f7a614b4d76677039f98b59196,true,ps2 textures\opaque\bp_remade,true,true,5,remarci_4x,false,0,false
s091a_box1mb02.bmp,80d7265169c24c62e03b49aa87c77e0894b0ea80,201232f173f467102c59bea972c33ee0e78b4733,true,ps2 textures\opaque\bp_remade,true,true,5,remarci_4x,false,0,false
s091a_box1mb03.bmp,4585cde4c83c4e60c11ecdecdd5ce030a0a75413,b2b95253da4d7ce08edef19fe22989017141d916,true,ps2 textures\opaque\bp_remade,true,true,5,remarci_4x,false,0,false
s091a_box1mc01.bmp,c02053a212e724dac1de34d243e54ab4d0fc3fe2,9ba6e0750e0f00171c900f9db598fb5eea5c2d9c,true,ps2 textures\opaque\bp_remade,true,true,5,remarci_4x,false,0,false
s091a_box1mc02.bmp,ad4918cbd6b9c1de9cf17a33e949da5234aee8c0,103d07ce0c9f7ec90e44b06cc910e1e542df708f,true,ps2 textures\opaque\bp_remade,true,true,5,remarci_4x,false,0,false
s091a_box1mc03.bmp,e611dec7029a5aea221fdfd965223254465d1f96,ad8ac06922259aa087a23e44ae3a34930a888d76,true,ps2 textures\opaque\bp_remade,true,true,5,remarci_4x,false,0,false
s091a_boxashi00a.bmp,41eac40aaf13bfad643dd307fd5cd0358d3c51ea,ed2101e2999330626579d0c116d60c02224d3c2d,true,ps2 textures\opaque\bp_remade,true,true,5,remarci_4x,false,0,false
s091a_conta01.bmp,f0cb2edd250cbbc27a77547fcfbe33bf32db7a87,4da8482cd7c0ecc2fb16e434179c5502041fdd1f,true,ps2 textures\opaque\bp_remade,true,true,5,remarci_4x,false,0,false
s091a_conta02.bmp,2c28fcdd0e155ee1a943fa9bb3f036dde6654eb8,0c17da20409162ab494802a2697d2bc06ee96793,true,ps2 textures\opaque\bp_remade,true,true,5,remarci_4x,false,0,false
s091a_conta03.bmp,700e28671a46cf7fe6055b30ebad67b624114b03,fe773c8972666be90e9de3a92c1ff62b00ca653f,true,ps2 textures\opaque\bp_remade,true,true,5,remarci_4x,false,0,false
s091a_door01.bmp,5637d76112271dc12f5e3b3ed2ceb58f873624ab,de0b8364b264e094d7b05167fb32436737807c24,true,ps2 textures\opaque\bp_remade,true,true,5,remarci_4x,false,0,false
s091a_door01_16.bmp,daa5214cee8defade38932b264c65f6a8ab205aa,93586c6cba72e5274f7445a50472e938ca0cc57c,true,ps2 textures\opaque\bp_remade,true,true,5,remarci_4x,false,0,false
s091a_entwall00_rep.bmp_622cb6f0293ae2d2015fed236dd3bb55,fa03654fd179c64db0a2139602dfb62a801493bd,16953aa1c8b774713fa1515ba9a9c890c418a3dd,true,ps2 textures\opaque\bp_remade,true,true,5,remarci_4x,false,0,false
s091a_fence00_alp_ovl_rep.bmp_50ae5bce33bd98a74c3feb5a49ab340f,55f6697bae14c1307637e0438f0c03c093d062ff,48dee6c034e57f1edbbefcc1496d57fe0c08de8c,true,ps2 textures\HAS ALPHA\bp_remade,false,true,5,remarci_4x,false,0,false
s091a_fence00a_alp_ovl.bmp,4796f6865b4ef37cdc3c58ab081836c5cb4f8f35,122a6dfbab0895f2b1d40af3f02b739c5cf1f860,true,ps2 textures\HAS ALPHA\bp_remade,false,true,5,remarci_4x,false,0,false
s091a_fence2_01.bmp,614c38a0f112cd243ce95e1dedcd636407ebafc1,048ec03657d67a2b7ca132c8540e132d7ae4ca30,true,ps2 textures\opaque\bp_remade,true,true,5,remarci_4x,false,0,false
s091a_fence3_00.bmp,1d82b1d984db70d708969c39c171f51ed914b80d,531d7aa8129201feda8c1b3810cd4b01f520787a,true,ps2 textures\opaque\bp_remade,true,true,5,remarci_4x,false,0,false
s091a_fence3_01.bmp,c348cfe3352dfb550d7dfb26da93b6a51e51e198,9744223c83a1f54f594d5c52cfa36199a3e0e590,true,ps2 textures\opaque\bp_remade,true,true,5,remarci_4x,false,0,false
s091a_fencedoor00_alp.trans.bmp,0a00d5908e5478313ebcb384234bf59725ca63a8,f9ff11ac14d94e5dd435a458191b09c198d5eae3,true,ps2 textures\HAS ALPHA\bp_remade,false,true,5,remarci_4x,false,0,false
s091a_fencewall00_rep.bmp,316b3afe6774c94aa1195dc1f04f8b74edadc7f0,d17a74f4997e09b451ff38bbc484d0da7fb66349,true,ps2 textures\opaque\bp_remade,true,true,5,remarci_4x,false,0,false
s091a_fkwalla.bmp,aad8317c1ef0423e9d6caf07d41303f08811688c,1efc4e6a75ecc0de74279162276c625c20f9b520,true,ps2 textures\opaque\bp_remade,true,true,5,remarci_4x,false,0,false
s091a_fl02a_rep_mip16000.bmp,923bbe7664cb9b68f975fa317b77939539c3d26e,3251e31a742259499631dbc417f0e2490be2f7b1,true,ps2 textures\opaque\bp_remade,true,true,5,remarci_4x,false,0,false
s091a_fl03a_rep.bmp,5c4026ddc5505c5ba833bb3f08f2c46279775f11,1698e8fd1dd97e987ed863360bc2aa44c79ff996,true,ps2 textures\opaque\bp_remade,true,true,5,remarci_4x,false,0,false
s091a_fl05a_rep.bmp,ed00e31a81f0ba0200ba3d3d120ba0578b8df41a,75b74acbf8b940feeeb0961c409c013ad58636c5,true,ps2 textures\opaque\bp_remade,true,true,5,remarci_4x,false,0,false
s091a_fl05b_rep.bmp,e4dc5c7037c06a1d07108604a1f309153e8f54c1,21989c3db3c54d30a2406ee6dd971478d25c3c78,true,ps2 textures\opaque\bp_remade,true,true,5,remarci_4x,false,0,false
s091a_fl06a.bmp,83168125c82218a19fbaa1e0645a444910acee20,2f3463097f930a9c97bba246c25aa0896222c309,true,ps2 textures\opaque\bp_remade,true,true,5,remarci_4x,false,0,false
s091a_flrusty01.bmp,56a84a555ce2c417a6957f8ddc011c1fd4a10445,7df013ada35414d8bc03d3ce5b97568975049228,true,ps2 textures\opaque\bp_remade,true,true,5,remarci_4x,false,0,false
s091a_gate00.bmp,ed3f2d345044507e86d6f1feef54d16a375c58c2,bcc7ddf006acf48fb976d097a7afd58b9dd1bbeb,true,ps2 textures\opaque\bp_remade,true,true,5,remarci_4x,false,0,false
s091a_gate02.bmp_fa5391ce648a972ea7f35d91860dbd62,a30ce6df6798f257edd0a2c401bb9f0129734158,e5aec46f14d6a43d32bb299cddea4e52e9548756,true,ps2 textures\opaque\bp_remade,true,true,5,remarci_4x,false,0,false
s091a_gate03.bmp_1b946272daea4aab1b64c367e527fed8,9aa46123efd486d157b12b15e09963afaaac9bb8,eba370ea1a7b278a46a3022d07eeb7f2aafd6517,true,ps2 textures\opaque\bp_remade,true,true,5,remarci_4x,false,0,false
s091a_gate04.bmp,47e3e861479852584e8e309b9b5e320f08ae6f79,c9a43047dd9d345ffe25824c83b3d8bef5669b00,true,ps2 textures\opaque\bp_remade,true,true,5,remarci_4x,false,0,false
s091a_gate05.bmp,6c1da3c3e053020e70af699e6cf41beb4606eee8,f43b3b216a2ae14efb8efa0abeb720d529cfe7bf,true,ps2 textures\opaque\bp_remade,true,true,5,remarci_4x,false,0,false
s091a_gate06_alp_ovl.bmp,b444cd795a8a11c504a3707e0137c608aeb76352,1eac131b20a75ce3d92f402716576ab87b8900f4,true,ps2 textures\HAS ALPHA\bp_remade,false,true,5,remarci_4x,false,0,false
s091a_gate200_alp_ovl.bmp_884ef573f35f4873464c4393fe5f5292,12b900f0e4d5d85e18eb5664550d5c5325484bb7,ce1c36fdd6812f1e29e0fb628bff220bac10c701,true,ps2 textures\HAS ALPHA\bp_remade,false,true,5,remarci_4x,false,0,false
s091a_haidena01.bmp,63d2518a0d6179b58025334acc14329e0f93bd14,5e710216c7fbed988682b026524d33e10724b36b,true,ps2 textures\opaque\bp_remade,true,true,5,remarci_4x,false,0,false
s091a_haidenb01.bmp,4815a9bf9a697973b9ca35bf48197f037e570d92,64a76a4f20445fbd0b7afa1de11538d3b5909170,true,ps2 textures\opaque\bp_remade,true,true,5,remarci_4x,false,0,false
s091a_haidenc01.bmp,9a49d5fd9ba3c2f073d78a30622fbebac6084032,78a65e806d89702268b8796ee67e88ca83bbac58,true,ps2 textures\opaque\bp_remade,true,true,5,remarci_4x,false,0,false
s091a_haideny.bmp,0f273a7efe7dcd7715682220459c2a2354731d40,f48378c6205c6d85a547344af3c99b3636ccb561,true,ps2 textures\opaque\bp_remade,true,true,5,remarci_4x,false,0,false
s091a_hangb.bmp,b48983ec0ec811e3b2b76ec8238a291bfda48718,8ea24f8672572ff3929bdacc9d13e263e08e2a25,true,ps2 textures\opaque\bp_remade,true,true,5,remarci_4x,false,0,false
s091a_hangc.bmp,cee9777c404065f040c9c72aaa520a2053d708c6,7a7c85de9903f985c7e29048e86486b0a089eb59,true,ps2 textures\opaque\bp_remade,true,true,5,remarci_4x,false,0,false
s091a_hange_alp_ovl.bmp,196e5fec7637bf847ee96e02ad9bd5b08cff4e32,747529fa5f73e10d36e5690500f59a532f39a3d7,true,ps2 textures\HAS ALPHA\bp_remade,false,true,5,remarci_4x,false,0,false
s091a_hangwin.bmp,7c8ab251a493f896ecf74c094120c65ef44573f6,f25e2a52d405585ea40365cd5d1e3bff1396fbba,true,ps2 textures\opaque\bp_remade,true,true,5,remarci_4x,false,0,false
s091a_hut01.bmp,42399a936616acf71aa819d0a7353de20ad9cce2,223beb58f1c9a7409b626cec6eb1ec38b906ded3,true,ps2 textures\opaque\bp_remade,true,true,5,remarci_4x,false,0,false
s091a_hutdoora.bmp_d11345f0c0eee967839f7adabb6d7653,89dd7bb0545a06ec5e6f02abf6cf551ad1b24c68,92632819203cd1642ad789dbb47246583b696d1e,true,ps2 textures\opaque\bp_remade,true,true,5,remarci_4x,false,0,false
s091a_irona.bmp,bd52db48356fd6fa40562f8df43a0d6b4b0290db,bff5c06ca7d484d66de3d98d027ac48f5cb041bd,true,ps2 textures\opaque\bp_remade,true,true,5,remarci_4x,false,0,false
s091a_ironc.bmp,c1616d4948cb610291c7774fb3c209f001ce9c3a,7534546d92f69449eff4179ba3dc6c9908c3c019,true,ps2 textures\opaque\bp_remade,true,true,5,remarci_4x,false,0,false
s091a_irone.bmp,d3ac04192ed1e3df690248e41308d552ef10ee61,c8971c91c7b93609e28887afcceaeebb369798e5,true,ps2 textures\opaque\bp_remade,true,true,5,remarci_4x,false,0,false
s091a_jimenk02_alp_ovl.bmp,806bca0a49e6bfd0834a6db60c3e9f53a659e943,1c4d50c75180b351db9cc1594ff593175d96d2f7,true,ps2 textures\HAS ALPHA\bp_remade,false,true,5,remarci_4x,false,0,false
s091a_kanbana.bmp,d04c8d361bbb12b7b39bb215e2071576380068ff,f1ec8b5f7ffe5add1b6d7097f6e17b9e6c963896,true,ps2 textures\opaque\bp_remade,true,true,5,remarci_4x,false,0,false
s091a_lighta2.bmp,a121e9b8f430a49d963932857f030a937c251626,e9c11259f8918ec5ffb3870f94a1e67b8dc88e3a,true,ps2 textures\opaque\bp_remade,true,true,5,remarci_4x,false,0,false
s091a_manhole00.bmp,2a7bade035d09184b51703abc6d5eb62e62e534c,2cd72539f34e8f1a8f4ea3672ffefbe1cfb9bddf,true,ps2 textures\opaque\bp_remade,true,true,5,remarci_4x,false,0,false
s091a_manhole01a.bmp,ba36ec6338d81e2649dd118a710e3df2fc56e1e5,6a7577c0b1079c26366b76d1f609921c551b5687,true,ps2 textures\opaque\bp_remade,true,true,5,remarci_4x,false,0,false
s091a_manhole02a.bmp,4e5f6686f2f854797a91e752dc24a60c63969026,cc6d9e8de415dd6bd7d59588d15d7322dc4177c1,true,ps2 textures\opaque\bp_remade,true,true,5,remarci_4x,false,0,false
s091a_mata1.bmp,ad2d52c754e8a0f1ca9419406331593d5937a9ce,cc4013b53567f896fcc7cb56a362fa274de25b19,true,ps2 textures\opaque\bp_remade,true,true,5,remarci_4x,false,0,false
s091a_mata2.bmp,05e9dac499a4b920d4074d508aaa314983ddc906,76298857872583c51097f7c23fdc7716b0672d4b,true,ps2 textures\opaque\bp_remade,true,true,5,remarci_4x,false,0,false
s091a_mata3.bmp,69ac16b95c4580e00d81b42bae31df6c56b2efe8,cc000ca8c5f8f7cd464f3ebff9bda93bb258d76a,true,ps2 textures\opaque\bp_remade,true,true,5,remarci_4x,false,0,false
s091a_mog_bg00_rep.bmp,3a55b3272fbe1efebe426b8cd0c58f0d9e6a4316,266ccd885e2dfe85b1fe31180668ac9336ea6790,true,ps2 textures\opaque\bp_remade,true,true,5,remarci_4x,false,0,false
s091a_mog_door_02.bmp_bed64e88590635d16404d74890e03e9c,8dae6752e121f1bfa5818aeaed55012f2dcfe0e9,0d081d54f81e17fe54b41eacc9baeaf42d86725f,true,ps2 textures\opaque\bp_remade,true,true,5,remarci_4x,false,0,false
s091a_mog_roof_rep_01.bmp_f4b772bfb171739bee5668666faa19c4,162fadb465e1770b7e6652b5757ae03ffbcbaf9d,e1bfcad95b0c8791ab64b1cc8704ba732be7c226,true,ps2 textures\opaque\bp_remade,true,true,5,remarci_4x,false,0,false
s091a_objbox01.bmp,4a16feb4050c3517e68699b9cd7c834c033508d4,9d50092d8378d7e197b72b6f6cce9910733be541,true,ps2 textures\opaque\bp_remade,true,true,5,remarci_4x,false,0,false
s091a_pipe00a_rep.bmp,27a89210a4dea29843a1724427e7f255455e588e,f6b14f23e96e95d747a0d6096f5ec1851e75faa9,true,ps2 textures\opaque\bp_remade,true,true,5,remarci_4x,false,0,false
s091a_pipe01.bmp,95d27bf5f247f664ad9edbf39dfd797ee0c8b97b,48974b6a1392eb55b6dbb5f3b05ba55640864b6e,true,ps2 textures\opaque\bp_remade,true,true,5,remarci_4x,false,0,false
s091a_platea_alp_ovl.bmp,89186a10e7de6b836b5941fefbee6eadb4719755,141933c80526bd63d323639888a2caa88f6444ff,true,ps2 textures\HAS ALPHA\bp_remade,false,true,5,remarci_4x,false,0,false
s091a_pnl05_alp_ovl.bmp,0973cafc74e8e380521fadf53ddb49f79e4ad69d,d932d75c12b091c857d08224c0440fd56e302e22,true,ps2 textures\HAS ALPHA\bp_remade,false,true,5,remarci_4x,false,0,false
s091a_pole00a.bmp,79537c4b502ff22717595236daecaaaa886a87fe,a1a6914350b1e512f1eef711aa97b399e246e8cc,true,ps2 textures\opaque\bp_remade,true,true,5,remarci_4x,false,0,false
s091a_sewerfl00a_rep.bmp,0c4aff80bce35c149ba67a5db1bb9aa5051426d7,65af372237b80aae4e15eab39550184cd27723c8,true,ps2 textures\opaque\bp_remade,true,true,5,remarci_4x,false,0,false
s091a_sewerfl01_rep.bmp,1f1415d3278cb5ed9ac46ff98fd05753c66ace3a,7aba50b8bae601ea083eea27ec19dd16721d5ce7,true,ps2 textures\opaque\bp_remade,true,true,5,remarci_4x,false,0,false
s091a_sewerfl02_rep.bmp,ce3fc2ef8d666dc48fb11014e171fcc25fda37b5,e76f0d73e83ec7c6181d1096de61172696ea7e0c,true,ps2 textures\opaque\bp_remade,true,true,5,remarci_4x,false,0,false
s091a_st00.bmp,f5434e0b676de279c4ab75de12274b84cb83ae97,2ec3d96eabfccf319da426e2dd7f419a5ede39ff,true,ps2 textures\opaque\bp_remade,true,true,5,remarci_4x,false,0,false
s091a_st01.bmp,638a54eea3ee848ebdceb66a3d193792cec2bf1d,1bfad285892b7abb8cee20ae7850b47d937e2676,true,ps2 textures\opaque\bp_remade,true,true,5,remarci_4x,false,0,false
s091a_st_panel00.bmp,7162147896fcf21e619ec31053248224a25195e0,0a05eb1696996f18fa49f5e6e3c6da40a8219831,true,ps2 textures\opaque\bp_remade,true,true,5,remarci_4x,false,0,false
s091a_tanka_rep.bmp_b56bf027bb7820fa0a3c85f07530b224,80b700120e0f01e9635dd8861aa74074bb4db61e,e3d283e74924092810bb67134505304e607e0a10,true,ps2 textures\opaque\bp_remade,true,true,5,remarci_4x,false,0,false
s091a_wall00_rep.bmp_c496d8bbd6b8ff563961f92b15f0b2c6,cc0da9ab1c56b27a7a905427ad3994a2698ecd5c,48f3c9ab2ec88dc41079df36b5a86ac9910a8b7c,true,ps2 textures\opaque\bp_remade,true,true,5,remarci_4x,false,0,false
s091a_wall01.bmp,0416f986167aa31945722283124de7ac5bf77506,8e63450954a06effed0ef008218db4346b4e8e95,true,ps2 textures\opaque\bp_remade,true,true,5,remarci_4x,false,0,false
s091a_wall04.bmp_17bfc58190402a6ed22e4525cbedef00,75f3ee56c18a1ee7350d91fad450716b1a2a265b,177c7dac6647337557f83530adfcbce8e791f875,true,ps2 textures\opaque\bp_remade,true,true,5,remarci_4x,false,0,false
s091a_walldct00_alp_ovl.bmp,ef8421f1fd690210d505cde7f84748aab07576b2,283fe6051141c87f12f3006833d80a7166609463,true,ps2 textures\HAS ALPHA\bp_remade,false,true,5,remarci_4x,false,0,false
s091a_walldrt00_rep.bmp,fd1c8c7e08954ef3d43a499f9f4327fe82eb765b,b4289b9cd95642aff12a26a14c13df10ec281208,true,ps2 textures\opaque\bp_remade,true,true,5,remarci_4x,false,0,false
s091a_walldrt02a_rep.bmp,3160bf5438adfdec32f23907cd0a5d6d278244f4,cae0fa7614ab7cf8b3f6c7d57f6cdf9b1fdcd2a4,true,ps2 textures\opaque\bp_remade,true,true,5,remarci_4x,false,0,false
s091a_watchtower02.bmp,15512b7d2c37fccc8293555194ae3a6c0aa6da52,a137f5d802aef11e3bd8a58e205908a58e910a76,true,ps2 textures\opaque\bp_remade,true,true,5,remarci_4x,false,0,false
s093a_rail00.bmp,e0a7d4d16f46b7caa49e711a7d826b1b4c9b5b0e,964fca00c1f5bd7928c72fa12100fd91b3ce7faa,true,ps2 textures\opaque\bp_remade,true,true,5,remarci_4x,false,0,false
s094a_wall00_alp_ovl.bmp,ffe26347398044132e9dc3027b75b3fc8aabf316,1fd4c7a1d75b5bde8cbf04ad77ee5033198e8594,true,ps2 textures\HAS ALPHA\bp_remade,false,true,5,remarci_4x,false,0,false
s101a_256door.bmp,e152bfab607ee25da35260caf7274b417d8d6400,368676d5bff823074b767dbd31e081bd09c07160,true,ps2 textures\opaque\bp_remade,true,true,5,remarci_4x,false,0,false
s101a_256wall_inside.bmp,326e1510da05ae7b2eed84d7eb7d95494d49b11f,da64e33132ec4fca39121373f9088e2020b6d28c,true,ps2 textures\opaque\bp_remade,true,true,5,remarci_4x,false,0,false
s101a_256wall_inside2.bmp,fca152e7578ca918b0dc1e7a86dd790a9e37bd04,8a31aa3badffc0fd4d4a2432284657bb6343da67,true,ps2 textures\opaque\bp_remade,true,true,5,remarci_4x,false,0,false
s101a_256wall_rep.bmp,77f7df52164368be0dfca2abbd125d3ec9c6ad2a,8503c8d528a60b15006dc54015412d459865f5ce,true,ps2 textures\opaque\bp_remade,true,true,5,remarci_4x,false,0,false
s101a_book_case00.bmp,46042053c3b6738f5af24222ab88d77d78be3eeb,3578a441eb215788710da0611738c0ee5fcd44bf,true,ps2 textures\opaque\bp_remade,true,true,5,remarci_4x,false,0,false
s101a_books02.bmp,76097686da0b9dc437a46cf13faad00071fd47ca,5554092ddb97fcd807917419b3ccc9ac6c4e3721,true,ps2 textures\opaque\bp_remade,true,true,5,remarci_4x,false,0,false
s101a_bord01.bmp,c477c0c7f264b8f14a7a052d293729f45516a890,323b99a24a046696a4104fa675f4833bf2692e02,true,ps2 textures\opaque\bp_remade,true,true,5,remarci_4x,false,0,false
s101a_bordb00.bmp,69932a649f5c5c79154a51e32601f8ef8d29cab2,14f9c8618ccad99b123313a41ada79e38f0e6265,true,ps2 textures\opaque\bp_remade,true,true,5,remarci_4x,false,0,false
s101a_boxa00.bmp,0f4457f5ef303a9ffc3297da3dfeb5cee2d63f38,af610b7e9083adcaa56690c56e273cc81bdd310a,true,ps2 textures\opaque\bp_remade,true,true,5,remarci_4x,false,0,false
s101a_boxb00.bmp,2f605b35ad5223d0259f84d895683af47c7d40cd,222dad4e6ec7f6a89f16dca648b2fd564182eb84,true,ps2 textures\opaque\bp_remade,true,true,5,remarci_4x,false,0,false
s101a_case00.bmp,d64682776294d8175dcf37ce0e4fec596c0a3f0a,61cb9d1bda11b30f3dcb08b40bf9ae8fae21d2d5,true,ps2 textures\opaque\bp_remade,true,true,5,remarci_4x,false,0,false
s101a_comp00.bmp,d02ea13f364ff5e14d497ff6f2c24d60ab5c97b7,1f02f7a48e1c2ea267e157578c27e6d0e7f73de7,true,ps2 textures\opaque\bp_remade,true,true,5,remarci_4x,false,0,false
s101a_comp00_back.bmp,4d87c43aeaebc036f8ddf4658df16698460c9bee,f05147bd979aa03b6941acb1c804c8b792230f75,true,ps2 textures\opaque\bp_remade,true,true,5,remarci_4x,false,0,false
s101a_comp00_side.bmp,10c615b0d51c86d8518453f41eb1918b60e8af7d,3e0b8d76b93138c4538539131f268f013959318d,true,ps2 textures\opaque\bp_remade,true,true,5,remarci_4x,false,0,false
s101a_comp01_alp_ovl.bmp,b7be531435a7705db6312a2b3b1c2e0bd927e02c,39e4aed81ca0f446c24da5f0d94eb7b34cbc341b,true,ps2 textures\HAS ALPHA\bp_remade,false,true,5,remarci_4x,false,0,false
s101a_designpic01_alp_ovl.bmp,d0a72307486cd10024e80f279c9288d85955cdc8,378585e4f0dffd75023d13f4364f6090d97955aa,true,ps2 textures\HAS ALPHA\bp_remade,false,true,5,remarci_4x,false,0,false
s101a_door_toilet00.bmp,880d8e5eb6edb2efc5811ed07331e6c9cde2ba4a,8d08e9a34113a5569a68479bea0fa17a54a02d18,true,ps2 textures\opaque\bp_remade,true,true,5,remarci_4x,false,0,false
s101a_doora.bmp,bddd3b0a1f228eff0ce26a80d67d059689656837,58e09a387a1f5252486ea76bb1a7fd759f954bd3,true,ps2 textures\opaque\bp_remade,true,true,5,remarci_4x,false,0,false
s101a_doora.bmp_cfde9b5d6e2a46b2606ac8a5922ebd2a,31deac1ff677ca6b4f296116b9c288da9c5b4ea9,91426fe89f7c053613a71100a3777d4dddc78381,true,ps2 textures\opaque\bp_remade,true,true,5,remarci_4x,false,0,false
s101a_dustbox.bmp,708a4b436b426fb5aba5e6c91c032b8a3c05cfbb,c304a55d251cf678e0015edb0254b08b1c5c2559,true,ps2 textures\opaque\bp_remade,true,true,5,remarci_4x,false,0,false
s101a_fl_tile00.bmp,2faedcd37d9a24e3ac931e639ab0d4098baefe67,ac586c76757888a2f6407d43150993fcc313b0c6,true,ps2 textures\opaque\bp_remade,true,true,5,remarci_4x,false,0,false
s101a_floor01_rep.bmp,ca2f8f8fe827c85d1b409756926893ac66448e41,eceb40156997443fe887c18ee8cd3e50abdb1bda,true,ps2 textures\opaque\bp_remade,true,true,5,remarci_4x,false,0,false
s101a_floor02_rep.bmp,a598dd98e91a98d6a60eb068c6a1fc69a80bd6dc,f974db8846317b0e9edc89d7ccfb8e73da7da4b9,true,ps2 textures\opaque\bp_remade,true,true,5,remarci_4x,false,0,false
s101a_floor04_alp_ovl.bmp,5865b5e166af9daa2488caf397021604f47d5270,6b9834184e3748166b9109d539d42eedb8ed4000,true,ps2 textures\HAS ALPHA\bp_remade,false,true,5,remarci_4x,false,0,false
s101a_floor05_cpt_rep.bmp,6b1444ba2a2f9fc649a10e3951cee85de23516c2,6ce188d1f13aa208b98bf361cff738628bc4225e,true,ps2 textures\opaque\bp_remade,true,true,5,remarci_4x,false,0,false
s101a_floor07_rep.bmp,053e2bf78b522d942014e39cdae29d7c9613d90f,7bd02b9f0cba09076dd7ae3c8ce95ef4d30847ba,true,ps2 textures\opaque\bp_remade,true,true,5,remarci_4x,false,0,false
s101a_floor07b_rep.bmp,509993f8caffa4d62eb4e483317728054ae24804,005e3bfb62596bcf48f3785fddc00105b9439ca4,true,ps2 textures\opaque\bp_remade,true,true,5,remarci_4x,false,0,false
s101a_frez00.bmp,dcd7db331b1229a51ea0591b57888594a5124c75,6039978e48869280f7e4f8c60bc6f7ee8c8834a8,true,ps2 textures\opaque\bp_remade,true,true,5,remarci_4x,false,0,false
s101a_locker00.bmp,2f22b4108fa980ded0a92b1e1e49f5a2dc092182,a27a3ac7064949bf7264f9b14e696f1ec0f79b63,true,ps2 textures\opaque\bp_remade,true,true,5,remarci_4x,false,0,false
s101a_locker_sp00.bmp,1522bc2ea1bc18b7a060b7ce6cab4f7f6123acfe,4ee5d5eb0885c3a5b1df9373a46959d5b4dc8c84,true,ps2 textures\opaque\bp_remade,true,true,5,remarci_4x,false,0,false
s101a_obn00.bmp,83bc98d9b137800a215505fa1af917dae26028b9,7e22f21908d99b2028b47c49b4c59f1a00b009d9,true,ps2 textures\opaque\bp_remade,true,true,5,remarci_4x,false,0,false
s101a_office_cabinet_01.bmp,01accb0d578b7f1cbdfd2888e82688562541f006,148eb75f42928ab1425acacc1bf49b1f634cfa40,true,ps2 textures\opaque\bp_remade,true,true,5,remarci_4x,false,0,false
s101a_pillar_a00.bmp,49493130af62dbff35352273bf8627152179253a,0704dda6e27a141a31a9c61a47ba0a3f0ed1aa3e,true,ps2 textures\opaque\bp_remade,true,true,5,remarci_4x,false,0,false
s101a_plant00_alp_ovl.bmp,40bc9c601f32a56e11f23c78b10df164223140a2,a5d0ccaa3a1a0d573449a948cb6fbf3b145b3760,true,ps2 textures\HAS ALPHA\bp_remade,false,true,5,remarci_4x,false,0,false
s101a_plant03.bmp,9d794f0d32e18013e6cd86f5f10ead33185aac61,80b6f3070a457d8e8a7d4eb543de8f251b1283dd,true,ps2 textures\opaque\bp_remade,true,true,5,remarci_4x,false,0,false
s101a_plantb00_alp_ovl.bmp,c72ab853fc643c6d37904d5306910a3560bdaafb,3024432d17739e8082c294e904d36f920cf4699c,true,ps2 textures\HAS ALPHA\bp_remade,false,true,5,remarci_4x,false,0,false
s101a_plantc02.bmp,6c3a0df483bcf7383fe7240e6723f9b8a2f7b52c,f42ce02d9871a4583ee0edd7967f389d2ca7f1e1,true,ps2 textures\opaque\bp_remade,true,true,5,remarci_4x,false,0,false
s101a_plantc03.bmp,0e41ba14a36eaf8efe29a3420ae47dafecd0ced0,2a45246cbb098b97942243a8c42cf960364b3935,true,ps2 textures\opaque\bp_remade,true,true,5,remarci_4x,false,0,false
s101a_pot00.bmp,fb9cddea58cb2164292035eeab8f0b7208f0e0ba,8ed32788eee4fc88f16f274e0fa9f8dd7bfdb629,true,ps2 textures\opaque\bp_remade,true,true,5,remarci_4x,false,0,false
s101a_sofa00.bmp,114bd75238555e09ae42e26c803aea1d6e1dad14,56cbd99096b9313550493d14d7b0a577d030ead7,true,ps2 textures\opaque\bp_remade,true,true,5,remarci_4x,false,0,false
s101a_soil_00_rep.bmp,53e871d8491f57c2b9d748e3e25f7e07ea61a4d0,43fa1e2cc4167b066dee438fa3d65dcce3e32c2d,true,ps2 textures\opaque\bp_remade,true,true,5,remarci_4x,false,0,false
s101a_step_wall00.bmp,b936a1debed025b97f2b4773adb44487e8880a43,a0cc8bb0c236a7146475c0697b1958ba9428e3e9,true,ps2 textures\opaque\bp_remade,true,true,5,remarci_4x,false,0,false
s101a_table02.bmp,0aecacbea4a9829974d10df9e1b7d08f33b7293f,abec759c84335eb005a1801612895b27ae27a58d,true,ps2 textures\opaque\bp_remade,true,true,5,remarci_4x,false,0,false
s101a_table02c.bmp,22b0c785e3550cabfbb572eea468276d0a15e2aa,3822927e0997aa45225ebdb0149cb04af9b7d5f9,true,ps2 textures\opaque\bp_remade,true,true,5,remarci_4x,false,0,false
s101a_table_entrance00.bmp,686448938b019728af122fe2ae6ad43937957166,b8e0593e962eae3b82d6241e1dda1b535e4e7a34,true,ps2 textures\opaque\bp_remade,true,true,5,remarci_4x,false,0,false
s101a_tablec_cast00.bmp,348fc18dda61f227481e8a7ec1015bcf8dfab682,9992673a2ce533c03c199964525c05a237d9da71,true,ps2 textures\opaque\bp_remade,true,true,5,remarci_4x,false,0,false
s101a_tablekit00.bmp,016cadb0d48af8860e0dddcf178fae3601947ae6,10c78560b6123a1c9f87f5f8fabe4e68c019bbe6,true,ps2 textures\opaque\bp_remade,true,true,5,remarci_4x,false,0,false
s101a_wall_grass00.bmp,b6c9e855277c933248f7ab693f8d4521007d454f,f83e9d7b231417fbf8e42664e8abdf71dc700837,true,ps2 textures\opaque\bp_remade,true,true,5,remarci_4x,false,0,false
s101a_wall_tile00.bmp,1b4dbe9a539ec14a27383abd1084266d67f35476,d4c16309512e24d48ad10e590c89f84daa0247f7,true,ps2 textures\opaque\bp_remade,true,true,5,remarci_4x,false,0,false
s101a_water00.bmp,9ccc8c3cc20f54a8895d9793c78aeb79883155fe,e6872a5991b1152d753e732b9d27cbbe2f2e094b,true,ps2 textures\opaque\bp_remade,true,true,5,remarci_4x,false,0,false
s101a_water02.bmp,75146fdbaa88ac4f2ecc833bcfcffffc195dbd7a,f7dc2c51a71550daffb63eab55c6f19d1abe469d,true,ps2 textures\opaque\bp_remade,true,true,5,remarci_4x,false,0,false
s111a_bed_01.bmp,da40eebf0e1ed15908b479ef6cd7fa1b692d87c9,829f0a2684b55b061f3cb09f3b090523b076f9ba,true,ps2 textures\opaque\bp_remade,true,true,5,remarci_4x,false,0,false
s111a_bed_02.bmp,ae2b3b67f59026270b861e32993a29a3369e565c,2cd6eeebb9621c40cb17e8dbd1c82a27fe804bb6,true,ps2 textures\opaque\bp_remade,true,true,5,remarci_4x,false,0,false
s111a_bed_04.bmp,ae968a922280adaba765267916a17c47329c5c61,6639a575f3d76e3afbd6bdb22711ad9b2e59a3aa,true,ps2 textures\opaque\bp_remade,true,true,5,remarci_4x,false,0,false
s111a_door_01.bmp,dd7d3792200d6975e35d20b6e600aa61480edd8d,114fac68a3e0d2d41e0962435a42b15a1d1e8933,true,ps2 textures\opaque\bp_remade,true,true,5,remarci_4x,false,0,false
s111a_door_04.bmp,d08cb2f57e4e55c16075f1f5ee5029fcf039f151,60c22ba4d18fe47610c0de42cbb1ac75a5530e56,true,ps2 textures\opaque\bp_remade,true,true,5,remarci_4x,false,0,false
s111a_room_hako_01.bmp_935e8932457967b8bd4d4d6c213db507,c7c3dd83a2cb0be4563e2c30b671eabb8cd85571,607f1be9838553fc3a124b684ddbe35e258c42aa,true,ps2 textures\opaque\bp_remade,true,true,5,remarci_4x,false,0,false
s111a_room_light_04_alp_ovl.bmp,03fedc7001c98dc14fde11c92748644f4776e31f,551e3a3264d4bd6f3571d5660788ab261da791f7,true,ps2 textures\HAS ALPHA\bp_remade,false,true,5,remarci_4x,false,0,false
s111a_room_meca_01.bmp,2cf1251fc1b8fe5e916f092234a7da64a5fc8cb0,6e29c2a3148aaa6390364115890b110a73db9cf8,true,ps2 textures\opaque\bp_remade,true,true,5,remarci_4x,false,0,false
s111a_toilet_04.bmp,ab14b736c2c394d5519e85ef8b401adc8081f75b,a9b4d0310720cdc822a7f8cd0f172ac829500724,true,ps2 textures\opaque\bp_remade,true,true,5,remarci_4x,false,0,false
s111a_wall_01.bmp,4170e4ecd464544ac8cebaf81650a7fa9364d969,20e66b2d20ed092ab12bc24e1e91cfdb98a7db48,true,ps2 textures\opaque\bp_remade,true,true,5,remarci_4x,false,0,false
s111a_wall_03.bmp,b18df1b9d7b1596e3725bfbb18029939f13fac44,04b0f2e7a26e5bcd26e7b62497757c105a9d527b,true,ps2 textures\opaque\bp_remade,true,true,5,remarci_4x,false,0,false
s112a_cell_dai_02.bmp,a1747f6dcfc57fe59800895086cf1cf2cc3f90ad,3f7b463d95ca36ae13cf44d9973b7b98b457fd5d,true,ps2 textures\opaque\bp_remade,true,true,5,remarci_4x,false,0,false
s112a_cell_dai_03.bmp_a173326396017c309bd4690558b32265,23b5e04c47edcd27504d3766dff141b7efc54011,a1ff7df19e9fa28def113178d0ccdad142bef0c8,true,ps2 textures\opaque\bp_remade,true,true,5,remarci_4x,false,0,false
s112a_cell_floor_01_alp_ovl.bmp,5c09fbb4666ec302a73e827539ebeac11ec3aaee,3c2ef371ea65f95f4eebd9feac924b368866051d,true,ps2 textures\HAS ALPHA\bp_remade,false,true,5,remarci_4x,false,0,false
s112a_cell_ironbars_01.bmp,1bf665ed03db19bdd0037c0cdfd01c073cb830e2,0e3ae4b5a3359cfd9005308e32b45acffb64d418,true,ps2 textures\opaque\bp_remade,true,true,5,remarci_4x,false,0,false
s112a_cell_ironbars_02.bmp,5c0dc2b44b391ebc241b62fda55b850dc27d9a51,c7093ae32a43c69a56b453e5b03cd79e2b2fc308,true,ps2 textures\opaque\bp_remade,true,true,5,remarci_4x,false,0,false
s112a_cell_ironbars_03.bmp,24877a5ae1350d5b48a7e66fd767c53043a15805,020fe51d0b17e4d55adcfd210d789eebedaf9aa3,true,ps2 textures\opaque\bp_remade,true,true,5,remarci_4x,false,0,false
s112a_cell_ironbars_06.bmp,86069af5ffaf631be844c89327209f67bd624607,21881a0d74e72ba44364080d83f8f659824745aa,true,ps2 textures\opaque\bp_remade,true,true,5,remarci_4x,false,0,false
s112a_cell_ironbars_07.bmp,14a3e87dfbcf769aeb68c5c33a85d3161403a042,baf55e528ebfbbb998d1778811156dc93338cd07,true,ps2 textures\opaque\bp_remade,true,true,5,remarci_4x,false,0,false
s112a_cell_ironbars_08.bmp,d461159be503c13552890feee8632f63282f2703,a4786b215c4239679387d532351f51d301778e2b,true,ps2 textures\opaque\bp_remade,true,true,5,remarci_4x,false,0,false
s112a_cell_tuuki_01_alp_ovl.bmp,50663521413ab1a259ddac3b2a87b69a88533f1b,a31c0cfac27648872496014e53f86cb302c61ca5,true,ps2 textures\HAS ALPHA\bp_remade,false,true,5,remarci_4x,false,0,false
s112a_cell_wall_01.bmp,f3d49593b8c90847305ee686bf171036fa95bbcc,4530a2bc0dd25c959608db6a5ad20f26da9798b1,true,ps2 textures\opaque\bp_remade,true,true,5,remarci_4x,false,0,false
s112a_cor_floor_02.bmp,3f76c47057d23ce0dd0b8d41aa9c88ff9c9dc1b1,891f25a1c5119a590cc15220bc35aef20f18d33b,true,ps2 textures\opaque\bp_remade,true,true,5,remarci_4x,false,0,false
s112a_cor_floor_03.bmp,a85e83edeedbac5c93c5f0c47e6f6a589b23ee48,8a687034a330e7e23fda645fab1e444aad6b4427,true,ps2 textures\opaque\bp_remade,true,true,5,remarci_4x,false,0,false
s112a_cor_floor_05.bmp,ab405730df07c7cd81f92da13c5e198f59acffb2,71b2c8e3fd305a97217be1e4fba2ef81294a11f3,true,ps2 textures\opaque\bp_remade,true,true,5,remarci_4x,false,0,false
s112a_cor_floor_07.bmp,31d33c18ef3fc0d7f6205fc26c054f68844bb980,d0cf61a99347dde218d081a228af4cee00466360,true,ps2 textures\opaque\bp_remade,true,true,5,remarci_4x,false,0,false
s112a_cor_ironbars_02.bmp,bbd07ef72ec306dad9baad164a90cb6fa53eb37c,00bc5cb44e520613e11cd457b27c4735a118cd95,true,ps2 textures\opaque\bp_remade,true,true,5,remarci_4x,false,0,false
s112a_cor_window_01_alp_ovl.bmp,2a7c4edebb7465abe3903387ba4e5ee0d3288bcc,dd869de0fe45dfcf7c380c859c1a398c2998e675,true,ps2 textures\HAS ALPHA\bp_remade,false,true,5,remarci_4x,false,0,false
s112a_goumon_floor_01.bmp,408ed3a2234243c820bca09124ad8239f003ba82,d0abf5c1c38779dba277796643473ae0f5db8ef7,true,ps2 textures\opaque\bp_remade,true,true,5,remarci_4x,false,0,false
s112a_goumon_meca_09.bmp,784ea268d996048765ca6eb5c76a875436e4a750,46a1b55b72bdacff9d75dce62507f091deee1944,true,ps2 textures\opaque\bp_remade,true,true,5,remarci_4x,false,0,false
s112a_goumon_rail_02.bmp,55e1ccadcb7d0bf00b192262fa5bdcccbf93ba0c,df0717629e12440c0b2fef78e6c662109aac5a14,true,ps2 textures\opaque\bp_remade,true,true,5,remarci_4x,false,0,false
s112a_goumon_wall_01.bmp,538134f99bd0166f96155d89d4ca023d5145ec12,62ac71621fd52a9a9cec0e82f761f28ca6e58b9c,true,ps2 textures\opaque\bp_remade,true,true,5,remarci_4x,false,0,false
s112a_hibi_01_alp_ovl.bmp,3451f5d2345a9f71ba74b8d128ba97bc715fe9f4,ad7114e6e68396a09d773036e671ccdc9394a742,true,ps2 textures\HAS ALPHA\bp_remade,false,true,5,remarci_4x,false,0,false
s112a_kanshi_wall_01_rep.bmp,521d13751544a3357f808624ed734d61b2fdcaad,c1f0159565ef9ebc36873e203fb9a1f24818e48d,true,ps2 textures\opaque\bp_remade,true,true,5,remarci_4x,false,0,false
s112a_ne_room_boad_01.bmp,97dabcf6917bb80caaa7902d45db543e164bf18c,ab22dcc2445bee29be81f861fea1ef9f5af71db2,true,ps2 textures\opaque\bp_remade,true,true,5,remarci_4x,false,0,false
s112a_pos01_alp_ovl.bmp,89f1dc285872f562cf0231b4d4289946be190119,cd93fcc5e3fb4d58e36eed3bfd40c54f4052421c,true,ps2 textures\HAS ALPHA\bp_remade,false,true,5,remarci_4x,false,0,false
s112a_room_desk_02.bmp,527e078d11d9ea6d27a905460675944781735b0c,81ba2276a9454158fb6f89aa5968ad3e2c7f15e0,true,ps2 textures\opaque\bp_remade,true,true,5,remarci_4x,false,0,false
s112a_room_desk_04.bmp,b8cd2dd83dfe328cce703b89272f9244b5b3bdb4,8bc642b85b9dd2c1b3460bb128a6a210b5dbd737,true,ps2 textures\opaque\bp_remade,true,true,5,remarci_4x,false,0,false
s112a_senmen_03.bmp,0b6ce9520c7985f9327293f21778b0579ac809bb,a75f63b870cafe75be70c9ca5428e30c37c060a6,true,ps2 textures\opaque\bp_remade,true,true,5,remarci_4x,false,0,false
s112a_slide_door_01.bmp,4c1c787d8917b58ef4755db9d853380879bbe4ed,e0afec0e1640f74f70f2afa6ef591c746b80ee74,true,ps2 textures\opaque\bp_remade,true,true,5,remarci_4x,false,0,false
s112a_toilet_paper_01.bmp,6bdc93e4c8ded23604ce1f7540da1d7430f96d64,f4fc2156169985abb15aa883e7fe469ebc8f6bd9,true,ps2 textures\opaque\bp_remade,true,true,5,remarci_4x,false,0,false
s112a_wall_02.bmp,d295e3c2f2e7ca730a5b6c9aec4cd1f2c3101410,b7d76e703d7bd6e7f9a23889bd1481e9d866fbb1,true,ps2 textures\opaque\bp_remade,true,true,5,remarci_4x,false,0,false
s113a_cfloor00_rep.bmp,cc4935cf1b06372d78f9c86b60341d7eaa0fc5ac,3e5bc130da934662221784e9c0784be6bd329fcb,true,ps2 textures\opaque\bp_remade,true,true,5,remarci_4x,false,0,false
s113a_cwall01_rep.bmp,cd72122e625bd6eff8db2b61ceb0e4f052889895,da8d0811306c38d51bb3f42f73ffa99a6a9c4c34,true,ps2 textures\opaque\bp_remade,true,true,5,remarci_4x,false,0,false
s113a_dkt00a.bmp,81c827f99674cb9d1c6ecb02d665f291ed212c6d,234d2f926996edbffb68c0e9631433661f993596,true,ps2 textures\opaque\bp_remade,true,true,5,remarci_4x,false,0,false
s113a_dkt00b.bmp,4d005cbf8046218035bb1591018591ce47cf255c,6aeca6ca3825e6619591a476b1eff59c317d994e,true,ps2 textures\opaque\bp_remade,true,true,5,remarci_4x,false,0,false
s113a_floor_00_rep.bmp,c8f069813d98246073315b84b71defd3a6d56a76,633a7c87c525f43c44fb25e8e2f688083c00910b,true,ps2 textures\opaque\bp_remade,true,true,5,remarci_4x,false,0,false
s113a_floor_01.bmp,1894917ff5b070fee1059765ea7bf22d81a17adc,650653b10ce5f246e6f15d7a7282309a5bf14f78,true,ps2 textures\opaque\bp_remade,true,true,5,remarci_4x,false,0,false
s113a_floor_03_rep.bmp,6a091ede2940729ee27e0b8ee0059ddae8b37083,3fe94ab462d5bb499ff2869f95231366209100d1,true,ps2 textures\opaque\bp_remade,true,true,5,remarci_4x,false,0,false
s113a_pipe01a.bmp,148c089f09a197a25f0f39cbc3cc7973a345eaf3,766334e6bf61fc958924dd184780901c1ce1498a,true,ps2 textures\opaque\bp_remade,true,true,5,remarci_4x,false,0,false
s113a_pipepbj01a_alp_ovl.bmp,4aa1426c1f3d1473e5761ae0719eae7bf56d1d8f,21d4618ad2c9db5da36aa13e19df019a9f6d6c02,true,ps2 textures\HAS ALPHA\bp_remade,false,true,5,remarci_4x,false,0,false
s113a_roof_bar00.bmp,c0303578dfd909bb10fade834691480435f2d508,c5093863232a69c27eab78c988a21f2a073c1ee6,true,ps2 textures\opaque\bp_remade,true,true,5,remarci_4x,false,0,false
s113a_s092adkn00.bmp,fe4eeff129260b396bb8b03f6b57b746ce1b59d7,c182ac50c46fac75c15b3e54025a89f951422692,true,ps2 textures\opaque\bp_remade,true,true,5,remarci_4x,false,0,false
s113a_sk01a.bmp,7147484f84c98c9610090cd92deffc5893f0accd,ef56f0115d14359bcdfe95d0154c1b1cbd5baeff,true,ps2 textures\opaque\bp_remade,true,true,5,remarci_4x,false,0,false
s113a_sk01b.bmp,1174efaf262b8efb6cc7a12d7ef7442bf7884eab,7ba20acfa622fbdd7a4aa7fa11dcdcd5f1c50559,true,ps2 textures\opaque\bp_remade,true,true,5,remarci_4x,false,0,false
s113a_wall01a_rep.bmp,fd538b29998e6747898260b438884b58f0482873,9f38a01d7e63a9f2bd87212a28af721852e0b960,true,ps2 textures\opaque\bp_remade,true,true,5,remarci_4x,false,0,false
s113a_wall01b_rep.bmp,3723df1a17843290e04864e886748d805aab5a01,c6c9162fb311bb09be1c72e057a2a9ac915e1541,true,ps2 textures\opaque\bp_remade,true,true,5,remarci_4x,false,0,false
s113a_wall02_rep.bmp,316e2712e61d1e6b9f448389ad732c5ebfa91a4e,929827c3c85c1a8b5a6d4997bd298a6e3640eb8d,true,ps2 textures\opaque\bp_remade,true,true,5,remarci_4x,false,0,false
s113a_wall03_rep.bmp,ef97ae899a12656c366167e2eaefb0ffac6c1c58,405dd064634d6658b6a9da6032d3f1d87746b32a,true,ps2 textures\opaque\bp_remade,true,true,5,remarci_4x,false,0,false
s113a_wall04.bmp,f59a772ff99f1f6a53c0f94c33420dfbdb5435c6,e30a62e088c47951bd86c812b2fca0e7e2225556,true,ps2 textures\opaque\bp_remade,true,true,5,remarci_4x,false,0,false
s113a_wallrusty03a.bmp,c51b48f1650161fe5796f8ccfd0532aa6fc83999,c008ebaab92d3d5ae50f3be5a533c82dc7146204,true,ps2 textures\opaque\bp_remade,true,true,5,remarci_4x,false,0,false
s121a_door_01.bmp,09d77d2230ce6d8bab42d092b3019f85dbde5485,4fa39578c284014dc3cfef48301889c1140b3bd6,true,ps2 textures\opaque\bp_remade,true,true,5,remarci_4x,false,0,false
s121a_mogi_fueltank_09.bmp,4e5cfc6daaba713a24fceadccacf5fffec73bb2a,101359d88c4258f97d2a36b2f6cc38ec731796e5,true,ps2 textures\opaque\bp_remade,true,true,5,remarci_4x,false,0,false
s121a_mogi_fueltank_10.bmp,b7c7b227e97f5c9ef2a71ff54965ffa2881b25b3,a7b0ebeb84aef79ff6ecced522a53e4dfb3631c1,true,ps2 textures\opaque\bp_remade,true,true,5,remarci_4x,false,0,false
s122a_fence_alp_ovl_01.bmp,52a528a4e9771502d0b3a2f14951dbbbeb6e0e99,66a227747ee398066f1960963f033cbdeb5f52d0,true,ps2 textures\HAS ALPHA\bp_remade,false,true,5,remarci_4x,false,0,false
s131a_mo_obj_01.bmp,1494d17787a399c5e03728309420d6dd1145c840,2f438f700155167c8c3cc38bf9c1b6f13f98b9a6,true,ps2 textures\opaque\bp_remade,true,true,5,remarci_4x,false,0,false
s131a_mo_obj_rep_02.bmp,25d73b809c54246b37387948af215aa77a7798a8,1d649b40c0a6a450e5ee135bd5193fab1d8e90d4,true,ps2 textures\opaque\bp_remade,true,true,5,remarci_4x,false,0,false
s131a_mo_pipe_alp_ovl_06.bmp,c7c25331f4a0b5f897da31b4578c009892809f49,1e3f1e2a83d6831de1343af3eb9f2ef9cce6ab01,true,ps2 textures\HAS ALPHA\bp_remade,false,true,5,remarci_4x,false,0,false
s131a_mo_pipe_rep_05.bmp,d916ae0a50d149b36ed80ea46d5995de6eb57de4,9122ae4fbcbadc5468214c0f8b4819e13c573a3f,true,ps2 textures\opaque\bp_remade,true,true,5,remarci_4x,false,0,false
s131a_mog_snow_alp_ovl_rep_04.bmp,ede6a94c6746e3dcccd8f22a6bf8f1fede581656,7e42da53a76b3301aff1c624590686d2bdae9ddd,true,ps2 textures\opaque\bp_remade,true,true,5,remarci_4x,false,0,false
s131a_mog_stain_alp_ovl_02.bmp,c95f2cb9d466ae421ea652ac02c01d6fefc348fe,2093e44123762fd0a7edcf8d1b2ef663d196dae2,true,ps2 textures\HAS ALPHA\bp_remade,false,true,5,remarci_4x,false,0,false
s131a_mog_stain_alp_ovl_04.bmp,6bb56ca7054ca5aa8294b1d542a9ebbe87d9124b,b7403052e1ac5b5165ab7d44ff65680489747c94,true,ps2 textures\HAS ALPHA\bp_remade,false,true,5,remarci_4x,false,0,false
s131a_mog_wall_alp_ovl_rep02.bmp,47a21f0994952fafbf35ad1d82205a5e669bfb94,30bb1be74871c3e04403b74c6bc1521ff73ca22e,true,ps2 textures\HAS ALPHA\bp_remade,false,true,5,remarci_4x,false,0,false
s131a_mog_wall_rep_01.bmp,66ff15e1a4b872ced1176c0a616759a5cb361a4a,5e8c4f8e49ccd9d7005d1b139d4010f4548ef538,true,ps2 textures\opaque\bp_remade,true,true,5,remarci_4x,false,0,false
s151a_touboku_a01_rep.bmp,fda9318a85ef416b66f7ac9122f80bf0ccaa4dc2,6e3208dd8de713585cbaf3a4fd94241bb3a1c5d0,true,ps2 textures\opaque\bp_remade,true,true,5,remarci_4x,false,0,false
s151a_wet_rock_a01_1_rep.bmp,89fdc04ad475df144ae6ad5a9015e4a495d5b9c3,d4f1bd180bb5d84d419aa8f8270b9c343ee5c93c,true,ps2 textures\opaque\bp_remade,true,true,5,remarci_4x,false,0,false
s152a_fence_01_alp_ovl.bmp,32a3f8d6244c25b9348dced4cc6fe8b5298f1285,0ea105ca718e2c769c1c53e0fdd39b0e47b59b8f,true,ps2 textures\HAS ALPHA\bp_remade,false,true,5,remarci_4x,false,0,false
s152a_fence_02.bmp,504696ef8fe83d8f63d54f081e5cbc5a8a2ce3cf,217ae25d67ed721aa6ef6ef746427697ff50d83a,true,ps2 textures\opaque\bp_remade,true,true,5,remarci_4x,false,0,false
s152a_floor_01.bmp,7f25dd1c1d8f3a03596fd7eb8165bbe0f6547e69,4bd2d73fda27c8c364d144cfd2982cf308a2affe,true,ps2 textures\opaque\bp_remade,true,true,5,remarci_4x,false,0,false
s152a_floor_03.bmp,9fc3874c87b5f8f54442b7a30054212bd5424080,638f8788c05911132011a646a196f9827da0798a,true,ps2 textures\opaque\bp_remade,true,true,5,remarci_4x,false,0,false
s152a_light_04.bmp,385073821c6b66b17a9e1a6317085e97472b5f1c,4bb87031bc4c801cb72732c8f400d77c2532301b,true,ps2 textures\opaque\bp_remade,true,true,5,remarci_4x,false,0,false
s152a_rocksfc_a01_rep.bmp,41bf12171afceb6a946cad3100eacc6df41d1eeb,f47226927c22f9feb77f54e392c1f6145dfbfafd,true,ps2 textures\opaque\bp_remade,true,true,5,remarci_4x,false,0,false
s152a_rocksfc_a03_rep.bmp,3413330f910804b2c2c0bba5321dcf6c5b1201be,b8a7e363964e1fecd019eabcb8f21f10cb47b1f0,true,ps2 textures\opaque\bp_remade,true,true,5,remarci_4x,false,0,false
s152a_room_door_01.bmp,cb2a066332067de2ee8d2eab3dece3c28e071f5c,5dcdb014e831940914a7def263cb78407b1ed563,true,ps2 textures\opaque\bp_remade,true,true,5,remarci_4x,false,0,false
s152a_room_floor_01.bmp,076c771bfb1a2dd6b401ca69902355a625a28d06,eed8ba42098b0bbd2b326556dbd50db34ccdb92f,true,ps2 textures\opaque\bp_remade,true,true,5,remarci_4x,false,0,false
s152a_room_pipe_01_rep.bmp,3bdbb0c5636e6c5d7f2bdc9a6ab270134913a0b4,7fe514ced45f0f4a735530d0434b1d723886db3a,true,ps2 textures\opaque\bp_remade,true,true,5,remarci_4x,false,0,false
s152a_room_wall_02.bmp,d20a0c1df9838d7ef6c5ffbe3535bd4c32f669be,d7846182ad9ff377b7468a1b5434fc06d586ab22,true,ps2 textures\opaque\bp_remade,true,true,5,remarci_4x,false,0,false
s152a_takibi_04.bmp,46e35506634b0230524c5fb4cc9c7ddda979382a,751041eb056368ead9ef7760010de0feb17ebd56,true,ps2 textures\opaque\bp_remade,true,true,5,remarci_4x,false,0,false
s152a_takibi_05.bmp,b0a077157e43a0912b83d5d1e6b0864ebfda5a8e,5cd6cfce24e6494b721e44e1e4af56d6d88e9300,true,ps2 textures\opaque\bp_remade,true,true,5,remarci_4x,false,0,false
s152a_wall_01.bmp,7d6d9930264e17d35b9a58ebabedd7fea4df6dbe,5753bebb07eb4be50305830d1deed42bc38b39d1,true,ps2 textures\opaque\bp_remade,true,true,5,remarci_4x,false,0,false
s152a_wall_01_02_alp_ovl.bmp,c243a463a517cb952b786796fe22660927afe472,dc0a872740c413ec553705954afeaf73f9541927,true,ps2 textures\HAS ALPHA\bp_remade,false,true,5,remarci_4x,false,0,false
s152a_wall_01_02_v2_alp_ovl.bmp,9ae576132b079512cb7ebd99030856a9dc2bd90c,837cebd18881a485b5c48076ed2d489f930bf77c,true,ps2 textures\HAS ALPHA\bp_remade,false,true,5,remarci_4x,false,0,false
s152a_wall_02.bmp,21bef0b7ef022411c8316897c7fa1162b9a93441,ee658763336ddb4e9deccaf2ce555e8fa8c833c7,true,ps2 textures\opaque\bp_remade,true,true,5,remarci_4x,false,0,false
s152a_wall_03.bmp,1feea954bc02a4af637ec6173acefc93c56e5c2c,401ca757c3bd316274bdf10ef442c96b5d60db44,true,ps2 textures\opaque\bp_remade,true,true,5,remarci_4x,false,0,false
s161a_dram_01.bmp_002c882cb5e0df927fa5bac2c4b816c9,4f9a55ef417a767743d5c9c71272d1f7b732087d,9775520ffc79017b15f64d10803ee6ce17e17e3f,true,ps2 textures\opaque\bp_remade,true,true,5,remarci_4x,false,0,false
s161a_flbrk00a.bmp,fc820c835187accb761b635a18e4530707fe6977,bbcc6604bdb1dd35e459da6b888540f4746ab6e7,true,ps2 textures\opaque\bp_remade,true,true,5,remarci_4x,false,0,false
s171a_mo_box_01.bmp_899d285bfe6e63261f49f7d97a18438a,5c0e6ad489d4c88fb7443813f8b4e7dcd9440a73,f8ee4f91b200636f9610c1575e6d5ef776351ee6,true,ps2 textures\opaque\bp_remade,true,true,5,remarci_4x,false,0,false
s171a_mo_box_02.bmp,fc37936ce6befa78a3cedcd15b837adbc1e5aaed,a8d5041cbf7b05dd7b2df0740265d85c8cc1696d,true,ps2 textures\opaque\bp_remade,true,true,5,remarci_4x,false,0,false
s171a_mo_bridge_rep_01.bmp,5db8256ffec6d28d432892cd8702d1172c546d39,76c8fb1b13ab9165252238124c55ef56c2626acb,true,ps2 textures\opaque\bp_remade,true,true,5,remarci_4x,false,0,false
s171a_mo_cloth_alp_ovl_rep_01.bmp,922bdb4a81b917cdfb2cb2e13631cb03cb5339fe,1cae3f288cb531528f7c86a74a4e9bda3c28415a,true,ps2 textures\HAS ALPHA\bp_remade,false,true,5,remarci_4x,false,0,false
s171a_mo_fence_alp_ovl_rep_01.bmp,8bc70f0933355a78a60d68241da9c22f57aa38d9,bf5d0ce7bf42bd1c3c30fa6bc8d306b83cf40b70,true,ps2 textures\HAS ALPHA\bp_remade,false,true,5,remarci_4x,false,0,false
s171a_mo_grd_rep_01.bmp,26dfd9419336b58ba2121b6269a06d1993b65bc7,e057714ea361a6651e4838fdcdc50dd371977735,true,ps2 textures\opaque\bp_remade,true,true,5,remarci_4x,false,0,false
s171a_mo_grd_rep_alp_ovl_02.bmp,7602842d07ec8d1432b3ff6ceb35699ac5bff1a5,9b75ef1721b778f49375810c63e0d5ba0222d723,true,ps2 textures\HAS ALPHA\bp_remade,false,true,5,remarci_4x,false,0,false
s171a_mo_pillar_04.bmp,7c1698a494a272ea16dfe7574c2c4f7736c6b41b,0f2c06c5daf63fc5b49e93caaf3e408f58e34d1e,true,ps2 textures\opaque\bp_remade,true,true,5,remarci_4x,false,0,false
s171a_mo_pillar_rep_01.bmp,e5dfc198e283331883760ec25fe39b2f8e6af981,eed581fa8997ce92b9340bb6086a7908242eca95,true,ps2 textures\opaque\bp_remade,true,true,5,remarci_4x,false,0,false
s171a_mo_snow_rep_alp_ovl_07.bmp,0f8df9727af3ca42e58df1500a524ef0acfe02e5,69da8b35dbdceee3b5ba13fba225c52655f74ed6,true,ps2 textures\opaque\bp_remade,true,true,5,remarci_4x,false,0,false
s171a_mo_wall_rep_03.bmp,d9237448b2a957b6f7316bae800ba4f170fe2b4e,e7c6f991479c03e25a047b37e104208a1bed4342,true,ps2 textures\opaque\bp_remade,true,true,5,remarci_4x,false,0,false
s171a_mogi_fence_alp_ovl_rep_01.bmp,33ea2b0d64b9c8f051237db5efc44bf38d0d9e7a,826869d22b8d790ce70c29f47adbf0304021c28e,true,ps2 textures\HAS ALPHA\bp_remade,false,true,5,remarci_4x,false,0,false
s181a_flr_rep01.bmp,0ca03c061812c76d320d3d8943766023b4e5c197,4c59441f9587e1fed6fe92672bc2eb10ed0b179f,true,ps2 textures\opaque\bp_remade,true,true,5,remarci_4x,false,0,false
s181a_grass_alp_ovl01.bmp,d07d71c365a4db5fed6b9afd9f25611120c7465d,e672a1f1723c0f35f87d5b7883fcf03eaafd9062,true,ps2 textures\HAS ALPHA\bp_remade,false,true,5,remarci_4x,false,0,false
s181a_jimen_a01_rep.bmp,7c6f3c463fbf711885c14b01b852a2b7e559ad8c,16867987704317ddaee3624d04120a3d0ae816a5,true,ps2 textures\opaque\bp_remade,true,true,5,remarci_4x,false,0,false
s181a_jimen_a04_rep.bmp,6162c29815ef18b1c6af9891eb1b4a3502f4f9ad,184f6e13ec1532f00ed3d960eac8663d8096b78d,true,ps2 textures\opaque\bp_remade,true,true,5,remarci_4x,false,0,false
s181a_mt_rep01.bmp,4c2f9c81c0e9780cc0a5601cda40ff6cea40b5a6,a6481a10a1cdbd904464738dae21dd290851ad80,true,ps2 textures\opaque\bp_remade,true,true,5,remarci_4x,false,0,false
s181a_snow_a01_alp_ovl_rep.bmp,62b997ef364f8bdb0580ef27a6177dcb92920307,bcfc52538d6d6b5fecaf70fc3ccce5254cf54bb4,true,ps2 textures\opaque\bp_remade,true,true,5,remarci_4x,false,0,false
s183a_rocksfc_b01_rep.bmp,7d012624fcce58c52cea22fef86fff8b64536acb,23e0151367e06ca0b464da4230a486e5a6ea678d,true,ps2 textures\opaque\bp_remade,true,true,5,remarci_4x,false,0,false
s191a_flr_rock_rep01.bmp,5410c754243a446170956c5436c9eaf05233b6a1,5544c169c0e5d05ad02ea13509c3527f350a80d7,true,ps2 textures\opaque\bp_remade,true,true,5,remarci_4x,false,0,false
s191a_flr_soil_rep03.bmp,c56c73faa758c91092af414175a4a189ac4b4a88,3348bf5026d6d0679dfadd1d780b6f5f367a9ab3,true,ps2 textures\opaque\bp_remade,true,true,5,remarci_4x,false,0,false
s191a_forest_alp_ovl01.bmp,9335f79c0f7bf76b2d24b892c86871eb26096915,ad36306fe73bbc6373fe5d2fb3580f4e3f684b05,true,ps2 textures\HAS ALPHA\bp_remade,false,true,5,remarci_4x,false,0,false
s191a_rock_rep01.bmp,c585c2d592fb1233843cb3bb5d4b8a8ff4f369be,0558e7f2224fc7fe974398926d13af9e7e3063d9,true,ps2 textures\opaque\bp_remade,true,true,5,remarci_4x,false,0,false
s191a_tree_danmen_01.bmp,ffad7db1c256b72b6451a0d8655eeec906eb24e1,2e4e90e4c9be03babd2bf5d55d72643820db9f07,true,ps2 textures\opaque\bp_remade,true,true,5,remarci_4x,false,0,false
s201a_amana_mass1_alp_ovl.bmp,5b094eae16e882bead724117faa3d3a6225e07aa,a3f0c673e4561fa0ed99ae2f30f12a6225c598d0,true,ps2 textures\HAS ALPHA\bp_remade,false,true,5,remarci_4x,false,0,false
s201a_deadtree1_rep_mip8000.bmp,e06899c5b7479268288a5b667d162a49249d0086,50dd8afefdb2602dd89666b0dac04781da9de616,true,ps2 textures\opaque\bp_remade,true,true,5,remarci_4x,false,0,false
s221a_bin_00.bmp,10ad7ce3a3bc19b5c895370c2cb6d794f576c864,81c3258afd5ad8b3205f85524378c09dee755d60,true,ps2 textures\opaque\bp_remade,true,true,5,remarci_4x,false,0,false
s221a_books_00.bmp,346c41edbea8b6c32d2013afb13436c47d3c2ad0,ae43ed2e21ce8de333f5a9a01be919c643810c59,true,ps2 textures\opaque\bp_remade,true,true,5,remarci_4x,false,0,false
s221a_carpet_00.bmp,5ab9b457a13f7c2f06e13e8c45bdb49caadf6c6e,0a4eaa7719155c0495760d1746a6125eb4b20b0d,true,ps2 textures\opaque\bp_remade,true,true,5,remarci_4x,false,0,false
s221a_fireplace_00.bmp,bc16061a39365c7c45941ab61ff43c7749bfa34e,41cc9d9817b81fd3ada2c2a619893f88b837fbfe,true,ps2 textures\opaque\bp_remade,true,true,5,remarci_4x,false,0,false
s221a_fireplace_a00_alp_ovl.bmp,52ee12d2fe5cce11efa6612737dda314df5be4ed,fd5c550bd5b0ec532c23f4926db678f13fa5b6d4,true,ps2 textures\HAS ALPHA\bp_remade,false,true,5,remarci_4x,false,0,false
s221a_photo01_alp_ovl.bmp,7a48955d2ce4695ac7ef3fc25693b6c4176fda12,f3fd2fa37fa08b85e8bd95c28f88e4b407a91a92,true,ps2 textures\HAS ALPHA\bp_remade,false,true,5,remarci_4x,false,0,false
s221a_sirakaba_tree_rep.bmp,e8543b7848e4a357772ef83bce9ba8f05471ac25,de461f603bca8f63cd96b407ebe8995de30e4b3d,true,ps2 textures\opaque\bp_remade,true,true,5,remarci_4x,false,0,false
s221a_stove_01.bmp,2061b7b0d1383dd911de28bb3fee7be1f6688cab,b9a88e0d5d29d42509ca58dddcd9794eb2549b79,true,ps2 textures\opaque\bp_remade,true,true,5,remarci_4x,false,0,false
s221a_wall_a00.bmp,5d41fdb8f9851bafc83dcf0c6419cd68fee1aaf9,a14e0f088adb4fb001c20cc3aa0c346a968f6046,true,ps2 textures\opaque\bp_remade,true,true,5,remarci_4x,false,0,false
s222a_door_nob00_alp_ovl.bmp,c920b2974054f15702421d8371f296418ecf1cb9,801e10a0d49146c10064f3d1fdc3e8c86d5db5b9,true,ps2 textures\HAS ALPHA\bp_remade,false,true,5,remarci_4x,false,0,false
s222a_door_nob01.bmp,9f9e9a7e6329cdc02ed7f7448dd297476418b2f7,667155da314f34d6a1a8845b80b5b554be060433,true,ps2 textures\opaque\bp_remade,true,true,5,remarci_4x,false,0,false
s222a_room_carpet_01_alp_ovl.bmp,716409d092b9f8de297fd5f54fca84060d82d978,8cd31ed0978a9082bbffb6c3e33ba1c787cb0f8a,true,ps2 textures\HAS ALPHA\bp_remade,false,true,5,remarci_4x,false,0,false
s222a_room_dai_01.bmp,ebc99966e2ab1694498ca3b8042e896fdc261d6a,c76cd36b2381ae4e40d88d0d99b562189e338368,true,ps2 textures\opaque\bp_remade,true,true,5,remarci_4x,false,0,false
s222a_room_dai_02.bmp,e3ead2161a8433c3344a8197be511d2d0ba06216,025b6321156c54604c53b209f8d125ca5cc4cde4,true,ps2 textures\opaque\bp_remade,true,true,5,remarci_4x,false,0,false
s222a_room_dai_03.bmp,622197717239bef6737543174ffd31be592420e9,77a074926ad14bc8cd65f864df8412c5bc31fb6a,true,ps2 textures\opaque\bp_remade,true,true,5,remarci_4x,false,0,false
s222a_room_desk_komono_04.bmp,c69013a7068a789c99cfd42ac36b2ff6f621c354,ca52deba8ade9851f004e88b12157a97dc2d3436,true,ps2 textures\opaque\bp_remade,true,true,5,remarci_4x,false,0,false
s222a_room_desk_komono_05.bmp,911d26f2e0d53f0e1242b533e00dcfd538631398,885860e4f0a6f46383b824eeb749045d413dcc39,true,ps2 textures\opaque\bp_remade,true,true,5,remarci_4x,false,0,false
s222a_room_door_01.bmp,8dc98716b5a2b206731982daad95a1e6eb96fc9f,87ce3d558316c1852b0fa57db54a00675bb5e9bb,true,ps2 textures\opaque\bp_remade,true,true,5,remarci_4x,false,0,false
s222a_room_door_02.bmp,d0c7489f414ed317531ba992f00c9c2b9d041270,f2a56464cecc4b7a32fc870942f8ac94ffefc4ae,true,ps2 textures\opaque\bp_remade,true,true,5,remarci_4x,false,0,false
s222a_room_floor_01_rep.bmp,56b279006f70ad8f9a8439fce1bf9175fcbcaf11,e0f6c3cc97a44ce7444d3789566912ff91f62195,true,ps2 textures\opaque\bp_remade,true,true,5,remarci_4x,false,0,false
s222a_room_hondana_06.bmp,f3199840a1ffe4d02e98bd3048590c7d740e8fd1,59ee9712a3304f560726c33636e994516f89cb01,true,ps2 textures\opaque\bp_remade,true,true,5,remarci_4x,false,0,false
s222a_room_isu_01.bmp,2195f010d0879db39b5e79e89e7b6d0ae78360ca,db866fc5abae888ee49107e55a474fe2f94e292d,true,ps2 textures\opaque\bp_remade,true,true,5,remarci_4x,false,0,false
s222a_room_isu_03.bmp,fc1b636dcfc1229bea57616526ebd33f8590b49d,6b1372f9e521e6e63ef0c16f62ee455fbdf65795,true,ps2 textures\opaque\bp_remade,true,true,5,remarci_4x,false,0,false
s222a_room_isu_05.bmp,de4db437c4ba8642b4f5cb6af80b21ef3cb9476a,79d5b9f2ec92563c3352072b94393b199ed61f71,true,ps2 textures\opaque\bp_remade,true,true,5,remarci_4x,false,0,false
s222a_room_isu_06.bmp,3207c464ebd6e4bb876be03d99bdd4dd4bb11768,68084d4e40a8578f0d42dee146b0f73331b96654,true,ps2 textures\opaque\bp_remade,true,true,5,remarci_4x,false,0,false
s222a_room_isu_07.bmp,df3b7397f502b3cf8a1df93c4e4d3e683efe516e,8e0df0bc516e0fbfb8121b3fa2ff4feff423f3c2,true,ps2 textures\opaque\bp_remade,true,true,5,remarci_4x,false,0,false
s222a_room_isu_08.bmp,2a07c633ea0952c04e91bb5fa98f7cfd1ca63850,3c65598afe8cd711b1f2711e9ddcf20be1a68bcf,true,ps2 textures\opaque\bp_remade,true,true,5,remarci_4x,false,0,false
s222a_room_lamp_01.bmp,17957580e29f59e00c2077a7fa5808c07bb1661c,de902b6c72b92933c33cbaeb3ae8485e6023d365,true,ps2 textures\opaque\bp_remade,true,true,5,remarci_4x,false,0,false
s222a_room_light_01_alp_ovl.bmp,45c211b29273096359afab0718711173d61aa353,84b0b376582bc053b33e0f373b9d0ebd74cacbb5,true,ps2 textures\HAS ALPHA\bp_remade,false,true,5,remarci_4x,false,0,false
s222a_room_light_03.bmp,cb274c07c240a440dc264a44cd1f21febf6bfc77,15290043b80a553b7d17416190d0781a56490243,true,ps2 textures\opaque\bp_remade,true,true,5,remarci_4x,false,0,false
s222a_room_tans_02.bmp,71960f4a8e7e9186ed68ec5692c851b43ccfb588,51433f2a752b82e6f1c262a0a261fc3d8c9d75fd,true,ps2 textures\opaque\bp_remade,true,true,5,remarci_4x,false,0,false
s222a_room_wall_01_rep.bmp,566a11d742a91af5ae5ab8a1b8b33099621d2500,2ed0c7f476ec76bd1200adf805f8813b631e3f22,true,ps2 textures\opaque\bp_remade,true,true,5,remarci_4x,false,0,false
s222a_room_wall_02_rep.bmp,deec7c99405bc7d52ab1a28a4b0dbeae746f2300,f36d77df6203e7a9234e5fbbbb118ff4866b893b,true,ps2 textures\opaque\bp_remade,true,true,5,remarci_4x,false,0,false
s223a_plant_d00_alp_ovl.bmp,c341a83c0524481211a7d5db78f55749b6a44f2c,13e68ce661c2dc87547b93dad714855ea778284f,true,ps2 textures\HAS ALPHA\bp_remade,false,true,5,remarci_4x,false,0,false
s22a_mog_box_01.bmp,55a8b61b459c847af2b36dcf878e7b8169f7d885,589ee04cb92a3eb2620400cd11749107a8e7f6e0,true,ps2 textures\opaque\bp_remade,true,true,5,remarci_4x,false,0,false
s22a_mog_desk_07.bmp,5e14d20e75377094bb2379cc2e83821e8cec6a25,a5a1a736b1c3747ed36462d36ff3950b3f6e0237,true,ps2 textures\opaque\bp_remade,true,true,5,remarci_4x,false,0,false
s22a_mog_door_02_0000.bmp,558fb0eb4a7988767d76d0fe238c0f3d3baae7be,8de6eb92262827b37065ce41376322551a9df620,true,ps2 textures\opaque\bp_remade,true,true,5,remarci_4x,false,0,false
s22a_mog_floor_rep_02.bmp,c70c876f3476f8d3df73753d95e21352b436dea5,50e3442ea35c49e2a0e7ade5906dd7ac3151c0fa,true,ps2 textures\opaque\bp_remade,true,true,5,remarci_4x,false,0,false
s22a_mog_obj_01.bmp,a23713c8805c898308eef9fc9d01050cc46f445a,3a35f283d8ba8002f73a5bc83519af1f711a2d48,true,ps2 textures\opaque\bp_remade,true,true,5,remarci_4x,false,0,false
s22a_mog_obj_02.bmp,d7020c1f56cce4cc4156133dc9d95de69bdadbc8,0f2fb8d25c60c304309c1123e69410b03b05a2ac,true,ps2 textures\opaque\bp_remade,true,true,5,remarci_4x,false,0,false
s22a_mog_obj_03.bmp,8e4ceae0ab22256c063265143b2f785143ae4959,a5324fba1a016a381dae9778f9316ec9050631de,true,ps2 textures\opaque\bp_remade,true,true,5,remarci_4x,false,0,false
s22a_mog_obj_05.bmp,56dace73e5bbd0703e003c283926d6b2bffef8ec,281ac558ed9470fae87ab2a770f24761cf30d1b1,true,ps2 textures\opaque\bp_remade,true,true,5,remarci_4x,false,0,false
s22a_mog_obj_06.bmp,d706eb0b80873cb5ae3e1b351a407718cf1820f6,cdd60b4c2782b4c3359604c477bfe50ceacffab3,true,ps2 textures\opaque\bp_remade,true,true,5,remarci_4x,false,0,false
s22a_mog_obj_07.bmp,9d59aec19b89f21a6875839076257aba233bc2bc,0b7d937d138123f872f27ffe88f54c17519f9f54,true,ps2 textures\opaque\bp_remade,true,true,5,remarci_4x,false,0,false
s22a_mog_obj_09.bmp,8457c657084f54f6612de656566644a03175f2ea,4b890d9de7e1ea13879ab2e274c9e352dabfd2dc,true,ps2 textures\opaque\bp_remade,true,true,5,remarci_4x,false,0,false
s22a_mog_obj_12.bmp,90a62a60c521184ca840995d1e50ad82f5b3861e,db947b1a704fd82e19511367035bb693806cd2b7,true,ps2 textures\opaque\bp_remade,true,true,5,remarci_4x,false,0,false
s22a_mog_obj_20.bmp,cf6e8f7fc5b2f81935bac750774540685f0b73b1,fd460aeac253f65e704f44862a8aef64a92a6bf4,true,ps2 textures\opaque\bp_remade,true,true,5,remarci_4x,false,0,false
s22a_mog_obj_25.bmp,eb33b8287fba68358dc897cf1c440b67dbaad831,dcf2f613c5682ca1c7aa96fe3775d61c88dd7865,true,ps2 textures\opaque\bp_remade,true,true,5,remarci_4x,false,0,false
s22a_mog_obj_28.bmp,a2d37386f20feda740e726c69fa11ba383c571f8,c03df850bc2b11d937eb06f86d3b7e60e3c63ccd,true,ps2 textures\opaque\bp_remade,true,true,5,remarci_4x,false,0,false
s22a_mog_obj_30.bmp,f12fad411b77529283f9b0626d69ab6a981b1be6,3c726dfe2e3470a24656e67200fc684f5e440843,true,ps2 textures\opaque\bp_remade,true,true,5,remarci_4x,false,0,false
s22a_mog_obj_alp_ovl_15.bmp,0608b76a33962180b877b70c48b1fe238d0c9530,f1cff0acb5bec26c3c4f9813b3b81e560a250b18,true,ps2 textures\HAS ALPHA\bp_remade,false,true,5,remarci_4x,false,0,false
s22a_mog_window_alp_ovl_ara.bmp,7c9906595cf309755073282f17c36779336d7514,c7b2d80953d44359067a32a16597a3abbe44fe79,true,ps2 textures\HAS ALPHA\bp_remade,false,true,5,remarci_4x,false,0,false
s71a_kinokatamari_a02_rep.bmp,03a88d3a66a87333a482ffa35300573e743c0c7a,c9ef37d51640f506278401cf323ae687db4ceeac,true,ps2 textures\opaque\bp_remade,true,true,5,remarci_4x,false,0,false
s71a_wall_a01_rep_alp_ovl.bmp,a565591fbe1bbaaa9c85d2b536c7e0980989ffa8,8ce2e02fb6555593453f640d95e8d765b260d884,true,ps2 textures\opaque\bp_remade,true,true,5,remarci_4x,false,0,false
s71a_wall_a02_rep.bmp,5d26d07dce82671285a884bf360c1d113c641653,709314c743692ba73f0be840bc3ed5a6ba0b14eb,true,ps2 textures\opaque\bp_remade,true,true,5,remarci_4x,false,0,false
s74a_door00.bmp,230ecad72f663d32cf3b7c0b993194a40322151e,9f0b7345bab481a1f78e2a7045657977032ac858,true,ps2 textures\opaque\bp_remade,true,true,5,remarci_4x,false,0,false
saa.bmp,678e7341fb4385a2259dcce2d3f6e2b9b9b3de9f,47ce826080bd4f91de60bf3f75df6c3a34d8d508,true,ps2 textures\opaque\bp_remade,true,true,5,remarci_4x,false,0,false
saa_stock.bmp,a7ece5944cb91bb87d0b16cac8b7eeaf6bc2cca5,3a51c08d48d6a80980f2ca3902e08fe5ab621699,true,ps2 textures\opaque\bp_remade,true,true,5,remarci_4x,false,0,false
saa_stock_side.bmp,1796cbfd7328f2165f3804cd962ccbf8b0175549,0e9986209bac55c606ea5ee8537f1617d772f3a9,true,ps2 textures\opaque\bp_remade,true,true,5,remarci_4x,false,0,false
sdbodybc.bmp,bc236c8d0eab89a4a3a6a4c15eb359f7336eea05,eecc68489b029ae29b739c6d0ec97bb940764b37,true,ps2 textures\opaque\bp_remade,true,true,5,remarci_4x,false,0,false
sdbodybt.bmp,26514fbc45d0b88e7ecda04138e24bc4a2202918,dc368228af6ae073db6906c0a74fac67286fdedb,true,ps2 textures\opaque\bp_remade,true,true,5,remarci_4x,false,0,false
sdbodyso.bmp,029fa6375a73911fc4d10fabd408fcce3dd99e4e,985c69c330d4cdf090ccf8e86b1e9a4d8586a2a8,true,ps2 textures\opaque\bp_remade,true,true,5,remarci_4x,false,0,false
sdfushiro.bmp,394da1108ebc9c59c094d9f83eb24779e8050bd1,a3db3a3fc461a01c1c7d1f92d2cbcce917b87804,true,ps2 textures\opaque\bp_remade,true,true,5,remarci_4x,false,0,false
sdfyokosoto.bmp,81c681b2655cfbbad683a64a130c7efe78c2cbd8,a341872ba94f387523ef7ddc3b4e750cb23a2345,true,ps2 textures\opaque\bp_remade,true,true,5,remarci_4x,false,0,false
seat01.bmp,71bbaad25333569a6ba17fd61b1b9d1c0ea5ddd8,81ad08db9586fb152681cfa8d6d419e296323d4c,true,ps2 textures\opaque\bp_remade,true,true,5,remarci_4x,false,0,false
sec_boots_new.bmp,89f91a73890b597306b5e478e238997d3e9bdaf6,085dfd10b4faeb9da1287ecb1f7fc74731fd3afe,true,ps2 textures\opaque\bp_remade,true,true,5,remarci_4x,false,0,false
sec_bottun_suits_ovl_alp.bmp,3fc1056a63035279102dcac1af163d6275e8a4c7,a749cbaf7d30bf846734b7a67916303df4808e28,true,ps2 textures\HAS ALPHA\bp_remade,false,true,5,remarci_4x,false,0,false
sec_eye.bmp,3a83c0fe9e06b50296d4d0a905ff2a4b608b8a83,d4036278dc9c86c1d88e230a2faba6e39bcca02d,true,ps2 textures\opaque\bp_remade,true,true,5,remarci_4x,false,0,false
sec_face.bmp,939f0567e426311d58ab09a7b80467da8c7cf8d8,c64d00afd0adb28d6e794cb0dae65941a5a2a950,true,ps2 textures\opaque\bp_remade,true,true,5,remarci_4x_extra_smooth,false,0,false
sec_hair_back.bmp,625885026e3e3d821bcdef68de8ebde87bc278c0,f1499506990034181a6ec3799d09c64a8179c717,true,ps2 textures\opaque\bp_remade,true,true,5,remarci_4x,false,0,false
sec_hand.bmp,ee53826dabc2ebdc4b6cde8a4e03668b55e9471c,592d87cb430f35c879fed6febc7ea42b8117947a,true,ps2 textures\opaque\bp_remade,true,true,5,remarci_4x,false,0,false
sec_shurts.bmp,c3a6b77acbd963ddefc633375e7368231b1ce090,cbc945860d9d8995c71ec62f9f2d1741db1b4054,true,ps2 textures\opaque\bp_remade,true,true,5,remarci_4x,false,0,false
sec_suits.bmp,9b126355ad81836575000ae52ac055b9141b1213,9f9d541ad3dc9c03b15c0022874755535625bc23,true,ps2 textures\opaque\bp_remade,true,true,5,remarci_4x,false,0,false
sec_tai.bmp,e4955e97ee0096b25088affbd0c3c28fd8a7b57c,63be2b1194b2b973fdb237306c65e89290193899,true,ps2 textures\opaque\bp_remade,true,true,5,remarci_4x,false,0,false
sec_teeth.bmp,b07c1c2d86cf38ba46b58278a4818a4976fbdb7c,6c4fea9b885df00a483f7e7f1b988b85761a8500,true,ps2 textures\opaque\bp_remade,true,true,5,remarci_4x,false,0,false
sga_cigar01.bmp,cdf50288a11c8454db83012dfff295e643aaddc0,4c99b509b05db5332004f7ca49cb5993f98b9938,true,ps2 textures\opaque\bp_remade,true,true,5,remarci_4x,false,0,false
shago_chest.bmp_fcfbdb5e2a15170451a95cb3afe12a59,609fefa16c8dd5587dfb27b5e458fa7fd397f0ac,e305045fdb53e2f99d045e52e80686c5d47990e1,true,ps2 textures\opaque\bp_remade,true,true,5,remarci_4x,false,0,false
shago_drill.bmp_28faebf0b34037be547ba7a3f2fb76d1,75b58599a6bc2b405dbe9482e5baa1a0e0191d3d,db4f4cfcd19f75787ef259fc657290436f7e6582,true,ps2 textures\opaque\bp_remade,true,true,5,remarci_4x,false,0,false
shago_guns.bmp_81e766ae723f84e35357da990a62a81e,89da730345542b3dfd5ac42d8570bbdc44d23ed0,8f0482ef604b883ee3de4a5e938b54512f4aa6cd,true,ps2 textures\opaque\bp_remade,true,true,5,remarci_4x,false,0,false
shago_head.bmp_4034d0d5bcdfd95388b31568cc0267f0,f8396ac1103041306572064d3fa1d2ac48946de6,b31ea1672c6befa3fec235f9eea6ed584d672d6d,true,ps2 textures\opaque\bp_remade,true,true,5,remarci_4x,false,0,false
shago_hover.bmp_deb4e1875ec0034166b6eee29ac3dc1d,19a9ac3148bca83be0b3447506f3213ca45e6fb9,5cade036a382cbd31898f8495cded51dbec40086,true,ps2 textures\opaque\bp_remade,true,true,5,remarci_4x,false,0,false
shago_leg.bmp_e7c7a6f45bfa01e9e22b39dbbeedcfc7,45744abfa19e29f64bb6b365bf9b8058f1228eb8,89be36a2e4682b07fd5c8fb6170e646e93d2c910,true,ps2 textures\opaque\bp_remade,true,true,5,remarci_4x,false,0,false
shago_leg_engine.bmp_858236ddedcd2a526714311b34088216,ec35b032f41b07e430606676e29b67c01ad63c38,b450abb2fe8adfa077d88d84feec70348d1de057,true,ps2 textures\opaque\bp_remade,true,true,5,remarci_4x,false,0,false
shago_leg_struc.bmp_eb93df1be56a59bf594202eba9bbbd6c,29e6e36984e731c4cc056b0009b9cd2613cd3f8e,f9164cf8163edf80e0f90b6ffd48e77c5ef84c31,true,ps2 textures\opaque\bp_remade,true,true,5,remarci_4x,false,0,false
shago_pit_base.bmp,b8c30cf656ef111d11740693a6590995b038777b,0ec93b1ab6cb6cb82579548f948cf9ddfabed4f3,true,ps2 textures\opaque\bp_remade,true,true,5,remarci_4x,false,0,false
shago_pit_duct.bmp,243427cf1cd2825684c53fbeb1e86696a7bea16b,6f337bb2672fdaaf847295a0833b5f6f1df4c49e,true,ps2 textures\opaque\bp_remade,true,true,5,remarci_4x,false,0,false
shago_pit_engine.bmp,cb335950cf95c76964b41d2bd5e082733f89f314,89b6b1138bd1746540b952e17b5e7ed8372ecf44,true,ps2 textures\opaque\bp_remade,true,true,5,remarci_4x,false,0,false
shago_pit_rack_more.bmp,da2c93107c23adf99d5b08959153e3e5447d6e52,aff68e64fa2f7df4cad6eee5958f809876b6336e,true,ps2 textures\opaque\bp_remade,true,true,5,remarci_4x,false,0,false
shago_pit_roof.bmp,2da9fb74bb161176f1b7ce5ed57fe3c78cf0d367,7f18b68e531db21f870dabc717bd14acc93db229,true,ps2 textures\opaque\bp_remade,true,true,5,remarci_4x,false,0,false
shago_pit_seat.bmp,bdf5ba5a99c95dc595942da85fe4ea7654cab34b,538e316f2037e0b93a87748604513ff47c05db72,true,ps2 textures\opaque\bp_remade,true,true,5,remarci_4x,false,0,false
shago_shield_02.bmp_b48c11ab58ed89b99d8e8768685b1cb9,cb542cae74cf4279705fdfc6262b5d297ae5ac2a,e8e1da32566d2d521327a7bb3211771ea53e39d0,true,ps2 textures\opaque\bp_remade,true,true,5,remarci_4x,false,0,false
ship_marking01_ovl_alp.bmp,091082f4a4160945e70cda6251adefb140cde500,8428d2216113026302375e2d785639df5c9ac3ba,true,ps2 textures\HAS ALPHA\bp_remade,false,true,5,remarci_4x,false,0,false
shirindahead.bmp,ee47069acb561bb3d9f74d862fa304f7f1ce611d,0a0a70625e831eef942a6eb6967b6787d7b2a461,true,ps2 textures\opaque\bp_remade,true,true,5,remarci_4x,false,0,false
sign_a00_alp_ovl.bmp,07f92930bdd3a47afa8473e3aa039f14d92ed9a9,1c138baa681ac152364ec643c67676a778268813,true,ps2 textures\HAS ALPHA\bp_remade,false,true,5,remarci_4x,false,0,false
sign_labo_01_alp_ovl.bmp,d056a20c170a98a4c092eb6141373cabfddf7196,8bd5dfc63145337b732233331f2432a6459086a5,true,ps2 textures\HAS ALPHA\bp_remade,false,true,5,remarci_4x,false,0,false
sky_d1_cone64.bmp,e1683335cad8560ffc97b37c11a691205df7ec6c,1b6e8d724afffcd39fef620d6501d9380f844b1e,true,ps2 textures\opaque\bp_remade,true,false,0,none,false,5,false
sky_d1_hem64_alp_ovl_rep.bmp,4c43a8e2b70239ef5a1015c0d7954906d5b5b97d,c8448294cbddae954685d137f8a0f26fbc838176,true,ps2 textures\HAS ALPHA\bp_remade,false,false,0,none,false,5,false
sna_bk.bmp,e89253f824ba921724554ebe549a3b18acc0d612,0ab650eb896f0e7bf745048e1d0d59b073703a77,true,ps2 textures\opaque\bp_remade,true,true,5,remarci_4x,false,0,false
sna_def_hair_base.bmp,6c9cd982b1bc159371b265a668b21a56aadf34f1,44e82a28265fc9d55ffba706e284c56f6c812444,true,ps2 textures\opaque\bp_remade,true,true,5,remarci_4x,false,0,false
sna_def_hand.bmp,ed511e5a98196cd4b0cd62cb334c4807e6c58f0a,754ffc74dafddc530c9a9fb89a3f6e01b5b05c68,true,ps2 textures\opaque\bp_remade,true,true,5,remarci_4x,false,0,false
sna_def_olive.bmp,cb80fb05e5c0aa91107bd026d1cc994962962407,ee6c58b8c8d9ed5480ac8e96d048826cb02b54dc,true,ps2 textures\opaque\bp_remade,true,true,5,remarci_4x,false,0,false
sna_def_olive.bmp_1e8fc08d5b630dfe69f34753272d8373,8017fe0176f1c2ea00ee02aeedc8697713c6afd3,ab51c1a627308483368ba1278f93c7ef695cad0a,true,ps2 textures\opaque\bp_remade,true,true,5,remarci_4x,false,0,false
sna_def_olive.bmp_3143cadcb73aac1bbd968a2b5d153f86,e44ea8ba9b28c889d1e96d0966b3b4ecaefbb9bf,1ae468870f9f7f7385e31e456657c4e3ae7974f7,true,ps2 textures\opaque\bp_remade,true,true,5,remarci_4x,false,0,false
sna_def_olive.bmp_34ca265f5efeb803459e00e7bba3ec76,de1d10b26c361804c36b759d762271b229b3a2df,89625a16c601420bc0615e51ae5c64509bac8432,true,ps2 textures\opaque\bp_remade,true,true,5,remarci_4x,false,0,false
sna_def_olive.bmp_3613882f043e61b306da380d95f00e56,5dfe867d909495c7855ec478310dab94bd0c0056,bad59c964be47417280297eeb38ea1543f712a24,true,ps2 textures\opaque\bp_remade,true,true,5,remarci_4x,false,0,false
sna_def_olive.bmp_429f87cee87483c5dfd68a8483db6a88,e2ef17e55a21cab21c293c39e22912ac268dd65b,d950c015ac63d61982e62d890dbb664332c76eaf,true,ps2 textures\opaque\bp_remade,true,true,5,remarci_4x,false,0,false
sna_def_olive.bmp_4ed6ab75380ef132068c07def42791b2,ce950bf2e9dfdfc279a0487eae1a2a6c65945841,adf71577b13df25e84fb5df85c13e1c0f1f4b51f,true,ps2 textures\opaque\bp_remade,true,true,5,remarci_4x,false,0,false
sna_def_olive.bmp_4fe34e9fb94333e54a96678c83539a6a,f81238187bfdb04082b25a0c537e3038f5f2c31a,f4acc54f834272d6cb11a8c22ade392ac7d32fb1,true,ps2 textures\opaque\bp_remade,true,true,5,remarci_4x,false,0,false
sna_def_olive.bmp_57799a742ee247d19fecd7117747eb4c,0e253f1d2fcc2a272c4cf68f916aa286f0cc423a,c4172ab1824459f4c776c3a389c49341bc05275a,true,ps2 textures\opaque\bp_remade,true,true,5,remarci_4x,false,0,false
sna_def_olive.bmp_5cde5a23f56142e48a6daea0749d27b6,829911c8fdb70ba4cfc0ff7974c9a2a3b3ae211e,53faa7bae89a16a98dae226b6ed5a18b69dfad2a,true,ps2 textures\opaque\bp_remade,true,true,5,remarci_4x,false,0,false
sna_def_olive.bmp_66e33477ee309989a8edabf630709b1f,127ee05163644823df599ec346243366ee0a21df,23984d9d70d6cd958e5df3a2082cca2173a9e13f,true,ps2 textures\opaque\bp_remade,true,true,5,remarci_4x,false,0,false
sna_def_olive.bmp_6944dfbf2b7396ecd6c6b4eae01573c9,1f3bcb45bdd1fbdeef60faece21c3318118c7b67,d5f0d3f4616a832bd10cc8dde7d18f7818bdd8bb,true,ps2 textures\opaque\bp_remade,true,true,5,remarci_4x,false,0,false
sna_def_olive.bmp_69a080e9a1fbf01b5815160fd59db213,4b9f9853f8a91335d13745ccbc2a34145a442242,b55d97dc5e8dffd584a232ed79e373e5ade9f102,true,ps2 textures\opaque\bp_remade,true,true,5,remarci_4x,false,0,false
sna_def_olive.bmp_6ad901c21d969ba685fb19576d166134,9c42f110fa62053073ea8d46678ded17eca547be,0889766967fb4c0a200565f9f856e4697173771a,true,ps2 textures\opaque\bp_remade,true,true,5,remarci_4x,false,0,false
sna_def_olive.bmp_6b97ee6a2a4b329361fa5a0d882cd8aa,3fd719575785470e0e5889b0e89820461079223f,0cb68290ece88addd169e5cb55be2e5e02459715,true,ps2 textures\opaque\bp_remade,true,true,5,remarci_4x,false,0,false
sna_def_olive.bmp_80b56de647570ad2aea1f3d87ce70d27,03204c8a441b5b05e89669156dcc5f546d4f328a,9afba10aed2b59e46c876ce144ff4a573d8b3cba,true,ps2 textures\opaque\bp_remade,true,true,5,remarci_4x,false,0,false
sna_def_olive.bmp_8376e598d8c57af4a0eb4f3fd60a016f,414f47488b56e32cdfe9b6568577e454d52f8807,ec4d58be1a28d31dbcee0be74dbe780699a4b58a,true,ps2 textures\opaque\bp_remade,true,true,5,remarci_4x,false,0,false
sna_def_olive.bmp_8a7087c7c87848f2d0a0aa81a5398d63,b422aeb5a65fc4a99899ffdde6bdf52b84b29a5a,f15bb1d75cdffc499b58700f25a6a05723df301a,true,ps2 textures\opaque\bp_remade,true,true,5,remarci_4x,false,0,false
sna_def_olive.bmp_9af6aaef5b609776c8e303d94ab315b0,bfaf9f4a8db7a38b534cbc0aa1369df6ea9f0fee,6dad64e437d64fc58841988d7b3cf60b0ac797d3,true,ps2 textures\opaque\bp_remade,true,true,5,remarci_4x,false,0,false
sna_def_olive.bmp_b38b6218ff8fa62af178fe6218ed1e0a,66641eabc48cb8ac9ee603dd5d07314fae3beb24,e75d34b1f3da16294c942c54ad803c78efa6768e,true,ps2 textures\opaque\bp_remade,true,true,5,remarci_4x,false,0,false
sna_def_olive.bmp_c24ea2e0e48eee993d85e497dc482559,5206acbe44c929a09484b87c40dfa0b5853730a2,6ac0a619baa319d2f2844b2b93a732a09dc0ac72,true,ps2 textures\opaque\bp_remade,true,true,5,remarci_4x,false,0,false
sna_def_olive.bmp_c93f85099829dd9ea31bea8b0ed00ceb,f38d8b6aec3cbc89c06a0ca4a09cfde2eeb7115b,db9ded6635fae3c886534af22b4cf3738f7be512,true,ps2 textures\opaque\bp_remade,true,true,5,remarci_4x,false,0,false
sna_def_olive.bmp_c9b5db71e3bb16a2462c4ad6d16643a6,52789cc49c448dd0a8cb95968bd2106501f08b13,4f1621b7d1a274a52706b9232d5c37c8410b7b4d,true,ps2 textures\opaque\bp_remade,true,true,5,remarci_4x,false,0,false
sna_def_olive.bmp_d1074941f11b44c7bc252191a3af0061,8174c11c9cc82739ae2e6c53fe5310cac0402051,877063b2ff874535cebeed9639b7faf4ff4a0fcb,true,ps2 textures\opaque\bp_remade,true,true,5,remarci_4x,false,0,false
sna_def_olive.bmp_e4294d43ca30e584d679b3175ebea12f,3e29c21e92aa6911634cdbb35dbdf147ae427c37,301d0defc80e7c0cba5d78bb16b721f084fda5f6,true,ps2 textures\opaque\bp_remade,true,true,5,remarci_4x,false,0,false
sna_def_olive.bmp_fb7533906ae772bfe0412dad5c8f1b2c,851b278ab29fd96ad95d86b3db895748c429b79b,950f13b544ad6dabebaf076a00639871cbf3cf01,true,ps2 textures\opaque\bp_remade,true,true,5,remarci_4x,false,0,false
sna_def_olive.bmp_fddc17abd35f6bd4bcfe075aa87fcd3d,c875a1ee5a556a2012fd94c3bb865ccc52d509a4,d27de36e3056f43919075d9a5a325c5df9244f94,true,ps2 textures\opaque\bp_remade,true,true,5,remarci_4x,false,0,false
sna_def_ovl_mod1120_alp_emap.bmp,1459cb0e117f9ef311a6c5e03561a5996fbf364a,7654a72bbfb99f3c7b907463d17fa61653028380,true,ps2 textures\opaque\bp_remade,true,true,5,remarci_4x,false,0,false
sna_def_vr_eye.bmp,74f1b89df8ed909dcd17b582ecaa941f7db7c638,5b9b50c43d25b0c98f1e06f0e99dd9c33f7d872c,true,ps2 textures\opaque\bp_remade,true,true,5,remarci_4x,false,0,false
sna_face_cell.bmp,ac5a16e3c41f93c7a1091a87a8d137bad5190097,98d96f1b0ec6fd318a7b2ae70621ff2be7d3cfed,true,ps2 textures\opaque\bp_remade,true,true,5,remarci_4x_extra_smooth,false,0,false
sna_face_dam_max.bmp,d30e81f9b3c151d14107f59476d6bb33fda8ac74,f934e2274f72484b60c4c28460722b36ddd0d30f,true,ps2 textures\opaque\bp_remade,true,true,5,remarci_4x_extra_smooth,false,0,false
sna_face_def.bmp,03085eb48aa337279edf0a1aed55c1c52d3e45d2,2d34f058ec1004354237c10ae87b64a0a7245e9f,true,ps2 textures\opaque\bp_remade,true,true,5,remarci_4x_extra_smooth,false,0,false
sna_face_def.bmp_bbe58170874ef112ad7f8269143d4430,afe66a08875329d44a6cdb24065bb56e78bc13cf,be7f240f2497991c35ea73ff41bb50e73121c583,true,ps2 textures\opaque\bp_remade,true,true,5,remarci_4x_extra_smooth,false,0,false
sna_face_halo_def.bmp,70da8666b144e2e0cc78210bdc9b889cf148e2b8,585f0f52d8d2e98db52629704e058d048d50d858,true,ps2 textures\opaque\bp_remade,true,true,5,remarci_4x_extra_smooth,false,0,false
sna_face_vr_def_hi.bmp,6f8389e822b9bc6bf576d4a89db6b8fe952b7e19,ffe26d6b7cce931fa7b74c547ebbbbbeef2fef14,true,ps2 textures\opaque\bp_remade,true,true,5,remarci_4x_extra_smooth,false,0,false
sna_foot_sp.bmp,67f3b56674788efe959c9d495debcd6570aa10ee,15df2f0b38ebce6d4934c2f95932d89211027843,true,ps2 textures\opaque\bp_remade,true,true,5,remarci_4x,false,0,false
sna_foot_vr.bmp,559b4bfad6d061af9e4b30ebf0d95fc490d1a589,61adfd4315c5abecbe791e5810be2782cf4670af,true,ps2 textures\opaque\bp_remade,true,true,5,remarci_4x,false,0,false
sna_hair_base.bmp,5f03f0cc3af2c98a8df8955aa901d0ef846aa8ee,8dfab52d45b19ff4b281d8dfc400b076150bb6d2,true,ps2 textures\opaque\bp_remade,true,true,5,remarci_4x,false,0,false
sna_hair_front_ovl_alp.bmp,562f45fbefabc0e6392a915e9d2275b90837e5dd,a6cc19423f6c701174365782f687553925e2eea1,true,ps2 textures\HAS ALPHA\bp_remade,false,true,5,remarci_4x,false,0,false
sna_hair_layer_ovl_alp.bmp,07d849323fab86facd7d1347a6054bbafa20fa7e,b94edf354e0972cefd8644b07c3fb6ec809ed012,true,ps2 textures\HAS ALPHA\bp_remade,false,true,5,remarci_4x,false,0,false
sna_halo_alt.bmp,1334e03e0c27630749c9cf4b955318b74a7e1c6b,4c15fb813e7f1240544983a5dd9220e4b50900dd,true,ps2 textures\opaque\bp_remade,true,true,5,remarci_4x,false,0,false
sna_halo_arm_def.bmp,d863c70d4e08bdaadc32105cb8fbfb44796e5e45,963df2aa80d4ed6ca825ffaf05db08ae273e49e2,true,ps2 textures\opaque\bp_remade,true,true,5,remarci_4x,false,0,false
sna_halo_bkpk_vr.bmp,7ecf2db4f6bf5d5da14a3399bc6a323eef1f0a62,ff3e41c6451597bd153651cca5b7e9362a3bee09,true,ps2 textures\opaque\bp_remade,true,true,5,remarci_4x,false,0,false
sna_halo_chut_open.bmp,7429d7b05e835c33e8a9e6e7d460dc7ac93caa78,3a7d73365488b59ab43c906b9e1aaf25338db263,true,ps2 textures\opaque\bp_remade,true,true,5,remarci_4x,false,0,false
sna_halo_hips_op.bmp,1647243ffe8abea21a93cb29a5e13ba94666c6c3,758f827afaafa9b1ababcefe87015ba574128de7,true,ps2 textures\opaque\bp_remade,true,true,5,remarci_4x,false,0,false
sna_halo_para_close.bmp,da0ab2725d38bb9f841376efd7581cfa5c182d8a,c9930e656692fd25acab2245f4c8cb94aca399cd,true,ps2 textures\opaque\bp_remade,true,true,5,remarci_4x,false,0,false
sna_item_hm.bmp,ec46d70ece0ab18350dbd92ece7393cb28d61db3,b2a13d6b825cca4f0c253a4e79367a6277a11904,true,ps2 textures\opaque\bp_remade,true,true,5,remarci_4x,false,0,false
sna_item_roastfish_dmo_body.bmp,4e768d8ccca460ac08bbf21d5cadebaef7604893,0a3bb2377cc3f82926506bc2ab8d078eedc2fae5,true,ps2 textures\opaque\bp_remade,true,true,5,remarci_4x,false,0,false
sna_item_roastviper_dmo_body.bmp,5f62d77ee89a2463e5e352383961de3ba2368d3e,e7ed421856289103d8b8efe3090d5ab17b800468,true,ps2 textures\opaque\bp_remade,true,true,5,remarci_4x,false,0,false
sna_item_roastviper_dmo_wood.bmp,dbbf0538daabc07fa3328a8d151308d137a05a00,38e68f8841c2a49d4c25a7aef7ed0e9504bffde2,true,ps2 textures\opaque\bp_remade,true,true,5,remarci_4x,false,0,false
sna_mgs3_antena.bmp,b7c1e3c6b7bbf436837f29f52375c7c527bab240,9ff3661d082196a8d5891eedc5aa46e137635446,true,ps2 textures\opaque\bp_remade,true,true,5,remarci_4x,false,0,false
sna_mgs3_arm.bmp,63b8b68f4f0b8ac52bfc8262b1f7bcf323e6a494,34011da82577f8d3251302a05832dee41b57c6f6,true,ps2 textures\opaque\bp_remade,true,true,5,remarci_4x,false,0,false
sna_mgs3_belt.bmp,151b2efc10bf4d2200cfe63a5e5083699491fbfd,55f478688f423773ebe708aaaaa5bbdca465ae0d,true,ps2 textures\opaque\bp_remade,true,true,5,remarci_4x,false,0,false
sna_mgs3_belt_side.bmp,7e98f3bb88e35cc38da7ab4a86525676c698552d,061f530efc1e7f883d8531c4386f4436f51f6ab0,true,ps2 textures\opaque\bp_remade,true,true,5,remarci_4x,false,0,false
sna_mgs3_gh.bmp,e07118d37e619004dc8299694c56caa6a2b9073e,95ede84aa9d7345e546e6d4c3993e2d46dcb661f,true,ps2 textures\opaque\bp_remade,true,true,5,remarci_4x,false,0,false
sna_mgs3_gun_hol.bmp,ad26a1eb9ef5b45de9a19123434a623de8f00b25,d297367d991745234aa10c46180a41c76cfd0d9d,true,ps2 textures\opaque\bp_remade,true,true,5,remarci_4x,false,0,false
sna_mgs3_halo_belt_of.bmp,2bd5076ca323701666edfa96f5def77a29d72795,7e4b0244efda9c5e1ac8eaa79f48e88f12b729b3,true,ps2 textures\opaque\bp_remade,true,true,5,remarci_4x,false,0,false
sna_mgs3_halo_belt_op.bmp,086b596de68959953f8849e46be5dd82f25dac50,bcf4f7c66db53a6fdf09603285ba3430386fcd89,true,ps2 textures\opaque\bp_remade,true,true,5,remarci_4x,false,0,false
sna_mgs3_halo_chut.bmp,a7731ae6bf67a3edebb803c774dcc851d61ba83f,b111692d8842f9c6951d79bf6138df52a29aceaf,true,ps2 textures\opaque\bp_remade,true,true,5,remarci_4x,false,0,false
sna_mgs3_halo_front_op.bmp,6b266ec91b90378c8e9e6742d1b6591f9c33dedc,6c01df496392861a4297fcf1c38ae95cbff17eac,true,ps2 textures\opaque\bp_remade,true,true,5,remarci_4x,false,0,false
sna_mgs3_halo_head.bmp,f3350f7ded8aba74685d5aedcb2413db9ff95aae,ddd16167b06f3d292a06821f77f5be3e566b8b78,true,ps2 textures\opaque\bp_remade,true,true,5,remarci_4x,false,0,false
sna_mgs3_halo_head_top.bmp,39bdf4b31fb51e5b42d5fab554649b1a9dfecf00,d5caa2f1e68ae4608e79272cc707afcf0981531d,true,ps2 textures\opaque\bp_remade,true,true,5,remarci_4x,false,0,false
sna_mgs3_halo_mask_demo.bmp,e1872ad99e55478977d9103e0ff772d5ee3e118a,4b35a2da5ef4fd4c4f218a06716496bed6da81a0,true,ps2 textures\opaque\bp_remade,true,true,5,remarci_4x,false,0,false
sna_mgs3_halo_shl_op.bmp,5ea33bf8870554506f1b5ff2c35d8adfcdf73074,91372bbb82660b351a965c64e67ed43af3a6140b,true,ps2 textures\opaque\bp_remade,true,true,5,remarci_4x,false,0,false
sna_mgs3_halo_tape.bmp,b526373a9b27ddcd4d93999f73c22625583d3bca,17e177037ab0495fda178bda04de8142ebe279e0,true,ps2 textures\opaque\bp_remade,true,true,5,remarci_4x,false,0,false
sna_mgs3_hh.bmp,838819d87906cb42759939beade02bf8e7de5e01,5d80ff7c0374979d3e457d02ded11c4c54332ccd,true,ps2 textures\opaque\bp_remade,true,true,5,remarci_4x,false,0,false
sna_mgs3_musen.bmp,cba0974d1b1d9a5428f1f120be806a2a093c42dc,11c3db27c4c5e81a0e5ddffa6b695f4f9a4d1802,true,ps2 textures\opaque\bp_remade,true,true,5,remarci_4x,false,0,false
sna_mgs3_naked_belt.bmp,a4536aa1e1a5f14e8fa08c60e899d5ca304153d3,07303800ce6d6466dafe17186812f35a785848c0,true,ps2 textures\opaque\bp_remade,true,true,5,remarci_4x,false,0,false
sna_mgs3_wl_op.bmp,82d2c16aedcd08686e729531fc8a33db5fc51290,356f6d52edf8af8c792bb4525c19a2515f016cfa,true,ps2 textures\opaque\bp_remade,true,true,5,remarci_4x,false,0,false
sna_mgs3_wpl.bmp,17ce4b0bb10419efaa5fd39f183db7e6b34c07d0,d13db4c4d35f9776a903164357c8f78572bb73d6,true,ps2 textures\opaque\bp_remade,true,true,5,remarci_4x,false,0,false
sna_mnt_boots.bmp,a3feedf0ec1e16560a8d76a303a1b4e152d0bee2,e829c5bdba9b1747d4394d8afb19474b1a3db5b2,true,ps2 textures\opaque\bp_remade,true,true,5,remarci_4x,false,0,false
sna_mtg_ovl_alp.bmp,b2a67ee31d9e2344190f595f6f2e14c1acad123d,b89aaf4df4a56a9f7f1868377c352798446878ac,true,ps2 textures\HAS ALPHA\bp_remade,false,true,5,remarci_4x,false,0,false
sna_rai_face_def.bmp,c24e41832f011aaafa2c9eb58d3a25d1db12091b,cedd399eee23c8cd43e3c1c96e8e69391874f87b,true,ps2 textures\opaque\bp_remade,true,true,5,remarci_4x_extra_smooth,false,0,false
sna_rai_face_strip.bmp,22ab0a9f41d2bbf121b1a3fbd83b65bc16b4a584,6e71f28646e4befec5d4eee75115c5009bc3e033,true,ps2 textures\opaque\bp_remade,true,true,5,remarci_4x_extra_smooth,false,0,false
sna_snif_def.bmp,69cfe916adfe7e39e9be789176acc6c2a39fe69b,bba1026dd6d5399f6202d378b35d114cc7cb8ea1,true,ps2 textures\opaque\bp_remade,true,true,5,remarci_4x,false,0,false
sna_vinyl_bos_hand.bmp,caab5a5d0c993e69827a1bf1710faa95695f3ed5,d0d5612e90b624e37d757f71d539d6bf97532b35,true,ps2 textures\opaque\bp_remade,true,true,5,remarci_4x,false,0,false
sna_wor_def_shatu.bmp,47bc8b58fbc5361543f08381a6f917f86d78a150,cd04e72470711ef37fcd1570e684befb3f735f89,true,ps2 textures\opaque\bp_remade,true,true,5,remarci_4x,false,0,false
sna_wor_def_staffproof.bmp,4f23d84e5748afa4d7978367d0e9a37c87d5af64,221fdd83e4218078eb3dca9e37163f23ad7aba0a,true,ps2 textures\opaque\bp_remade,true,true,5,remarci_4x,false,0,false
sna_wor_def_white.bmp,5ca5c18d80df9ac7fc52d058f5092642e8cbec23,65bce34b52a48549f2d9e4a766ce75460b66f15d,true,ps2 textures\opaque\bp_remade,true,true,5,remarci_4x,false,0,false
sofa_side.bmp,d50aa2af968730ad6d7a134382152044bf6f92ee,3b563d824ec89407eeb49fd3ed5fbd34b4f67211,true,ps2 textures\opaque\bp_remade,true,true,5,remarci_4x,false,0,false
sofa_top.bmp,555418257157c4a0c2f36915f5c0c4cbeeedda55,7a783069903f1f0911954fd2b012a3171334e4b1,true,ps2 textures\opaque\bp_remade,true,true,5,remarci_4x,false,0,false
sofa_under.bmp,02de474555f6a7ca3291b29f8d3e762806baed20,9e11f4830bc12672a611c759a1498b216ada56ab,true,ps2 textures\opaque\bp_remade,true,true,5,remarci_4x,false,0,false
sok_coat_body.bmp,3b66157b3c00abf4189cac882b9053d834ffe4bf,a38296d86f89e23b50b4fe2e83d5ee59f791703c,true,ps2 textures\opaque\bp_remade,true,true,5,remarci_4x,false,0,false
sok_coat_boots1_ovl_sub_alp.bmp,cea720df0e6d3f5c042b04a5947b3700267ae014,df274c3254b9fa1ea888fc5e8aada7f713fef5d1,false,ps2 textures\HAS ALPHA\bp_remade\no_mip_fixes,false,true,5,remarci_4x,false,0,false
sok_coat_boots2_ovl_sub_alp.bmp,b48aa83ab7e96e5c2bc38c4b89ad8bfc76696ce1,20829e383ff4e8287076f8f721e63ebefe681b43,false,ps2 textures\HAS ALPHA\bp_remade\no_mip_fixes,false,true,5,remarci_4x,false,0,false
sok_coat_boots_ovl_mod1120_alp_emap.bmp,8d02572bc2a8b34a9e96a36f27a671c091861842,314f71055273810f6345e7bfd5e57542ae1fa23c,true,ps2 textures\opaque\bp_remade,true,true,5,remarci_4x,false,0,false
sok_coat_coat.bmp,5a830ac6f69a5d2a250da098a93ab7382c2c5b1d,1e159cff7c7b95e3501b4f5598e83f2fdc888fc4,true,ps2 textures\opaque\bp_remade,true,true,5,remarci_4x,false,0,false
sok_coat_coat_ovl_sub_alp.bmp,0870f346987b7941b4ed4691794eb03d668f94de,48d025506dbabc5cfa90a18151e62c1e49c4c65b,false,ps2 textures\HAS ALPHA\bp_remade\no_mip_fixes,false,true,5,remarci_4x,false,0,false
sok_coat_eye.bmp,708dabbd7d96336608fdebfe7b0e915215a203ce,c026829a23e8f9fb4de440291600f9091bde5a4b,true,ps2 textures\opaque\bp_remade,true,true,5,remarci_4x,false,0,false
sok_coat_eye_hi_ovl_sub_alp.bmp,98f59b99550b310cf161f7c003e54cbb47865578,181abc0a9df873aebf9c539526e62f08d1a018a9,false,ps2 textures\HAS ALPHA\bp_remade\no_mip_fixes,false,true,5,remarci_4x,false,0,false
sok_coat_eye_ovl_mod1120_alp_emap.bmp,8bf47921fa92fc3be7e173725f65ef5a3abc5de5,2f85909dd4370ef2a77bcc958e623be46fad88e7,true,ps2 textures\opaque\bp_remade,true,true,5,remarci_4x,false,0,false
sok_coat_face.bmp,8c97d9a58d1f2887b494d49cee8a5c33d3e7a915,127c8981008a003cf31947b3afdef45d13028825,true,ps2 textures\opaque\bp_remade,true,true,5,remarci_4x_extra_smooth,false,0,false
sok_coat_face_ovl_sub_alp.bmp,7443b5ebd3515b67f3a9321aa458ea48932cfefe,0768ae56c023ae7c92199be5dad4d35235fcb287,false,ps2 textures\HAS ALPHA\bp_remade\no_mip_fixes,false,true,5,remarci_4x,false,0,false
sok_coat_haind.bmp,f8c4c6684509694b87e223d93a657bb29ff6cec6,2383cc983dcc9cb1a39e5081798e72c31d046b50,true,ps2 textures\opaque\bp_remade,true,true,5,remarci_4x,false,0,false
sok_coat_haind_hand.bmp,1cb42cac5e5292dbca1692dc965f8b1504cbf7b8,cb6adf3bc1e54dbe20dbe78fa8eb41da117499b6,true,ps2 textures\opaque\bp_remade,true,true,5,remarci_4x,false,0,false
sok_coat_hair_alp_ovl.bmp,f98956043b6ef07d83c6bc5a91a3a0cd622af99f,ea5135593565a6f6b4904dfe6305e548ff821b2a,true,ps2 textures\HAS ALPHA\bp_remade,false,true,5,remarci_4x,false,0,false
sok_coat_lupe2_ovl_alp.bmp,3e7386ad0e8839d66f2a838a810745d29cb2d632,af67a2cd4ef8a8f49551653d1d706c25dd95ee3a,true,ps2 textures\HAS ALPHA\bp_remade,false,true,5,remarci_4x,false,0,false
sok_coat_lupe_himo.bmp,e536a4768b19e8fe435c8580b3e31ac45ccb832f,982d4389d4e5490065ea51797d3891bd1ee9a002,true,ps2 textures\opaque\bp_remade,true,true,5,remarci_4x,false,0,false
sok_coat_lupe_ovl_alp.bmp,41698c1912a30934ab9611b9f783e953c5c2b378,4c10e3ef2d81504e697a4e62007ffe17fb447766,true,ps2 textures\HAS ALPHA\bp_remade,false,true,5,remarci_4x,false,0,false
sok_coat_lupe_ovl_mod1120_alp_emap.bmp,70e57ffb06b7817a649193be18f1daba3cfec7d2,72687ec90e9eed7d73ed2a60d9caed449d7e7ee2,true,ps2 textures\opaque\bp_remade,true,true,5,remarci_4x,false,0,false
sok_coat_lupe_pin.bmp,4c6bbba935807f930b805b6a1738dcca6c863a8c,b87ae75e292c4210540c90473fbccc6fde9d4bec,true,ps2 textures\opaque\bp_remade,true,true,5,remarci_4x,false,0,false
sok_coat_matuge_alp_ovl.bmp,0fbb88ff00182a8502556f4d0488e307743d6e70,f9f526435b1b6c5c9302afdab0ac8311cd1febbc,true,ps2 textures\HAS ALPHA\bp_remade,false,true,5,remarci_4x,false,0,false
sok_coat_nekutai.bmp,dc8380d85ae264fcd175c37aac7e1ef55c4f62b0,4b241b23bef2ae10c7795789ee7473144f41a1f4,true,ps2 textures\opaque\bp_remade,true,true,5,remarci_4x,false,0,false
sok_coat_ovl_mod1120_alp_emap.bmp,624d13caeb48cd35fefbf05edcc73cc260faa6d1,563b96f9f360506ba630331c9b332d8051cf69a5,true,ps2 textures\opaque\bp_remade,true,true,5,remarci_4x,false,0,false
sok_coat_shatu.bmp,08436b60ee67c580598fa65885fc3c179bf37499,2cd11a202f2edd218e82a73386235c615cbdb411,true,ps2 textures\opaque\bp_remade,true,true,5,remarci_4x,false,0,false
sok_coat_teeth.bmp,77730a9d3cdaaad49f924461cf2d15c82516124b,138a5ffc3fd5a5489b4c23315bb3b75ae5a4286b,true,ps2 textures\opaque\bp_remade,true,true,5,remarci_4x,false,0,false
sok_white_body.bmp,5190eabaabf6a397f1dba70aa3f7792955c0d995,76e48beefe98c1296ad5d42fb43e45c7d6188526,true,ps2 textures\opaque\bp_remade,true,true,5,remarci_4x,false,0,false
sok_white_botan_ovl_alp.bmp,fc680a0f02ea49983ff4cf714ba9ef16f5efa056,c851bb312fe1e058152c2339054d903bbb442b29,true,ps2 textures\HAS ALPHA\bp_remade,false,true,5,remarci_4x,false,0,false
sok_white_damknee_ovl_alp.bmp,8b84226070e6fe9da0442366ecb2ed95ee3d863c,7b414cca58a3bd562720ba6c9e0833c6e3bd88ce,true,ps2 textures\HAS ALPHA\bp_remade,false,true,5,remarci_4x,false,0,false
sok_white_hand.bmp,45bd1a59d11fa339d19b4ca4e5b32b58e33c7ed5,d129eadfddcdc4ed7b945ee7551b26d698207075,true,ps2 textures\opaque\bp_remade,true,true,5,remarci_4x,false,0,false
sok_white_staffproof.bmp,dbb568f4f9d7d13f9708392ba166f5aa5ef8ec03,331e093d2a9e0ea702dbc161085e32ada180e046,true,ps2 textures\opaque\bp_remade,true,true,5,remarci_4x,false,0,false
sok_white_white_ovl_mod1120_alp_emap.bmp,85ad4dbd13c6b3785c14cd7cadb399ceb5923a1b,c21d208c90593cc8ea0beeab1e9fdce3b3166e80,true,ps2 textures\opaque\bp_remade,true,true,5,remarci_4x,false,0,false
sokuseki_ramen_01.bmp,5f9e48b9deec2f6a26ac2f9ffff84e1554e7fba0,db28f31cbd07dc7933e0dbba16ae6cf850d0b020,true,ps2 textures\opaque\bp_remade,true,true,5,remarci_4x,false,0,false
solidago1_alp_ovl.bmp,710b4be3fffcc55bfbcc83a1d6c85c95a7d39800,500101dfc00ba7a9cac2f6413f0c54a6e5eb74c9,true,ps2 textures\HAS ALPHA\bp_remade,false,true,5,remarci_4x,false,0,false
sor_blood_tears_left_ovl_alp.bmp,c5110810fa42005630c81efe88417030810b890a,2a1d3475da6f2d9525ef5233b7b2a8a9be3d8d6e,true,ps2 textures\HAS ALPHA\bp_remade,false,true,5,remarci_4x,false,0,false
sor_foot_def.bmp,3c6b681ae0092a09e44bb16910d608b748edb79a,0367633d27800156dc9dfb6da765cd4faed77cf1,true,ps2 textures\opaque\bp_remade,true,true,5,remarci_4x,false,0,false
sor_foot_def_smole.bmp,5247581fe0f658ace2238ac39b39dda5289bd06e,789f906293ed8a36998a3f7ecc2612a0ca1e9c2c,true,ps2 textures\opaque\bp_remade,true,true,5,remarci_4x,false,0,false
sor_foot_under.bmp,479c3a1766aa9168d16d2948bd3a8d689dd81a89,6d12d7d4d5abde94a455468c806cf8ace9a3195c,true,ps2 textures\opaque\bp_remade,true,true,5,remarci_4x,false,0,false
sor_hair_back_ovl_alp.bmp,785b34e9fb2f19f2cddd94196481096741b76991,ade4a7b53059e7f5528aa375ce955ca1b3e9228d,true,ps2 textures\HAS ALPHA\bp_remade,false,true,5,remarci_4x,false,0,false
sor_hand_def.bmp,802ddb2d60ab31600f1c57cdd8b75aafc4441a84,3251f73414a5546323fada152ad7021ec1c5c90f,true,ps2 textures\opaque\bp_remade,true,true,5,remarci_4x,false,0,false
sor_item_hol_def.bmp,963d326a2bbd983cccd68607c947374347b5f482,478ecf16df394b56c793fa4ee6f56fef150e0145,true,ps2 textures\opaque\bp_remade,true,true,5,remarci_4x,false,0,false
sor_item_hol_def_deth.bmp,1fc6fb1265c77bc8ef65f50127578f7bd813f54b,cb1e08322210330311a57a56cfdcae2ce8176ab6,true,ps2 textures\opaque\bp_remade,true,true,5,remarci_4x,false,0,false
sor_mgs3_arm_park.bmp,3fa976c302d0d5d70472dc115f320ad03e627bbb,9cf45e05550ee0b6a8d818b251191d794fb4862b,true,ps2 textures\opaque\bp_remade,true,true,5,remarci_4x,false,0,false
sor_mgs3_arm_park_smole.bmp,e506640849b4319b483d2c60f1462707eb4a2a93,b2e68d4af5c2d62c6a53b3c556aa14632fe92c1b,true,ps2 textures\opaque\bp_remade,true,true,5,remarci_4x,false,0,false
sor_mgs3_belt.bmp,03531409e7b651528af5dbb373a098776ab487fb,14e58294702b55d3b008c5b136a0574aca86cebb,true,ps2 textures\opaque\bp_remade,true,true,5,remarci_4x,false,0,false
sor_mgs3_belt_deth.bmp,ffad819ae995a44641f8f943484955aa8250989f,259f8bf6872b248acfa9951a00ba178895068562,true,ps2 textures\opaque\bp_remade,true,true,5,remarci_4x,false,0,false
sor_mgs3_belt_vr.bmp,eac68fb801e0d30da50f33a153e2d01fb908b50b,e9160d7000b49f88be6965d26adc7edfbaae32df,true,ps2 textures\opaque\bp_remade,true,true,5,remarci_4x,false,0,false
sor_mgs3_body_over.bmp,e92e29634d684e0c7b4b28c2d24dcdbda009d974,3e4ec704489a38565d1f498eca6a35767278e1bc,true,ps2 textures\opaque\bp_remade,true,true,5,remarci_4x,false,0,false
sor_mgs3_body_over_det.bmp,df9690c3be0897f5cd81f3378575b3ad47b7cf12,ff762cec5cd09a7f6f9ec82618ade5d395cc1e27,true,ps2 textures\opaque\bp_remade,true,true,5,remarci_4x,false,0,false
sor_mgs3_body_over_park.bmp,4de118a1a65d4378b3b87495d17db6fb046722fc,aded7532268c7d0168d87b9f7dabd21e013b41f2,true,ps2 textures\opaque\bp_remade,true,true,5,remarci_4x,false,0,false
sor_mgs3_body_over_park_smole.bmp,b723a0660e1ea8fbb725bbd581dbc909905b481e,bceaffddde866d9f63721d0109b7f3f27537b006,true,ps2 textures\opaque\bp_remade,true,true,5,remarci_4x,false,0,false
sor_mgs3_body_park.bmp,69f37a347e3c3860d3bac24c4c5408a12cbffce9,540e1299e6e6d041cf45d52ac8780310cb1d6b0a,true,ps2 textures\opaque\bp_remade,true,true,5,remarci_4x,false,0,false
sor_mgs3_body_park_smole.bmp,8c869d9012c702f2ca59a65ac5e93d67eca3c7e1,3ada679a8a3fc7dc8afeaad24d08efadff7641b2,true,ps2 textures\opaque\bp_remade,true,true,5,remarci_4x,false,0,false
sor_mgs3_body_shld.bmp,a46c8ba7785264d3f2837b9cd80c3806c0c0006e,05818636db3654be9d46605054c0d4cd25ba434b,true,ps2 textures\opaque\bp_remade,true,true,5,remarci_4x,false,0,false
sor_mgs3_body_shld_deth.bmp,f7f06d689f07135f9cbb8abc586e857af03a3ef5,50f28e43d51c9707ad7c49d4c2334b9c8e69cce8,true,ps2 textures\opaque\bp_remade,true,true,5,remarci_4x,false,0,false
sor_mgs3_body_under.bmp,6f9474da74616274ab487fcf04d8b0bcb6322476,b5025b623ee917a8eb62a55c02f5e60f4de3bbb7,true,ps2 textures\opaque\bp_remade,true,true,5,remarci_4x,false,0,false
sor_mgs3_body_under_deth.bmp,585e82c98a9a4b0a35f62a638edca1ba74ac46f4,d511243980e36df274306baa220fe9eec0fcbf8f,true,ps2 textures\opaque\bp_remade,true,true,5,remarci_4x,false,0,false
sor_mgs3_eye_hi.bmp,8b5e7f6b72a041c78fb30c76b2fbed3624fb6e8f,82eb4a1825dda734e2da1a54a6ed1d12beb46af6,true,ps2 textures\opaque\bp_remade,true,true,5,remarci_4x,false,0,false
sor_mgs3_eye_hi_smole.bmp,4a3e955143a934159361b25dd4d4b9b60a4c6287,5ba924a300e9e1cf4e11ba18710d677ff81e82b1,true,ps2 textures\opaque\bp_remade,true,true,5,remarci_4x,false,0,false
sor_mgs3_eye_ovl_mod1120_alp_emap.bmp,3d61d284fc63cd1e4bc232cdc43069d91c34404e,3f952202231a138ff2dc07b7bd344d8319c2c020,true,ps2 textures\opaque\bp_remade,true,true,5,remarci_4x,false,0,false
sor_mgs3_eye_red_decal.bmp,02a802d60cc90d8d485809e85022e3a377e29eb1,c859ec32ad3c7e4d51c181ae608d9c0ed4dc497d,true,ps2 textures\opaque\bp_remade,true,true,5,remarci_4x,false,0,false
sor_mgs3_face_blood.bmp,7a14adb2a94764cd7be67763488a86c17059a1f9,9616c893d36d2e4abeecc5973b21564349fae510,true,ps2 textures\opaque\bp_remade,true,true,5,remarci_4x_extra_smooth,false,0,false
sor_mgs3_face_def.bmp,280cf05fffea5500bbcafb63d52d4a8ab4959445,6da6c6eb89d2cc31fb7412cddddb8c8fd6a3c5d3,true,ps2 textures\opaque\bp_remade,true,true,5,remarci_4x_extra_smooth,false,0,false
sor_mgs3_face_park.bmp,997921abc65ddf7d8851fc98338f21b7030b9fc5,a57128a8986a50fd1a98ce6d6af6f17aac881111,true,ps2 textures\opaque\bp_remade,true,true,5,remarci_4x_extra_smooth,false,0,false
sor_mgs3_face_park_smole.bmp,6e2bbea421db64dc7061e1224e040ab744f203c6,446c948e03cbc682e31a643f421fd2d9bf195353,true,ps2 textures\opaque\bp_remade,true,true,5,remarci_4x_extra_smooth,false,0,false
sor_mgs3_foot_goast.bmp,1a5d2f92bb3ee5cf2add192f63e697e194603d9a,b57ab9cebcf8c5c2b47eb1dec6d977f02972ec2e,true,ps2 textures\opaque\bp_remade,true,true,5,remarci_4x,false,0,false
sor_mgs3_foot_goast_smole.bmp,e85e8a5794995dbf4f87a6d4413ce279bc291131,546d8757edd8856201d60a3bf8ffb971a0cd2337,true,ps2 textures\opaque\bp_remade,true,true,5,remarci_4x,false,0,false
sor_mgs3_gun.bmp,970c5e7cb5eb8b52f6e6d9a3181187a54ff10d70,7ad1efd3ba85d806bf9547d97e40efdaeff1ab07,true,ps2 textures\opaque\bp_remade,true,true,5,remarci_4x,false,0,false
sor_mgs3_gun_belt.bmp,f1d8ff06056ae6ad95d6b8d179ef0757efb50792,8d3e979db64a38cad681498af256faafbe737738,true,ps2 textures\opaque\bp_remade,true,true,5,remarci_4x,false,0,false
sor_mgs3_gun_belt_deth.bmp,82fa359092b428892d15f0b949129328ce0ed58e,967ed4fde110a81b0e94c6ced22cd2c121eb3277,true,ps2 textures\opaque\bp_remade,true,true,5,remarci_4x,false,0,false
sor_mgs3_gun_belt_left.bmp,f41102bc1bcd610c0c54ec546d846e3c33556c4e,eb5eb8345f6360cde242cd56bb1fa61fa476632e,true,ps2 textures\opaque\bp_remade,true,true,5,remarci_4x,false,0,false
sor_mgs3_gun_belt_left_deth.bmp,a0a8bf362ed17de58eec3af9577d0cb73ba9731f,256fbe72050475bb7caf900a1c0aac2a1fba716d,true,ps2 textures\opaque\bp_remade,true,true,5,remarci_4x,false,0,false
sor_mgs3_gun_belt_shl.bmp,7a91d43b736c6ff33368f50b00b8029124007d88,dbae5733471a6c52ae31dd6b8fe20e8b35956722,true,ps2 textures\opaque\bp_remade,true,true,5,remarci_4x,false,0,false
sor_mgs3_gun_belt_shl_deth.bmp,36bf33897fc11f5325630849290b96e476f1a10b,cfbdf02e3856b44a00983ac84f05a19d2e33692d,true,ps2 textures\opaque\bp_remade,true,true,5,remarci_4x,false,0,false
sor_mgs3_gun_grip.bmp,0a4da7a0b2991ff42e6e87adb6a7f50f126d3cb4,67e816e7642246aea130761d6931d16f860908e1,true,ps2 textures\opaque\bp_remade,true,true,5,remarci_4x,false,0,false
sor_mgs3_hand_def.bmp,b9fae925897cd74ae1e8063bbeb5ebb75bb64954,cbff3c081c9da4f73491d52c2c154ff5b3472b7e,true,ps2 textures\opaque\bp_remade,true,true,5,remarci_4x,false,0,false
sor_mgs3_hand_def_smole.bmp,7477701541d262396092a1ddc7e1addd4cc2fc40,09c87b57b9a24666bd31423223fad69861eebffb,true,ps2 textures\opaque\bp_remade,true,true,5,remarci_4x,false,0,false
sor_mgs3_head_park.bmp,2180c81a5ea1be2ed6fe02fadbb03d05f509652e,69e93c23c22eea4183fe34e9f3051b7b0bfdc408,true,ps2 textures\opaque\bp_remade,true,true,5,remarci_4x,false,0,false
sor_mgs3_head_park_smole.bmp,ffa542cdeec1d7e8bc5832f751ec01f99be377c2,ec2a061b9782b1359bf0078379894b4bbcfe394d,true,ps2 textures\opaque\bp_remade,true,true,5,remarci_4x,false,0,false
sor_mgs3_wpl.bmp,503644419e67041804748df293fac9d04d89d1d8,9cc35c8754db33f9bcb6f2ad2e8b95b9caf2c9c1,true,ps2 textures\opaque\bp_remade,true,true,5,remarci_4x,false,0,false
sor_rend_waist.bmp,62902f16b5e0d4ee21a060b988a09c0a387836d3,acd1f8439d801a40e00a8006e313c47508aaeb6a,true,ps2 textures\opaque\bp_remade,true,true,5,remarci_4x,false,0,false
sor_xry_bones.bmp,caa0988db6a2e8a7108e4843c2cd9d502881e7ca,63ec7a378fe6d5ecf3e9f56bd795603f45514eb0,true,ps2 textures\opaque\bp_remade,true,true,5,remarci_4x,false,0,false
sor_xry_buckbone.bmp,15882219a43db98317ff37168531461b8205b750,0ab1a067f1ca7fcb52f32fd7cdf133fc73fac235,true,ps2 textures\opaque\bp_remade,true,true,5,remarci_4x,false,0,false
sor_xry_skull.bmp,492b9603426d5c08b4fdca58a0e6edf654658d86,0ffa4b52f48bdefc6959d3d314db3721a1183581,true,ps2 textures\opaque\bp_remade,true,true,5,remarci_4x,false,0,false
spy_case_a.bmp,cb627423dace4debf1249050f9c8a561470b4a1d,0987cc56b11e3d488a446fbfd44c795c5e4630c3,true,ps2 textures\opaque\bp_remade,true,true,5,remarci_4x,false,0,false
storehouse_box02front.bmp,e12cf4838280068c31f1de2e580384c1feff6e36,b5eb23ef911a039546cc516ae061c22393659690,true,ps2 textures\opaque\bp_remade,true,true,5,remarci_4x,false,0,false
storehouse_box02side.bmp,56502341bd780dfc37ee452ae93d317a64fb5ca1,4be45fe5f7b0502bf7b00da4a3ca57951e41f5d3,true,ps2 textures\opaque\bp_remade,true,true,5,remarci_4x,false,0,false
storehouse_boxb02front.bmp,71b2ad4828cfff9359287ead9125c5a39958c9ca,cd58249c08b487bec2c41cd998fdd135f16a723d,true,ps2 textures\opaque\bp_remade,true,true,5,remarci_4x,false,0,false
storehouse_boxb02side.bmp_3865ee5a3e19a6b38038156285f0bcff,fe93b01db3e8c1e07a01ab6199b3f042378ac02b,2aa5291306933cc5f77789eb2aee3b6a852dca8f,true,ps2 textures\opaque\bp_remade,true,true,5,remarci_4x,false,0,false
storehouse_boxb02top.bmp_5cda35273604474644562ccc18a700ee,482a9a758783c86429f29f21773b266006e72fde,3d252a42cdab865b85906d3311cf16f9ddd27d2f,true,ps2 textures\opaque\bp_remade,true,true,5,remarci_4x,false,0,false
storehouse_ceiling01.bmp,0537cc2db78f7ccff14743d225c42cc138baffc3,44e9650d7200f3f5b7a184a1b2d0cee8b31e5184,true,ps2 textures\opaque\bp_remade,true,true,5,remarci_4x,false,0,false
storehouse_door01.bmp,f5d310218029ca174e011df3c8c40e19efc75a77,acdb1487b5b5a15f22c70408015663a7a5b55a28,true,ps2 textures\opaque\bp_remade,true,true,5,remarci_4x,false,0,false
storehouse_door01.bmp_8a3ef897aa63e596e7f9d9151c29d1c9,df5c3b432bc557cc349e7346111abb2f1fb4fdcb,0c29779981a4034ff080f71aef52d5bd48a5a9a8,true,ps2 textures\opaque\bp_remade,true,true,5,remarci_4x,false,0,false
storehouse_flour00.bmp_74be034da3517787c642dfb992a58f76,c05d17ce7b3cff431c1fd9c8e33571b726b110c5,be609c8942175b1004e9fb9babf969ad8958e9d0,true,ps2 textures\opaque\bp_remade,true,true,5,remarci_4x,false,0,false
storehouse_kan00.bmp,f4dd81406a61bb6e226df296043b98cc0014f995,9b66024a2f2eab32eaba4fd69043eb2328b75fd7,true,ps2 textures\opaque\bp_remade,true,true,5,remarci_4x,false,0,false
storehouse_pillar01.bmp,8d2c0710a03612f1699bf257a64d21dbd5af04ac,b454ec7e95b99245c4b374469099892ff2e12f7d,true,ps2 textures\opaque\bp_remade,true,true,5,remarci_4x,false,0,false
storehouse_pillar02.bmp,e65ec3bb94351a9c9510ffcae55b7914b6c3d262,04169eb838ab6abdac0fda3fb7059865ea28e4dd,true,ps2 textures\opaque\bp_remade,true,true,5,remarci_4x,false,0,false
storehouse_plt00.bmp,710c87f0ca707b88ac357b6b91c233c53d500330,7ca4d8f41c461664fe953d4afb037d60132ba7d1,true,ps2 textures\opaque\bp_remade,true,true,5,remarci_4x,false,0,false
storehouse_wall02.bmp,a74cc782c62f092cd760ca93d4f4d7e02f720022,dd64b2325173e0f744eafbfe05073dcbdfbe380b,true,ps2 textures\opaque\bp_remade,true,true,5,remarci_4x,false,0,false
stove_stand.bmp,995f1feaaf07c26761fbb1b4e705c3e684d05288,654b0cd873450844769aa79d49d7112bb0246c44,true,ps2 textures\opaque\bp_remade,true,true,5,remarci_4x,false,0,false
susb_tesuri1.bmp,190e1c0eb577b1c410d32b20ef9755eef2e2a374,ab40b69ac4ad90b590d5efa26a58107d05ec65a3,true,ps2 textures\opaque\bp_remade,true,true,5,remarci_4x,false,0,false
susb_wire1_rep.bmp,8022c794899d47268f7a5c88aea508e486a3fcae,f94519cef86bbf9ac543343fe33165a93342ab85,true,ps2 textures\opaque\bp_remade,true,true,5,remarci_4x,false,0,false
susbridge_floor1.bmp,d89cf7b26fe212a80d0b937f95102167f3a7d0ba,cd81d14745ae31a69e25c7a54db311aafb77a8c0,true,ps2 textures\opaque\bp_remade,true,true,5,remarci_4x,false,0,false
svd01_tex.bmp,bfde810db8cef5ce84acc424edc738fec0d8fdeb,9d6c177773cce7cec22b22c5eeab126f6fac7481,true,ps2 textures\opaque\bp_remade,true,true,5,remarci_4x,false,0,false
svd02_tex.bmp,3ed07d86ed98e7820dbbeddb2a1aa7c81713df88,e60ef8f0ab298da95d972a6c84c526064b584bee,true,ps2 textures\opaque\bp_remade,true,true,5,remarci_4x,false,0,false
svd03.bmp,4d1bab4a984b32ffc67621ef16aff8c0bb49bb72,d5977821147b1ef51c9b0a9ce501a47eeb52bcdd,true,ps2 textures\opaque\bp_remade,true,true,5,remarci_4x,false,0,false
svd04_ren.bmp,b1296b91e64001b987f800ed18d4d814ecffb9f3,cb1647561badd3bd60b39dcf734908a88dfd432c,true,ps2 textures\opaque\bp_remade,true,true,5,remarci_4x,false,0,false
svd_amo.bmp,dcb23fd6ec613657932dd2246a22f21c9b5f1a16,339644327a0cd559e706a88fc9ebfa1ee53a3169,true,ps2 textures\opaque\bp_remade,true,true,5,remarci_4x,false,0,false
svknf_grip.bmp,250485dfe39b86e6e1a8ddca8a769a109b1f32f2,d830323fd13e54842db013e88068ff08b4e992b0,true,ps2 textures\opaque\bp_remade,true,true,5,remarci_4x,false,0,false
tablewood_cast00.bmp_72e255b759c38bae586f426480cf6076,844c7997c9772744796acfdf1dde6fd96e120b60,87d8223ab976e9fe5571a355c80a21051ae7ac26,true,ps2 textures\opaque\bp_remade,true,true,5,remarci_4x,false,0,false
tablewood_top.bmp,bf96d719f7d95a7df1b5f1758c0247720f7cdee2,d96d62a14131010ca88cb4f75a8d2c955263beba,true,ps2 textures\opaque\bp_remade,true,true,5,remarci_4x,false,0,false
tablewood_top_256.bmp,ec61946b1ccd7b70fca657916d264b9cf3cd27ae,72b685bec0110ce359b25ebfd2e93f564a1bf89b,true,ps2 textures\opaque\bp_remade,true,true,5,remarci_4x,false,0,false
taiya.bmp_acd4abfd35a8f731aab5deca60c1d712,9c2d4caf66021408838c3a9e390477a8e0c51a92,f7741b2b0cf81ba36cc33af14d5f82109d62457a,true,ps2 textures\opaque\bp_remade,true,true,5,remarci_4x,false,0,false
taiya.bmp_e606aaab5c9434f992fd585a35ba9ab0,2c60fd0b6f1ec00cc5e54a8d326cb3404b1d21d5,4f276248a1ea821bf4d3a9fc5da2495b57d17186,true,ps2 textures\opaque\bp_remade,true,true,5,remarci_4x,false,0,false
taiyabase.bmp,b8d113eba8b0baba7d4935fdd2e78c2dc77c167a,34a72c29a260a66931329329459f48cf2e53238f,true,ps2 textures\opaque\bp_remade,true,true,5,remarci_4x,false,0,false
taki_eda_12_alp_ovl.bmp,0967992c4386d75beacb32462e12b1ec6e0a3021,f10747b9cef97b37b32018ae89c5e2aed7579878,true,ps2 textures\HAS ALPHA\bp_remade,false,true,5,remarci_4x,false,0,false
taki_eda_12_alp_ovl.bmp_9d79dcb7c6e2d7a01f869a18e42c730b,0a92f2e419f7814824397946047f6908ab3292b8,43889d9fb111f512df1cbe2f65c11fb0f7836d79,true,ps2 textures\HAS ALPHA\bp_remade,false,true,5,remarci_4x,false,0,false
taki_iwanohyoumen_07_2_rep.bmp_4c306fbc0612bd3c1a022dbc47d91989,1bd27ced3313572a0959b94f2338e5742f81ef2f,2ef8ec47b13e86112c7c9ee80ac358b00b340328,true,ps2 textures\opaque\bp_remade,true,true,5,remarci_4x,false,0,false
taki_iwanohyoumen_07_rep.bmp,b103124a92aab39cd987b774f6d54bcbf075fad8,da0054dc57f6e193ee7e7f9417b352abde997308,true,ps2 textures\opaque\bp_remade,true,true,5,remarci_4x,false,0,false
taki_sida_a02_alp_ovl.bmp,5999ba7344cbd740e408b738846f861f4af55879,644d09f333a00bc2d5e645ffa9ad994c816e386d,true,ps2 textures\HAS ALPHA\bp_remade,false,true,5,remarci_4x,false,0,false
taki_tree_a19_rp.bmp,5a425223a8e1a7487f9f4223ffd6e17048af4de0,7660ef444dc5707626757ad5223704297e2fa9ca,true,ps2 textures\opaque\bp_remade,true,true,5,remarci_4x,false,0,false
taki_tree_b02_rp.bmp,915dc6b00d5c5a7ae879f7976ea15974e5d3e562,00796a3d452281511179d33d989731dbaf45394f,true,ps2 textures\opaque\bp_remade,true,true,5,remarci_4x,false,0,false
taki_tree_b08_rp.bmp_a0ac50d5b5ddc886e2ce9174ff6c9331,0348ad0b1bdffc439ac675df0c0c5ab017dc947e,90ae1c4cc33e6c2d43f046b56c9b6877dae7435d,true,ps2 textures\opaque\bp_remade,true,true,5,remarci_4x,false,0,false
taki_tree_b09_alp_ovl.bmp,fccbcd7b6c573d52890cf75b34e5e3ae14d5f000,a32057d91c9a7a761c2fc36e82224a6538e63270,true,ps2 textures\HAS ALPHA\bp_remade,false,true,5,remarci_4x,false,0,false
taki_tree_b10_alp_ovl.bmp,533e8fc09b1d66372da88868c53bded94421a159,46269f9beafca9b39b4480df79abaa9ff757c595,true,ps2 textures\HAS ALPHA\bp_remade,false,true,5,remarci_4x,false,0,false
taki_tuta_a02_alp_ovl.bmp,9ad65435cc41bfc138088815c4739ea97d5466e2,987af6d16311afaa5773ca1d86c5130ad6c4b557,true,ps2 textures\HAS ALPHA\bp_remade,false,true,5,remarci_4x,false,0,false
tank.bmp,94ea2edffe706ec9309193d66182903af59b8a7c,8d66fe92891d2d648826ce9513955f665333c003,true,ps2 textures\opaque\bp_remade,true,true,5,remarci_4x,false,0,false
thu_arm_cord_ovl_alp.bmp,e78a842506d0a881a12e49b7cea31e037b1ef1d4,94550cd719193ade3618d2443e982677cb9022f2,true,ps2 textures\HAS ALPHA\bp_remade,false,true,5,remarci_4x,false,0,false
thu_belt_ovl_alp.bmp,dd625dfe8451312c2e00e6c6d0abaf78f40e7b16,7bd61a17bcf30c0dddc1a78bd0680b7e3407d1fe,true,ps2 textures\HAS ALPHA\bp_remade,false,true,5,remarci_4x,false,0,false
thu_body_def.bmp,6eeb0992917c39e8e9ff429cfeda0b0e76b3412f,4245152f4be198e7685c7398e3f06016f70d7baa,true,ps2 textures\opaque\bp_remade,true,true,5,remarci_4x,false,0,false
thu_coat_foot_sole.bmp,eea1e269ac48b7b1d4b67ddcaca238f47d67d206,dc6958369a5724b8b1ca9380c9d73354376bb390,true,ps2 textures\opaque\bp_remade,true,true,5,remarci_4x,false,0,false
thu_coat_toe.bmp,96ea5fe98c30d804ef5a43f63caedcf27ccdc84a,16e403db7ded3afbe3996c8a3a5c062608ca4a7c,true,ps2 textures\opaque\bp_remade,true,true,5,remarci_4x,false,0,false
thu_def_cord.bmp,7b8f1a222891491ec83096c039029137e1eab44a,a8a85452a6d549bb268260470e4c4ff14c9a51d9,true,ps2 textures\opaque\bp_remade,true,true,5,remarci_4x,false,0,false
thu_def_eye.bmp,032ca5ce01c962ec0c5f8dedfdd46c7765d84c42,af048a85f8838d15d5bd316faf9c504a571550b8,true,ps2 textures\opaque\bp_remade,true,true,5,remarci_4x,false,0,false
thu_item_arm_gro.bmp,6e2c5f42f9a42153f5cc7e445b2a1777d06dbf6d,9f59ce33cbd51879a0b8d1aee42a369036b4b2f2,true,ps2 textures\opaque\bp_remade,true,true,5,remarci_4x,false,0,false
thu_item_arm_jnt.bmp,5235f1e2896e5069f6e68d9412813afce440adf2,b84279ad70b74b5bcdd961d06de2980abd76421c,true,ps2 textures\opaque\bp_remade,true,true,5,remarci_4x,false,0,false
thu_item_hand_jnt.bmp,125de18c1f3ac91a8ae079b8b2c5dda7f8c8fc7b,b6408d6ca52b3d800d5bc670cb226b573c0ce0b4,true,ps2 textures\opaque\bp_remade,true,true,5,remarci_4x,false,0,false
thu_makarofu.bmp,426fd9cfc7f501f6c6418ddef8dd1fe84c55b63b,251c5183489e58d8583dddf99db139545ba09261,true,ps2 textures\opaque\bp_remade,true,true,5,remarci_4x,false,0,false
thu_mgs3_arm_cord.bmp,f395c1a5e99a56d72e2a3215ac0b7c45a8f2f6fa,f2fe59e6c9144ce6108eb9aa296632663f7c6d41,true,ps2 textures\opaque\bp_remade,true,true,5,remarci_4x,false,0,false
thu_mgs3_arm_dam.bmp,72d43a9aa67f9fbc85ce76689c7fd0f9c1a3e721,d78f21242b0fc1133fce46f7e632888abb710ae7,true,ps2 textures\opaque\bp_remade,true,true,5,remarci_4x,false,0,false
thu_mgs3_arm_def.bmp,b80080f0a0fda41638d4f232a0968a04c50829e5,a39b6d61c3ce12b7d652c95bdb6efdd89d6122e2,true,ps2 textures\opaque\bp_remade,true,true,5,remarci_4x,false,0,false
thu_mgs3_arm_jnt.bmp,b57c558089be2e8d7c71d0399c4d973e4f2e5a7f,344de9a80a26b96963e9cc7f3ae4754e3bde7a92,true,ps2 textures\opaque\bp_remade,true,true,5,remarci_4x,false,0,false
thu_mgs3_btn_body.bmp,fb8da3c1bd259cb88ffedd4c6fa7f9e5bf78fc36,cd8c85a25cf6e6aac599c82e0c0755a32c3e0b79,true,ps2 textures\opaque\bp_remade,true,true,5,remarci_4x,false,0,false
thu_mgs3_btn_coat.bmp,89fd79274f916bbddedc86a45e106055e0e07d6e,330e04bb42c93363b7012cbcf558f5af4f7a9b59,true,ps2 textures\opaque\bp_remade,true,true,5,remarci_4x,false,0,false
thu_mgs3_bull.bmp,1e893e13c3dfd743d8db22198207d7e61702d17f,8f08851d6dbebed1284c4e5f15a5d994e915f6b8,true,ps2 textures\opaque\bp_remade,true,true,5,remarci_4x,false,0,false
thu_mgs3_coat_def.bmp,ea70918ea4bcacff846a45ce48c1cf78b1561e82,b4d16dd3627e87bbf195a08f985c7806020dc47d,true,ps2 textures\opaque\bp_remade,true,true,5,remarci_4x,false,0,false
thu_mgs3_coat_hand_def.bmp,21a7c501258a9e09453244d007b9c9b318560eb5,4f19ec8079e3c75fb1347bc03435aa0bc5b5d9f2,true,ps2 textures\opaque\bp_remade,true,true,5,remarci_4x,false,0,false
thu_mgs3_face_after.bmp,4e9db02752366b6bde59b29c7d6c2d1c4398c9d9,f7616fbbfd0199026d54afe8e9a0c7c0ac956f28,true,ps2 textures\opaque\bp_remade,true,true,5,remarci_4x_extra_smooth,false,0,false
thu_mgs3_face_after_ovl_add_alp.bmp,a2d7d0edc267dd164b5d43cc7cb54dc2eb3e63e8,5f87fd67febf4d526f7cbfe4a3fbd74c59543875,true,ps2 textures\HAS ALPHA\bp_remade,false,true,5,remarci_4x,false,0,false
thu_mgs3_face_def.bmp,0a21d91b1613b408507f252821b8e656677da3c4,c59a3248bd4c0a74de1b9ac9e5fb42532ddea8fb,true,ps2 textures\opaque\bp_remade,true,true,5,remarci_4x_extra_smooth,false,0,false
thu_mgs3_face_def_dam.bmp,bf21d6f7b6f5f2afdfd8f650e2c5998ead5f60eb,e230a3e2dc3e18a8fc49630e79cdf3fb37b86166,true,ps2 textures\opaque\bp_remade,true,true,5,remarci_4x_extra_smooth,false,0,false
thu_mgs3_face_def_ovl_add_alp.bmp,3c08c048870b20a1fae67ad52a4d4192e2840790,7720a3330ae06d351802b2dca6867cb039791ed3,true,ps2 textures\HAS ALPHA\bp_remade,false,true,5,remarci_4x,false,0,false
thu_mgs3_face_hard.bmp,e5ee07562fef760c1595c957bb5bde344078d46b,8581179d9bb67490a0c29d8879e535e064c44f42,true,ps2 textures\opaque\bp_remade,true,true,5,remarci_4x_extra_smooth,false,0,false
thu_mgs3_foot_dam.bmp,062022acd71322a98468de80890703869d547dee,a0a33db926c3fa0afee7493321fe71b30e56c1c6,true,ps2 textures\opaque\bp_remade,true,true,5,remarci_4x,false,0,false
thu_mgs3_knee_def.bmp,12b0b29b79f99ced2834dc474d9a435c94d76b0e,f9c0ba2d49033e76adb4088d4ca1195a4a3eae67,true,ps2 textures\opaque\bp_remade,true,true,5,remarci_4x,false,0,false
thu_mgs3_leg_def.bmp,147e0e88f469f8c8b112cf12e662f9d2858548ee,53ea8512f2835f9e04bac7b00e28f09c36d585aa,true,ps2 textures\opaque\bp_remade,true,true,5,remarci_4x,false,0,false
thu_mgs3_pin_ovl_alp.bmp,d2dfd852c751df30d4ee17f5affb0281b1a18ea1,5cd26cba1bffa2392573305b85dc19ad375be074,true,ps2 textures\HAS ALPHA\bp_remade,false,true,5,remarci_4x,false,0,false
thu_mgs3_shl_dam.bmp,37618a5294585d863cb6dc296e2c7a8a45f3933c,e15d7d65d48b96e849e5acd6fa3095eba4d0343b,true,ps2 textures\opaque\bp_remade,true,true,5,remarci_4x,false,0,false
thu_pal_ovl_alp.bmp,109cae0e305addf3b659bc05732dcf75782bcc2a,b7445b1696d411fae24c9bd74de9b0c6881c8040,true,ps2 textures\HAS ALPHA\bp_remade,false,true,5,remarci_4x,false,0,false
thu_pal_top.bmp,805e8df28b3b335d83e2c7ece32026c76778a956,21b62e9f800c09fddef05c8024db0c36c28bfed9,true,ps2 textures\opaque\bp_remade,true,true,5,remarci_4x,false,0,false
tiger_a00.bmp,f147b4c3d6df9675aa3133e5576b5046176edae5,0e1e4704d68b08cc584d1308dd17f666e35038d1,true,ps2 textures\opaque\bp_remade,true,true,5,remarci_4x,false,0,false
tiger_a03_alp_ovl.bmp,878c0c475b48f6ad9dd30e26405de91689d4cc23,0042c36cad1c1248bc00d9021bdf6ffbd4d03bee,true,ps2 textures\HAS ALPHA\bp_remade,false,true,5,remarci_4x,false,0,false
tntbomb_tex.bmp,4fe8720aebd13d23aa3509512843516db4df15fc,d9a4f0f1b8a403df6a715dc03a756a9fe4ed3a3f,true,ps2 textures\opaque\bp_remade,true,true,5,remarci_4x,false,0,false
tntigni_tex.bmp,30e9630875f6fe637031c1ed6eacdadbc383b785,608f201d39149c44ffb67dca27d3cb7d93a81345,true,ps2 textures\opaque\bp_remade,true,true,5,remarci_4x,false,0,false
toilet_wash00.bmp_130f36d03b48f1b7fe4be27796066b60,0ac090ee1b852530ba68be77500821c4a6f2b4f0,f6e7b0fff663a5012461095411fef3b48409800c,true,ps2 textures\opaque\bp_remade,true,true,5,remarci_4x,false,0,false
torch_cloth.bmp,073786dc4d4404148e5f8716933565e028978c1d,c5c2f77a53768d96186e6145bbf64883c66d27dc,true,ps2 textures\opaque\bp_remade,true,true,5,remarci_4x,false,0,false
torch_kai.bmp,898ec751d9323abc83553b037ddf3a2dfcc3a959,9f599060ec0f51ba69a3ea07718340b4a237091f,true,ps2 textures\opaque\bp_remade,true,true,5,remarci_4x,false,0,false
torch_wire.bmp,65fb08e550e59317d9ee770e65ff97672e29b576,bced20351215dcc3f87c8598e7a761c5a77008c5,true,ps2 textures\opaque\bp_remade,true,true,5,remarci_4x,false,0,false
trap2.bmp,f813bf05aa033570cfe076604b4b3b66053ef897,45bd99d2e8afe757026423eb4907c77d0d751af7,true,ps2 textures\opaque\bp_remade,true,true,5,remarci_4x,false,0,false
trap_hookrope_iron.bmp,f4efaef5063767c510f2e77646e23796fe6b8aab,e505afdb3ea6154cf8f6446014a1a3f92f62ac98,true,ps2 textures\opaque\bp_remade,true,true,5,remarci_4x,false,0,false
trap_pendulum_large.bmp,05c6ae44a817233214c902fbec9d63443bf2f3da,3304af02e9c0f9ef7b4fca2498e9a0607c82c180,true,ps2 textures\opaque\bp_remade,true,true,5,remarci_4x,false,0,false
u06_3.bmp,e9937c83656983c2fd267c284a1c50213940331d,0f5c3c79773c7dd317ffb428ddb412b88ff6938b,true,ps2 textures\opaque\bp_remade,true,true,5,remarci_4x,false,0,false
u06_4.bmp,012a277fc37310944e7dc3824999f4cb4c2b70c2,de9c0224165109d1e53658273f5662cf477e7db8,true,ps2 textures\opaque\bp_remade,true,true,5,remarci_4x,false,0,false
v004a_flr_swamp03_alp_ovl_rep.bmp,a953feef8246528dbe56cbca2f90655a2f3ffc42,8d89399d31501b8bdb369a6e9ad3a04adfdcb074,true,ps2 textures\HAS ALPHA\bp_remade,false,true,5,remarci_4x,false,0,false
v004a_leaf2_alp_ovl_rep_256.bmp,499716503a9e47b99f2b4636d484f744e0091658,4c23a5bbf6b8e6d42c1739d186d59ac4604eb87f,true,ps2 textures\HAS ALPHA\bp_remade,false,true,5,remarci_4x,false,0,false
v004a_soil01_yake_rep_mip8000.bmp_52acaa17f120e32e0ee757b69a796358,89ac514fafa63740e8785bae2c6295638d787904,ccb82161c28e3178bc8d098c4bad93feabeea4f4,true,ps2 textures\opaque\bp_remade,true,true,5,remarci_4x,false,0,false
v004a_wall04_rep_mip8000.bmp,3a4ef26505d86b85cd408fcb3706a5abd4619e0c,f4eea1560ac179f732461feecd7ca2d7be996ac6,true,ps2 textures\opaque\bp_remade,true,true,5,remarci_4x,false,0,false
v006a_eda3_alp_ovl_mip8000.bmp,c761ff0cc9de49fddf4ae271f9396871bb0f6e09,78fdd2c8dfcc860608ddfaa18a50048cabeed837,true,ps2 textures\HAS ALPHA\bp_remade,false,true,5,remarci_4x,false,0,false
v006a_temptex1_rep.bmp,da86d61904a8dcd18cc953dfca41f2755f47ff17,e372c07a0293ee903f4643b80e6744bdfc31972d,true,ps2 textures\opaque\bp_remade,true,true,5,remarci_4x,false,0,false
v006a_tree13_alrep_mid_mip8000_rep.bmp,c770b1a8a02a32ddcaed0be613cdfa934a060f08,c6ea7122e8c7718ebc81748c5ae17947cf4f19e8,true,ps2 textures\opaque\bp_remade,true,true,5,remarci_4x,false,0,false
vbiyoku01.bmp,86fdcf0f79b30a92dfc544b68eb1d50613484cfe,29e68cf382afe1ac76661c5434732e959a39b0e2,true,ps2 textures\opaque\bp_remade,true,true,5,remarci_4x,false,0,false
vtol010.bmp,8ecdbfe89ee8bdcc404fd0d42621e6b47f0232d0,c988f8dbdaf43657bf48632abd6699785d88ca4c,true,ps2 textures\opaque\bp_remade,true,true,5,remarci_4x,false,0,false
vva_a.bmp,3b7898215491d848ce57b6d0fb4bb488e6fd963a,6ca9e4900ec319a3465268ee85ab4b9e1c11c45c,true,ps2 textures\opaque\bp_remade,true,true,5,remarci_4x,false,0,false
vva_b.bmp_ba723258d9bb183f072193c17df4f8b1,21676547a3d0e6dbd8b1fabaf6a49bf936cd570e,84bd651096ee2a6f688133dec90013426f4987f0,true,ps2 textures\opaque\bp_remade,true,true,5,remarci_4x,false,0,false
vva_e.bmp,804d51826c36ba27247d1f064bb306fdb2f146b8,ec2dff5c93d4a1695d04633c3a0c5d18d5fc41c7,true,ps2 textures\opaque\bp_remade,true,true,5,remarci_4x,false,0,false
vz61_l_site.bmp,054b4a3a099f4c47c924f99c3031d8b3cdc222e9,5f52650fb1c09692f52045aa3e744d95d25d2c92,true,ps2 textures\opaque\bp_remade,true,true,5,remarci_4x,false,0,false
vz61mtex.bmp,096cf12c7bb2ccafde875b4ffbe62f078c228866,0ed408b3a1d845d59d30fb01e8fcb1addc30e06e,true,ps2 textures\opaque\bp_remade,true,true,5,remarci_4x,false,0,false
w121a_mecha_01.bmp,4f276b29817d29d0c2e6deb7cbc50156e5ae914b,2488c03d0e99dabc8407b7123a5cfb239b7b036e,true,ps2 textures\opaque\bp_remade,true,true,5,remarci_4x,false,0,false
w122a_mecha_06.bmp,f2a989523b55b38ad3889ffb28566d1a337d6e56,30b611b36ef53c77cd5a57a7d56edcbe052e4f4d,true,ps2 textures\opaque\bp_remade,true,true,5,remarci_4x,false,0,false
w122a_mecha_08.bmp,8fdd6d68cb5be6ec026e2e5ebde4d677124809aa,c37118d1f8663c17a34d37fb93abc649112dd46f,true,ps2 textures\opaque\bp_remade,true,true,5,remarci_4x,false,0,false
w122a_mecha_14.bmp,42e15f7309dcabd8e37fb33d7a6a468f66235906,4823b2a9d24b2ab95ab4290434ee956c0bd6b70d,true,ps2 textures\opaque\bp_remade,true,true,5,remarci_4x,false,0,false
w122a_mecha_18.bmp,627db303db3e4c0da8fb85841552c1e0aba768a9,7bd608d1cc1fbb11c37bc834a01f0c3117fc141c,true,ps2 textures\opaque\bp_remade,true,true,5,remarci_4x,false,0,false
w122a_mecha_23.bmp,60aa95ac7da8ada742470798d552e1d0fe9d0728,31204447c6b1f9a1f1c4ec67747343637b1f27fa,true,ps2 textures\opaque\bp_remade,true,true,5,remarci_4x,false,0,false
w122a_mecha_25.bmp,94e99aa42227fd16b1b26db2e9883f4b1b61f1bb,64d3e3c1adf64217e9c5520265d7407914ccc11e,true,ps2 textures\opaque\bp_remade,true,true,5,remarci_4x,false,0,false
w12b1_pipe_08.bmp,52f285b78d32b50f930f1ebf7ec5f7244225ba49,014b4073bcf914aecb7f55e39f8293a3835dd39e,true,ps2 textures\opaque\bp_remade,true,true,5,remarci_4x,false,0,false
w12b1_pipe_dodai_06.bmp_fcb55562e23327cbfc931647af728ded,39af5720434a379ca46248f28390ffe6c7d853e9,a1855caa88359d08d56f1a0e693a4bfc459af7d0,true,ps2 textures\opaque\bp_remade,true,true,5,remarci_4x,false,0,false
warning_a00.bmp,6a8745e39fb35d38067ddf8661dbc2cdcdcf5122,39065db27c23b760416f631e96756349fc9f80d6,true,ps2 textures\opaque\bp_remade,true,true,5,remarci_4x,false,0,false
weap_b.bmp,0415cc01bc9ec74d03ce5153e26b74246196a2bc,562b46bfb890cda02ab3a827d1a24a2311a0a5c9,true,ps2 textures\opaque\bp_remade,true,true,5,remarci_4x,false,0,false
wigbody01.bmp,7cb82b2d91ebc76d81ca4dea4301747855bae079,5592418b9e733c1a9dad22ecd1ce8ebc8dff49b9,true,ps2 textures\opaque\bp_remade,true,true,5,remarci_4x,false,0,false
wighad01.bmp,6e5a3d2b4fed3b6ee53d73a7f8934031e7b1d0ef,29f0b2f6d0c87ae21ec26c48e900b0a868b1a1c4,true,ps2 textures\opaque\bp_remade,true,true,5,remarci_4x,false,0,false
wighad02.bmp,d639f6a2cf22c8aa561e6ec16272fc493c96fc97,663318969964f1410519e872c2a547ec902aeed7,true,ps2 textures\opaque\bp_remade,true,true,5,remarci_4x,false,0,false
wighara.bmp,efcedc9aa7bc177c1754061258c474ea53ba7d89,5d75e2fd810a8cdc8fc4a98eeac84650db430f53,true,ps2 textures\opaque\bp_remade,true,true,5,remarci_4x,false,0,false
will_tex.bmp,d07ab27a956ed4b1b942d06a79a4c12ef2b90fb8,688410f3d95b0430db467cd8f1ddad4528b35353,true,ps2 textures\opaque\bp_remade,true,true,5,remarci_4x,false,0,false
will_tex_01.bmp,66c52ddf161802b3aee8eeab5541e520499350e6,702e4fa4f89a9e24709df712798902399318ad3f,true,ps2 textures\opaque\bp_remade,true,true,5,remarci_4x,false,0,false
wor_pendulum_white.bmp,12957ceea13f6db68682c61ccaebf11860f755dc,cc7252ed57be05598f08fe201060cda6e40da8b6,true,ps2 textures\opaque\bp_remade,true,true,5,remarci_4x,false,0,false
wor_suspend_leg.bmp,0eb397a01723221db1e6c996ca3152e84d1ad2e5,3c278dcb9273641668a8359503d12733b48e2a7d,true,ps2 textures\opaque\bp_remade,true,true,5,remarci_4x,false,0,false
zro_def_arm.bmp,be549265fdc30383c5a86d0b78ac63eb0618db15,3bd68f3bd6f13523e6285944d7e09e374ef95886,true,ps2 textures\opaque\bp_remade,true,true,5,remarci_4x,false,0,false
zro_def_eri.bmp_15527f701d8cd045dc161c08e82d4c5e,c49438567ff79b5f03175c8a6c18403ecda5d488,20a35c00bcca5da582c8478e7d2a24b13f60aa9d,true,ps2 textures\opaque\bp_remade,true,true,5,remarci_4x,false,0,false
zro_def_face.bmp,158cc23d8e4d67d8ecc85a264660ee6e015e7494,20c9c85177d79b139c1a680a9ce102bb97ab334b,true,ps2 textures\opaque\bp_remade,true,true,5,remarci_4x_extra_smooth,false,0,false
zro_def_hair_back.bmp,8450fcfe022d85ff8812c43735b315fa140c975d,fd565377458685faa26d3bd2515c8ca2763846d1,true,ps2 textures\opaque\bp_remade,true,true,5,remarci_4x,false,0,false
zu_23_01tex.bmp,ce7722e0b51943dc9aa16e7036e6016b9552fcfb,9574565df1a5edd3d4a512f34a02b0fadc4b7443,true,ps2 textures\opaque\bp_remade,true,true,5,remarci_4x,false,0,false
zu_23_amo.bmp,7e300b18cb894279b4790f7780b764bb5b59076b,46de7cd07161395a0b29493cd215e52366dfbb9d,true,ps2 textures\opaque\bp_remade,true,true,5,remarci_4x,false,0,false
zu_23_base.bmp,2656427ffea42f25e66d4b9dcfff4629ea08f8c3,f9be3fde25a4946b995095994063588cc0283066,true,ps2 textures\opaque\bp_remade,true,true,5,remarci_4x,false,0,false
zu_23_body.bmp,425d1912e0d6ab087a1b7a27fbf1a9a5e65ba4f3,3e5158de43f606d74b6ab213cffd74b01aff2268,true,ps2 textures\opaque\bp_remade,true,true,5,remarci_4x,false,0,false
zu_23_box.bmp,da67efc7b023b83c69374c4199611e36dbfbfc48,26d79df6e1984de6e99e645fb3fb23241ffda1ed,true,ps2 textures\opaque\bp_remade,true,true,5,remarci_4x,false,0,false
zu_23_handle.bmp,0dce160733cd534344719fc72fa2ee618b9e35e2,f093ac6d48d16097c792ae8d92790970564c2470,true,ps2 textures\opaque\bp_remade,true,true,5,remarci_4x,false,0,false
zu_23_sidebig.bmp,a47cacf5501dda945ae62c39660909e060279c12,8931cf3d4c95022fc25af0d940c63be363a8790e,true,ps2 textures\opaque\bp_remade,true,true,5,remarci_4x,false,0,false
