filename,before_hash,ctxr_hash,mipmaps,origin_folder,opacity_stripped,upscaled,upscaler_version,upscaler_type,ctxr3_converted,non_upscaled_version,npot_resized
0003a157.img,ad19bcee5657b3bc0055f5e3d0b5431977acdbf6,c3fd2a543b498b66bfcf07ba8ac4b03a31aa4c59,true,ps2 textures\opaque\bp_remade,true,true,5,remarci_4x_extra_smooth,false,0,false
0003a157.img_03f17ff9395846ea5bf936552c3b988a,5389da2c30305e6b7b6e595620efe394a94ed98f,ab26652bfa62f1333534a6405bb8eddd9ff31448,true,ps2 textures\opaque\bp_remade,true,true,5,remarci_4x_extra_smooth,false,0,false
0003a157.img_072734442395aa77b4dc73a300e14635,a08be4b149f95965fabc915097010497e30f775c,73f12ddd3c9e60bb183e21b1a111233bba2cf04f,true,ps2 textures\opaque\bp_remade,true,true,5,remarci_4x_extra_smooth,false,0,false
0003a157.img_079c21f87c2396e85d5f7c82637e7352,18ac4a8461e014f5b87ba4ce2f5a358fe5e48a25,d767386c90290513dc5ae104fd2775e6623ca6d6,true,ps2 textures\opaque\bp_remade,true,true,5,remarci_4x_extra_smooth,false,0,false
0003a157.img_185cf90c2eaa2eef3aeb870ec4834671,bbece4eaec1e3a8f47a2aa29d09fdaecfb89a7ac,191e5b49779f2e47fcf3ec4b935d05aa563dd4af,true,ps2 textures\opaque\bp_remade,true,true,5,remarci_4x_extra_smooth,false,0,false
0003a157.img_1ba470027dacd7c10adf661610dc04e1,e34cdb6f612d612e164067a2ddba43fda4f11a25,93d4f76c0946eca94b9f6b256a272ceb46535e53,true,ps2 textures\opaque\bp_remade,true,true,5,remarci_4x_extra_smooth,false,0,false
0003a157.img_1ece3f27cf607206241327a91b57c89d,e38d69e1f1bba3e514b0a402a2a2e7055ca568cb,c877dd5dc830ac8c06934a11fd32de8cad362d65,true,ps2 textures\opaque\bp_remade,true,true,5,remarci_4x_extra_smooth,false,0,false
0003a157.img_2be35633bee586cebc75a438f0e6e4e2,f493418340dbf37d89c8e053a28b787cd455144c,c081ad18a9d852cb92181316f8e58cf5c9caa7c6,true,ps2 textures\opaque\bp_remade,true,true,5,remarci_4x_extra_smooth,false,0,false
0003a157.img_3175e6874d78a2e57eb432e68c004751,8f373e2b5a21a433b05c6fc2bfabad656ed9aa40,63517ec043a2dd6a3c00a959e6fc8f78d0ae80a9,true,ps2 textures\opaque\bp_remade,true,true,5,remarci_4x_extra_smooth,false,0,false
0003a157.img_335003ac512d622e8ff81548074823df,15643b48880abbf058fad6933d46d219fd2f58a9,d418f5d6990043c3e901095492ff6472bbdc9ee8,true,ps2 textures\opaque\bp_remade,true,true,5,remarci_4x_extra_smooth,false,0,false
0003a157.img_40340683d6a287e2af39d3760e2162ee,f290d2dc25ec22cca386ddfbf4081ac5d42394b0,359266841e9252201666851980ead5408f97e607,true,ps2 textures\opaque\bp_remade,true,true,5,remarci_4x_extra_smooth,false,0,false
0003a157.img_42c8b0bc2f3455093d90a25729ed91b4,7772b4e27e592afbb2373db5c40d5f77ba27e0d3,b7b6a323b4b1cefe6de1ce8043251c81d9b06094,true,ps2 textures\opaque\bp_remade,true,true,5,remarci_4x_extra_smooth,false,0,false
0003a157.img_4344dd0f107c82e1ab241f4f84165e45,563fcfd92acf3a5b4d1aba8ce3a670e62bdf5bd6,8fcc044972b85e6d31f0a3e06e984dd62aecd85b,true,ps2 textures\opaque\bp_remade,true,true,5,remarci_4x_extra_smooth,false,0,false
0003a157.img_4b9c199f7524b4531a399cdcae08fec1,00f3d17ea550547abfbf3cf8b0b9fb4ef53afa8c,e7d33c0343232f7266e88ea945bf9d733d1f9e36,true,ps2 textures\opaque\bp_remade,true,true,5,remarci_4x_extra_smooth,false,0,false
0003a157.img_4ca343a31ddc4dfa5528cda5ec7f111b,5eaf569cefe9ba5c99ea300222cf413ef47c6dbc,42e034a7c52ee990933055322c0ab2cc17174009,true,ps2 textures\opaque\bp_remade,true,true,5,remarci_4x_extra_smooth,false,0,false
0003a157.img_4f9b6c4f12bbb06f5abff743fcd1085c,4ecdfdd74e0ae73d4ae3d0ee383acd4eead84fef,1fb7bdd6f34e5f01b5c0a62ab80dc017ee91ef9a,true,ps2 textures\opaque\bp_remade,true,true,5,remarci_4x_extra_smooth,false,0,false
0003a157.img_5667dcc8ac21297c981a8ec40fbe8c19,1131fac61bf06e9b20759a312287b4eebf0d2047,8ef320b75ea49ebec0f85d984b585468359d4906,true,ps2 textures\opaque\bp_remade,true,true,5,remarci_4x_extra_smooth,false,0,false
0003a157.img_56df4e5f35dee2941e00cbdcacd04fd1,d8e0020a845ceed01f123971505713ebc8b47ca6,883c69c4f3eb5ee896f8f5965cd765d962114d13,true,ps2 textures\opaque\bp_remade,true,true,5,remarci_4x_extra_smooth,false,0,false
0003a157.img_5aab7ee976ca7144ad954ec48d7f93a4,66d6748c264270805802633295127a08a946db0f,e32cd738e8c4dcb3cf7ef44d258157a0f4eba72e,true,ps2 textures\opaque\bp_remade,true,true,5,remarci_4x_extra_smooth,false,0,false
0003a157.img_68d061fb998272c35600430d51659598,222c8a329e6a6d5805460fb8192016aa4f006782,ada37ce8bbfd4982e8265ce2cb4e930846f98835,true,ps2 textures\opaque\bp_remade,true,true,5,remarci_4x_extra_smooth,false,0,false
0003a157.img_70d31f246558c4f580b0374defb6bdb2,c94f82712ea2ecb1c845a44d32c6ac07645f10f7,0b3cf20b6967e4c9c6e05bae15b4cedab00a14af,true,ps2 textures\opaque\bp_remade,true,true,5,remarci_4x_extra_smooth,false,0,false
0003a157.img_7f44ac4b5710b0a4e618d21d87b63de1,90d7f852114adf3303e9a0af1be87a6ce78570ef,9423449cbbaa78a3fc39fbec1814456b099a9989,true,ps2 textures\opaque\bp_remade,true,true,5,remarci_4x_extra_smooth,false,0,false
0003a157.img_89fb46309dec3e73cf0af435d75612bc,2aa4fa9c2aa0ce1bdd1e5404d8cd1c5ac74a8945,6563e71a904305b88749fc7666831391ad5b6e05,true,ps2 textures\opaque\bp_remade,true,true,5,remarci_4x_extra_smooth,false,0,false
0003a157.img_8a1bf389847c5277575f65a87d707776,5a2053d3f059d42b03648cb74ddc4faaba6e59b7,9aaeb4e8f29c579d7fb8656f6cf02617e7b262ed,true,ps2 textures\opaque\bp_remade,true,true,5,remarci_4x_extra_smooth,false,0,false
0003a157.img_8ce501972e9b7908be5585cdfc2be0a4,66315701d7ed1281fb0990405539e2ddc2bffbd8,2e5817c6b8a03adafdd653b97d5bf1615db0e19c,true,ps2 textures\opaque\bp_remade,true,true,5,remarci_4x_extra_smooth,false,0,false
0003a157.img_8e47400085fdb32a4b0d7074929174f7,b7782df583014f2020c2cdf4e5f70181446f2ed9,3d8889ad857f85c1bb0f496128016546ab73d7a3,true,ps2 textures\opaque\bp_remade,true,true,5,remarci_4x_extra_smooth,false,0,false
0003a157.img_938598d4a616f43eebbcf7870bb3a641,9ac6aa825e23552aec187862d39867983b2aa346,35d55e7106562d43ba72773fa16af43bc7220027,true,ps2 textures\opaque\bp_remade,true,true,5,remarci_4x_extra_smooth,false,0,false
0003a157.img_b5f0a7ccc931259672c395e02daf5c4a,0917f5b24231fe168bef30708e789bd202e968ae,2b16acff55bcf596c8342090bf5f7de0c9ee7505,true,ps2 textures\opaque\bp_remade,true,true,5,remarci_4x_extra_smooth,false,0,false
0003a157.img_b8e21cf55f0d808db1b31817da1b8d12,12dd76bdd9ce2c2a46bc56dbdb8ec1d6b4a050e6,60d59cbd9dc276952f0aa4f6ddb52edb7dc7bab9,true,ps2 textures\opaque\bp_remade,true,true,5,remarci_4x_extra_smooth,false,0,false
0003a157.img_bcf56bfe3db15abfc750268e7f5174c7,dac2f4f9bf4b7d1d9e0831daaa1f4bc7027ef501,84c60dab68bbae2c3708c83cd7ed46119a9847cb,true,ps2 textures\opaque\bp_remade,true,true,5,remarci_4x_extra_smooth,false,0,false
0003a157.img_c5891bd5da126da6f5e76224cbcd00b0,fe76dfea41079d782673bf396fce16e1e968371c,2a6e71f33c210785f71998e803c85d80f9cd99af,true,ps2 textures\opaque\bp_remade,true,true,5,remarci_4x_extra_smooth,false,0,false
0003a157.img_cb75a58f0c068f44d888ce45e65894af,e8715f411ea0f4ed90c5d7857fe42dfcb4528dc2,62e464798533c6fc92e5c7d975b82e0947abe720,true,ps2 textures\opaque\bp_remade,true,true,5,remarci_4x_extra_smooth,false,0,false
0003a157.img_e24452b395efe665c10dd879c9efd649,1782029e24aff690518b72b03b4e87ef27b963f5,7c9f3ec9ab1ff1f4efa0dc3972a82885e91210e2,true,ps2 textures\opaque\bp_remade,true,true,5,remarci_4x_extra_smooth,false,0,false
0003a157.img_e4856e14c95d0d7d93a4ef11546df433,0b0de5d4a05f6b2d3c03db6aab309e4e60127345,8ce2870022e81d7f149cbec07ef1b6d96846d53e,true,ps2 textures\opaque\bp_remade,true,true,5,remarci_4x_extra_smooth,false,0,false
0003a157.img_e88c0cb5c7f3449120f1f1f62980cdf0,7512b5e2a214bf8c6d29cb282f7b97947b06d7d2,f0120d3b8878174d66d5eeef47e38c4f1e950ae4,true,ps2 textures\opaque\bp_remade,true,true,5,remarci_4x_extra_smooth,false,0,false
0003a157.img_f0a023edf77daaaa485f569e28b23488,46688b7c70a1b1891cac986d97315cf6143dbc23,3e6daba98a1f5505d289e65e2fe2176bc4b4ec59,true,ps2 textures\opaque\bp_remade,true,true,5,remarci_4x_extra_smooth,false,0,false
0003a157.img_f327b39ad21edb1d0512ebe14c8315c5,88c6b149aaa7fae3382e1bd8952e76f8eb3f992a,46946e0f5d2b8c83a45dcfd0079f1880ee6eacf2,true,ps2 textures\opaque\bp_remade,true,true,5,remarci_4x_extra_smooth,false,0,false
0003a157.img_f338b1aa17146d40502eb55896857452,747b3356a2a496afa6fba3314278fd54702751dc,5a19b2cc4fe42d258e49f6d14b2c117673b46105,true,ps2 textures\opaque\bp_remade,true,true,5,remarci_4x_extra_smooth,false,0,false
0003a157.img_f3a959460eba4c009e7c4033581abb86,542fad7494845077ff4c7e7f1a275836920b14ae,47e8fa2e46b9361d79e3940c37e94110ba0d1d9d,true,ps2 textures\opaque\bp_remade,true,true,5,remarci_4x_extra_smooth,false,0,false
0003a157.img_f4d589d12767497bfeb21185f0ec710b,367acb439be541dde86a27ce33483fa252e53fa5,92238cc9cf7831d0a9864b1b65bcbd325425fbbd,true,ps2 textures\opaque\bp_remade,true,true,5,remarci_4x_extra_smooth,false,0,false
0003a157.img_f86a2cbae5c969c4f37a6ef62ff21901,493d6731fd02e0e7fa93c775cd86fea6b8dea156,666ec6f30e300cb3bdd3e401695b0e69a5ad0fb0,true,ps2 textures\opaque\bp_remade,true,true,5,remarci_4x_extra_smooth,false,0,false
0003a157.img_fe7cce545d819c784fd506cca4c9d7d8,f2ff484e92bcfec20289ef60e42c6689bec8db16,a86ab8336aaf18b6cd8b9d5ea40c90949bdd5e73,true,ps2 textures\opaque\bp_remade,true,true,5,remarci_4x_extra_smooth,false,0,false
0029ee67,23cfd3692b8dc827bca4045849590df0ca3d048d,866ad8223a8bf4652768cef9133bb0639ea17d56,true,ps2 textures\HAS ALPHA\bp_remade,false,true,5,remarci_4x,false,0,false
005930ca,4516024fa03f8cad7cd7ebab9cce5ff28fa8f51b,d8d60e1b1348d3e858d752eaba52aac60478cb69,true,ps2 textures\HAS ALPHA\bp_remade,false,true,5,remarci_4x,false,0,false
005e4593,8e8cee37b6497c80ba07b550820aed09cbc83ebb,e37d50cd878fd6d689ba754d6f466dd3b71a07d2,true,ps2 textures\HAS ALPHA\bp_remade,false,true,5,remarci_4x,false,0,false
00765dfa-sna_def_olive~0063d2755986c53e88ca8238dcc91517,2aa7f371a16bf7b52ed0d76555c6a3a64fd92c0b,c207490c907e83570d270b70ddc2d9fda75e2e1b,true,ps2 textures\opaque\bp_remade,true,true,5,remarci_4x,false,0,false
00765dfa-sna_def_olive~11b6c529be02c7be258feb2b9c0d765b,b79fe0c342eb5af294c0a15a61cedce1d6df797f,685f5bd3ba545cb02096bc89ffbb9cf11c638fb8,true,ps2 textures\opaque\bp_remade,true,true,5,remarci_4x,false,0,false
00765dfa-sna_def_olive~226720d60bf32248d4b2ff4d91332ff5,2cd36843dbb810bf5f95a19d728fd11507a5b0b0,9e2ac0ed8c1f64e43d77247635b5230356e6e3fa,true,ps2 textures\opaque\bp_remade,true,true,5,remarci_4x,false,0,false
00765dfa-sna_def_olive~25834abebf04d0988daad5bf2794029f,cfe819ece9a756d2a0144f67c667d0a6b8ecd135,4aa09731265aac8eb28e2cc7915482a02aa8c6bb,true,ps2 textures\opaque\bp_remade,true,true,5,remarci_4x,false,0,false
00765dfa-sna_def_olive~3899b0451a9bf3a066c06607da896be5,0ce8a749efc1b0f1d0c46de5389c917b6d6ddc11,850163f34748270f30b8e00a338d02e3ebc8b9fe,true,ps2 textures\opaque\bp_remade,true,true,5,remarci_4x,false,0,false
00765dfa-sna_def_olive~595bccc37f7fd4e109580710c4e05ace,dfcaced94e9851ed633c50045911b582d6ece216,1d69dea425c5f0f2b7701853f404ea5645bdb09d,true,ps2 textures\opaque\bp_remade,true,true,5,remarci_4x,false,0,false
00765dfa-sna_def_olive~5b3d1598f27e95be7e3c4707df16c674,d49d9e29064471ae943a4bda6f6a9449ee660c33,68f10defc7df18c1f1b04a554332f97d8492c6fa,true,ps2 textures\opaque\bp_remade,true,true,5,remarci_4x,false,0,false
00765dfa-sna_def_olive~86d6763dde8ecfc17f0757fd8e4ef306,dc1468bab89b9346a147c5da3aa589ae49de0ab4,0203f91bfca25da34953f4524ee3a6b56fe043e5,true,ps2 textures\opaque\bp_remade,true,true,5,remarci_4x,false,0,false
00765dfa-sna_def_olive~9d26662c63d25efb0d45047f2138adde,a49981c7f6be936dc53159ad7be5d48209cbc34f,d90b33796c36d876972e6b41e7c713757c2ce5b1,true,ps2 textures\opaque\bp_remade,true,true,5,remarci_4x,false,0,false
00765dfa-sna_def_olive~a921b3a31002786d9ab96ce815775207,61385bded1afb9a53930c82be1e466d99dcd9061,515afb2be35bb05b410bc157dbb950b480caa851,true,ps2 textures\opaque\bp_remade,true,true,5,remarci_4x,false,0,false
00765dfa-sna_def_olive~aa50c1cc5d6b4a104c9f98591f5fe392,cabce7a6d97ac52ca6fc048e021e11f560972c2c,bf8a72916f2113b6729e0b86d49c9490df8a350b,true,ps2 textures\opaque\bp_remade,true,true,5,remarci_4x,false,0,false
00765dfa-sna_def_olive~bf83de4607fa1858fee936ce855f1bf2,0542e9705a97dd6457dd046de1f93e978ba6fb6c,5292e190392778bb7868b4f44fc78ab84ca7eca3,true,ps2 textures\opaque\bp_remade,true,true,5,remarci_4x,false,0,false
00765dfa-sna_def_olive~cd4b56738f492778c2200038dc1286dd,f5c1f05fa199f90ff98b8bc6d4d5ea689375c449,3c85feb1b134deb95229703a3a29f11a8c05f7ae,true,ps2 textures\opaque\bp_remade,true,true,5,remarci_4x,false,0,false
00765dfa-sna_def_olive~d4d384d014eaf51ba3c47999300d13b6,d100990e7158530718c40a067685a7b9fc846844,326577ed9bba377e428e9b7901e04809e20e2b8d,true,ps2 textures\opaque\bp_remade,true,true,5,remarci_4x,false,0,false
00765dfa-sna_def_olive~d911c904e6c6ec906da9f684a40302be,00a4853fcb6166a05e82283d5078995dc40792c8,6ce22a759eeebabeca0c018201f50142e39bbf80,true,ps2 textures\opaque\bp_remade,true,true,5,remarci_4x,false,0,false
00765dfa-sna_def_olive~e13e0de15eb8f17eb8b7cdcc907a8c73,8b887d3032fcf43083787d5c0cb5891374a7b8f3,849c2c8cc3a0f5576cdf38769ea79c0c1ba7c120,true,ps2 textures\opaque\bp_remade,true,true,5,remarci_4x,false,0,false
00765dfa-sna_def_olive~e5992dad6ebeda010e8d35d02c628c98,40364d63f887308c50ded6430c21dd05e5bbd97e,ffa91713068ad1b1d7878a9315e8ec5ca07a2fd3,true,ps2 textures\opaque\bp_remade,true,true,5,remarci_4x,false,0,false
00765dfa-sna_def_olive~fe6f8be43a9b674bd5151a36957fbfa8,65dea645417c2901faf64dc4418233a2ce1dd140,9ddba6e121775d20726e84cb4df98a43d04cfb58,true,ps2 textures\opaque\bp_remade,true,true,5,remarci_4x,false,0,false
007695e3,aeb7e81cbcdfe4245ccad9ae2fddca77cf2b9a95,028b841c9fe5e0ede1ce09cca8d16bbfc19061e5,true,ps2 textures\HAS ALPHA\bp_remade,false,true,5,remarci_4x,false,0,false
007eb2ca,75e2d8f01fb4167cd4ed7f10d4f3a32081df432d,fbcf0d2d14f333574d81590df0234d999ee2d3a9,true,ps2 textures\HAS ALPHA\bp_remade,false,true,5,remarci_4x,false,0,false
0088205a,9ed4c0d97183d7501608471e818cfe49ad3c2c75,4d574ab71908f7bc07d36594b08010a1119e8def,true,ps2 textures\opaque\bp_remade,true,true,5,remarci_4x,false,0,false
00883597,5298f537c3c9c37f6f6f0ffa035cb22ddb738e23,792a58d775609175732f473693adf44fa809e176,true,ps2 textures\HAS ALPHA\bp_remade,false,true,5,remarci_4x,false,0,false
00930696,fa0baf9301d74678d1f053df86e7a75c9c613ece,36b73301af08491c0c475a4b1bc994a6a032068f,true,ps2 textures\HAS ALPHA\bp_remade,false,true,5,remarci_4x_extra_smooth,false,0,false
00941ed9,aef203ebd64ef3baf67a7f9d25c98f9cc89dcc0a,d153b887637c92cba16268ebda6df2aa52ff72e5,true,ps2 textures\opaque\bp_remade,true,true,5,remarci_4x,false,0,false
009c249d,ac552d4cf2db324bf364d2ec6c939d49a1ca573d,e0c01e6ce6dbfcf56443315f26cea49a1e7d612f,true,ps2 textures\HAS ALPHA\bp_remade,false,true,5,remarci_4x,false,0,false
00a7dd24,a2702ee8a2cdead486338ff1a38de4e32f375876,1731687ba4ec0c2639066a09fac627f87eb0e228,true,ps2 textures\HAS ALPHA\bp_remade,false,true,5,remarci_4x,false,0,false
00ee6ec5,f4dcc3151ef8271b3d290435c9a7716deccaf34c,f6f5a966342eace438bda9b43a08e31953367f1d,true,ps2 textures\HAS ALPHA\bp_remade,false,true,5,remarci_4x,false,0,false
akm_selecter.bmp,9d4c9d10012d0753c9704c7ca176a1d55d4eb709,928b6479d404ad45c9ab6829a3e2d82111ef6dfa,true,ps2 textures\opaque\bp_remade,true,true,5,remarci_4x,false,0,false
akm_tex.bmp,c33cbedacf1f4a3ab2ca3b4151b639e4fbe268bb,f92b79d4b777355f8394f664fcce38e3ecb39204,true,ps2 textures\opaque\bp_remade,true,true,5,remarci_4x,false,0,false
alarm_00.bmp,f8faf888c63fcb0697fe06b8c3513c809ceea752,266bdc43fa28336817d532f53fdab833f9d9bf75,true,ps2 textures\opaque\bp_remade,true,true,5,remarci_4x,false,0,false
alarm_02.bmp,2105c138de84e3c4ca38fa442ec13898535d2cd4,e6537ddda7772a6d4ad81b0aa503fbf459820b25,true,ps2 textures\opaque\bp_remade,true,true,5,remarci_4x,false,0,false
armory_boxb01.bmp_8359af8dc17ecefa969948b14c5e473c,3fa3e4e56f2b916c2b2b0d0ffb454b83ed27bb93,c0f2efcdc8e729c13042205ff27656babc8b7395,true,ps2 textures\opaque\bp_remade,true,true,5,remarci_4x,false,0,false
armory_boxc00.bmp_132f4f8b7d173ccd52bee002963287d5,f6b4530b78bdb6c4d02fcbc5519bc7ad36d3d24e,a07762a09a676892d3b8c91bab487122376cea47,true,ps2 textures\opaque\bp_remade,true,true,5,remarci_4x,false,0,false
armory_caution00.bmp,7a9859a80d7940cff9231cec2bc87237b7d63ab1,f6f60eac9bff00e8d4dd6072bd069d1f06d4241d,true,ps2 textures\opaque\bp_remade,true,true,5,remarci_4x,false,0,false
armory_door01.bmp_489b5ea5cb68b74450fec93c19a1c9e3,3af8872a9c2a8dc28ef71fa498f52e3858e6dd43,e157a02b2bcd9931702f679ba8cc8b5bb60b3424,true,ps2 textures\opaque\bp_remade,true,true,5,remarci_4x,false,0,false
armory_doorframe01.bmp,2e1cd020ec62bdb9802054b0af7f6ceea8bd1302,07ae4d8efb0f0e9d5400c2776e20ca8c0f71af11,true,ps2 textures\opaque\bp_remade,true,true,5,remarci_4x,false,0,false
armory_hako00.bmp,d8d93856ed5c966e78a9d23c10e2015f3d13fc73,ccc2c494ef2b7af4af27ec4f430148ab9e710078,true,ps2 textures\opaque\bp_remade,true,true,5,remarci_4x,false,0,false
armory_hako00.bmp_324baacc86fea1cd4aebafe9599140a9,e2c9f71ebb1362e468f1b37442254f9976b7be02,1ecfe8c0c7e296eeb6842af94529ed5e73ce2fe9,true,ps2 textures\opaque\bp_remade,true,true,5,remarci_4x,false,0,false
armory_hako01.bmp,7900ad2a09b955f71e9c2b33cb94b445d8f35d14,c3ce7046290498eb211988eb33e0c34f13802d4a,true,ps2 textures\opaque\bp_remade,true,true,5,remarci_4x,false,0,false
armory_hako01.bmp_28f5f2428d7f2bcd200658a095c1cbba,62884a97a68df3f4e4b8c4a2d16ee5b2bbafad45,00a3656416014f44500caae2e7a33bb4e36a1ea8,true,ps2 textures\opaque\bp_remade,true,true,5,remarci_4x,false,0,false
armory_hako02.bmp,e4e70bafc8a732527d43c384ca4a6c58aba1c05b,a135bc111940688650c140a5b53b159ac543a962,true,ps2 textures\opaque\bp_remade,true,true,5,remarci_4x,false,0,false
armory_hako02.bmp_bc6d6886a77e7095878fb624086cfbd4,57447d2c191dd1a2db9c51349ec4f631385065a5,0df43b715e9ea1b81a0d63d60e4991d01166bca9,true,ps2 textures\opaque\bp_remade,true,true,5,remarci_4x,false,0,false
armory_rack00.bmp,a0c6e2c4867495834efdfbab73da813baaf93836,bb8dcb0352aee8cfbfa4ab4696e8b2592648aad4,true,ps2 textures\opaque\bp_remade,true,true,5,remarci_4x,false,0,false
armory_rackdoor.bmp_0c5dfc57875cf2252a1fdf7fc97c7d77,01bfd1a439451af2d3f9659203d3b464949c05da,318bfebc948c1cecbeeae8fdb24b08055d82002b,true,ps2 textures\opaque\bp_remade,true,true,5,remarci_4x,false,0,false
armory_wall01.bmp,3fa0097eeff993701d65e2053631807e92127599,535dce7a9ff6e0e7bd313a746454b0fb781c7f18,true,ps2 textures\opaque\bp_remade,true,true,5,remarci_4x,false,0,false
armory_wall01.bmp_42781015d7a89e3dd0162a4f9c656a7d,1563ea28ba6a2c81aa11b3eecd5cea10260fbba3,3ef82d4908422ee260a69a577f83061082be68f9,true,ps2 textures\opaque\bp_remade,true,true,5,remarci_4x,false,0,false
aro_dmo.bmp,103842e2bee3298bcd7135155fbed0437939eb65,155b5e8045b4b80fe9cc58b9fe60c89df220e6a8,true,ps2 textures\opaque\bp_remade,true,true,5,remarci_4x,false,0,false
arowana_co02_eaten02.bmp,79161df6311d1d22db765d1d1bd2dc695edca6fa,6efc43396b221073753eb2cf67aecee47ac56270,true,ps2 textures\opaque\bp_remade,true,true,5,remarci_4x,false,0,false
ast_arm.bmp,cbb035c8617c38d93fbdab12e021ac884e7096fe,e8d8f5f0c8a49c8c0a9f3bb48ed83af4f996a60b,true,ps2 textures\opaque\bp_remade,true,true,5,remarci_4x,false,0,false
ast_body.bmp,20684f701b19fdc96ac853d86df010172b9a50f3,2acde5b5e6728e249922e8867484d2112526d211,true,ps2 textures\opaque\bp_remade,true,true,5,remarci_4x,false,0,false
ast_eye_new.bmp,34e7c3f25f46c659104e0992734789aec750018b,00e28e8c52619cac8a3007eb36250b333787656a,true,ps2 textures\opaque\bp_remade,true,true,5,remarci_4x,false,0,false
ast_face.bmp,ead3d511a5e940026d79abbde0129aba1154ef7d,46554efbb69df416f107eff9b7fc72c54c7251ed,true,ps2 textures\opaque\bp_remade,true,true,5,remarci_4x_extra_smooth,false,0,false
ast_foot.bmp,5c46970ed9e900cf12d40dbc3158a90ec0594fd1,14c959a890b69dbfd4fc0658fb3b5a72553445f4,true,ps2 textures\opaque\bp_remade,true,true,5,remarci_4x,false,0,false
ast_grass_flame.bmp,4a842bdee720d1abf8d53a61e37215d6d9949dcd,533a9bc1afdf24e4cbc362cbb498893754a2ff18,true,ps2 textures\opaque\bp_remade,true,true,5,remarci_4x,false,0,false
ast_hair_ovl_alp.bmp,301ba496d42b1e739758706e38ff8789a8720d3d,21efd6c3fec11ba6e0e38f062bbcaaedbcc52257,true,ps2 textures\HAS ALPHA\bp_remade,false,true,5,remarci_4x,false,0,false
ast_idcard.bmp,051de436a872b0126fcd3af02caf9ba8cdb07d72,65dc81d436db69265655ae022b9094b170e9a0c5,true,ps2 textures\opaque\bp_remade,true,true,5,remarci_4x,false,0,false
ast_item_tray_base.bmp,f3fc7cdf4251753995c8fa180e313d9bedaddbfe,925116d9cbd079e22ef01d6566dcdcde99a86937,true,ps2 textures\opaque\bp_remade,true,true,5,remarci_4x,false,0,false
ast_neck.bmp,76b9f58fd9e71b675ef6149f6a5105f90e17303a,ac5a322d41455ddec739e1f7371093639ba083ef,true,ps2 textures\opaque\bp_remade,true,true,5,remarci_4x,false,0,false
bee_nest_sphere04.bmp,2e8fc60990644ccf8f7dafb9b3c00e9bc1bacc91,7f595b895c42249cfc150bd987ca39e9ac84a7ce,true,ps2 textures\opaque\bp_remade,true,true,5,remarci_4x,false,0,false
boat_h.bmp,81b71ade2847783a0ae169d1617330a73d6edf2f,42230dadcc59da6ade05632faeb2c7cfebb5109c,true,ps2 textures\opaque\bp_remade,true,true,5,remarci_4x,false,0,false
boat_i.bmp,421728ccba79f7edd66e0297d454fe58865ed5ba,ae3329d2bce971af0c35c252c55695400fd27fbc,true,ps2 textures\opaque\bp_remade,true,true,5,remarci_4x,false,0,false
boat_j.bmp,27f3fdf5bd4f10e99490763aa64ea18b1a7e0503,19e2eb1cbcfb294861a0c7f789d694ab5850ffcd,true,ps2 textures\opaque\bp_remade,true,true,5,remarci_4x,false,0,false
boat_k.bmp,5512e705745dba5e4dc7342db3db41e0dd9022a7,a7d7f392dabeff0f6fe45ba346f1e04fa48e71a3,true,ps2 textures\opaque\bp_remade,true,true,5,remarci_4x,false,0,false
boat_n.bmp,60e66dd8fd335eaca0ac32e016934edcb7782706,36dd3c81db5801c99e08ea1a075a9b383ab90e51,true,ps2 textures\opaque\bp_remade,true,true,5,remarci_4x,false,0,false
boat_o.bmp,a72bd6f0a7aa4d938f599d22094ba8935d026db7,f618bc160908755e3950881a8ccf8907f1bafcba,true,ps2 textures\opaque\bp_remade,true,true,5,remarci_4x,false,0,false
bonn_battery.bmp,e137a5029f384272eaf43ee649b823ddc799ab65,51b47bdf5486b3f20001c70e5eee5a015cc99501,true,ps2 textures\opaque\bp_remade,true,true,5,remarci_4x,false,0,false
bonn_drumbra_left.bmp,daee03308078d4c9e7fed49932cdb569def40432,95ba6d7e543c632f034d6bb77a5a034b6104c952,true,ps2 textures\opaque\bp_remade,true,true,5,remarci_4x,false,0,false
bonn_engine.bmp,9898f843eed43e4eddf17eb3f6dfdc5896ddd1d7,0ca97df426be4b62de1fe38a05712f24d9dd5c90,true,ps2 textures\opaque\bp_remade,true,true,5,remarci_4x,false,0,false
bonn_frame.bmp,4bcd64d3b13918c5bd02155696fc047ed497cffe,51ccf5d914f2dcb9b700067e5634896874aef685,true,ps2 textures\opaque\bp_remade,true,true,5,remarci_4x,false,0,false
bonn_gearcase.bmp,305094da363734275cd89276e3289b0ea3e89755,ff3a52d4904e92221f93c77cb4364b0571ac2a37,true,ps2 textures\opaque\bp_remade,true,true,5,remarci_4x,false,0,false
bonn_handle.bmp,a2c869081573381796def02dcfb9295bab295c1e,43d5a4b5f68a6b526e3ecc79d442696da7a3c8d3,true,ps2 textures\opaque\bp_remade,true,true,5,remarci_4x,false,0,false
bonn_headlight.bmp,e665ab9115fe57a2d97f2e399836d02378c56627,d5a5634446ef3633f4c5948f72975bd5036d4001,true,ps2 textures\opaque\bp_remade,true,true,5,remarci_4x,false,0,false
bonn_knapsack.bmp,42fd8fe34458fb8c93b75944d277b858170f4c23,7957173fdbdf96e887dae89d54484ceba8ed49f3,true,ps2 textures\opaque\bp_remade,true,true,5,remarci_4x,false,0,false
bonn_schlafs.bmp,330a7c7e8c2f0e6ded89bb5464fd9c8158d90f0c,56adb1b8a2d2889f5fcea267a688ef6d59bdef9d,true,ps2 textures\opaque\bp_remade,true,true,5,remarci_4x,false,0,false
bonn_seat.bmp,b63f6275b2712ba7b5b5cb1c5fac3154bfa05e8f,76b3ef5ea8bbf02289cb7e4bf1c3b1eaedcbe972,true,ps2 textures\opaque\bp_remade,true,true,5,remarci_4x,false,0,false
bonn_tank.bmp,ff6d756dc0962e9c7067116a77698b39cc8491a1,f32cd54340c47d5a0ee9a1d234d5c21c38e988b1,true,ps2 textures\opaque\bp_remade,true,true,5,remarci_4x,false,0,false
book_256close00.bmp,86cacefec21fca931e24b607e7a2f8a46ade405b,40a5eaf867bc3b58bb4616c59f6acd49d2a1d9c6,true,ps2 textures\opaque\bp_remade,true,true,5,remarci_4x,false,0,false
book_case_cast00.bmp_94bd143a411ab9577d03f3e920bded2d,46cc92134e4486d5d6a2c4bf989ab71a340316ae,8284cb5d521f3b74c59140c869d20d10803cf63d,true,ps2 textures\opaque\bp_remade,true,true,5,remarci_4x,false,0,false
book_case_side.bmp_13eea8e239fb7145437028b3b92a4503,23655fdeba1f78c7d0ff12b8923aedb242a8be70,efccaf548b3e588fcc709cbd6bd20c34e6582955,true,ps2 textures\opaque\bp_remade,true,true,5,remarci_4x,false,0,false
book_casewin00_alp_ovl.bmp_d1e9ec7a5d157953cccc67a54295be46,ec7b4c9b6ca806cf6527e49628a445d5214efa2c,ce42bc185da3c3fd607bfb456e603f9049c98a52,true,ps2 textures\HAS ALPHA\bp_remade,false,true,5,remarci_4x,false,0,false
book_cover_a00.bmp,fe7a482c0ddf943be22507382f0e8074ebaa86b0,39e1de7282f1743bb9c6c34803e01890fb1ad575,true,ps2 textures\opaque\bp_remade,true,true,5,remarci_4x,false,0,false
book_open00.bmp,f559ad057fdf620460b03ebbda2aa740593dcd99,064061a5f266530147333b567ed7e3d5f65a12ba,true,ps2 textures\opaque\bp_remade,true,true,5,remarci_4x,false,0,false
book_side00.bmp_3f0fc15d80a6c4b3c0c29c8929f5aa30,d65ea65e3fb5e0b49ca5e909e494f00431bc149e,3e88cabbddbab668cff8771b75856fd277ce025f,true,ps2 textures\opaque\bp_remade,true,true,5,remarci_4x,false,0,false
book_side00.bmp_805a7428be9afac2a6f5f5854302bdaf,eca9a155185b2f8539be71a54f81ea18a230fd39,f12acbcb31993baa88ba8800e590249f8737fc76,true,ps2 textures\opaque\bp_remade,true,true,5,remarci_4x,false,0,false
book_side01.bmp,0e5c897dfaa7a45d1cd2a8b34f0594d8a91fce18,9eacab72fa01c5de7b49337a8815d0253a21c47d,true,ps2 textures\opaque\bp_remade,true,true,5,remarci_4x,false,0,false
book_side_bk.bmp,1f0d35c60b41c212695f753fe42facb5cd400e60,b3c8f092dd31035ef130ecfd27a3fef4634ad3d4,true,ps2 textures\opaque\bp_remade,true,true,5,remarci_4x,false,0,false
books02.bmp,ed2053409164b5919e654578e0c3d3dcaa1fc502,45db88a24cd992a020ca1ffc4e84f69fd075144a,true,ps2 textures\opaque\bp_remade,true,true,5,remarci_4x,false,0,false
bos_face_end.bmp,6fa66300e1f6ca0e4a689de5f60fc03e9c250910,79f888ae645eda0f85a545258a0b8fe4403eba40,true,ps2 textures\opaque\bp_remade,true,true,5,remarci_4x_extra_smooth,false,0,false
bos_item_hair_ss_string_.bmp,532b8ccceb29e6f6ea3465580747f85c84249431,4c6370bc0c27f865ce8ba19e9e04682d1db6f006,true,ps2 textures\opaque\bp_remade,true,true,5,remarci_4x,false,0,false
bos_mant_cloth.bmp,e286aedf5221ce840af67a98e99e5b48dcf2eaf5,315dda5a4073d33772dc94496d40403b66f44d7c,true,ps2 textures\opaque\bp_remade,true,true,5,remarci_4x,false,0,false
bos_mant_col.bmp,9d98d1046cb52b415fa6dee97a6f8b4b6a40be15,77346847ea1535ce2867ffcabe2186c7ddb62e4b,true,ps2 textures\opaque\bp_remade,true,true,5,remarci_4x,false,0,false
bos_mant_sub_ovl_alp.bmp,f8728ac32cda05549d7d0b02d7d21f9bb84a4ce4,648bf98cdb57e2e933fa0d8d415ca49c93886ecc,false,ps2 textures\HAS ALPHA\bp_remade\no_mip_fixes,false,true,5,remarci_4x,false,0,false
bos_mod1120_ovl_alp_emap.bmp,db422395f721e59d5f32bc49d660656bfb6a1bf6,40f4b5c9878473acfe53c970d42e873eed45df96,true,ps2 textures\opaque\bp_remade,true,true,5,remarci_4x,false,0,false
bos_rope_ovl_alp.bmp,41a90922a4f7692ae1b26bd630e3096aeeace1d0,5d49db8db2e39743bc8964af1d61b1668ce292c1,true,ps2 textures\HAS ALPHA\bp_remade,false,true,5,remarci_4x,false,0,false
bos_ss_arm.bmp,0ca14e307ae19d46e88007db341092b55b2b161f,6ee9b8f5648e88633630335c6c531dc7c0dcb9a2,true,ps2 textures\opaque\bp_remade,true,true,5,remarci_4x,false,0,false
bos_ss_arm_ovl_add_alp.bmp,cba1ac2be39992e2ee2f735af43e1d8a1f680bf7,9d1ecbd242cafe91ae040c00b05eeabe21a97ddf,true,ps2 textures\HAS ALPHA\bp_remade,false,true,5,remarci_4x,false,0,false
bos_ss_boots.bmp,2df6edaba6dc5c0bc9cb7b403fba14b0f3b99985,c55d9f4e638cebdd91b62b921a123d744b5be735,true,ps2 textures\opaque\bp_remade,true,true,5,remarci_4x,false,0,false
bos_ss_end_body_hi.bmp,bce998606daa60bd96b076221accefc947fa58dc,ef2fb2ff39ee4ac9cc4a73d1db2e7caea490a623,true,ps2 textures\opaque\bp_remade,true,true,5,remarci_4x,false,0,false
bos_ss_end_sling_ovl_alp.bmp,074db44118be3aa4745aeed00297f2a629aae1b9,21fadcff79c0f6d008eb42204cca54a3ffcbf50f,true,ps2 textures\HAS ALPHA\bp_remade,false,true,5,remarci_4x,false,0,false
bos_ss_leg_ibl.bmp,84f6764b4705622b2e50865a87f3b862a42ddf33,13557e5baa98b8c2f9946a0aa21c0958c61d5123,true,ps2 textures\opaque\bp_remade,true,true,5,remarci_4x,false,0,false
bos_ss_leg_ibl_ovl_add_alp.bmp,87cb17ef84365f328f5eda5967bbdeca6a5caf39,b9d9763b58047170a61b441c93a3f059fca72572,true,ps2 textures\HAS ALPHA\bp_remade,false,true,5,remarci_4x,false,0,false
bos_ss_leg_net.bmp,7bee59c49e41e1586e2ea4de7eaeb8cf9afe7dcf,92b058256e48bdc8ad6fb5c7443718c59e192878,true,ps2 textures\opaque\bp_remade,true,true,5,remarci_4x,false,0,false
bos_ss_side_belt.bmp,5eb440f6c0a15b9ea62578770eace6ca6f709b77,c08750f988877e76489990ca2f9f80d74c60cf80,true,ps2 textures\opaque\bp_remade,true,true,5,remarci_4x,false,0,false
bos_ss_side_belt_ovl_add_alp.bmp,88d4e003c190bf80183577e7e8722147c1793a7b,fad644feca50e976c8978fc3b7925f771cd25fe7,true,ps2 textures\HAS ALPHA\bp_remade,false,true,5,remarci_4x,false,0,false
bos_vr_arm.bmp,f20adeac6730bbf347ad5d3c5cb1d3cbad507590,ebb18116467d6b4e437ac04175806cf1f6c34510,true,ps2 textures\opaque\bp_remade,true,true,5,remarci_4x,false,0,false
bos_vr_arm_ovl_sub_alp.bmp,6cd40b52f4ed9c09b8151bd59dff135f8fcee10c,1567ee6739ae4fcca44041b7e24c4ccf3f4d0be4,false,ps2 textures\HAS ALPHA\bp_remade\no_mip_fixes,false,true,5,remarci_4x,false,0,false
bos_vr_hair_back_ovl_alp.bmp,97e7318c780c82a791038a734f37257fd9468a48,c4864b20b843f56164c749da0c6fd8d9a5d51ed6,true,ps2 textures\HAS ALPHA\bp_remade,false,true,5,remarci_4x,false,0,false
bos_vr_hair_long_ovl_alp.bmp,41eb646117178412dc1d86def8a1e5a5a50b2883,bdec302ca10ae0d5fa1059f0fbcaae720b3a4ab3,true,ps2 textures\HAS ALPHA\bp_remade,false,true,5,remarci_4x,false,0,false
bos_vr_leg.bmp,c2276e9331d92670f6ba9f784e309b63b082e396,c5ddb6cfbe00aa67529569eaa621d901d596f1c2,true,ps2 textures\opaque\bp_remade,true,true,5,remarci_4x,false,0,false
box_a01.bmp,8f708c09c0c9e49a28a02aebfc534414cfafbc30,b9e160556719134c5691059135e1973bb362f2e8,true,ps2 textures\opaque\bp_remade,true,true,5,remarci_4x,false,0,false
box_tex.bmp,460f5028568085281452803514ab206a54597620,bfb32e3d6f72c64c1e7ac36870fc3e8010a66322,true,ps2 textures\opaque\bp_remade,true,true,5,remarci_4x,false,0,false
breakset.bmp,bf04eb036ecbd0122f97c2fc996da47bff323ed1,d8661e1acc658adf51ac6c5aec5b9f26a44d7e13,true,ps2 textures\opaque\bp_remade,true,true,5,remarci_4x,false,0,false
btr_inpane05.bmp,f248e3a18ec5efa12e68a2f1d882acbe9febdef0,a0292ff9ddb007f14d979e2edd999759411bf65a,true,ps2 textures\opaque\bp_remade,true,true,5,remarci_4x,false,0,false
btr_inpane06.bmp,fe1deac1a516bf142b66f98696ff5d88cb4c23ca,b5b3c55d5ab5dbdc8ea820e8cceb766f0fbc9f2d,true,ps2 textures\opaque\bp_remade,true,true,5,remarci_4x,false,0,false
btr_tex_a.bmp,bad074e7d77ac1452e450ee195aeea39a4c8f4f6,30ac5f8f67ffb33bf72b4883619cd3fd92a1cba9,true,ps2 textures\opaque\bp_remade,true,true,5,remarci_4x,false,0,false
btr_tire01.bmp,801b9888f26cee409227e3342c86e75f3a182778,4880b4890d6da4b16b67c270be6ec61fdb44b3c1,true,ps2 textures\opaque\bp_remade,true,true,5,remarci_4x,false,0,false
btr_tire03.bmp,7f9cf50f6efba1d7831127414c86a5f694642385,b324263b7596867b27010ba42b361bf2441fa7a6,true,ps2 textures\opaque\bp_remade,true,true,5,remarci_4x,false,0,false
bullet_mark_tank.bmp,56d414d01fb02d937774c6c4390f68e5440da1d9,f65f3c9b469a01c86ae5102ee8f9b7b14822f4fc,true,ps2 textures\opaque\bp_remade,true,true,5,remarci_4x,false,0,false
c3_bomb_body.bmp_97a1c6c32544f8d1619f84cde1f726c8,9d37cb3acf4e23958bf1e434621931fe2162da18,464a1c2282de2b7be97522447e9e1e85cb1be510,true,ps2 textures\opaque\bp_remade,true,true,5,remarci_4x,false,0,false
c3_bomb_hupack_c.bmp,73d08e2eb2738d348c08caa8a08637bf44e94532,2b76eb4b4c2abe097e2e57b0fc00c8b63654cc4b,true,ps2 textures\opaque\bp_remade,true,true,5,remarci_4x,false,0,false
c3_bomb_pack.bmp,24ff50baeb0b309a586d7305718b56c1bbbb5a4e,f00b054512b32ca63fc005670813a4ed296d48a7,true,ps2 textures\opaque\bp_remade,true,true,5,remarci_4x,false,0,false
c3_bomb_panel_dmo.bmp,cccbf44d7572d50d45f068e6505ab66a09fd3de0,5b1542fd06adcaf91ddfda4be47b0fed69fa1455,true,ps2 textures\opaque\bp_remade,true,true,5,remarci_4x,false,0,false
c3_bomb_tape.bmp,44dff1c7753d746f45cc7f4d48f618e0bc18e362,abedd2a6231dc682f36b83b1f3cddffffb294b47,true,ps2 textures\opaque\bp_remade,true,true,5,remarci_4x,false,0,false
c3_bomb_timer_02.bmp,5c5372d15de6af99e0c71fae2fe35389d58f5a0c,cb60d79f9efd1994d59601adfedba65cf85cc797,true,ps2 textures\opaque\bp_remade,true,true,5,remarci_4x,false,0,false
c3_heart.bmp,fa0a18fdada81eb745b8a0b27b2ee85c8f43e8dc,3cb8bad1e8d80e9ce0f58376e326751a8f807fc8,true,ps2 textures\opaque\bp_remade,true,true,5,remarci_4x,false,0,false
c3_mthf.bmp,29c74611704df0a46a2dee3ee05bbf62216b2f24,791080c6bed7f86953c778a78721c4c57fcb09d6,true,ps2 textures\opaque\bp_remade,true,true,5,remarci_4x,false,0,false
c_130_b.bmp,0fe32e1a579b8ee4d0562ac2d9b112893a054022,62a71e329a93342ffbb6bb1ecc4f1115d0450f09,true,ps2 textures\opaque\bp_remade,true,true,5,remarci_4x,false,0,false
c_130_c.bmp,b308f36383d45758dcab57b2f606c58c8f175179,637b60a1b5a638fc43132135a519391f030e6f98,true,ps2 textures\opaque\bp_remade,true,true,5,remarci_4x,false,0,false
c_130_h.bmp,2184c7f0b27a0bb4af75e52e8a24ef00d00774cc,e5d5f90597b14aaea3bd58fb8d57defc98c3b0bc,true,ps2 textures\opaque\bp_remade,true,true,5,remarci_4x,false,0,false
c_130_i.bmp,8ea942e87501b6978c360b22588bc7d2bfb9d065,b8bd9bb9d6126560caa6625a9e0a142cfb6dfeb8,true,ps2 textures\opaque\bp_remade,true,true,5,remarci_4x,false,0,false
c_130_j.bmp,9558c1828754de66ad0d290b814c0ebf5709a40d,8176846a27188942963984d63cb9d1a0cd7e6eb1,true,ps2 textures\opaque\bp_remade,true,true,5,remarci_4x,false,0,false
c_mag.bmp,dcd6139d48b3f7ca9460d262c98c0cc92c1b3d0d,d62424e567977548243f2c39166dd95ab031aa1c,true,ps2 textures\opaque\bp_remade,true,true,5,remarci_4x,false,0,false
caloriemate.bmp,42ff980290ef979f5b791d0f99f9d3062a51d418,af85fadac042353f5ea5c1ad2034c3e1fd4962ca,true,ps2 textures\opaque\bp_remade,true,true,5,remarci_4x,false,0,false
caloriemate_back.bmp,1fa3c601312689e73ceaee6d47f8303d045c93c9,c5d4b6b79801f8489af1be4d67f96b49378b3e9a,true,ps2 textures\opaque\bp_remade,true,true,5,remarci_4x,false,0,false
cargo_drumcan.bmp,221043cef83918772af6051a01952278c5189827,db346f4f5f3ae0373873e1ce3fc5cf9d1f8a6ac3,true,ps2 textures\opaque\bp_remade,true,true,5,remarci_4x,false,0,false
cargo_guns.bmp,91625d0f9944b42d23fc02a9cba5fda68b3b9a45,5a7df63af9e5161091a85bc64378422ff73f0083,true,ps2 textures\opaque\bp_remade,true,true,5,remarci_4x,false,0,false
cargo_guns_amo.bmp,c621b2379da61b385084f9546129ea51507c8f48,964dad7ef58665062d58878638347fb9a6db9073,true,ps2 textures\opaque\bp_remade,true,true,5,remarci_4x,false,0,false
cargo_room_ammunition.bmp,6de0256bd53b7bb99920b19cb714ae9def17d1d0,0b6c3428ac0f9e19ad0a4a275d77b88dc186ee77,true,ps2 textures\opaque\bp_remade,true,true,5,remarci_4x,false,0,false
cargo_room_box.bmp,c78b887f42216c22f791549f0fc70db14a8034b7,3c7938d7594e493f1dcd968e5dc00898d074e78d,true,ps2 textures\opaque\bp_remade,true,true,5,remarci_4x,false,0,false
cargo_room_console.bmp,ea385f12b15f3fd3a74188716e36275484103991,8f198ddad55a70702c035c986b102eb38fe4cd0c,true,ps2 textures\opaque\bp_remade,true,true,5,remarci_4x,false,0,false
cargo_room_pillar_e.bmp,5a9453ce1f64bdbafba2b5356df2d427a40b13e3,ee51ffe5560dc71c7c6f2edcba408eb1fc519e9e,true,ps2 textures\opaque\bp_remade,true,true,5,remarci_4x,false,0,false
cargo_room_rear.bmp,300f205e98c078d1d4148cd5509dc86b8cac3928,0361a3a8b8dc1876768ddceb4cac688624caee53,true,ps2 textures\opaque\bp_remade,true,true,5,remarci_4x,false,0,false
casecover_up_render.bmp,c598bd7699529d0cf4bc8fa43a85a2d4058063ad,b59298d456875841082fa6c5c637180183dfd8d2,true,ps2 textures\opaque\bp_remade,true,true,5,remarci_4x,false,0,false
cave_rocksfc_a34_rep.bmp,8455ef4fa14876362ea050821fb55be5f71fbcd5,fcf61d1c6e621a97bc879a317da495b7fd72f913,true,ps2 textures\opaque\bp_remade,true,true,5,remarci_4x,false,0,false
chair_back_of_body.bmp_57ab258682252580476c2915c3617408,fbfac1ae9fee9f45ab1021e3f1047cbddf483478,80cd1afd4a3e5fbafeba40f3cd19b1b977a82b74,true,ps2 textures\opaque\bp_remade,true,true,5,remarci_4x,false,0,false
chair_red00.bmp,9fc0834db066ea47f9e4f3b5026b997ead7b5ed7,12539bd13dec8522287808429df70dbb33aa4037,true,ps2 textures\opaque\bp_remade,true,true,5,remarci_4x,false,0,false
chair_red01.bmp,ad27a8d0be45ed65951742577247d5f43e41393c,06ba998c6bf33f76f19fc824b9ba2544784984c5,true,ps2 textures\opaque\bp_remade,true,true,5,remarci_4x,false,0,false
chair_seat.bmp,2ca771df1478282e83b27f751c3794340e605ed7,446d6da2aa51bdeb236e25768f6ab126c4121790,true,ps2 textures\opaque\bp_remade,true,true,5,remarci_4x,false,0,false
chair_seat.bmp_72aa6b10f3bfc4c765484872d9fab5bd,515e89c0d4fc34e71d308966aae59195758337fa,224cdb89d37a1e6535c973e9a6d236a33b96a852,true,ps2 textures\opaque\bp_remade,true,true,5,remarci_4x,false,0,false
chairb_02.bmp,ad3f79981ca76b11a481be9ba9814a61f8c5ccb2,96de8e4ccde48298588a6c48f30213cb846b8d04,true,ps2 textures\opaque\bp_remade,true,true,5,remarci_4x,false,0,false
cia_body.bmp,56d420b810bdbf8a9f5ac081394c61ba179210ef,8da29f375005110e808a0299fc4d2c5d442106b8,true,ps2 textures\opaque\bp_remade,true,true,5,remarci_4x,false,0,false
cia_eye.bmp,673639d262df378e3494f6f71586dee98ece8eec,defed67cf219c5604aab2099d9b4189c98a14426,true,ps2 textures\opaque\bp_remade,true,true,5,remarci_4x,false,0,false
cia_face.bmp,ee559639694e16d12a67dcc9c5fa63b4c0975043,c1776f82159fcaa449f49ea18f5bbe683dce550f,true,ps2 textures\opaque\bp_remade,true,true,5,remarci_4x_extra_smooth,false,0,false
cia_face_ovl_sub_alp.bmp,b0fa7b1b516e2c339bed808fa7aced1ecc9a4932,6df726f997b9d2cdd4407d89a900bcadf4909e3c,false,ps2 textures\HAS ALPHA\bp_remade\no_mip_fixes,false,true,5,remarci_4x,false,0,false
cia_glass_ovl_alp.bmp,fb5afb2c10fdd0cb1938ebe9ce3b7b6a5bea8d3d,40e1063a882399e4682fba7c557cd9f8e2c4e583,true,ps2 textures\HAS ALPHA\bp_remade,false,true,5,remarci_4x,false,0,false
cia_glass_parts.bmp,0a7014469fe880a533c7daac739e7ebcc64dfdfc,8a73992497334000c2d6809666d796a400482fb9,true,ps2 textures\opaque\bp_remade,true,true,5,remarci_4x,false,0,false
cia_hair_ovl_alp.bmp,0d52f553950e55aa265b067e81e9b8e158c1b90e,e0312c463943ec763000b9177dfb5b6295db4169,true,ps2 textures\HAS ALPHA\bp_remade,false,true,5,remarci_4x,false,0,false
cia_hand_low.bmp,d89cc7e5fd9532b4a2ef4fdc5c4e9dfb73157ad1,05450c9f58eb572e7bea2888fad9934ce6157971,true,ps2 textures\opaque\bp_remade,true,true,5,remarci_4x,false,0,false
cia_me.bmp,25657712ffb06c8ea9ed81e03aa544e9ac692a18,db09177cae9ecd745dc03155a41e0049aec5fa25,true,ps2 textures\opaque\bp_remade,true,true,5,remarci_4x,false,0,false
cia_nekutai.bmp,a4b9d84ebe7f62f1166819d0a7d67978f5aab0c0,ab8d1116d9abfa3b58ced702d11d4a5b1fb61044,true,ps2 textures\opaque\bp_remade,true,true,5,remarci_4x,false,0,false
cia_ovl_mod1120_alp_emap.bmp,c9fbe12681ec1deabccf57aceba884ec6c94cbcb,d17dc4e79d7bf4b9381785f3fa3a8966aa7dec22,true,ps2 textures\opaque\bp_remade,true,true,5,remarci_4x,false,0,false
cia_shats.bmp,53ec2038a537741cb42da9e34d62ae80854cafa3,13f03fdbb44bb3cc17957afd1a1c5d8aaa2fd4ba,true,ps2 textures\opaque\bp_remade,true,true,5,remarci_4x,false,0,false
cia_teeth.bmp,757c84b07644117dd0c4cea297f83130e0227925,813befb699cf33ef493843c70c762f1374ca7aa0,true,ps2 textures\opaque\bp_remade,true,true,5,remarci_4x,false,0,false
cm_s062a_hut_wall01.bmp,3124d2f86c43de5a4b5e856120848dd103d1639c,33039bd684dc0e2e4d721fdb4955ded728acff9d,true,ps2 textures\opaque\bp_remade,true,true,5,remarci_4x,false,0,false
colmagatex.bmp,632de60505c1167ad8ab0feb4e909cd18181bc27,2e4400a22c3edced7bdee6b6f770d171ce051d90,true,ps2 textures\opaque\bp_remade,true,true,5,remarci_4x,false,0,false
colttex.bmp_38de91f1aa72a3cb2c1407a8cd778ae3,fba97ae924468f90952cb67144723eca357f9c50,a7d430c2a23293bd0ed08c18f1c5ed54b1d387ce,true,ps2 textures\opaque\bp_remade,true,true,5,remarci_4x,false,0,false
comic_1.bmp,cc22efc87a64c706f29b83e5c94d4f9dfa580a7f,a750bb9d65a81fb9bcf89e5941322d9b0333040e,true,ps2 textures\opaque\bp_remade,true,true,5,remarci_4x,false,0,false
comic_2.bmp,5098e694a268665a0bd2ae7b4a45d6be607b903d,11452390a51e93e90371e34b538119eeaed878d4,true,ps2 textures\opaque\bp_remade,true,true,5,remarci_4x,false,0,false
comic_3.bmp,d8726bed4aa240ad806d9c3e619b74ea25ae6d8a,d3f2ff06e2bebf8389ca20cbc4c2dfc2b7e807c5,true,ps2 textures\opaque\bp_remade,true,true,5,remarci_4x,false,0,false
comic_4.bmp,656cebce7f4ef323a7831987ec368ef5b924e530,cb7eb4f744627f9246185f9aea52fdb92de19b33,true,ps2 textures\opaque\bp_remade,true,true,5,remarci_4x,false,0,false
comp_a00.bmp,e106cc9f46c8b8ff2f2f8a9c9214056c7ba5a48c,af5c8b103a5a6641b511a4e108fc9d3c3d75f816,true,ps2 textures\opaque\bp_remade,true,true,5,remarci_4x,false,0,false
comp_a00.bmp_7acc2ca737f5d7b6061dc6160fd4d675,95d1b5a34ed61c184d3e9ac65fed4b8c6a318c59,13d38bd903b3d83baedb392b9e692fcf7dbbee09,true,ps2 textures\opaque\bp_remade,true,true,5,remarci_4x,false,0,false
comp_b00.bmp,c3b852a17882b899af8cf660742afae9819d965b,48df9453a0410c2e679cd05513fe47da8f64b8cb,true,ps2 textures\opaque\bp_remade,true,true,5,remarci_4x,false,0,false
comp_c00.bmp,f5efc136783bfdad8ab267cb5c485e2ccd40e8d5,2de27fc0546e59ea6eaf1a224d1c6616f87b3612,true,ps2 textures\opaque\bp_remade,true,true,5,remarci_4x,false,0,false
comp_e00.bmp,c115c903ce918b3166f0d2fd3e3f6ba7375477ed,0c7e514ba6ac1b3750d1660227859e6c7d0d9b89,true,ps2 textures\opaque\bp_remade,true,true,5,remarci_4x,false,0,false
container_b00.bmp,c44380675cd8156ca5cd2bbec17cd76923c105c4,a17a1eee56533530da706ce5314ed0d9ec6c9a0b,true,ps2 textures\opaque\bp_remade,true,true,5,remarci_4x,false,0,false
cord_ovl_alp.bmp,7154dd4adef27ce37c3f4fe22a4ba9aba78d5d43,98ed412da91f9e18962727616afa8ee1301c4305,true,ps2 textures\HAS ALPHA\bp_remade,false,true,5,remarci_4x,false,0,false
cork.bmp,91a8f7b0d4c15c1d2d9ffed1e5b3e10cd7c0fc42,eacde467e64bdeea60ffc0d12e514ca32c273ffa,true,ps2 textures\opaque\bp_remade,true,true,5,remarci_4x,false,0,false
cushion.bmp,c4f1e97451c3d03caad376f9e9e9a9e698ff8547,35daf9944d231fbad49b321407aa40be700941b0,true,ps2 textures\opaque\bp_remade,true,true,5,remarci_4x,false,0,false
davy_barrel.bmp,5691047555a5b875b0a7f156e4d1e6a8c165bf94,1a4dfc232aa916e3809d141279ffcaff78d0a558,true,ps2 textures\opaque\bp_remade,true,true,5,remarci_4x,false,0,false
davy_case_barrel_in01.bmp,d90248251ba6707d0fe2067cbbc27323bb574301,4c37b305c54cf5d3b05e4149b1510445c406e92d,true,ps2 textures\opaque\bp_remade,true,true,5,remarci_4x,false,0,false
davy_case_barreli.bmp,07148fe015236db0998df6ad7ccdb4c3278055c2,c563fa3b513c395e824651c41ca1593bb378a5a9,true,ps2 textures\opaque\bp_remade,true,true,5,remarci_4x,false,0,false
davy_case_barrels.bmp,91839154ccb54e488e6c9bf0d216f17401346550,6cb9233a0247d2f70a26cb524f1091515906a9d4,true,ps2 textures\opaque\bp_remade,true,true,5,remarci_4x,false,0,false
davy_case_barrelt.bmp,bba6e13bc31f6c5892c1d9181cb3246733613fe6,00573a342fd12e4ed8df2a2c7c0d1668588079a7,true,ps2 textures\opaque\bp_remade,true,true,5,remarci_4x,false,0,false
davy_case_barrelu.bmp,257368837014da4db7c2213a64ffec46ba2a3fd9,06ab00c2f61e8bb82aa5cb0f9d8635e4058efc97,true,ps2 textures\opaque\bp_remade,true,true,5,remarci_4x,false,0,false
davy_case_nuclear_in08.bmp,2943c60c22765d7dbe9402830f65844350966cd2,9dd7ceb8ed7500765fc66efc819f0915190b30a3,true,ps2 textures\opaque\bp_remade,true,true,5,remarci_4x,false,0,false
davy_case_nuclear_in09.bmp,e5d79b4430d0aed34423e425be2dd743faf60dec,a992a092a124a1163bdbd0c54e22c461480ae985,true,ps2 textures\opaque\bp_remade,true,true,5,remarci_4x,false,0,false
davy_case_nuclear_in12.bmp,37dbca8a5dc4db74d5fd9d69f750da5eb73e1259,5a4ff4d2d4332aa99189ea55c64f78178f4e1354,true,ps2 textures\opaque\bp_remade,true,true,5,remarci_4x,false,0,false
davy_case_nuclearbu.bmp,0e6df0e33723f8731a32f3424f9bcb311038b372,0ee384c24acc772e6d647739344b99db321b7505,true,ps2 textures\opaque\bp_remade,true,true,5,remarci_4x,false,0,false
davy_case_nuclears.bmp,483c99567448bab26a196d13f181d0e9142ff515,df80edcaa6f5802e4c6a20c899b18e324a20a194,true,ps2 textures\opaque\bp_remade,true,true,5,remarci_4x,false,0,false
davy_case_nucleart.bmp,7278249416661c2dbf63a595201898deb7b32e27,83951a05ab1c76e94ff3cdef5707364e12715155,true,ps2 textures\opaque\bp_remade,true,true,5,remarci_4x,false,0,false
davy_grip.bmp,3a3b8360aac25e4b70e4d69889f4d2d996423ff4,cc17e3be1e3e1e71d9f33fbdaeae3e3406ce0b57,true,ps2 textures\opaque\bp_remade,true,true,5,remarci_4x,false,0,false
dmit_newkey_a00_alp_ovl.bmp,8ef2347e6610c8f350202e1f79ed7e103645dbf0,dd2b29fd025560f06d97a0905ea8c6877f8fc5e1,true,ps2 textures\HAS ALPHA\bp_remade,false,true,5,remarci_4x,false,0,false
dmo_gave_cus_glip_a.bmp,ef45c2509a19ab623d6b78dc538bacd03cf6d812,080fb840b6378693a31ecde0a784e2c3762a0995,true,ps2 textures\opaque\bp_remade,true,true,5,remarci_4x,false,0,false
dmo_gave_cus_glip_b.bmp,e43d0e432cde2ee3e566273afffb32f077197b23,71dc02c1db6d389a51f51f1ca5f931f129b44880,true,ps2 textures\opaque\bp_remade,true,true,5,remarci_4x,false,0,false
dmo_gave_cus_hammer.bmp,6aa37278abb77c7915a4a78e25e61be3b2f06bf3,baab7763368bac9e7f55781dd4b9436f745f5918,true,ps2 textures\opaque\bp_remade,true,true,5,remarci_4x,false,0,false
dmo_gave_cus_muzzle.bmp,c5f0165a2d5c458403f03f5456a912c4303e7331,b62a1620135c8749ee5d3fb4fc993e923cb519e1,true,ps2 textures\opaque\bp_remade,true,true,5,remarci_4x,false,0,false
dmo_gave_cus_safety.bmp,00726c6aa9981a7878261cd32b5f9cd225c57e43,04ca5f7460c52aaba7e3fa2c80676123326ef29e,true,ps2 textures\opaque\bp_remade,true,true,5,remarci_4x,false,0,false
dmo_gave_cus_slide.bmp,39af4ab3d0554066a65a1c9b24b76e5e149961ff,fce021c58dda42ed59edec8c766d86bcda69cd2f,true,ps2 textures\opaque\bp_remade,true,true,5,remarci_4x,false,0,false
dmo_gave_cus_trigger.bmp,91dd7817a949ffd8622567b8ac66daa9830c33d9,24a54277ec0440b44eb58273704d0c52aa2232dc,true,ps2 textures\opaque\bp_remade,true,true,5,remarci_4x,false,0,false
dmo_gave_safety_sub_alp_ovl.bmp,1b78ba2d4ef74b03d962fd992de4f19608a6f28a,e44b1a2a834900088a1d2425726ec911bfa10365,false,ps2 textures\HAS ALPHA\bp_remade\no_mip_fixes,false,true,5,remarci_4x,false,0,false
dmo_gave_slide_sub_alp_ovl.bmp,4b1d583661aff6fa924eefc86a8536d50a57594c,8bd3be7e9cb317e03b63ed649026d201db9d010f,false,ps2 textures\HAS ALPHA\bp_remade\no_mip_fixes,false,true,5,remarci_4x,false,0,false
door_a00.bmp,a5f8dc664c2b6f0b8229667c7e028385727a0303,6f2e263352d69a1ab34d523ee43a71ce521996e3,true,ps2 textures\opaque\bp_remade,true,true,5,remarci_4x,false,0,false
door_frame00a.bmp,9c49d15d3cf12bdd0bbea0fff70e4d943d76c42b,39a1af37539dcb5c28ebb5c20cf62b14f807b378,true,ps2 textures\opaque\bp_remade,true,true,5,remarci_4x,false,0,false
door_frame00a.bmp_5e81ed816613855c915ebb39d7c46cb5,5b2b84f4df2773f0fa01759c7f4624df112f9803,69689823ac937043f360edab83f38472da4eef43,true,ps2 textures\opaque\bp_remade,true,true,5,remarci_4x,false,0,false
door_frame00a.bmp_e61140fd22b74ee5c40430ed845c6523,7c1d393ea5c8efc7e9a11669ed12007709f8de3b,6153e32182719f8ca9b8220f2db41e3f55ce8cf1,true,ps2 textures\opaque\bp_remade,true,true,5,remarci_4x,false,0,false
doramom.bmp_d34dc03a8a061c56ac3df0391e726752,843352c358349aa486ad72216a60782b9de8e817,717ef2b47c5c9baa674545b8d976e94c96357cc7,true,ps2 textures\opaque\bp_remade,true,true,5,remarci_4x,false,0,false
doro.bmp,4065a625800a504b4a52784d8edfebea00d540b2,42d449f4bc0b76ff35be81f436651cccde66fd0d,true,ps2 textures\opaque\bp_remade,true,true,5,remarci_4x,false,0,false
driveshaft.bmp_430bec93808cc154ab5ad426cac145af,1ff6164c846ccb7b341c2236fd8d9d1e4ae43819,367b54224b76ec1f77b174da660b10a55805e496,true,ps2 textures\opaque\bp_remade,true,true,5,remarci_4x,false,0,false
drone_d.bmp,8dff827792e26cd4a1a2763851abf19844fa347a,57ae1ab05c74589f6dbc95672e637ee7a1d0dac8,true,ps2 textures\opaque\bp_remade,true,true,5,remarci_4x,false,0,false
drone_e.bmp,d8ef5bf58a418cc12e7a98544461a9e9bf6f5975,1dec34824abecfed77e900bcc8bdfadb4496b8da,true,ps2 textures\opaque\bp_remade,true,true,5,remarci_4x,false,0,false
drone_f.bmp,48e46e45ae5cb228d7f300652b85d8bad34aa059,4ed6659a114a816bf1daf81c931adfa8219eb601,true,ps2 textures\opaque\bp_remade,true,true,5,remarci_4x,false,0,false
drone_g.bmp,d1130b83cb4d2925b71dfdf281a57e16ec2cc536,5d9e2e225c6d8fc6d483b7e43b014d51623d75fb,true,ps2 textures\opaque\bp_remade,true,true,5,remarci_4x,false,0,false
drumcan_exp_t1.bmp,de683f5fbd4921d9792e136aeea2aa99fc005ba5,2bed47a71c2e495a293d053ed2bcee8e6a551c2e,true,ps2 textures\opaque\bp_remade,true,true,5,remarci_4x,false,0,false
dshk_m01.bmp,43227f5e0f924603c0c6116eb2447cd629d65f92,82c07c952539151d40ee2e3ccbea7640407716e7,true,ps2 textures\opaque\bp_remade,true,true,5,remarci_4x,false,0,false
dshk_m01.bmp_14cfe0ae0bcb81fb3adcb6d9d6ea2e18,b97e79dd8cfa47ea9a4c5863f4f880149fb82de4,ee1144352c22cb74d99106a41433def28d8651ac,true,ps2 textures\opaque\bp_remade,true,true,5,remarci_4x,false,0,false
dshk_m02.bmp,bab9a7a8cd6fbd537837921a5b7aa7f0f6c2e3d9,910ffb8dcb578a6d7bb3c1d09ba229c685113098,true,ps2 textures\opaque\bp_remade,true,true,5,remarci_4x,false,0,false
dshk_m02.bmp_df47143a9de7d7ed9d0c42d99b2e449b,3cfd18b32a8589be007aef3cf718e1cdd84b7e4e,264d12942da97c3a448d7c87c43407a5f31ca57a,true,ps2 textures\opaque\bp_remade,true,true,5,remarci_4x,false,0,false
dshk_m03.bmp,27afe09099bdee512ff35609ee502bada98fb512,4798e33995a02b8cb1520b189a01b3cacde97c50,true,ps2 textures\opaque\bp_remade,true,true,5,remarci_4x,false,0,false
dshk_m04.bmp,1f1ccbb18d251f3f6d8e58a2643d34e8adccd100,0ea918fdd24154ff307d00d8d99450ea133a8149,true,ps2 textures\opaque\bp_remade,true,true,5,remarci_4x,false,0,false
e00_gaju_alp_ovl.bmp,2b19bd50202e1edbcf5fdc8115ea478021f062c2,67d672f036230d3f341c1e6641749d24a50211eb,true,ps2 textures\HAS ALPHA\bp_remade,false,true,5,remarci_4x,false,0,false
e00c_flr_moss02_alp_ovl.bmp,d2852526a3e2744a38b3217cf222de278ab0e920,3395856d5a96ef58d04de690f4291bd3bac3c80c,true,ps2 textures\HAS ALPHA\bp_remade,false,true,5,remarci_4x,false,0,false
e01_1.bmp,e0311b163147d2dc3022848ad99f01cd13d59cb1,30609968e889835b8f90ab9c7fed59f210fdfd86,true,ps2 textures\opaque\bp_remade,true,true,5,remarci_4x,false,0,false
e01_2.bmp_f0b63fb0ea7e68f56e4e83a511bf37e1,2a35d3dd3e72c3cc9f9ebf7c2c6ae77dc2605683,2546f0aebc7303830fe5250ff0f4d0768d3790ca,true,ps2 textures\opaque\bp_remade,true,true,5,remarci_4x,false,0,false
e01_3.bmp_541acc1ad8a115247861fcf34368023d,98c63f63ac916b94073e481368438459eb972665,52eda0e7728e01f46e86d9a5209cca2545ee4f0b,true,ps2 textures\opaque\bp_remade,true,true,5,remarci_4x,false,0,false
e01_4.bmp_54f96d8a29ca80b1a3feabfd6ad0ce4b,caa27fd131c67960efbae16d9fdc30b7f951f6a8,94df31a869625aa5f714c4e6cb8eeae334e35b09,true,ps2 textures\opaque\bp_remade,true,true,5,remarci_4x,false,0,false
e02_1.bmp,4bfcfe998231f52f7e9ecf7b2c48640eee648e9c,d2348276a785e0e5810b0856de1de7bcba9bbdff,true,ps2 textures\opaque\bp_remade,true,true,5,remarci_4x,false,0,false
e02_2.bmp_75c18656e1070488b65f4ef3c5459c6a,189185f56325a8844fad725f83aeeb86f556efdd,96bf3583ba78b6b76d9c0ab7938bb1bc07773501,true,ps2 textures\opaque\bp_remade,true,true,5,remarci_4x,false,0,false
e02_3.bmp_9f9413fdf4806383d89d42846a722a3f,866fdd8fdd5c2d544245ec949e4aea90c66338cc,798ac1126985153d39efbeaa0984b44e2558ade9,true,ps2 textures\opaque\bp_remade,true,true,5,remarci_4x,false,0,false
e02_4.bmp_e98df2b1939851f47c8a6c28ea1d4cda,9756c3ef3f0c2473cb005f6c3d52776e4cf0ec13,5429118c0d56eaff2d880529ee056cb73f9cd35c,true,ps2 textures\opaque\bp_remade,true,true,5,remarci_4x,false,0,false
e02b_bridgefl00a.bmp,09618f5a890d2c2e771a5907ee7bf97b68d9c890,76773859a36eb55884bc466656b14bc912e4c4fa,true,ps2 textures\opaque\bp_remade,true,true,5,remarci_4x,false,0,false
e02b_bridgefl00b.bmp,d65d8a9ee94d3c45fc144a280c231c1ac9185790,4ff8032f5ec4ef6ace3126795adc86e5880a9e06,true,ps2 textures\opaque\bp_remade,true,true,5,remarci_4x,false,0,false
e02b_bridgefl00c.bmp,40bca44c9517a2b9aeac7e789e9e66c3eed37096,eda2e57cae7508c85652323a27ba2a762e0fc51c,true,ps2 textures\opaque\bp_remade,true,true,5,remarci_4x,false,0,false
e02b_bridgefl00d.bmp,b19b2e2e08e68fdd398b368943dc526c65a4059b,526b01f65d462825b6db0348bf331cf62c5f0ace,true,ps2 textures\opaque\bp_remade,true,true,5,remarci_4x,false,0,false
e02b_bridgefl00e.bmp,42406e7dcc220a02e21ae319571095941c2b8321,1d76345cd3595a198bf7edbd7b204db86fcdbaf9,true,ps2 textures\opaque\bp_remade,true,true,5,remarci_4x,false,0,false
e02b_bridgefl01a.bmp,17107ef1bd0ffc708d5634cd7f6fe0ee67d28777,f4e486364badbf570133a9a30cdf13f8fb79a84c,true,ps2 textures\opaque\bp_remade,true,true,5,remarci_4x,false,0,false
e02b_bridgefl01b.bmp,dab93b68e695fcd90a6a71d83c1ce4439d7050d4,6967ac911968262b437e4ba910c0599e6c21ac30,true,ps2 textures\opaque\bp_remade,true,true,5,remarci_4x,false,0,false
e02b_drumcan00.bmp,db905de65d9c404bf4249da975f0deb5c9dc1c91,2d412852f5678569a7bf69593396a187f4950ae1,true,ps2 textures\opaque\bp_remade,true,true,5,remarci_4x,false,0,false
e02b_drumcan01.bmp,de8ba1849d38eb71875b783d1fe7448339e0fe9b,07de0ed4d1f08ff4cc23799096c1ddf40006138c,true,ps2 textures\opaque\bp_remade,true,true,5,remarci_4x,false,0,false
e02b_fl04_alp_ovl.bmp,066000081327604e5b4e5fb724ab873aa7ac09d3,1bf5d0ad5ec9b985c61e91ed6fd6c1ea7fc1bb78,true,ps2 textures\HAS ALPHA\bp_remade,false,true,5,remarci_4x,false,0,false
e02b_sk00.bmp,9d9940ba12547283076acd1a2b27ee36771f6dee,9f5162bd37018ed02ade682e89afa6bf063aedd0,true,ps2 textures\opaque\bp_remade,true,true,5,remarci_4x,false,0,false
e02b_sk01_alp.trans.bmp,2b43d04f9d5568a45607a9ed88ebd964afb566e9,e85a0d08c8eb3a4c09a77ab9e26a951a0bb56663,true,ps2 textures\HAS ALPHA\bp_remade,false,true,5,remarci_4x,false,0,false
e02b_wbox_s.bmp_2151fa9141185b6480190697b659af87,5df0e54575aea8c5e7f39ae2613e894b6f2d1ea0,59720455d5039598dcaa662e7499ceb7c46afe26,true,ps2 textures\opaque\bp_remade,true,true,5,remarci_4x,false,0,false
e02b_wbox_s2.bmp,d41a7b0f47ede4e0ce3011263150ea3e6da1954e,08033512c954f093c384a7180a4f9c06fe67cb45,true,ps2 textures\opaque\bp_remade,true,true,5,remarci_4x,false,0,false
e02b_wbox_t.bmp_2ce5b3b2ac61356432ea7147967b3f25,15c51099df1a6847cc68501b38352e4e648e9d59,712649121badc5ee9ef0ab72477069260895a6b3,true,ps2 textures\opaque\bp_remade,true,true,5,remarci_4x,false,0,false
e03_1.bmp,aa1f61aaca62848da038905783a7aa6f0e9e4eac,6f9f8678184eb2cc99836eb1a74d406edb40894e,true,ps2 textures\opaque\bp_remade,true,true,5,remarci_4x,false,0,false
e03_2.bmp_9dacb2c715572785a6dae28acd90e8b1,63486388722f94e2ba1fc2cb6f1bce782231cf73,1729ec41361fa40071461422194c9cbd824b34c6,true,ps2 textures\opaque\bp_remade,true,true,5,remarci_4x,false,0,false
e05_1.bmp,d8e68b43d46f166590f6cba056108feb5d8e3cae,48a09bba6506b4f9413127b47e069e2aeb2dd2e9,true,ps2 textures\opaque\bp_remade,true,true,5,remarci_4x,false,0,false
e05_2.bmp_82b3b58938902ff77960ab86bece7fde,0c9fdfd84077304dd77e598bb68c03fdf7261d16,90b7bf53d3a24ca1e187a35874e77303de287291,true,ps2 textures\opaque\bp_remade,true,true,5,remarci_4x,false,0,false
e05_3.bmp_af67f0040e86439009598c872cff2e9d,576bd3006d38c8164e739ff10cb629323da2abc0,9e201430b37c9f82314b77b8c423a864ce05f1b3,true,ps2 textures\opaque\bp_remade,true,true,5,remarci_4x,false,0,false
e05_4.bmp_36713177f73649f66e6d12e18911a8b2,47caebc353a23dc214279b13e437cfbc9fdaca91,3633a6a3393dd3f9218fc7795043e4b2c78531e6,true,ps2 textures\opaque\bp_remade,true,true,5,remarci_4x,false,0,false
e_magpo-ti.bmp,32f21f0c78795369cf3bfd327f9230c65b651fcd,023a0276e2c4655efe9058bcec144967548ddc4d,true,ps2 textures\opaque\bp_remade,true,true,5,remarci_4x,false,0,false
e_makarofu.bmp,6b38ab72aee31346170ae7936c6b510d3ea1b8c4,3525af30332a7b7d2d2b9f1dc1c0055c1c4eee5c,true,ps2 textures\opaque\bp_remade,true,true,5,remarci_4x,false,0,false
e_map.bmp,f43c479992a9c624e4a635af39e7728d555ca0eb,3b743720672f56da3f7016bde72484a4537b691e,true,ps2 textures\opaque\bp_remade,true,true,5,remarci_4x,false,0,false
e_map_belt.bmp,d53f36982ab1505bcbe659af44144adf6b6cb857,1abdffa98793f4853431c338ff4e74c6fc60dda6,true,ps2 textures\opaque\bp_remade,true,true,5,remarci_4x,false,0,false
e_mizu.bmp,becc454968b8df0488c115c490eaf97e9f31be12,19345177ac0fe5d3a3a5efa61a1ec4e9d80bf4ce,true,ps2 textures\opaque\bp_remade,true,true,5,remarci_4x,false,0,false
e_skoppu.bmp,83010a3a67f8d4aa277bbcb63ba238142d8f34be,ce26883f3e939c1daedb7e3dc0c5c94b6ac9d9df,true,ps2 textures\opaque\bp_remade,true,true,5,remarci_4x,false,0,false
e_sspo-ti.bmp,b6e745449c2ff7dcf20a1a257e538ca20ba3ef36,267b71ce8fbbb7af621b8ef0a26186fc664e4c1b,true,ps2 textures\opaque\bp_remade,true,true,5,remarci_4x,false,0,false
e_tento.bmp,0a4b64a0e9647a952198635fa0ade9e683a8950a,142d16a1d072c4b748e66fd54fcb6c20eb29b701,true,ps2 textures\opaque\bp_remade,true,true,5,remarci_4x,false,0,false
e_tentobelto_alp_ovl.bmp,1a06cbaf3f40a8dc3cbaa10d3a73a64622543719,3cbca5a701f76fb505bb5726d0253fb02915d0dd,true,ps2 textures\HAS ALPHA\bp_remade,false,true,5,remarci_4x,false,0,false
end_dead_hand.bmp,7ba5f69c5898191ea4affae825d4eedd1378139c,cfc2dd7b93b10000439c3033079fc041ba36f587,true,ps2 textures\opaque\bp_remade,true,true,5,remarci_4x,false,0,false
end_def_hand.bmp,89a28180486f02e8503f5d0d7b1dcecdd1a210ee,d02fd278852066e4a64ec3a66d250674bb0003d4,true,ps2 textures\opaque\bp_remade,true,true,5,remarci_4x,false,0,false
end_ela01_alp_ovl.bmp,0850c3f6aceef03bad173f47eb14d74c7b6ba96e,417528e63fcd6b3334dabe66957febb41222f400,true,ps2 textures\HAS ALPHA\bp_remade,false,true,5,remarci_4x,false,0,false
end_face_ovl_mod1120_alp_emap.bmp,a4ef3fc89be12022a47620b9db1276a6d8719d4a,9c4770fe16481c092e4a62fa3eeb21f22b31df1c,true,ps2 textures\opaque\bp_remade,true,true,5,remarci_4x,false,0,false
end_false_gums.bmp,13b300121ead4dd7f7c44204592f3401a4fe4571,ea832ba789442117f4c1d3bd031154f68631f3d6,true,ps2 textures\opaque\bp_remade,true,true,5,remarci_4x,false,0,false
end_false_metal.bmp,54027c9348a9bbbed0f3a6fc926c2f906220af00,c19fc838e7bb1ba302d13a4d559f4e9ac2c61878,true,ps2 textures\opaque\bp_remade,true,true,5,remarci_4x,false,0,false
end_false_tooth.bmp,f19e0e0106e5a0c1bbac98970579edef8cc1e97b,e78ffe90ac3dcba8e22952e518334344536ffc51,true,ps2 textures\opaque\bp_remade,true,true,5,remarci_4x,false,0,false
end_ghost_foot.bmp,b4f45d4bc938e6155154d68aaae6893d350fa5af,b41a97cafcb47c66ad70622c911b7ca9e74d7eed,true,ps2 textures\opaque\bp_remade,true,true,5,remarci_4x,false,0,false
end_ghost_foot_under.bmp,c9391a1c3133ef139ca7dd42f1bf2e946345c368,9d4427953524c3d5d5c31f093dce70e0e7d6664c,true,ps2 textures\opaque\bp_remade,true,true,5,remarci_4x,false,0,false
end_ghost_hand.bmp,da223bd9bdf05b5026df1e5f8f55613207c921ef,1a5a4b6c6a460b4375aa76528f42ff7d3b042721,true,ps2 textures\opaque\bp_remade,true,true,5,remarci_4x,false,0,false
end_gr_ovl_alp.bmp,787d6b9ef0972a236184ff6d5d334407f8aca523,78da9a5c1fd112710f6b2c68158b6ed425d56191,true,ps2 textures\HAS ALPHA\bp_remade,false,true,5,remarci_4x,false,0,false
end_hp_ovl_mod1120_alp_emap.bmp,f4313d023b2ce10014fff9c489ac5c1df9847171,0fcfa673705f6067526b31f1d2875d8eb1ac8deb,true,ps2 textures\opaque\bp_remade,true,true,5,remarci_4x,false,0,false
end_item_bk.bmp,c3b757489a9fd86012ec688936a8817c1a032bd5,1dc874ef44234915679ee3823dbae8b6de9ec53e,true,ps2 textures\opaque\bp_remade,true,true,5,remarci_4x,false,0,false
end_item_bk_side.bmp,2512526d9e43fcfb10a4fa02467e33eb5f04fae7,01be18fb501064ce623ea775c12666bf1605a12c,true,ps2 textures\opaque\bp_remade,true,true,5,remarci_4x,false,0,false
end_item_case_def.bmp,ffe4436f91604b45db3480f765d222bd5f1770f8,e871e1f551109f09be09980b9b57b19ecab88c06,true,ps2 textures\opaque\bp_remade,true,true,5,remarci_4x,false,0,false
end_item_case_def_sub_ovl_alp.bmp,bc8d9204eb0e8645071783d2c52dd1e3ef5a6fb4,1b85c76fde7f6b2134eb6373472d01a4763d1276,false,ps2 textures\HAS ALPHA\bp_remade\no_mip_fixes,false,true,5,remarci_4x,false,0,false
end_item_hp_coad.bmp,1c893de9d620857ace91e001d22121959a4229f6,507b93cd5d47e04614e4709d4a3b9414d7848122,true,ps2 textures\opaque\bp_remade,true,true,5,remarci_4x,false,0,false
end_item_hp_coad_sub_ovl_alp.bmp,3bf0a5bca43bb269872f8c143ac95acf15151c7a,2a0e4f6abe87cd9048b352861ccf5e317e4d2ee8,false,ps2 textures\HAS ALPHA\bp_remade\no_mip_fixes,false,true,5,remarci_4x,false,0,false
end_item_hp_def.bmp,3ebf8a6bda4007c07c4efa2b902867051e0b6d8d,62dbb3ea51c2082c0ff2c4fa2889f00de9a9ae0c,true,ps2 textures\opaque\bp_remade,true,true,5,remarci_4x,false,0,false
end_item_hp_def_sub_ovl_alp.bmp,6b5b87b7020105c9c3a50d29ff1b1213d50142e9,540ae7fbc99ecb4e80bc89b65a278bfc7a7229eb,false,ps2 textures\HAS ALPHA\bp_remade\no_mip_fixes,false,true,5,remarci_4x,false,0,false
end_item_hp_mb.bmp,2f882b0f09cda98462500d400e301b560caed59a,166338d1acb4843c8795ba9039026f00a6d0ab4a,true,ps2 textures\opaque\bp_remade,true,true,5,remarci_4x,false,0,false
end_item_hp_mc_sub_ovl_alp.bmp,78d44557aaf3a05050534a7c156a174ac89f0dee,ff37bf78193824b833f88a4168130a3a04812e86,false,ps2 textures\HAS ALPHA\bp_remade\no_mip_fixes,false,true,5,remarci_4x,false,0,false
end_item_hp_md.bmp,4fab603970bb36e6fac4d8358d7ef43924135046,d05e00d6721878c56c1535fb0768967c361f11f7,true,ps2 textures\opaque\bp_remade,true,true,5,remarci_4x,false,0,false
end_item_hp_me_sub_ovl_alp.bmp,339e00902df405cffca0d33411d9503745a160ef,5ac6d64d05605ecbe71c41714fd37bdd67b4307d,false,ps2 textures\HAS ALPHA\bp_remade\no_mip_fixes,false,true,5,remarci_4x,false,0,false
end_mgs3_arm_def.bmp,53833ec2b901b3096861c20e54d3471bbf8379fe,0f0ea328af13e3b3aa22592395baf2f48f0e8f33,true,ps2 textures\opaque\bp_remade,true,true,5,remarci_4x,false,0,false
end_mgs3_arm_red.bmp,f22f246ae4a7048e57737b0abc5a780aa4de2393,0d04215ca76d0998ee5a5d50d52a3bf6bf1a8629,true,ps2 textures\opaque\bp_remade,true,true,5,remarci_4x,false,0,false
end_mgs3_belt.bmp,351a1d1d3111bcc6918d38e93b1c87d04c4d62f0,1809cf9452e096057c68087fb1e61ecee0286f66,true,ps2 textures\opaque\bp_remade,true,true,5,remarci_4x,false,0,false
end_mgs3_belt_bak.bmp,5a269f4ea06948136682e62945ac756094ed8233,e7b06b94cb2490e3118f41b0e0b5fc2c663c280a,true,ps2 textures\opaque\bp_remade,true,true,5,remarci_4x,false,0,false
end_mgs3_belt_def.bmp,c0c5d94e26db61177285efd64e5c15d21c50512a,1336ead020ea44134e78e832e101b2c388fa0039,true,ps2 textures\opaque\bp_remade,true,true,5,remarci_4x,false,0,false
end_mgs3_belt_shl.bmp,ea9f2058b6269b83338e1d1859ac07cef2ddde80,eab9982ff8766236910b4e749659e27833385b43,true,ps2 textures\opaque\bp_remade,true,true,5,remarci_4x,false,0,false
end_mgs3_body_def.bmp,cd67f89111a2a9d790b125f4aeb5b4debc1eaec7,e96f904511b3b10b6aebaccac455b0988a91e7c2,true,ps2 textures\opaque\bp_remade,true,true,5,remarci_4x,false,0,false
end_mgs3_body_gr_ovl_alp.bmp,0530c69151805492a6fb9f097674fa253c4c0ed7,d1ab363e9d0f091147405d6a57af210959f83d59,true,ps2 textures\HAS ALPHA\bp_remade,false,true,5,remarci_4x,false,0,false
end_mgs3_body_red.bmp,828da9150556c8096858a5daee3d6163e5901e30,05e995d93fa70c4537b2244499bdfe73285c8d89,true,ps2 textures\opaque\bp_remade,true,true,5,remarci_4x,false,0,false
end_mgs3_body_red_ovl_alp.bmp,3a989ecf2cab534798acb234b0af3278aba00c31,f2be278a36fcac2650f44f6e377d85565f006311,true,ps2 textures\HAS ALPHA\bp_remade,false,true,5,remarci_4x,false,0,false
end_mgs3_eye.bmp,f937685160c165844b10dbdc07f05143b4a29d0c,5e668fb0b634e86d0ca6d09fee26b9c112f5f13c,true,ps2 textures\opaque\bp_remade,true,true,5,remarci_4x,false,0,false
end_mgs3_eye_dead.bmp,58bb2e6e35f52ecc2e22221a2501c3cf1db2b93e,07db96ff3a9ab8b90557b4bcb338644aa9d0e0b8,true,ps2 textures\opaque\bp_remade,true,true,5,remarci_4x,false,0,false
end_mgs3_face_dead.bmp,165be2cf57dab133902678579be72f582a892dee,d8a744750caf364c2b7d3ee04a56ec264cba085f,true,ps2 textures\opaque\bp_remade,true,true,5,remarci_4x_extra_smooth,false,0,false
end_mgs3_face_def.bmp,6bc844cacf162d14831993aa3b2de0f32d231578,a8e8fc8edc62f911bad38c0dd2ffc84b099a6868,true,ps2 textures\opaque\bp_remade,true,true,5,remarci_4x_extra_smooth,false,0,false
end_mgs3_face_def_sub_ovl_alp.bmp,17bedbcab788b2c1065d3b68253a44d9ac322cba,5ad240570f1d44c6f98fbf05593a055459981ce5,false,ps2 textures\HAS ALPHA\bp_remade\no_mip_fixes,false,true,5,remarci_4x,false,0,false
end_mgs3_face_wheel.bmp,8d0fa18051709f41c63d396e1f64b129addacfe4,88314ccab8150ba9d789d27669ad6f2571506b48,true,ps2 textures\opaque\bp_remade,true,true,5,remarci_4x_extra_smooth,false,0,false
end_mgs3_face_young.bmp,f17ae7579420126824c5f01e3e98cbc628df0df4,93ec59a4d5ef4b52a83bd850881d9f8502d3656e,true,ps2 textures\opaque\bp_remade,true,true,5,remarci_4x_extra_smooth,false,0,false
end_mgs3_foot.bmp,b7160814709ababb1a6ec2ed58589c27f489a89e,96a8ebdd492711330f1ec12beb70db0d3e18e840,true,ps2 textures\opaque\bp_remade,true,true,5,remarci_4x,false,0,false
end_mgs3_foot_def.bmp,ef19bc4da947e23e1c0de530967bc7160b42b272,583ce87651d91a3f78d960c4a58aa7b7c8f55866,true,ps2 textures\opaque\bp_remade,true,true,5,remarci_4x,false,0,false
end_mgs3_foot_red.bmp,4f3346c571dd463a226f7f0aa91e8c79c11b2611,03ba750d2ebf16dde20f28e937e152fd889fc2d0,true,ps2 textures\opaque\bp_remade,true,true,5,remarci_4x,false,0,false
end_mgs3_foot_under.bmp,634d8e59dc06eeca355eabcbadfe5b97375221ff,8fd89514f80af21c6b21715aadfd6042f612b52b,true,ps2 textures\opaque\bp_remade,true,true,5,remarci_4x,false,0,false
end_mgs3_gun_belt.bmp,a621d34f76e54238b643384deee9a718f20797e1,aa48219fa23c4bca4caf94c1377693fceea0293a,true,ps2 textures\opaque\bp_remade,true,true,5,remarci_4x,false,0,false
end_mgs3_hair_f_ovl_alp.bmp,c5cd4a5c6a8487b8752167a621c227395f9493a4,2564698e5516bdae6edfb5f5170b9b9c910e68bd,true,ps2 textures\HAS ALPHA\bp_remade,false,true,5,remarci_4x,false,0,false
end_mgs3_neck_def.bmp,a8b27a7f29db00f675553835f1698f86b3bf333a,a419c56a9b3ec91e5ad9cf48cbec7ed0213bebaf,true,ps2 textures\opaque\bp_remade,true,true,5,remarci_4x,false,0,false
end_mgs3_wpl.bmp,71d1efe760389b3ef83eea4b35a9d5cd53d72b61,c4340c719f5a60b49586cca1223dc3fa80a26cb3,true,ps2 textures\opaque\bp_remade,true,true,5,remarci_4x,false,0,false
end_under_tooth.bmp,9429e5a930df4532e0470a1bbc7d8fb2940ee028,c29aa8671374accc262f124ae41cbb27ce6e2b9e,true,ps2 textures\opaque\bp_remade,true,true,5,remarci_4x,false,0,false
end_young_hand.bmp,930cd3ab55932ee54570b27d72b5d2115fcdd52d,7363e5c4208b5c2085e4a280cb5603b238153d2f,true,ps2 textures\opaque\bp_remade,true,true,5,remarci_4x,false,0,false
ene_def_akmagpouch_bag.bmp,da98d674776465fea5d73b6ad749618756220502,56f8a5c94bf8ffcc0faf2bae47aeec5935e23db6,true,ps2 textures\opaque\bp_remade,true,true,5,remarci_4x,false,0,false
ene_def_arm.bmp,6cd214b7bb34204a0d3340d3911a93a8f1e59dbd,dd9ca052ed4d1f2baa34b6061abb98bd3cc49abe,true,ps2 textures\opaque\bp_remade,true,true,5,remarci_4x,false,0,false
ene_def_body.bmp,223fabfea3649d00643694ce9c84984570694744,fdb92594a7b163f38c152ed1fe2c437ccd755542,true,ps2 textures\opaque\bp_remade,true,true,5,remarci_4x,false,0,false
ene_def_eye.bmp,2ad6ae664a32d62454ec69574cdd3c761ecd6dbe,7686096bf3e4bbbc931d30c442d871953fa95040,true,ps2 textures\opaque\bp_remade,true,true,5,remarci_4x,false,0,false
ene_def_eye_close.bmp,7890770b7bb433f137b5d78a4f7dfb59ed284efe,9b88476d92696b094e0f0e1fa55f87a52b7f6bec,true,ps2 textures\opaque\bp_remade,true,true,5,remarci_4x,false,0,false
ene_def_eye_mu.bmp,d26f465134fe50dd37642a7287976460d3418bb0,f53e641a65f0e670473366a65a81c94f60f10394,true,ps2 textures\opaque\bp_remade,true,true,5,remarci_4x,false,0,false
ene_def_eye_open.bmp,812588f453b4deb592d9592433546501d968994c,7fab27386f5456d4189a2b3b4c96a111baa92642,true,ps2 textures\opaque\bp_remade,true,true,5,remarci_4x,false,0,false
ene_def_eye_pain.bmp,152a903a54060fd491313ce916253cf094af1809,4ce5f6871ab9e1cec57323d8f0b73142c111edc1,true,ps2 textures\opaque\bp_remade,true,true,5,remarci_4x,false,0,false
ene_def_eye_white.bmp,5ad4313384faaef40f8f18785056fc441528a383,6836910ae63ca96d4513b8f9fc23b293b0849a2f,true,ps2 textures\opaque\bp_remade,true,true,5,remarci_4x,false,0,false
ene_def_headtop.bmp,8fc2cb048e623a8de57247584421c40fb1079ec9,5149c009c347a3d0fa8577d3be6c433d42ee1ef9,true,ps2 textures\opaque\bp_remade,true,true,5,remarci_4x,false,0,false
ene_def_headunder.bmp,d16947f86e03c4b3ea5610f233496dfe6681b783,59c784037f34a82a4bf4a45cd0d156e49e60b914,true,ps2 textures\opaque\bp_remade,true,true,5,remarci_4x,false,0,false
ene_def_leg.bmp,8739f09bb2fb035203044aef9a14c329659319d5,91039fc5d60f97a1bb0e391f52c791bc629f193b,true,ps2 textures\opaque\bp_remade,true,true,5,remarci_4x,false,0,false
ene_def_neck.bmp,14e459ad6e5c8dccf09e3aff8988c4ccff591aa8,a303becf2e80d2388df7077262af4234c467f881,true,ps2 textures\opaque\bp_remade,true,true,5,remarci_4x,false,0,false
ene_spe_amdmagpouch_bag.bmp,e5e93fe8ebfc9df7622fb32c9ad1de517fbead62,1cffc902c945284ce1a26ade17ec334b8962021c,true,ps2 textures\opaque\bp_remade,true,true,5,remarci_4x,false,0,false
ene_spe_body.bmp,a80cf6eafd66b714925cd5d04e79bd80366838f8,121dc441d10f2cda836b314395d4900306618cf6,true,ps2 textures\opaque\bp_remade,true,true,5,remarci_4x,false,0,false
ene_spe_body_belt_alp_ovl.bmp,c0c7ae06b67b0c310ef876e8d34fe42490e33d5b,23894dae8fbe9a86d77570f9ef012490d2eb33d4,true,ps2 textures\HAS ALPHA\bp_remade,false,true,5,remarci_4x,false,0,false
ene_spe_boots1.bmp,22e875e00b7755b55bc0557cc9c06154801e65d3,0f669112f4648a582c4e06313151be1416d354b9,true,ps2 textures\opaque\bp_remade,true,true,5,remarci_4x,false,0,false
ene_spe_boots1_ovl_sub_alp.bmp,dc5ea7b04bfb35a12c02389b849dad6723b631d3,b0418a735d58e710e89e85ab3ed04f8fef39bf88,false,ps2 textures\HAS ALPHA\bp_remade\no_mip_fixes,false,true,5,remarci_4x,false,0,false
ene_spe_boots2_ovl_sub_alp.bmp,59e192baa57a99ef8d9dce71d3c71be28278166e,2b83da34e5f244e88d0c127c1d606ec1f530b14a,false,ps2 textures\HAS ALPHA\bp_remade\no_mip_fixes,false,true,5,remarci_4x,false,0,false
ene_spe_boots3.bmp,8ea2bd61328f6711a6d2a24643c66bda12897e4c,29cf820d464325bfc56bd1da2f32d112ec102144,true,ps2 textures\opaque\bp_remade,true,true,5,remarci_4x,false,0,false
ene_spe_boots3_ovl_sub_alp.bmp,b97a824fcc964e6d5ca6c77644992233ff3c58ab,97c1cc753061c58f5eeaab1a856a4d41c0795c68,false,ps2 textures\HAS ALPHA\bp_remade\no_mip_fixes,false,true,5,remarci_4x,false,0,false
ene_spe_boots4.bmp,d9712e2125326ec758c8831c9bb22e6f36e72387,34a60e5abea7d3a09821fc850fedbba585ea5c2e,true,ps2 textures\opaque\bp_remade,true,true,5,remarci_4x,false,0,false
ene_spe_dr_magpouch.bmp,b745861cebf9f3873014cb38ae0c6d846015c75e,aa2e8cabe7fae96e4caace59993f1fe3bd09d786,true,ps2 textures\opaque\bp_remade,true,true,5,remarci_4x,false,0,false
ene_spe_dr_magpouch2.bmp,c796fc4f66bcc83b303c83e8ca8ef02029ba26c2,3a5dafc217345fd3cbe5005c71e0d36f8a2a8228,true,ps2 textures\opaque\bp_remade,true,true,5,remarci_4x,false,0,false
ene_spe_eye_close.bmp,f3cc362bba26aa9f10ce5e2bfec647f81bc669b0,8aa547a68dddeded726f8a09104f9c675e0f6ac2,true,ps2 textures\opaque\bp_remade,true,true,5,remarci_4x,false,0,false
ene_spe_eye_def.bmp,973a6c486701bc68f161de2b44b4afe4405278bc,6034d078fe465956a779d3a3983439cbfcd1a182,true,ps2 textures\opaque\bp_remade,true,true,5,remarci_4x,false,0,false
ene_spe_eye_mu.bmp,99bd6546b46e84bab11d4120d17756f60d83e9a9,290ecab69a47e25ae07cdd174b9bb317a7cf0986,true,ps2 textures\opaque\bp_remade,true,true,5,remarci_4x,false,0,false
ene_spe_eye_open.bmp,22f2e75dde19d172b6ec41df1c5578ebd5fa77d5,5275c771a4d423361b568d442249437e433efe5b,true,ps2 textures\opaque\bp_remade,true,true,5,remarci_4x,false,0,false
ene_spe_eye_pain.bmp,5607de0cf695c3d6be7a0bbdcfafec59691d7d52,3ba6f82ad4605e7d8f695fbd9d6f1680ca4425db,true,ps2 textures\opaque\bp_remade,true,true,5,remarci_4x,false,0,false
ene_spe_eye_white.bmp,2923e41aeeb728b79dcabd2942e35bd1a5f39905,5d7874d2b548f6ef0f3b64ece5664d88f81a0fde,true,ps2 textures\opaque\bp_remade,true,true,5,remarci_4x,false,0,false
ene_spe_hand.bmp,3e1d91b081b2c4d4e2377e5bd5919a4b8b68689d,df93fa8505fa5e1728c709b85fc7cb7e848aee02,true,ps2 textures\opaque\bp_remade,true,true,5,remarci_4x,false,0,false
ene_spe_head.bmp,b3b6b97e080bad1a4e133c9cd39c74d878417f1e,bb3cd7ad12d01bacb3f3621c7bfb525909e2cbff,true,ps2 textures\opaque\bp_remade,true,true,5,remarci_4x,false,0,false
ene_spe_mizu.bmp,5c413f9388741e38c0a1eeef761dd7e2e237ed60,e97cf12cb48a0821951e21cd486307e7b4592318,true,ps2 textures\opaque\bp_remade,true,true,5,remarci_4x,false,0,false
ene_spe_ovl_mod1120_alp_emap.bmp,44ce01b9632c04ceeab9c81e6897fa8fde2b9d2b,30b15f59897b9c50a22513c142d0cd00f4dae707,true,ps2 textures\opaque\bp_remade,true,true,5,remarci_4x,false,0,false
ene_spe_pain_face.bmp,925a9191993704f3be6b7ea6ba494f31255b642d,3096b73a79b170ad49ba156b7b0b5521618a96c4,true,ps2 textures\opaque\bp_remade,true,true,5,remarci_4x_extra_smooth,false,0,false
ene_spe_pain_neck.bmp,99352a4950184e4ec62aa9a6b08585b650fbbb22,689e39b5ba314eaedb638618d99d6e0040b867f0,true,ps2 textures\opaque\bp_remade,true,true,5,remarci_4x,false,0,false
ene_spe_sspo-ti.bmp,69f40ae8569bbec9f8cb0e49c8129114f19cf6f4,c3d070fd4711e0a269c34c9fba375c14d92f38f9,true,ps2 textures\opaque\bp_remade,true,true,5,remarci_4x,false,0,false
ene_spe_stboxmagpouch.bmp,9f0af933922c21a0893fbcd50e45c84a64e72b08,3b0c9ca17706dcec73436b84ed154c516505eb3f,true,ps2 textures\opaque\bp_remade,true,true,5,remarci_4x,false,0,false
enjine01.bmp,e659d18a1e4ec0c283d5bdb03de300f97fb5263d,e15d190b31aea7d9e967d37bd96129773bd0c5d4,true,ps2 textures\opaque\bp_remade,true,true,5,remarci_4x,false,0,false
enjinp01.bmp,7a1d66b45267ecfdbc14ee9181f57cb83c6b8baf,d44be9084e31d75c2fad0d6415e9d472e42c6fbd,true,ps2 textures\opaque\bp_remade,true,true,5,remarci_4x,false,0,false
enjinp01.bmp_af673edb2b6d4f16ad759a50e83cf3df,ccb6ad5b78d341ea1b2e510580efd38279cf2bc6,2744573f87f1c7b8051209d19ec73cd8341695bc,true,ps2 textures\opaque\bp_remade,true,true,5,remarci_4x,false,0,false
enjinp03.bmp,a2da52551420f06fd1500fb8643e74df4301e8e9,686a2f120cfcc847d32e74748358edb474dbcfc7,true,ps2 textures\opaque\bp_remade,true,true,5,remarci_4x,false,0,false
eve_item_branch.bmp,814b24b18b7f1f27b68f3af60fe46fb58094c157,ad5687972693e578cd857e856117292b78bf913c,true,ps2 textures\opaque\bp_remade,true,true,5,remarci_4x,false,0,false
eve_item_helmet.bmp,68a4bd9ee98ee1adbfa631b30bd8d26db7558274,bcd4e0ff927ed41ad00bd54f676ccb18dd616336,true,ps2 textures\opaque\bp_remade,true,true,5,remarci_4x,false,0,false
f_forkuup.bmp,5f87645261036292bfb07bc39521ee86b4b31a3a,b7ec0f63c95dbb048609d0528080d907478e74e8,true,ps2 textures\opaque\bp_remade,true,true,5,remarci_4x,false,0,false
fea_backpack.bmp,2461fb959275e035d1bbfd08ee14411e1054b931,64cfda29a6bd56206a378ec331aac973fee1b47f,true,ps2 textures\opaque\bp_remade,true,true,5,remarci_4x,false,0,false
fea_body_fix.bmp,81b042978cd7e4273e26d022bcbae4e633c45756,d886034d9c98d8f934a1a0fab9a4218fdeed1d3f,true,ps2 textures\opaque\bp_remade,true,true,5,remarci_4x,false,0,false
fea_case.bmp,f9bbba5641160e3a476dd3cb7c8d4f1b11ecc293,f3f3cf84403170962e1e319b6607606a5199d9f1,true,ps2 textures\opaque\bp_remade,true,true,5,remarci_4x,false,0,false
fea_def_boot.bmp,9abebf298cda3db5f799f166c4adef01efbfb5dc,dda774534d0eb94c5222936f47d1fd8627151a12,true,ps2 textures\opaque\bp_remade,true,true,5,remarci_4x,false,0,false
fea_def_boot_low.bmp,aaa78ce88ffbc10d46123e87c437d2353e6ec6a2,67f6f8c9a9671e551cd37c207da8044d828550b1,true,ps2 textures\opaque\bp_remade,true,true,5,remarci_4x,false,0,false
fea_def_dmo_hand.bmp,604af714489ebd6a4629dead837cb4cdf721d1e7,0b41028275da66c099b4a7bb9205957e5f0289de,true,ps2 textures\opaque\bp_remade,true,true,5,remarci_4x,false,0,false
fea_def_hand_low.bmp,5ba44ca13323b3148ed599c44b613e79de02cdaa,11dbb7ce727c25402fe4bfdbd2e85f5a6177db35,true,ps2 textures\opaque\bp_remade,true,true,5,remarci_4x,false,0,false
fea_face_fix.bmp,49e19e556d0643585d4a562fbe799cfd1957627c,b7598a11bbaced589a93b52b90eacf41e8db9688,true,ps2 textures\opaque\bp_remade,true,true,5,remarci_4x_extra_smooth,false,0,false
fea_face_ovl_alp_mod1120_emap.bmp_20090ce542f2c5ce0babfeb8f195dd0c,7c32f2dcaf149b020e8312cdd0b3cfee2c7a6b6d,cb5c8e4308c3a187d78196bd58333d2d26410ac3,true,ps2 textures\opaque\bp_remade,true,true,5,remarci_4x,false,0,false
fea_face_ovl_sub_alp.bmp,427015534c25c1e5aee2f38dd4a95b02eda09533,dca241b81fa523d46941925aef0abd99a44a3114,false,ps2 textures\HAS ALPHA\bp_remade\no_mip_fixes,false,true,5,remarci_4x,false,0,false
fea_hair_top_ovl_alp.bmp,e8d89625d0a0df39f706f338e1351a4c8084a80d,2fc833db3d191d36a8ec596bfeceea16ec866de1,true,ps2 textures\HAS ALPHA\bp_remade,false,true,5,remarci_4x,false,0,false
fea_hair_top_white_ovl_alp.bmp,56a98b9d55d8a19ef35e6fa1a77470b98baee52f,bdec0889c3d80cca00111e8985752e8ebf09e83c,true,ps2 textures\HAS ALPHA\bp_remade,false,true,5,remarci_4x,false,0,false
fea_tongue.bmp,55c7dafa1d30f5d126d6851cadd03a1cfcfecaf1,26bda4289aaeceac7746f3d9e4e8c3ed45f49c21,true,ps2 textures\opaque\bp_remade,true,true,5,remarci_4x,false,0,false
fea_tongue_ovl_sub_alp.bmp,d1890f73676ecb43a558cd835e51f9ebab71d416,b41938dedc0975a48aa4dd59647c08e4bd51c306,false,ps2 textures\HAS ALPHA\bp_remade\no_mip_fixes,false,true,5,remarci_4x,false,0,false
fenjin01.bmp,e9ffdf3fae0954126dcafde7afee7580880860b3,1497338d62913d462708269e21a66ae6c5b8b514,true,ps2 textures\opaque\bp_remade,true,true,5,remarci_4x,false,0,false
fenjin01.bmp_3123852a69edd7df0af2e65c4e35c8ae,ff453469e9eba46bc2667a750bc3e040a7730916,e6fe22e9a781a9eae1879af2a97f1ef435ab142b,true,ps2 textures\opaque\bp_remade,true,true,5,remarci_4x,false,0,false
firewood_box_ovl_alp.bmp,8b830e7d673e81c8d0975243492ecd7e4aaed514,e7bbb79e7ccde1e2e8b86d9301d6b50090fc0fbc,true,ps2 textures\HAS ALPHA\bp_remade,false,true,5,remarci_4x,false,0,false
floor_a02.bmp,9e5da8b4642d89a5a67f26e2fff3c3af636c5d8c,bd0a04116a663c41babcf2039d1dbc25fae3a7c0,true,ps2 textures\opaque\bp_remade,true,true,5,remarci_4x,false,0,false
fsh_mid.bmp,db3309791a3b3c4145d4ba1f5bde10bc58f1c0be,b39eb996d1ab966a6970491fcd94e7057c4c97d9,true,ps2 textures\opaque\bp_remade,true,true,5,remarci_4x,false,0,false
gav_body.bmp,16697bc3fd0678812a544ea9c049a1e82c4b2c0f,0cc9ee78edd9a75aa72d0a4539321024f2dd180c,true,ps2 textures\opaque\bp_remade,true,true,5,remarci_4x,false,0,false
gave_cus_sup.bmp,8ead33676155b5f69f4196c0a495e0506453308e,0abdc49d3a26be701a3a11679aba974d28b37f51,true,ps2 textures\opaque\bp_remade,true,true,5,remarci_4x,false,0,false
gavial_cap.bmp,00871129e8417e8486fa1504216084ea2aea9535,8ab3071c53697aa412043612f1adcc6da7865c44,true,ps2 textures\opaque\bp_remade,true,true,5,remarci_4x,false,0,false
gg_door02.bmp,29a3a84f27f2c3a317c7f48087e970f17bf9ba47,41707fe9e07e06623db8386072214870426af0b0,true,ps2 textures\opaque\bp_remade,true,true,5,remarci_4x,false,0,false
ggbrk_fl_breakb_rep.bmp,c7ee308c04553f6eee68135b600239385129545b,b4342d67b124b8d1658cc3ae7a427544f08e5056,true,ps2 textures\opaque\bp_remade,true,true,5,remarci_4x,false,0,false
gpi_def_eye_open.bmp,90efcc80ce70179e080f2c34a60fd9e4bfb8b4e4,e53bab470c18a56919104d59d9a798e88471cc25,true,ps2 textures\opaque\bp_remade,true,true,5,remarci_4x,false,0,false
gpi_eyea.bmp,8717cc8a65489b2fb530f36fe3ae4ad7a485d4e3,ea39ba62b3ac910f4b605d0486f2cc74facc1a73,true,ps2 textures\opaque\bp_remade,true,true,5,remarci_4x,false,0,false
gpi_eyeb.bmp,17534cb659311be43a76a78511f7db0805c9cfd0,4c7e7cac5b25d62fa3b1fb6a54779dbc139ce8dd,true,ps2 textures\opaque\bp_remade,true,true,5,remarci_4x,false,0,false
gpi_face_def.bmp,b71c27a8dfeecbecf30319281f1a6e543b99be73,bedc6ed494073fa2af92a5335163adee4a54c00e,true,ps2 textures\opaque\bp_remade,true,true,5,remarci_4x_extra_smooth,false,0,false
gpi_foot_def.bmp,18e8731082c1677d4bb8a3466a39d511dd394ea8,97a1803b02c8616ecfde4187522fce009cb7dfdc,true,ps2 textures\opaque\bp_remade,true,true,5,remarci_4x,false,0,false
gpi_foot_f.bmp,1a3960848979f38909411bd8339b623d89cd0033,3776bd1b7f44e600fd9ba0309aed066d5212b777,true,ps2 textures\opaque\bp_remade,true,true,5,remarci_4x,false,0,false
gpi_foot_r.bmp,27e92919632a39fbb3f1445c87aa2aeb4853a34c,de5b1751f7cf45fc236b938eb41a40f8977f8d58,true,ps2 textures\opaque\bp_remade,true,true,5,remarci_4x,false,0,false
gpi_foot_u.bmp,97c45f2912300fd289e915e1b25d7537b080f805,1af8b7eed6c02cc51c7c686137c29af5703a4f2e,true,ps2 textures\opaque\bp_remade,true,true,5,remarci_4x,false,0,false
gpi_hair_def.bmp,bd8dd4e67d779db794430cca3c879e7b03a32d06,60c2611b63548ed806db9eb80afc772024bb9786,true,ps2 textures\opaque\bp_remade,true,true,5,remarci_4x,false,0,false
gpi_hand_def.bmp,3ac24e8afa536979293da433ea86fe47b51473e9,3e2a31185d01f0b53fa25dd0514be3d20717ebad,true,ps2 textures\opaque\bp_remade,true,true,5,remarci_4x,false,0,false
gpi_headphone.bmp,fe183e1dff083a1c70a21ea61201a70eab6d3858,f3fcd023c5b04f1242400978cbbdc033537e94df,true,ps2 textures\opaque\bp_remade,true,true,5,remarci_4x,false,0,false
gpi_income.bmp,d45c91ad3f989f897a83003d884b1aa91bb54fb8,f097524268b21b8d75a0504a477a05125bb1014d,true,ps2 textures\opaque\bp_remade,true,true,5,remarci_4x,false,0,false
gpi_tshirt.bmp,dbef9a071441d591012adf420af09dfb7828190f,219b4bb069fd8cd591e4031d31364e478b0d6ac1,true,ps2 textures\opaque\bp_remade,true,true,5,remarci_4x,false,0,false
gpi_ubody.bmp,c6526dbe4edb72139843908fc6493ba0efe6bc08,a739a0f7a4107575ca24554974f1c13099db8c8b,true,ps2 textures\opaque\bp_remade,true,true,5,remarci_4x,false,0,false
gra_dead_arm.bmp,9843cebd8a163c04d42a265989d2a1eee11b6834,da16d1958199028a7d140c2685c00be2f147b25b,true,ps2 textures\opaque\bp_remade,true,true,5,remarci_4x,false,0,false
gra_dead_body.bmp,fe9efdd50b6cdb45da7fa8f3d1f46bfdec4c9a95,9499b35615babbbdaf61a36a732c0776cc39f062,true,ps2 textures\opaque\bp_remade,true,true,5,remarci_4x,false,0,false
gra_dead_body_vest.bmp,bf3aabb2662e995c8936427490fce296c76a023c,4e3352cd782264d7ff135d5680d44fdfda52e5ac,true,ps2 textures\opaque\bp_remade,true,true,5,remarci_4x,false,0,false
gra_dead_botan2_ovl_alp.bmp,2f5181f4f272a8b8e1a65bb4bfc9abc4de4c6bad,8e4ce5dbfc3474cd2148cfaa111315410716baf0,true,ps2 textures\HAS ALPHA\bp_remade,false,true,5,remarci_4x,false,0,false
gra_dead_botan_ovl_alp.bmp,60206b1c09e18efa7eccc2dfd3a89b30fc705b24,3be4d4cdab110a1bffdb5646e186db90d2ebde2f,true,ps2 textures\HAS ALPHA\bp_remade,false,true,5,remarci_4x,false,0,false
gra_dead_eye.bmp,3596a24a0a5d0d9c389d08c9b3c09336cff225c6,9a74168192da9ef0a90e56e62f6d11c377d3ce2e,true,ps2 textures\opaque\bp_remade,true,true,5,remarci_4x,false,0,false
gra_dead_face.bmp,492cb2e2ba720fa75344ece28686b5cae49c5e2b,ccf8bb67c4d887b68a14b82ce0448e6084164aac,true,ps2 textures\opaque\bp_remade,true,true,5,remarci_4x_extra_smooth,false,0,false
gra_dead_foot.bmp,08dd11aaa64904dbb6ad85819a95ce7c7a34b9c5,275f800a993b798b344b43c202c272f8c3621085,true,ps2 textures\opaque\bp_remade,true,true,5,remarci_4x,false,0,false
gra_dead_foot_s.bmp,cbabaf1fcb263e0d5835f532aca0ddd6fc2a617e,74bdeebfd1ad1554976900d8bac185f5c5c8c5f7,true,ps2 textures\opaque\bp_remade,true,true,5,remarci_4x,false,0,false
gra_dead_foot_s2.bmp,f473d1097abfad8d8391b40aa816352f76e487c6,b3babb8520402fe655abf332efb45150081652fe,true,ps2 textures\opaque\bp_remade,true,true,5,remarci_4x,false,0,false
gra_dead_foot_s2cap.bmp,7b6de5bea6c930c987bf9a0253085e90e24ec9f6,99cb088f597570b6498ddb4445c6810b2bf47c47,true,ps2 textures\opaque\bp_remade,true,true,5,remarci_4x,false,0,false
gra_dead_hand.bmp,33dd4ea88b4a96a3c5cf81841dbfd519e54534e6,0772fdbddfa71923545eba24f766506967fcb5fe,true,ps2 textures\opaque\bp_remade,true,true,5,remarci_4x,false,0,false
gra_dead_hasshinki.bmp,b85bf244c1f8a428e2be795233a214b17f7d75e8,e05a4bacf210bff69ff34dac1713edc3c0101d3a,true,ps2 textures\opaque\bp_remade,true,true,5,remarci_4x,false,0,false
gra_dead_matuge_alp_ovl.bmp,256a88d9c859020d6ddc1f6ebf034c287dcbd4c9,b3d251d4ad92a05aea4fd98626f6154e7a3b95ec,true,ps2 textures\HAS ALPHA\bp_remade,false,true,5,remarci_4x,false,0,false
gra_dead_med_ovl_mod1120_alp_emap.bmp,89dfeddf8846d2dbce3b94d5e22eea33133a2f77,2a4c5135cd07ceb49b1cd0592bd11d2fe1faf419,true,ps2 textures\opaque\bp_remade,true,true,5,remarci_4x,false,0,false
gra_dead_medal_a.bmp,f59eeb333b77ff3052ca87b1f80981f6f938fedb,71fadda3b52d4ad651137d587e94061e9934debe,true,ps2 textures\opaque\bp_remade,true,true,5,remarci_4x,false,0,false
gra_dead_medal_b.bmp,695cb183879c3fea71c0b6d1d10a5fd484a98b84,cc63391c29bb22efaf989690275dbd0b1da1ddd1,true,ps2 textures\opaque\bp_remade,true,true,5,remarci_4x,false,0,false
gra_dead_medal_c.bmp,e5fe61cffa6d0e5434ffcd67d64c5b0b951bf599,52846e7d21f638a1041608d56998bb3cb2340bd4,true,ps2 textures\opaque\bp_remade,true,true,5,remarci_4x,false,0,false
gra_dead_medal_rening.bmp,c6153317f55905dfa6d75a4be3e2306815613d4b,0f5898a0e98d1a8c29b6187b30877451ccb6b538,true,ps2 textures\opaque\bp_remade,true,true,5,remarci_4x,false,0,false
gra_dead_nekutai.bmp,bd94d33397a8f1bb7e96f2ab7f65e3b1f82c6865,4dfed289525a3919691e3298f3b03cf2105ea6f4,true,ps2 textures\opaque\bp_remade,true,true,5,remarci_4x,false,0,false
gra_dead_ovl_mod1120_alp_emap.bmp,a347e8e75d7f4a1ba1a602186b8600443eadc828,afb57cca19803d4d6c490144056761ccf21aab43,true,ps2 textures\opaque\bp_remade,true,true,5,remarci_4x,false,0,false
gra_dead_shatu.bmp,63a258258d47511ab8764714edf4fb3ee80271ae,799b49e58d25dc87bc29a1f202762af03a381125,true,ps2 textures\opaque\bp_remade,true,true,5,remarci_4x,false,0,false
gra_dead_teeth.bmp,6122602e6de3e5fe73c4dee9224846824e099b55,e041fe4561ce14ac6bde63a0773ec8c9c5d506c3,true,ps2 textures\opaque\bp_remade,true,true,5,remarci_4x,false,0,false
gra_def_arm.bmp,4137bb785dd0d38fa8622f717c250c593ca68751,02e4960929685808ff65821ed16d0507609b2bc7,true,ps2 textures\opaque\bp_remade,true,true,5,remarci_4x,false,0,false
gra_def_body.bmp,c7ed3c8641b2d86610c6d7d82b0e50803fac711b,a02fba07222e5383c40439cf3df28c6509855e06,true,ps2 textures\opaque\bp_remade,true,true,5,remarci_4x,false,0,false
gra_def_body_vest.bmp,5a223807a514e542770a38a9090ece04f394594c,3a15cfc5f26587f40164ea2c4c7857b643797a12,true,ps2 textures\opaque\bp_remade,true,true,5,remarci_4x,false,0,false
gra_def_botan2_ovl_alp.bmp,6dc3fc6427b3bb74aadfed478d3a879006b2811e,39638671dc4017a2ca4bcdf7aba1558b8089a7e5,true,ps2 textures\HAS ALPHA\bp_remade,false,true,5,remarci_4x,false,0,false
gra_def_botan_ovl_alp.bmp,0ab94d7be6f03e77ee85557ad92ff4a2db495e25,513b8b3b5e1835c738547f0f4f288e896d210e4b,true,ps2 textures\HAS ALPHA\bp_remade,false,true,5,remarci_4x,false,0,false
gra_def_eye.bmp,df58d421337ea065414a1e870db0c8f1be14a13d,1979425061a9517ce642165ed94aad1ac4705f4e,true,ps2 textures\opaque\bp_remade,true,true,5,remarci_4x,false,0,false
gra_def_face.bmp,dbe5734531290d3b35346b1269e6c38e4b2d86ba,a91daaa4f10db8c6342e931c111653a5c8fa8e66,true,ps2 textures\opaque\bp_remade,true,true,5,remarci_4x_extra_smooth,false,0,false
gra_def_foot.bmp,94a2d7efde82aec87224a1f5e44a5d0c65d0d58f,75c0a449b76d6c911133ff3accf26b948b148130,true,ps2 textures\opaque\bp_remade,true,true,5,remarci_4x,false,0,false
gra_def_foot_s.bmp,89a580df3849c4d7592e08eccfae33b168ccc069,4280c48dc48477dfaf4165c6c3cd39d404177cd0,true,ps2 textures\opaque\bp_remade,true,true,5,remarci_4x,false,0,false
gra_def_hand.bmp,e45926b25ca1ac47ab711dc9f1d8d992cecfff10,70fd1d6c2ef63cadfeea2855b82f0766d23183dd,true,ps2 textures\opaque\bp_remade,true,true,5,remarci_4x,false,0,false
gra_def_liquor_ovl_alp.bmp,04c9db831904a927561b809a881d6b75d0cbc504,330f574d97e83b68d3a42bdca5286046300d8c08,true,ps2 textures\HAS ALPHA\bp_remade,false,true,5,remarci_4x,false,0,false
gra_def_liquor_ovl_mod1120_alp_emap.bmp,717bbd65c9ba34f89281060c26cf77cf55251b5f,dc33426afa1380bf0ac17778e35de8e04666b373,true,ps2 textures\opaque\bp_remade,true,true,5,remarci_4x,false,0,false
gra_def_medal_a.bmp,0df3dd34e5784bd7cf17cfc9078151cf92d6f9e7,9a810be5ee46b1b4d88876ae8ab9647471796cb1,true,ps2 textures\opaque\bp_remade,true,true,5,remarci_4x,false,0,false
gra_def_medal_b.bmp,ae0192a26022dd84ae7c38b4a89f0127788b7aac,e9bf0915b06144bdb7b1d2c1857aa8bf05df7029,true,ps2 textures\opaque\bp_remade,true,true,5,remarci_4x,false,0,false
gra_def_medal_c.bmp,7f1380d4892c0edf5ad3f623825028cd8d3d14d7,9679b5d75464ad0a015e24b44b3fc6f6a4e30a2b,true,ps2 textures\opaque\bp_remade,true,true,5,remarci_4x,false,0,false
gra_def_medal_rening.bmp,d177bbfdc5079bd26f0708c35319c02aa6d39b1f,24d7bb1b7cf28fed5a0a62633845ac4bdd8938c4,true,ps2 textures\opaque\bp_remade,true,true,5,remarci_4x,false,0,false
gra_def_nekutai.bmp,a108b84926be37f35dc685802ed23edc68221b7d,7661da46fa39887afeb5afd8beee1c803a234be0,true,ps2 textures\opaque\bp_remade,true,true,5,remarci_4x,false,0,false
gra_def_ovl_mod1120_alp_emap.bmp,c6ea604c23a9d8eae5209c83980160e7d4e6ca41,5be167f49f9d776a2ccd855093233438626a8b76,true,ps2 textures\opaque\bp_remade,true,true,5,remarci_4x,false,0,false
gra_def_shatu.bmp,488e67420a37e71819c023ebdf6daba1fc817ef8,d8c357c4cee9269ad92d880eeb542e3c057930da,true,ps2 textures\opaque\bp_remade,true,true,5,remarci_4x,false,0,false
gra_med_ovl_mod1120_alp_emap.bmp,28e756fba6b4b10c9bc1dd2d10d16b2bdd9bc702,f0f2bf987c3907a8c26d80287775f66699c61ea7,true,ps2 textures\opaque\bp_remade,true,true,5,remarci_4x,false,0,false
grchaira_front00.bmp_c5882cadcbb5f7d299d1d12d73c1d393,c4cc6dd5677bc4509c70df79e4999340d869a7cd,7291faf2caf5a18a04cec41cbfb29b1f97e929b9,true,ps2 textures\opaque\bp_remade,true,true,5,remarci_4x,false,0,false
grchaira_pillar_under.bmp,e3ce76230e24e8688cd18915306e0d3226b43e4d,e8f72c1a71530842cf8a080c901ae2f344184f9b,true,ps2 textures\opaque\bp_remade,true,true,5,remarci_4x,false,0,false
grchaira_top01.bmp_cc58cf5bf64c7d2a8f2d2aad2097c60c,189f3fe79b1a42c4703154ae71751e61314c1cb1,944fe9022687b852b72c5d6f2dc8bc85e857427a,true,ps2 textures\opaque\bp_remade,true,true,5,remarci_4x,false,0,false
grd_def_tex_bace.bmp,cfbaeada9e1f2fb720cb30944a2666801b058f62,3224518ecd129600db53081fc7c5b79447f3b802,true,ps2 textures\opaque\bp_remade,true,true,5,remarci_4x,false,0,false
grip.bmp,1e133b4cbabe4926dc5194b6b528ec19a1b5252a,0e6ff9f7c21a0e4b1e50c37ba92c14084dc075f6,true,ps2 textures\opaque\bp_remade,true,true,5,remarci_4x,false,0,false
guns_roter02_alp.trans.bmp,7d81a8247e495d22229298e37cdda2526d3abde1,ddcef69d0f9e781a8b4a61f19e3e5f599589f980,true,ps2 textures\HAS ALPHA\bp_remade,false,true,5,remarci_4x,false,0,false
gunship_body.bmp,3b668b7716b9bb567dd989aa56eef9eb430e1fc7,b5cebe8c0846151cb21a6b86e5f1353ccbb13ece,true,ps2 textures\opaque\bp_remade,true,true,5,remarci_4x,false,0,false
gunship_engin.bmp,da4820ae771ce5789b20d3b2805400cbe5a9302e,303b7bd684644e2c937fbec98f189664d6e17041,true,ps2 textures\opaque\bp_remade,true,true,5,remarci_4x,false,0,false
gunship_wing.bmp,de2f7021df22642ae419b96bc6ba31bd249ced11,e15b68047f54044c1ea4fb26e4c26df9d8a4ddf2,true,ps2 textures\opaque\bp_remade,true,true,5,remarci_4x,false,0,false
gunship_wing02.bmp,b6e57c3f3dd14f3e8fcb2cdde0142b1890840971,3a2debc7d785596fa725b58f906eb7e1b9364736,true,ps2 textures\opaque\bp_remade,true,true,5,remarci_4x,false,0,false
h_bottle_label.bmp,4cd479a358324540adbe2ecb1d6a6873410c03ca,c46749ef272662fb6adfd077e557a8043a82d087,true,ps2 textures\opaque\bp_remade,true,true,5,remarci_4x,false,0,false
h_bottle_ovl_alp.bmp,54a14b6f819d2d546ffdb48fc60541f0384225d2,41e75c88b0295422fd867acba427b8cad6a32940,true,ps2 textures\HAS ALPHA\bp_remade,false,true,5,remarci_4x,false,0,false
h_handkerchief.bmp,b042f300025ff3f22f878416fcd4321d91263def,f81a89587d05d0c58aab96e3c75555c431154840,true,ps2 textures\opaque\bp_remade,true,true,5,remarci_4x,false,0,false
handlebase.bmp,892eb9a871822b8888d2026fe21641392b23bc5b,ab156b24dda02a0ccc77af22edbea59c4aaa9167,true,ps2 textures\opaque\bp_remade,true,true,5,remarci_4x,false,0,false
handleber.bmp,6a597e157414af3afbbcd25390c818d4c9ca0514,13d73d8c63444ef42cfe64416c7cd4583a66ba94,true,ps2 textures\opaque\bp_remade,true,true,5,remarci_4x,false,0,false
handlegrip.bmp,ff333b75ea217dde474a97dc81485c7f6d60206f,fd47eb251c43d33ac739923ceb6754995966d171,true,ps2 textures\opaque\bp_remade,true,true,5,remarci_4x,false,0,false
hbiyoku.bmp,f08f24ae99e185955b19062dc3d0dad18f87adef,d2d3f17bf0b90c4b7959ecb70554d6c4c56387e6,true,ps2 textures\opaque\bp_remade,true,true,5,remarci_4x,false,0,false
headlight02.bmp,2212496b1aca6a7b1bec73aa83f0b203a899f9df,bd8d3946cc559ebf775033157d6a274af3486123,true,ps2 textures\opaque\bp_remade,true,true,5,remarci_4x,false,0,false
headtomegane.bmp,55599eac5d3e2585431d8274b2b7d3d4cd9d9bdf,5db91f301055f6921f37ecf05a4b9ed2c8d6ed18,true,ps2 textures\opaque\bp_remade,true,true,5,remarci_4x,false,0,false
hind_body_n.bmp,f7142173e9a3ad3983bde2e1998846355bf07a59,42c43295dee511648f229ad3819a9a404f566851,true,ps2 textures\opaque\bp_remade,true,true,5,remarci_4x,false,0,false
hind_mainpro_n.bmp,08714ef23ea4998483e1d8bfbfa49f8a22884ff2,5b0ba8e2be7a3ca6cf212f9aeaa920124d779c5e,true,ps2 textures\opaque\bp_remade,true,true,5,remarci_4x,false,0,false
hind_missile_n.bmp,5208857367d375bc7b925b8cdd23bc2dcab96fc2,100ef5b74e6975c59b02e97a1b45d725a6d25bc0,true,ps2 textures\opaque\bp_remade,true,true,5,remarci_4x,false,0,false
hind_pod_n.bmp,9945b153d588e3ffbb995dcc6272b46d40a7ce56,0ce9858bb6960682a9fa4587736211275240dc21,true,ps2 textures\opaque\bp_remade,true,true,5,remarci_4x,false,0,false
hind_tire_f_n.bmp,75b587c5e41723dff9d5e4ae7dc6fa217d1646c2,17e1bf76b0db6c0362bd1c6a87014c13457ea97d,true,ps2 textures\opaque\bp_remade,true,true,5,remarci_4x,false,0,false
hind_tire_m.bmp,9f058c86c1084bcde61c10e3c1379f5835cca5e5,179a32b8e17893f6f2431e953ed9b4e12fb336db,true,ps2 textures\opaque\bp_remade,true,true,5,remarci_4x,false,0,false
hind_tire_r_n.bmp,227ebea0a8408dfed964cb6060cc265a93baa70b,852174a9abe153846cd602633f6782381a090a56,true,ps2 textures\opaque\bp_remade,true,true,5,remarci_4x,false,0,false
hind_wing_n.bmp,8892c28d1db4243eebf73d82836e7e20d63c6d0d,15eb26824098d2a8cc8e8ed1d8b84c1817ee27b2,true,ps2 textures\opaque\bp_remade,true,true,5,remarci_4x,false,0,false
ice.bmp,8baba377714106e76cc65daa89c1e081803dbeac,088a37e43a028f7197a8935e8d32a4ea8c0c5aaf,true,ps2 textures\opaque\bp_remade,true,true,5,remarci_4x,false,0,false
ice_cup.bmp,89baa6694ef601797753dec1d01c61a09f218ef7,1d84d02a58436f63ed16110204b3cbc7ced21a1e,true,ps2 textures\opaque\bp_remade,true,true,5,remarci_4x,false,0,false
ice_cup_under.bmp,9a4715af56d920388b1c538ebb53b69511cb1f67,f862f3ea909b7291eee3706b9a1150143f594055,true,ps2 textures\opaque\bp_remade,true,true,5,remarci_4x,false,0,false
item_gr_bottle_00.bmp,23dd4bddb611139c07302c36e670796a914f6606,a2c56cfe7d3f37ecefbd20518a0974d09f821f66,true,ps2 textures\opaque\bp_remade,true,true,5,remarci_4x,false,0,false
item_gr_bottle_01.bmp,4a89ee24a86e79cf93d725c51e872a24c3b870b9,3b9afa3a6899147521e0fae318b90a6ffce2c1dd,true,ps2 textures\opaque\bp_remade,true,true,5,remarci_4x,false,0,false
item_gr_bottle_02.bmp,d4b9e9f72a4acdd08fd06f38f82fa9b231b0aeec,9c40d347d27862cd491f552676cd2831861dd375,true,ps2 textures\opaque\bp_remade,true,true,5,remarci_4x,false,0,false
ithaca_tex.bmp,08c6afc24fe7dd8f174e7e40d41795cfb03996d7,7b085e68fb30112e13d485c169d5353b4e3d5437,true,ps2 textures\opaque\bp_remade,true,true,5,remarci_4x,false,0,false
j10_1.bmp,9da4a802ccd31c402cbc20d84fcef6498ffec644,16cd408e48610e524bba079cc7090c6e191470d4,true,ps2 textures\opaque\bp_remade,true,true,5,remarci_4x,false,0,false
j10_2.bmp,b4bbf4c6e340212004b0e1fd7f099fc826866f50,fa63fe245fef49106eada3e0970207a90a201bbb,true,ps2 textures\opaque\bp_remade,true,true,5,remarci_4x,false,0,false
j10_3.bmp,24150af6624480ac2dbd9f066ea97d4cd204772c,9fdebb73e43e56730d7a6f637d06c012d1dedfe2,true,ps2 textures\opaque\bp_remade,true,true,5,remarci_4x,false,0,false
j10_4.bmp,d19a751ba10bb1a16f8a7a30c1f6fd9e0568dc94,66b7f8113caea81a2ba7f89edc459ce9ae1d3be1,true,ps2 textures\opaque\bp_remade,true,true,5,remarci_4x,false,0,false
jngl_eda1_alp_ovl_mip16000.bmp,db85f06288b6b8d481f916dcc3c82fe3a4d7c7d4,5b2844b0d01063e3aef521f6b60adec81218a9d1,true,ps2 textures\HAS ALPHA\bp_remade,false,true,5,remarci_4x,false,0,false
jngl_eda2_alp_ovl_mip8000.bmp,9f81c993606b9c55f19d2600bbc1399161620b2a,b35a953468b07f89ed2aff48b2878f4155ebb781,true,ps2 textures\HAS ALPHA\bp_remade,false,true,5,remarci_4x,false,0,false
jngl_eld_tree1_large_mip8000_rep.bmp,d09d5f7e441d08bd1e045bb67ae28fc0ad937c67,7ce8deed206c32b32853d940ad73cf242c400eef,true,ps2 textures\opaque\bp_remade,true,true,5,remarci_4x,false,0,false
jngl_happa04_alp_ovl_mip16000.bmp,95fac105da9b004d355f5433df168de137f0696b,95fac105da9b004d355f5433df168de137f0696b,true,Self Remade\Finalized\DXT5\PS2 Source\bp_remade\4x,false,false,0,none,false,5,false
jngl_happa04_alp_ovl_mip8000.bmp,ddd242744a97ac678c1162a913ad7c07abfed6bb,ddd242744a97ac678c1162a913ad7c07abfed6bb,true,Self Remade\Finalized\DXT5\PS2 Source\bp_remade\4x,false,false,0,none,false,5,false
jngl_taki_eda_12_alp_ovl_mip8000.bmp,4aea17306bae81d4779af78531fc76862bafa0c7,4aea17306bae81d4779af78531fc76862bafa0c7,true,Self Remade\Finalized\DXT5\PS2 Source\bp_remade\4x,false,false,0,none,false,5,false
jngl_taki_eda_17_alp_ovl_mip4000.bmp,a0a9cb52141554661733ab72229c88f6040f9fba,a0a9cb52141554661733ab72229c88f6040f9fba,true,Self Remade\Finalized\DXT5\PS2 Source\bp_remade\4x,false,false,0,none,false,5,false
jngl_thintree01.bmp,d6946d14343de440a5d41181d111f1940ef3835a,eeb082bb40e8ba38a6fae277a75ae44005a085d2,true,ps2 textures\opaque\bp_remade,true,true,5,remarci_4x,false,0,false
jngl_thintree01_ne_alp_ovl.bmp,73fb8df8fc41cd0127694a337ee19438e67720c1,bd7796dfaa91c9034b39ac6be75bd1a5d7f3b097,true,ps2 textures\HAS ALPHA\bp_remade,false,true,5,remarci_4x,false,0,false
jngl_tree13_mid_mip8000.bmp,ebdc01de0dbf6bfab7031c00aa0815a7237c2aad,b176682fbcb64065f9a674bd482e5a6f8a725478,true,ps2 textures\opaque\bp_remade,true,true,5,remarci_4x,false,0,false
jngl_tree13_mid_mip8000.bmp_03a92a6187cb335537852926a6f11a69,af999def0870623146cb6780429341bae79ee646,0ae96fdc524f8ae5e756b6f7c8476f35bb69f122,true,ps2 textures\opaque\bp_remade,true,true,5,remarci_4x,false,0,false
jngl_tree13_mid_ne_alp_ovl.bmp,9bf2cf83df9767a5c468fd6bf366648b9f6bfd25,48bf94c2310ae564cc3dbf2615c84c257887ee35,true,ps2 textures\HAS ALPHA\bp_remade,false,true,5,remarci_4x,false,0,false
jngl_tsuta1_alp_ovl.bmp,65d4188ef6b4ebf068bdcf2e010db7353c92461a,540ef12b7a025e98a9384cc29a2c67e645907d5d,true,ps2 textures\HAS ALPHA\bp_remade,false,true,5,remarci_4x,false,0,false
kan_a00.bmp,44bf992232de6393b2179d0a2577fcd9afd7ba22,a1d22ce5d7664323d687cd24f7d648df975e0a6f,true,ps2 textures\opaque\bp_remade,true,true,5,remarci_4x,false,0,false
kan_b00.bmp,afdd8cd875e4a70bed542980d73c9de5b978b7ef,4f7141a3397529cd5c704312f6e1e15912410202,true,ps2 textures\opaque\bp_remade,true,true,5,remarci_4x,false,0,false
kan_c00.bmp,9f8bb7455c04d57f6bcf753cf8158f3244d0c0e7,bf9d3ef1be0737005ba27415a6d59c4aeb3fe052,true,ps2 textures\opaque\bp_remade,true,true,5,remarci_4x,false,0,false
kankan.bmp,b33ff140bbbf235e2d80d9f57c11075b51c7e7f2,7e7a59b43c91f880307f8b52be54a4dfca858da1,true,ps2 textures\opaque\bp_remade,true,true,5,remarci_4x,false,0,false
katu_door_panel_02.bmp,4afac8bd78e157cb58ef05f765aa6a23cef0b6ec,8a88b777d65f5ea7e90f58e5490fc30c08f78b6f,true,ps2 textures\opaque\bp_remade,true,true,5,remarci_4x,false,0,false
katu_door_panel_03.bmp,5ed4344472e43874f1652d3e0f52944d44f3c956,d060b344d67e9048f822fecc349945a5f8f58b06,true,ps2 textures\opaque\bp_remade,true,true,5,remarci_4x,false,0,false
katu_door_panel_04.bmp,d1c04dd833dc109a6e0a428b43cd840ecba9cd19,ca3ed8be483de2c33039aa3e643c6963edcc7f5f,true,ps2 textures\opaque\bp_remade,true,true,5,remarci_4x,false,0,false
koya_bed01.bmp,71809f5b1996b542df7237500f83cecb20b9a14d,1b2cf9ffc9970e450d46708a9cfc170d345a410e,true,ps2 textures\opaque\bp_remade,true,true,5,remarci_4x,false,0,false
koya_door02.bmp,03f44d1f6ac8728584f0893907beac5fadb334fe,4c21e823aef420bc2f2bf1755af2a5f2245d230f,true,ps2 textures\opaque\bp_remade,true,true,5,remarci_4x,false,0,false
koya_hako_b02.bmp_185158c54b601976532065bcb1429931,8b00139c1d4973d2bb8512cb4ab8a2b81a4150ac,42d1a4f4e459eadca0fec102755c6f9a54f0d9bb,true,ps2 textures\opaque\bp_remade,true,true,5,remarci_4x,false,0,false
koya_hako_b06.bmp_30ced34a1dc430e65e7d75b0e0ee50b5,68dbe08f54894811a63493177de55c146034c6b1,05a09439e73289963a4611f09eed4d38261327bf,true,ps2 textures\opaque\bp_remade,true,true,5,remarci_4x,false,0,false
koya_hasira01.bmp,14d3bb405dc02def172097b60fb01bebd6c5e5e4,a9c2d932b66d483349e0a5b396a6e9996a58f2cb,true,ps2 textures\opaque\bp_remade,true,true,5,remarci_4x,false,0,false
koya_hasira03.bmp,71cb7772432711c1e508df916f9c974767ded5e3,920e2fd83ec4c8fc2c173b6b156c0ed19ea38340,true,ps2 textures\opaque\bp_remade,true,true,5,remarci_4x,false,0,false
koya_isu01.bmp,b129ed4fafbfdc07cb126581db51a642d9770440,4260c242bca649b8ec10da47ed27ee1730d71b82,true,ps2 textures\opaque\bp_remade,true,true,5,remarci_4x,false,0,false
koya_yuka04.bmp,3326aac538f6d21716bbd2ff5774f7a05e3f6f9c,1f23cf5ab4ecc889f254688b39bd733dc92091a0,true,ps2 textures\opaque\bp_remade,true,true,5,remarci_4x,false,0,false
koya_yuka04.bmp_e0cb2418fdada0b2771d264d686a9950,7ec6067523327c1bdedcc74b30af03a01f989d0f,0c5e4601f67dcd24399978a9b3bd6fa795f8406b,true,ps2 textures\opaque\bp_remade,true,true,5,remarci_4x,false,0,false
koya_yuka04_new.bmp,9e98d22e238f375fd7e42b94b4ca07d4e49efe33,3f713760222e0a0fa5791190fb670fd757668dc2,true,ps2 textures\opaque\bp_remade,true,true,5,remarci_4x,false,0,false
landgia01.bmp,12d4b3217c4b3dc893002226097b4f33d2828cfe,ae8af6e51e0b7fce67e2c32b6eee943da9bc1168,true,ps2 textures\opaque\bp_remade,true,true,5,remarci_4x,false,0,false
littele_arrow.bmp,d5d4d6907019d80d9ee9aea4793b212693f3b2c0,14268d8105559065a8d2a07e97f5bc0596a1697d,true,ps2 textures\opaque\bp_remade,true,true,5,remarci_4x,false,0,false
littlejoe_tex.bmp,40bdd13565292c9c22e5d8fdeb07543d85385b40,aa4f8670ffda1be00ca052b81012db9a0d3acc32,true,ps2 textures\opaque\bp_remade,true,true,5,remarci_4x,false,0,false
littlejoe_tex02.bmp,fa5926f0e59e051143f2bee19d300fc69e9d5aab,ce23e06895333f0b741c8c312d262f183d0def83,true,ps2 textures\opaque\bp_remade,true,true,5,remarci_4x,false,0,false
m16a_kamo.bmp,f6b1c48e78d6faa282f7764b1bd34985f6728fa1,a83ab7135afa6f92fbc2f8a96ca70347a8b55631,true,ps2 textures\opaque\bp_remade,true,true,5,remarci_4x,false,0,false
m16a_sp.bmp,d425f037803b9bd0f908802afbcdaf48b473467a,4be45092f6eba76f50d7d62d3ca9698f8fb40dad,true,ps2 textures\opaque\bp_remade,true,true,5,remarci_4x,false,0,false
m3_a.bmp,bd50d80f77f5d6d2a7f71ddd0a1cbb66a63f5555,df723d8d6371990cbc19d2d91ffbe63030fa2770,true,ps2 textures\opaque\bp_remade,true,true,5,remarci_4x,false,0,false
m3_cover.bmp,50776f10f06cdaf7a83be475ffe18646e8bc7cd6,c2d573b8c65cfbc135d4f74b36a3151f609899fc,true,ps2 textures\opaque\bp_remade,true,true,5,remarci_4x,false,0,false
m63_a.bmp,cc8294b5c9ad4358ffa7e147677a3aba1018b82d,a2b50ef6c83c8d488d5dc2c82211f070b02b7317,true,ps2 textures\opaque\bp_remade,true,true,5,remarci_4x,false,0,false
m63_amo.bmp,f4fca8484241fc60349e199e7ee13446075c8668,602d2f5a5e9c11f9086ff235caaf3a3432791486,true,ps2 textures\opaque\bp_remade,true,true,5,remarci_4x,false,0,false
m63_ring.bmp,be1222f34285ab51306e178e6735bf9db09a6e22,cdd3ea579b7f46d412259ea6431dc68a66cbea1b,true,ps2 textures\opaque\bp_remade,true,true,5,remarci_4x,false,0,false
m_rocksfc_a07_rep.bmp,94ec3db08a7632a51669d8dfdb435891068158f2,724e883247c9dcd92f9b45412a87979c1fe3dd4c,true,ps2 textures\opaque\bp_remade,true,true,5,remarci_4x,false,0,false
m_rocksfc_a08_rep.bmp,876e7dd7abc33148351b2e55f2e990a3fe181168,5768377d1463186f18a23a8f012394168f5fcd2e,true,ps2 textures\opaque\bp_remade,true,true,5,remarci_4x,false,0,false
m_rocksfc_a09_rep.bmp,39e4cddb81c17013115db06f74013ee79bd374af,dfd4d9ec28c8e01dd11bf90db66d8a63ab47898a,true,ps2 textures\opaque\bp_remade,true,true,5,remarci_4x,false,0,false
mafuler03.bmp,3998f65d2c55702e326bcb55c4baf8cafe65561b,254b0d53c93d687fe77f7e5d9a6ce57b15d21959,true,ps2 textures\opaque\bp_remade,true,true,5,remarci_4x,false,0,false
mark_base_tex.bmp,818ba7a2017837e80a9cfbea4288d39a4071669b,8ba111d82f9dcb75dc9516f3cf32db6cd13ca5aa,true,ps2 textures\opaque\bp_remade,true,true,5,remarci_4x,false,0,false
mauser_b.bmp_f81d25d64cdd6de514a051d5c699c2dc,0d2d32b9e07c6412a1783142bfecb982b576ab58,8a505c17cb68bd24e44bf8edfb97dccdd385c3d4,true,ps2 textures\opaque\bp_remade,true,true,5,remarci_4x,false,0,false
maz_532_a.bmp,f20417e1e6a2e1d056c813876a472730b340e32b,bf71b515916d0aac17b27d0efcab44fce16350a2,true,ps2 textures\opaque\bp_remade,true,true,5,remarci_4x,false,0,false
maz_532_b.bmp,8791f0a961c91688fc97f958e87562bb08e2c51d,f6eed0a2544e4e0cad9189cd8efd5a64277dea81,true,ps2 textures\opaque\bp_remade,true,true,5,remarci_4x,false,0,false
meater.bmp,b8f5cc06af752d347ad883b54d0a28acc225dcd9,7272c2e0a0463e8b2dd9b3a2e465afb11d423dd5,true,ps2 textures\opaque\bp_remade,true,true,5,remarci_4x,false,0,false
med_arm_ws.bmp,a831009ad03c92ce985ad1d340873d50507983e9,2cfb5627a8a877f3a643bb87ec4028e6542f65fc,true,ps2 textures\opaque\bp_remade,true,true,5,remarci_4x,false,0,false
med_best.bmp,101aa9c64ee6d420ce5e68a7507bc770950181b6,87c1087e6a42d6f2311acd5e91e8858767f4c462,true,ps2 textures\opaque\bp_remade,true,true,5,remarci_4x,false,0,false
med_boots_himo_ovl_alp.bmp,c23d864df1047b7b0ccc4e13f237ada2ba11cfb0,165d3686935005e4287be2a20d71ed6d5420ae01,true,ps2 textures\HAS ALPHA\bp_remade,false,true,5,remarci_4x,false,0,false
med_bottun_ovl_alp.bmp,5fdfc519336421659fc04109517b4fc840f07913,b284ec38c58352c951b5121c240c2debfa28cea2,true,ps2 textures\HAS ALPHA\bp_remade,false,true,5,remarci_4x,false,0,false
med_bottun_suits_ovl_alp.bmp,eb8ba495e6207c7a1b3673e52460f78430b893df,32301c3700ec9e77e170205c06f13c5056e567dd,true,ps2 textures\HAS ALPHA\bp_remade,false,true,5,remarci_4x,false,0,false
med_coat.bmp,322cb5b2f5a9dd48f54a277ef94b009e2c7267ea,4e2339de49f6a06e8d7fca15b512a67be9496aad,true,ps2 textures\opaque\bp_remade,true,true,5,remarci_4x,false,0,false
med_face.bmp,1b0e269fdc77f92b2e5e64b7f1e50586267727d5,55cec8c9395bbb3ead1489ac29ac8c875f85f5a4,true,ps2 textures\opaque\bp_remade,true,true,5,remarci_4x_extra_smooth,false,0,false
med_foot.bmp,f2c482bc3624af2031299f339c15e603f180508e,ef830e635aaf807359b8b62ddb2a6f15ef99cece,true,ps2 textures\opaque\bp_remade,true,true,5,remarci_4x,false,0,false
med_hair.bmp,2843c4bd86029375e80b7b09c63c545ab24d0df9,1a49a3b6ddce34056dcca700a114b3226e5348b3,true,ps2 textures\opaque\bp_remade,true,true,5,remarci_4x,false,0,false
med_hand.bmp,9aa0982418a249cab4a578a08a0b3fbed8d96580,1d7696b1506e17c76eea727eaef6ceb4a38087fa,true,ps2 textures\opaque\bp_remade,true,true,5,remarci_4x,false,0,false
med_heel.bmp,7d509c396265a6efc0a548c16609023e483d6bc6,3b734eccef49160ef0980366697204d318e7320f,true,ps2 textures\opaque\bp_remade,true,true,5,remarci_4x,false,0,false
med_idcard.bmp,b393eef2656499bc6f704b849796ed8f9ea51083,162c7cb399d409435be56cd6d0dcc3e69cecdfc6,true,ps2 textures\opaque\bp_remade,true,true,5,remarci_4x,false,0,false
med_jipper.bmp,ebe05c0e58682da8b93d52e143fc231fe1e264c0,d6e57a4b4fdcbee0c90fe7406fd213d7d37f001a,true,ps2 textures\opaque\bp_remade,true,true,5,remarci_4x,false,0,false
med_midle_hair_cal_ovl_alp.bmp,d3122a0f15240e9d6e1ff8b7c57691f6aa9a559b,067d5e39dcc180a5e71500905739adb0621f7595,true,ps2 textures\HAS ALPHA\bp_remade,false,true,5,remarci_4x,false,0,false
med_skart_ws.bmp,636a765e9e76f7ffe7f0b97689a9764c47f52b45,efdb16c948852a83f757b1927cfaf3571ca9461d,true,ps2 textures\opaque\bp_remade,true,true,5,remarci_4x,false,0,false
meter.bmp,31fd8b65c5a27b2891cb17a91738725402f2ac21,0ac1805e63b9c22ca2b553f5b8917718ef8481c7,true,ps2 textures\opaque\bp_remade,true,true,5,remarci_4x,false,0,false
meter_a.bmp,adb8399e306ec948bbcf04cbf4015f220ce88080,6d6f4564256d70eeae680c2fd2177be25dd6f701,true,ps2 textures\opaque\bp_remade,true,true,5,remarci_4x,false,0,false
meter_c.bmp,3783fbb37f69f43654eeb4c56e8a2ed351e2cf58,de67fecc5b9ee420d4b275d4510ccd89ee9a0d31,true,ps2 textures\opaque\bp_remade,true,true,5,remarci_4x,false,0,false
meter_d.bmp_49a3aa7abb453923c379ae155a4e54a3,7a782ac35f7a134a672fb2ac14a291cc50dcbb5a,60c9e9b02924f1054c295df2399ce7de066f8061,true,ps2 textures\opaque\bp_remade,true,true,5,remarci_4x,false,0,false
mic_a.bmp,83d3c2d77a1c45aefee2295dc8e9335f15c538bd,457a9d01bfe9c2f8dee3d90238f4c239f416190a,true,ps2 textures\opaque\bp_remade,true,true,5,remarci_4x,false,0,false
mig_cock_front.bmp,eebecb1a4daca6c6ad2fc61be12f75bfecbb0f45,c9401c19ed38c57e8d4ec0ed98718387d6c90975,true,ps2 textures\opaque\bp_remade,true,true,5,remarci_4x,false,0,false
mk22.bmp,17fb792dc49b547378f8701b54b27f4f62fbe6a8,97ea7925ae9306f89b9c5a0c4c2f9f146d7585fa,true,ps2 textures\opaque\bp_remade,true,true,5,remarci_4x,false,0,false
mk22_amo.bmp,e11a9a871b954bf3ccf154c35cb29f9257169b71,c4f098051ada727954678c8760b9f447e15435cc,true,ps2 textures\opaque\bp_remade,true,true,5,remarci_4x,false,0,false
mk22_sup.bmp,b18d3be58d1a9ee4dd12fb4465123d7085ca856b,347be4dd3c4b406b775a41bfaf4b3d8b91a570f5,true,ps2 textures\opaque\bp_remade,true,true,5,remarci_4x,false,0,false
mk22_sup_a.bmp,4bad4fa83ad4818eee15ced4b77e9313c2b2da66,00b3cd1f4df93280f275745bdedf5243ca47bb0c,true,ps2 textures\opaque\bp_remade,true,true,5,remarci_4x,false,0,false
mog_box_04.bmp,2ab0d36ab63385e0e107c9f8e81a1fa56aff6f2e,66a365a0ffd139d9b7bfd31f2c8719b4522cabbe,true,ps2 textures\opaque\bp_remade,true,true,5,remarci_4x,false,0,false
mog_box_11_alp_ovl.bmp,81a5c28a4c4d88ea3690d59c174519a953372dd8,52a0519fd3e41a255d58c643d2a682ee7811d7d8,true,ps2 textures\HAS ALPHA\bp_remade,false,true,5,remarci_4x,false,0,false
mog_box_14.bmp,73e6de0245b3c78111d8c7e4410a93d0e571a0a3,8ddaa00e799d8ffe4bc991e340fd7a5e5acb514c,true,ps2 textures\opaque\bp_remade,true,true,5,remarci_4x,false,0,false
mog_box_15.bmp,7add109340ba8aef498863bb3ec5990215d787f0,0d66cfac9ebee4d4278167555306ce92457fe7fd,true,ps2 textures\opaque\bp_remade,true,true,5,remarci_4x,false,0,false
mog_box_16.bmp,301e57fa7e90f51a5c53d71234ef2ea2d050fc6b,5b87dec898a28df230efb716d130ebe82bb51ee1,true,ps2 textures\opaque\bp_remade,true,true,5,remarci_4x,false,0,false
mog_box_17.bmp,ef33ba393e0de28af4a3a15542618c3d61edfd6b,17b77fafd9cda14d69764524692e2ce367d8ddfe,true,ps2 textures\opaque\bp_remade,true,true,5,remarci_4x,false,0,false
mog_box_rep_01.bmp,73ef0972c54a66745d4c51ff000752c59764a8f5,86165ffc55903f5e894b9358e16ed363830d8d12,true,ps2 textures\opaque\bp_remade,true,true,5,remarci_4x,false,0,false
mog_box_rep_02.bmp,11c9ef18fa6157e313e2c26f1a24b05a62416357,1c054979e5ec020f92755fd93fb12fccbc919bfd,true,ps2 textures\opaque\bp_remade,true,true,5,remarci_4x,false,0,false
mog_door_01.bmp,007634d4c98430dd9d8127be0ab72ae21817ed28,9e3e0332ad805ac06d1bdace3c6e38cd52c642bd,true,ps2 textures\opaque\bp_remade,true,true,5,remarci_4x,false,0,false
mog_door_04.bmp,7d8a4cfc1be3750b4a4387b5a40b65c01e850de8,ad2036323fd58e79f5e469e46d84055a030a9066,true,ps2 textures\opaque\bp_remade,true,true,5,remarci_4x,false,0,false
mog_floor_rep_04.bmp,0428bdf1b9ae6fa0454013bf1216c302a4399941,9ce9a880789ce4a91fa30dac793e060bde4eae4a,true,ps2 textures\opaque\bp_remade,true,true,5,remarci_4x,false,0,false
mog_floor_rep_13.bmp,047fcabc9acef7b577e8cce309340d27e709bd76,2cfa04b98abb0b28f16689061491082d44542226,true,ps2 textures\opaque\bp_remade,true,true,5,remarci_4x,false,0,false
mog_pillar_04.bmp,f3412fb569f2274e76a3aef1cd793636659ce98c,d7a405757ed270f30ff76de49b85289b63cc3b96,true,ps2 textures\opaque\bp_remade,true,true,5,remarci_4x,false,0,false
mog_pillar_06.bmp,67fd25723b6fd8a72653fc62ad1076c1dadff9dc,79d09f090b62ce6a5e641d91105d7678cb6e1871,true,ps2 textures\opaque\bp_remade,true,true,5,remarci_4x,false,0,false
mog_pillar_08.bmp,6ad59dbfe962128a5c30e6e90d273632a7455607,f421481e211dd3891429cbd4420d75aa174f207c,true,ps2 textures\opaque\bp_remade,true,true,5,remarci_4x,false,0,false
mog_pillar_rep_02.bmp,f48850c6a2cdccc9c955a35c5792099b1c37fa9a,defd2a6691104434c79a9337996d36cc2fc8dc04,true,ps2 textures\opaque\bp_remade,true,true,5,remarci_4x,false,0,false
mog_rail_rep_02.bmp,93ecba3ede23a760a3b516aa725766cd2a9ce14e,7db0682fe1d19c3f95574a7b18b3751211ada1fc,true,ps2 textures\opaque\bp_remade,true,true,5,remarci_4x,false,0,false
mog_shago_base_01.bmp,ad03232e867bae73d412761b8b9fcc37a898ee12,a508a6fef27e46654c9dfeda3cb7efa64a0d4551,true,ps2 textures\opaque\bp_remade,true,true,5,remarci_4x,false,0,false
mog_shago_base_rep_02.bmp,af98007baeed53a7276b3c98707601ef6cd37ea2,c008a60818c06d890eb04386da7b097a93dc432b,true,ps2 textures\opaque\bp_remade,true,true,5,remarci_4x,false,0,false
mog_step_02.bmp,72e98892a174eb8b70a99e2076185c2bc89baa5c,2c96c7c6a2cbeafd60c937650e0f20840fc12152,true,ps2 textures\opaque\bp_remade,true,true,5,remarci_4x,false,0,false
mog_wall_13.bmp_9ecb33588af54a5e16bdc5e694a5a3a3,66e10ea1153fb857b8cee9779ee50532a01bff7d,cc79d1b1f783aac9297762075cd29c57dd696b42,true,ps2 textures\opaque\bp_remade,true,true,5,remarci_4x,false,0,false
mog_wall_rep_01.bmp,27aeae388cd1e56ca9f8610f266c36a030b0ce15,2aed421abd1ba513d45c352828a7496b78450417,true,ps2 textures\opaque\bp_remade,true,true,5,remarci_4x,false,0,false
mog_wall_rep_04.bmp,1de0c52688cf2e5bb401eda2f294804a0c605d42,5580eb3ac694300cacbee129a7094a3011f288f1,true,ps2 textures\opaque\bp_remade,true,true,5,remarci_4x,false,0,false
mog_wall_rep_08.bmp,66a06c2f8f7e508fa704e124a19581f6a0915105,e50758714358c6fec021316967ec796de71adaa4,true,ps2 textures\opaque\bp_remade,true,true,5,remarci_4x,false,0,false
mog_wall_rep_10.bmp,537f9bf91b0d21e5c4d2fe66c880fee5b8569dd4,f4311f7d6510453250da9e70d7a133524039374a,true,ps2 textures\opaque\bp_remade,true,true,5,remarci_4x,false,0,false
mog_wall_rep_13.bmp_c8d1251ac2253f04c5f11f8e7e244b6f,f02361d7318f99212d0e0a88b97a0e75c7e96c3d,65e5db0d5c20bb226012819bbf4217c5652ada7f,true,ps2 textures\opaque\bp_remade,true,true,5,remarci_4x,false,0,false
mon_tex.bmp,5cec90f54f7a2796d743ef4da9c0c0573254f47c,3390700c4a008d3b45c83775130e32d07e4815f3,true,ps2 textures\opaque\bp_remade,true,true,5,remarci_4x,false,0,false
mos_body.bmp,30ec26f2414e6afc27ad339a8bab3bf4313667d5,d9a317da099ea14345ad3f11cf306a12779ce486,true,ps2 textures\opaque\bp_remade,true,true,5,remarci_4x,false,0,false
msn_ngn_b.bmp,1ab174396f2b3500cca84a061a7860900c2dac7a,e5304b466bb8cb16f3fc5dcc895e170f737146c5,true,ps2 textures\opaque\bp_remade,true,true,5,remarci_4x,false,0,false
msn_ngn_d.bmp,3872e749bfb31de5cf9909907cb85f396aab14e5,4f9a4f88b0b3113a7a6f49165b895b8b55c49ace,true,ps2 textures\opaque\bp_remade,true,true,5,remarci_4x,false,0,false
nidai01.bmp_b38628bdfca1ec9076183e4e264d3320,7c30e1029b6af8e64ed771f9353cd45d5aba6567,8c597bc530e3e8c86def2e8bf313a08db7325df8,true,ps2 textures\opaque\bp_remade,true,true,5,remarci_4x,false,0,false
nidai02.bmp_116814a37d65058a908206b425df176f,6d8cf946b9aad986f588d396ca78b1d668c24376,5e617cea6e2e8e054c911c04117ba55434cf4edd,true,ps2 textures\opaque\bp_remade,true,true,5,remarci_4x,false,0,false
number.bmp,d0cb16d16d2c02cf129434c53a044a7daf918460,331be608215eb6a39aa7d2348c7a0318827c673a,true,ps2 textures\opaque\bp_remade,true,true,5,remarci_4x,false,0,false
obj279_body.bmp,2ec8ebfe971fb246ea3d58b1d568a0e38d7231ed,1627e6be5623b0a0c525847d8398e13ef3c1f4ab,true,ps2 textures\opaque\bp_remade,true,true,5,remarci_4x,false,0,false
obj279_caterpillar.bmp,41eb89c7f138e790259375abf4b2d42b5e23cef6,143342543a9618585566e86ed7625352f13727a9,true,ps2 textures\opaque\bp_remade,true,true,5,remarci_4x,false,0,false
obj279_test.bmp,672de97be1f359a9db4a5f30775a03bd0be805bc,d17a6d34a3c97e059f9ad74a733322c3d101b353,true,ps2 textures\opaque\bp_remade,true,true,5,remarci_4x,false,0,false
oce_def_boots2.bmp,e3f0b76b22834e85567f989b92a26e905dc583b7,5a71b86266d89bdecf52e4f9ebff6b70cdf3516a,true,ps2 textures\opaque\bp_remade,true,true,5,remarci_4x,false,0,false
oce_def_face.bmp,7e106a58b1a042473fa3e786e1ff30867617bbe5,1763307ce44c8a819bf28a5449eac330c9ca9351,true,ps2 textures\opaque\bp_remade,true,true,5,remarci_4x_extra_smooth,false,0,false
operation_room_a_alp_ovl.bmp,ec5cc86871270a9c41c69e586f963039b598b1f9,8b45027145303fac6a4c69d5e74274410f772876,true,ps2 textures\HAS ALPHA\bp_remade,false,true,5,remarci_4x,false,0,false
oum_allbody_col00.bmp,b7e29e29887b485c8daea9214a2ba1725c4c3da1,95ca19ad9a5d8978902a8923198fe69aed21e24a,true,ps2 textures\opaque\bp_remade,true,true,5,remarci_4x,false,0,false
oum_wing_out_alp_ovl_col.bmp,c80ee57176828acff311a4ea508a8228534b75d0,263a0a1344d3e59173d256d79a08ea75553137ba,true,ps2 textures\HAS ALPHA\bp_remade,false,true,5,remarci_4x,false,0,false
pai_bridge_face.bmp,4d3c1f74623be7472ef56abd01a6742d2ad88657,8852e9849de60cfd3b27bd5fc3ccf6cae08a78b6,true,ps2 textures\opaque\bp_remade,true,true,5,remarci_4x_extra_smooth,false,0,false
pai_bridge_face_ovl_sub_alp.bmp,4f49edd3ba0ded2f6d5c702d8d416376b8459473,846172ecc0d900afb6b7e1af2ffb5671d9e4ecd8,false,ps2 textures\HAS ALPHA\bp_remade\no_mip_fixes,false,true,5,remarci_4x,false,0,false
pai_def_body.bmp,b64c55cbd3a00454750d8de595c8a969407aaed3,0d6574f301d7a59f653c189709a7547a7111951c,true,ps2 textures\opaque\bp_remade,true,true,5,remarci_4x,false,0,false
pai_def_boots.bmp,c0cfa6fa5ac469c5c2c3cf84533f6b1c82034c2e,b0b958f19c567a42281d5ca508073124aa19edf9,true,ps2 textures\opaque\bp_remade,true,true,5,remarci_4x,false,0,false
pai_def_bp.bmp,c464c9bbcbe996baf206cf39d77f71d4b455b767,e0b801cbe8f24099947c6162bfb39d03e2e0c64d,true,ps2 textures\opaque\bp_remade,true,true,5,remarci_4x,false,0,false
pai_def_bp_belt.bmp,ad564d33a8058d575e332da9059709490daab5b9,d3a74ed8f36177286cd2c12fb71bb1cc6ea36a00,true,ps2 textures\opaque\bp_remade,true,true,5,remarci_4x,false,0,false
pai_def_bpstrap.bmp,c1ac4804da8c579e1f6258257cfcf3edc179284c,9b66f16eeee2ea73f7a8d91128ea91282e1a68ba,true,ps2 textures\opaque\bp_remade,true,true,5,remarci_4x,false,0,false
pai_def_bug.bmp,50ce871d58fcc64d46ad4e0bdecd618e1f5d8e5e,2339b4954f5996a55e5739d25e99c03562e3dd42,true,ps2 textures\opaque\bp_remade,true,true,5,remarci_4x,false,0,false
pai_def_eye_hi.bmp,54f9ab4ace7969fba19867c4ba1c481a8a998e63,253357ab44e8677849ae12b0fe3befcd03638629,true,ps2 textures\opaque\bp_remade,true,true,5,remarci_4x,false,0,false
pai_def_face.bmp,859f3311563aa63b7c8f7b114829bf39849bad4e,5643126565d96eb3902e155bcb20971b147c6745,true,ps2 textures\opaque\bp_remade,true,true,5,remarci_4x_extra_smooth,false,0,false
pai_def_face_ovl_sub_alp.bmp,e1e6e0e9c0d91f92a6205d1b4a34d9d70bcf3d3c,0c3cc193ffee60f74d1dd5fd0d80aa7ef75bb365,false,ps2 textures\HAS ALPHA\bp_remade\no_mip_fixes,false,true,5,remarci_4x,false,0,false
pai_def_hand_hi.bmp,8fc54bd36086d7a8e8a7bcdb939181bc7661414e,05c4b6b13fa2d0df103438469565969edb581a14,true,ps2 textures\opaque\bp_remade,true,true,5,remarci_4x,false,0,false
pai_def_hand_low.bmp,fd044cbe1363a01556e97cb999cd531ee2ff6c94,c80646429b89d06fe83622882c926c0b420f10a6,true,ps2 textures\opaque\bp_remade,true,true,5,remarci_4x,false,0,false
pai_def_mask.bmp,38a25ce759e2d2c950eb79b1cfa5f4310ef52059,7959d9e2fd9d10f0a0bbc039ba33b4b027d22669,true,ps2 textures\opaque\bp_remade,true,true,5,remarci_4x,false,0,false
pai_def_mask_dmo.bmp,310de6d555482ca27c3f2c2328e1c71abffde9fc,cb6fdccef09e0f4dc7d572a438fa58abb1a1afb6,true,ps2 textures\opaque\bp_remade,true,true,5,remarci_4x,false,0,false
pai_def_vest.bmp,002bfc0527947248072941169d2413033f0af1e6,4bd56ec10650dcf4cbdb21e073e46e08279b54a3,true,ps2 textures\opaque\bp_remade,true,true,5,remarci_4x,false,0,false
pai_ghost_eye.bmp,d2497a0a706d82b5bdd2dc067d5f91c4314e424b,78074643ded00a4c8437fa0d568a32a9592a8151,true,ps2 textures\opaque\bp_remade,true,true,5,remarci_4x,false,0,false
pai_ghost_teeth.bmp,a8d30885ac8320adf41533fcc0c21fbea9c77b89,0c3aa1f77bed1f984b4950a4f4d2a5df6a0f652a,true,ps2 textures\opaque\bp_remade,true,true,5,remarci_4x,false,0,false
pato.bmp,466c90b4add01165311f594e966339383b43e025,a031bb752ae187f6979873929d6b8ec44d93d05a,true,ps2 textures\opaque\bp_remade,true,true,5,remarci_4x,false,0,false
petalb_alp_ovl.bmp,bb0aa4e46fd6b98d4137cd060c82640ed81c68a7,006608ff91b8b81ebfe6595276a8b4c88ae35a97,true,ps2 textures\HAS ALPHA\bp_remade,false,true,5,remarci_4x,false,0,false
picturel01.bmp,6622712d54cc0df09c39554711daf15ee852a9c6,38c9668524d5b635c84a2a268229889354c074b5,true,ps2 textures\opaque\bp_remade,true,true,5,remarci_4x_extra_smooth,false,0,false
picturem00_alp_ovl.bmp,8dafca05a3aab8e7dbcb7b94ba30a0c76d69e796,fded707cf7e3afeabd02383c48acb67b78b2ceda,true,ps2 textures\HAS ALPHA\bp_remade,false,true,5,remarci_4x_extra_smooth,false,0,false
potted_plant_00.bmp,68d3026d91c8d2be444f0a82592d1292af7e183b,0bf21a6ed6dfd02ade6761409f8009e1b04885dd,true,ps2 textures\opaque\bp_remade,true,true,5,remarci_4x,false,0,false
potted_plant_02.bmp,df39088ec5277bf5535f94a27a5b26e0309679db,994715aad909eb5065d2158b5e04afc83bb6a396,true,ps2 textures\opaque\bp_remade,true,true,5,remarci_4x,false,0,false
pre_boots.bmp,1b23c505f6a97b4b4e84bb41851fd23c86694172,05d3571ba6a88623154dd2ca0eda028072edda85,true,ps2 textures\opaque\bp_remade,true,true,5,remarci_4x,false,0,false
pre_bottun_suits_ovl_alp.bmp,a5ee3985e83126d17ac7a7376eb2c7ab3cfdd7b1,dffed9a8df6f1ec8926ab1180cdc0759095add38,true,ps2 textures\HAS ALPHA\bp_remade,false,true,5,remarci_4x,false,0,false
pre_eye.bmp,8aa8fadb712af4d85e3309cedc69dd1d85f4f727,66abbb36e06d3392cf2da1f436a236f2ca60629b,true,ps2 textures\opaque\bp_remade,true,true,5,remarci_4x,false,0,false
pre_face.bmp,b34b49c7e7fba22cc3020478cb7efccfbd800015,68caf6219084ca40671a1b0dc7a497b296acdc3d,true,ps2 textures\opaque\bp_remade,true,true,5,remarci_4x_extra_smooth,false,0,false
pre_hand.bmp,25ead161c82dcf504fe1a57d75e61ff47e537a37,bde3b17dcd5803300803e90ba460f24da3b74083,true,ps2 textures\opaque\bp_remade,true,true,5,remarci_4x,false,0,false
pre_head_back.bmp,47991e389d43c76c37cad6db1e7c79057d8d8196,bd6a48a86462359e8a5e5d1e8a6cbff788f00383,true,ps2 textures\opaque\bp_remade,true,true,5,remarci_4x,false,0,false
pre_item_medal_body.bmp,55f70c050f4fb222e7267026e9658b0155ca0ac9,f9ce591106ba7828e34179cddbee1c3df433ff0e,true,ps2 textures\opaque\bp_remade,true,true,5,remarci_4x,false,0,false
pre_item_medal_mod1120_ovl_alp_emap.bmp,5c340b2eac0dc8509558bdb3955572f91e6e6859,037c62b26f47fdbd7985ebfa94d06074ab2bdd03,true,ps2 textures\opaque\bp_remade,true,true,5,remarci_4x,false,0,false
pre_shurts.bmp,5ff1e0078b6683220f4980282a7bb2091254d825,a26a513abad99979b20b76a0992ee8f01823aa01,true,ps2 textures\opaque\bp_remade,true,true,5,remarci_4x,false,0,false
pre_suits.bmp,f0c20277fb40bca9205cb93699902012f4d478ab,ca26d63e45639c56246c43ddbe322041cc036698,true,ps2 textures\opaque\bp_remade,true,true,5,remarci_4x,false,0,false
pre_tai.bmp,b40e959f5bc7b86c8550755da5822828ac3e1a68,b835bf4057927f1d55be084f0656600ab2d9ba17,true,ps2 textures\opaque\bp_remade,true,true,5,remarci_4x,false,0,false
pre_teeth.bmp,280b3b15338324707927a34348ead77740e4c47f,613fae39879434f948accbdc006f84e7fd1c6b29,true,ps2 textures\opaque\bp_remade,true,true,5,remarci_4x,false,0,false
radi_break_bottan.bmp,e95a1b964e46e849eae0724a134dbcb0cb35f304,51c0e75f02a24cde2b821ccfbf292290fbc7c164,true,ps2 textures\opaque\bp_remade,true,true,5,remarci_4x,false,0,false
radi_break_ita.bmp,30a49874594775af9ddf7afd2ac72f50f827d1ef,9f3e72af78ac2b4d716dc1ccaeea16787700df70,true,ps2 textures\opaque\bp_remade,true,true,5,remarci_4x,false,0,false
radi_break_tetsu.bmp,c3990f5656630e5ba4ebf8c47b05620a70e0de7c,3ba1210eb624612f08b97acb3f63583fdc116639,true,ps2 textures\opaque\bp_remade,true,true,5,remarci_4x,false,0,false
radio_4.bmp,e01ef25c3183734177582638259f472dcbdfc8eb,ee96347d6bf975e16ac963888ae27672618c10d1,true,ps2 textures\opaque\bp_remade,true,true,5,remarci_4x,false,0,false
radio_5.bmp,8509e2920ecfa4d544021d93cb7e9064d12e940f,548ae024c224c25e1c506b4e725c4980a167e510,true,ps2 textures\opaque\bp_remade,true,true,5,remarci_4x,false,0,false
radio_end.bmp,bbe9baa87bf1ea99a151a31d3306dc53cdd46bfb,b12fdfeeeae7274e38a464e965b18a683069b38c,true,ps2 textures\opaque\bp_remade,true,true,5,remarci_4x,false,0,false
radio_mark_ovl_alp.bmp,74826d8eb709372e1d5b151573c32ee2590c3f65,b65d9297ba3ad7a6c7ca26da2d093074806dc764,true,ps2 textures\HAS ALPHA\bp_remade,false,true,5,remarci_4x,false,0,false
radio_moji.bmp,b52e0d4b94b1f87ec26f21b24d7945632b93c493,45d203fe9bd2fb26dd54a750378acca2e5e6ee5a,true,ps2 textures\opaque\bp_remade,true,true,5,remarci_4x,false,0,false
rattrap_tex.bmp,5cfed6afe81b51396607a51f84767243baa78c57,f5e30feae427ce31d069657c35a1b8d2eb3f7464,true,ps2 textures\opaque\bp_remade,true,true,5,remarci_4x,false,0,false
reception_desk00.bmp,7dff65e452fe871c459bd7adeae008430cb43f70,c3472c2e6144c75862b1f1fa420b0c92e91ff586,true,ps2 textures\opaque\bp_remade,true,true,5,remarci_4x,false,0,false
renjin01.bmp,5ec1f52c309310ac241d70943c327fededce745b,1694881d9a67da5ee62e314a9c8ad7862255d23d,true,ps2 textures\opaque\bp_remade,true,true,5,remarci_4x,false,0,false
rfender01.bmp,fa937574d27daf210227e0e62ca7ef191a662810,b45828ae78678171947f0cd5790a3e72064d95b1,true,ps2 textures\opaque\bp_remade,true,true,5,remarci_4x,false,0,false
rfender02.bmp,220fdf9397f76d598380fd6bdba10cedb5f4eb15,110ae17e7296e536b0c829a8f879b1d37e3f3e06,true,ps2 textures\opaque\bp_remade,true,true,5,remarci_4x,false,0,false
rgd5_deto.bmp,f93b4aa71f9a9d45e32c3a4d309cb9f7b56631c9,3f1c209da5ca1a38a1aea9d2a07f47136ede4050,true,ps2 textures\opaque\bp_remade,true,true,5,remarci_4x,false,0,false
rgd5_safe01.bmp,513e982099139b8c93209e7f0cb56e1ecfa82ff5,1c80a9c4e173f3fbd069dd9f903e700ca9a25363,true,ps2 textures\opaque\bp_remade,true,true,5,remarci_4x,false,0,false
rpg7_sco_tex.bmp,6845e5d9df9899262ba77c4fce15b2b8d91cb26e,8295be733f8f65aa205a96060683d0889bbde62b,true,ps2 textures\opaque\bp_remade,true,true,5,remarci_4x,false,0,false
rpg7_tex.bmp,ea16238919e02b1e891800f1004e5529aaa67823,578f9f5e7fe55200cca189d28aa07ca9fd2c9bbf,true,ps2 textures\opaque\bp_remade,true,true,5,remarci_4x,false,0,false
s001a_soil01_eld_ne_alp_ovl_rep.bmp,682306e249168d1361297af17b8b77a550aec08f,6b9706073d2a54187eeab60bc2a2ba7a7689e8d9,true,ps2 textures\opaque\bp_remade,true,true,5,remarci_4x,false,0,false
s001a_soil01_rep_mip8000.bmp,d3165a26cfcf9a777d5f1031e5c72d04a609dc64,d3165a26cfcf9a777d5f1031e5c72d04a609dc64,true,Self Remade\Finalized\DXT5\PS2 Source\bp_remade\4x,false,false,0,none,false,5,false
s001a_wall01_rep_mip8000.bmp,bb097328cf8615f15ccfb0751a33829cb0ea1639,e03da328801d7dc673ec2038f269a9546156e16d,true,ps2 textures\opaque\bp_remade,true,true,5,remarci_4x,false,0,false
s001a_wall_edge01_alp_ovl_rep.bmp,cfb681815c70d0d16db7c0aa1cd993ac115d84ff,3fc6035f234964d13b5c3472c4e67ac393726427,true,ps2 textures\HAS ALPHA\bp_remade,false,true,5,remarci_4x,false,0,false
s002a_rock_alp_ovl.bmp,82253a1a38ed4eafc16013692470919c553e8903,fda55b62bc0b1a0510dcdf975ad7c10a0a79fa6c,true,ps2 textures\HAS ALPHA\bp_remade,false,true,5,remarci_4x,false,0,false
s002a_wall04_rep_mip8000.bmp,ef01699fb03d100a02b956fa7a55da8e599ba40d,f91a2ef7a274d19261d4656c33146ea20ed60474,true,ps2 textures\opaque\bp_remade,true,true,5,remarci_4x,false,0,false
s002a_wall_edge01_alp_ovl_rep.bmp,5ddbe01df6a1fa32d9941e206dd0ccb39aafa54c,7dde7b951fd66c6cb7752be77afefadef7464f4a,true,ps2 textures\HAS ALPHA\bp_remade,false,true,5,remarci_4x,false,0,false
s003a_flr_soil03_alp_ovl.bmp,9fcc0036a652275fa4ec58982c5bf4a99b0054d8,a91d962fbed7ac9f1aa910c142c52a767ebb8331,true,ps2 textures\HAS ALPHA\bp_remade,false,true,5,remarci_4x,false,0,false
s003a_flr_swamp03_rep.bmp,b7b08291a7c8c03e98cb8585534da1e5ff95c7f7,0dd65ec3326d39c10e42d0679e4105e2865ff907,true,ps2 textures\opaque\bp_remade,true,true,5,remarci_4x,false,0,false
s003a_flr_swamp_edge01_alp_ovl.bmp,dbe0466396b7eee206133d174389ef666ff31ce7,0e93a9df7e43eff19309d99a5e040437af0f4954,true,ps2 textures\HAS ALPHA\bp_remade,false,true,5,remarci_4x,false,0,false
s003a_moss_mip8000_rep.bmp,e8fcfe084cb6b61ff074afca25a9467b75c59ffe,adf4997e8924530c770cee80a1b7854542d43053,true,ps2 textures\opaque\bp_remade,true,true,5,remarci_4x,false,0,false
s003a_pond_fader2_alp_ovl.bmp,6437ffb7e241e970498ced482bdd06fd5cd8f858,61e20276854a5bc7756b5885b14bfc2461a7b80d,true,ps2 textures\HAS ALPHA\bp_remade,false,true,5,remarci_4x,false,0,false
s003a_rock_alp_ovl.bmp,0412941c23bd1af15f5a02fadd6021f059ac638f,8bbb65ec2cfda3607c5f361fdaaa21825b441147,true,ps2 textures\HAS ALPHA\bp_remade,false,true,5,remarci_4x,false,0,false
s003a_swamp_hl_alp_ovl_rep.bmp,6aeba79751da4a7e8fb151b37ea9f3a599661583,1e230bf2a55f7464377230f0842bdeaf36f9a76e,true,ps2 textures\HAS ALPHA\bp_remade,false,true,5,remarci_4x,false,0,false
s003a_wall01_alp_ovl.bmp,791e07fceb16e94e07fbce203717ca6355b14025,cf3331b556850b6ccb567c41f675b4ac18877302,true,ps2 textures\HAS ALPHA\bp_remade,false,true,5,remarci_4x,false,0,false
s004a_flor_noise04_alp_ovl_rep.bmp,2a1aaedd481c5f1123b6afd2dbf389774e2e384b,3613e58d84897467ad636c052ec4fac688cfa3ba,true,ps2 textures\HAS ALPHA\bp_remade,false,true,5,remarci_4x,false,0,false
s004a_soil01_hl_rep_mip8000.bmp,6915e22226e93701484352aa7543aa887ba39040,36a5e388bcaca9127184bd2a8e68dcad3b4c7896,true,ps2 textures\opaque\bp_remade,true,true,5,remarci_4x,false,0,false
s005a_bridge01.bmp,3aae0e21bfd3c2da89cc42edf5d06c0f2aaecb8b,c2b5296c966f400a778842a6400db49d852f5da1,true,ps2 textures\opaque\bp_remade,true,true,5,remarci_4x,false,0,false
s005a_flr_soil03_rep.bmp_c9e7b4d605431d5586888d2550feadd4,af017f94d1a32309746bf8321feab9ef4d6500e2,57e1053f41f5706936ea8d4a9a22fcdf0690183d,true,ps2 textures\opaque\bp_remade,true,true,5,remarci_4x,false,0,false
s005a_flr_soil07_alp_ovl_rep.bmp,b5094a84360961ca055f0ef4724aef60f07b91e2,e4a6049e299cb74157e2710ffd7f60558dc13f99,true,ps2 textures\HAS ALPHA\bp_remade,false,true,5,remarci_4x,false,0,false
s005a_rock01_rep_mip12000.bmp_68192261b987f8a27dfdba0187a7fc56,1db84eb1fbf4db77797a4173070672068e532cb2,f2d4cbda6e3bc7f0b14dc6f7cfb8378f5c8f987d,true,ps2 textures\opaque\bp_remade,true,true,5,remarci_4x,false,0,false
s005a_rock04_rep.bmp,6b2d64fda034b5eba39df64fed6af5a0e54e2bba,2e6e33ec71e14c76fb3f12879447cd5146ade943,true,ps2 textures\opaque\bp_remade,true,true,5,remarci_4x,false,0,false
s005a_susbridge_floor1.bmp,7c7f7a210b9f8889c5d5908c3011fe9d823b4481,9785c9920f85613b2567e40b33b9432f89187b5a,true,ps2 textures\opaque\bp_remade,true,true,5,remarci_4x,false,0,false
s006a_bombe1.bmp,740c8946e66c116dfa2a6b0b4520f75b066beb20,c2669d8484ecff0a89aa6b2b19c79d2b5b3a0753,true,ps2 textures\opaque\bp_remade,true,true,5,remarci_4x,false,0,false
s006a_bombe2_top.bmp,7762bc18a8c25ee4bbb37f81105dd4878ec901e1,22ba0a106eb7ee100451fb0760bda7a4724c6fce,true,ps2 textures\opaque\bp_remade,true,true,5,remarci_4x,false,0,false
s006a_box1_s1.bmp,cafc18d3342ca1b662372e1825295ecc6a7b6d43,48cb8cb29484746ffbf9002f012d0af4792e8b56,true,ps2 textures\opaque\bp_remade,true,true,5,remarci_4x,false,0,false
s006a_box1_s2.bmp,3449dec31989b9bc5641f5fbc731a388ad51def9,f0b70f13ec0449f070b430c24605c84f4ed63592,true,ps2 textures\opaque\bp_remade,true,true,5,remarci_4x,false,0,false
s006a_box1_t1.bmp,0fedee567fe43d27b4e755aa5d4da1246cae35a2,4b0ecc7d5b5031ee6dc077c90819684922a09dec,true,ps2 textures\opaque\bp_remade,true,true,5,remarci_4x,false,0,false
s006a_brickwall1_brk1.bmp,88875ccee61b9966789945d6488da1ca66145bc2,16436adb2c4e2092f7e3c97c52dce14d2849e6b6,true,ps2 textures\opaque\bp_remade,true,true,5,remarci_4x,false,0,false
s006a_brickwall1_brk2_rep.bmp,97ed526edb6bd78b7c5add0f723c488dac3b171d,826dc02c328cf9291747519e4526f0ec10e28782,true,ps2 textures\opaque\bp_remade,true,true,5,remarci_4x,false,0,false
s006a_brickwall1_rep.bmp,a5899ae309fee75fee15c1c8e7ae4cfb363620b3,2a789d510420904601cb6bd82ff38b9bd0e8e638,true,ps2 textures\opaque\bp_remade,true,true,5,remarci_4x,false,0,false
s006a_brickwall2_rep_v2.bmp,aab1c5f560d9905e24750e9839d0afc66ee627b7,715d2cc5e9161ca8d633d30f4b604e1198860e56,true,ps2 textures\opaque\bp_remade,true,true,5,remarci_4x,false,0,false
s006a_conc01_rep.bmp,a37bc7f69c5defa132bd99152027868dfba4e652,e89ff3271ef59e1ff26b5d0479469b644de97569,true,ps2 textures\opaque\bp_remade,true,true,5,remarci_4x,false,0,false
s006a_door1.bmp,a85a5e241a520fbabb63bbb742620fc50aeb7a29,7a181f1887a09b530ec09307ab6978c0a6d358f0,true,ps2 textures\opaque\bp_remade,true,true,5,remarci_4x,false,0,false
s006a_dust1_alp_ovl.bmp,5304ab5b0972ef5d18398f211e34a1e14d8ed0ff,b54cd6023695b85d149e3fa93a3e3e11b414787b,true,ps2 textures\HAS ALPHA\bp_remade,false,true,5,remarci_4x,false,0,false
s006a_fence_ami_alp_ovl_rep.bmp,a07ed7737b7b759158a156b5fde18e318df0a26e,66ec50c737d4a3060c92dea19c74a15afcaa473d,true,ps2 textures\HAS ALPHA\bp_remade,false,true,5,remarci_4x,false,0,false
s006a_happa05_alp_ovl_mip8000.bmp,6d5fef14e3b1761d7e5bf46ed3010c4d30be5af2,3e42429f778261a34d43ef33432a5e7bfcff095f,true,ps2 textures\HAS ALPHA\bp_remade,false,true,5,remarci_4x,false,0,false
s006a_hatch_frame1.bmp,b569a6657ae30d349874b3b295acdbefc08189b2,b64bd1003d333e381f9c397a3dcfe0ea95fc8010,true,ps2 textures\opaque\bp_remade,true,true,5,remarci_4x,false,0,false
s006a_hatch_hinji_alp_ovl.bmp,9f8b41783a7170603e552fd87b9797fbef0819a8,9c893d004aee118f2e9c12bd30ac1a0e1957bb4f,true,ps2 textures\HAS ALPHA\bp_remade,false,true,5,remarci_4x,false,0,false
s006a_locker1_f_rep.bmp,ee45b7d4084dd0d04ec6f2a8232fc01c87e0327b,d9953ed471881888320f6d9ca4551c4e0a338191,true,ps2 textures\opaque\bp_remade,true,true,5,remarci_4x,false,0,false
s006a_locker1_s_rep.bmp,e2413075869a4e3858d22e183e0760e5890a0750,67ed0820e1ec961a72fd78dd69dde20f6f26a4ee,true,ps2 textures\opaque\bp_remade,true,true,5,remarci_4x,false,0,false
s006a_machine1_front.bmp,5064a8435b16087c69d604980b1cb32a6bb34ecd,39a855f934e32b8161f6be22199b189e1549a3aa,true,ps2 textures\opaque\bp_remade,true,true,5,remarci_4x,false,0,false
s006a_rockwall1_rep.bmp,2a8dddab68576e71595285c49895ca8f1c0e0e21,5769aa8602553e87272086399c27caabba6bfca1,true,ps2 textures\opaque\bp_remade,true,true,5,remarci_4x,false,0,false
s006a_sidetable_f.bmp,1994c04aad6e294cf9eef06bd7236f561e0c4dc7,876c356c424eaf86681036e4764e315d8c27f744,true,ps2 textures\opaque\bp_remade,true,true,5,remarci_4x,false,0,false
s006a_soil01_hl_rep_mip8000.bmp,ed7984c014587190c7c3db6843507b7cf6726272,3ffe83ebff4be9e12507f92889f00a71b0c485b8,true,ps2 textures\opaque\bp_remade,true,true,5,remarci_4x,false,0,false
s006a_tall_locker1.bmp,462265bca639f4144904e3fdef9e6529ce21520b,3f4b7a27111bfaa1dd2baf792a0c73a201b13fdb,true,ps2 textures\opaque\bp_remade,true,true,5,remarci_4x,false,0,false
s006a_wfloor1_rep_mip4000.bmp,c8a33d99dca6feb50ca489cdf44a66dfa7f26e59,8e35fc9b6f8b290d25d03d2867f61a836d039513,true,ps2 textures\opaque\bp_remade,true,true,5,remarci_4x,false,0,false
s012a_deadtree1_rep.bmp,943032787934d6d9b254d61e87967025b7fd9cda,c6c6893cd9cf3e69623b4a0b3df6c99e41f69fb1,true,ps2 textures\opaque\bp_remade,true,true,5,remarci_4x,false,0,false
s021a_bbwire_rep_alp_ovl.bmp,6f140f1501fb9b24fa1a5ca73256f5593712efb3,4a22219f4af562d4de0520c91d5673a99442c025,true,ps2 textures\HAS ALPHA\bp_remade,false,true,5,remarci_4x,false,0,false
s021a_soil00_hl_rep_mip8000.bmp,4f07e945265c0fee19bb1a303b41de0021532f00,3751ee048bb744fd684bc72aff24aef4df8f3c4b,true,ps2 textures\opaque\bp_remade,true,true,5,remarci_4x,false,0,false
s021a_stfance01.bmp,ae204814d7e79df08480a5c54265934495b8c347,871a992dc0e4859a3f8392e2d713caa6a77c973c,true,ps2 textures\opaque\bp_remade,true,true,5,remarci_4x,false,0,false
s021a_stfance01_side.bmp,5875318d1ced35d91824af5fa219a0a7da3f91d1,421644ba5f2a07ebc2499f28ff40d1c02d362e97,true,ps2 textures\opaque\bp_remade,true,true,5,remarci_4x,false,0,false
s021a_wf_battery1.bmp,53166d078214b3f490fbfb3d85dd4a27cf3c6eb1,0f2dc52002c9479abe41c6856250ea85059ad758,true,ps2 textures\opaque\bp_remade,true,true,5,remarci_4x,false,0,false
s021a_wf_battery_cable_alp_ovl.bmp,4d9203bca6cffa5df0beed023957ea2dce672fbd,95e885a241a04f7d147c0b9d76128175a8f4ebdc,true,ps2 textures\HAS ALPHA\bp_remade,false,true,5,remarci_4x,false,0,false
s022a_ara_conk_rep.bmp,87293f70c6daba84ccbe53321692f7f6a9c8c5b7,f54e9bdff0d89b2dd831e1e1dfe5074ce3081137,true,ps2 textures\opaque\bp_remade,true,true,5,remarci_4x,false,0,false
s022a_board_new.bmp,561314df2c7797cdfe3451a5937fe2e65cf2e01a,1ad424037948139f85d0463a507b22e1202984b6,true,ps2 textures\opaque\bp_remade,true,true,5,remarci_4x,false,0,false
s022a_fence01.bmp,1a7c7481b1e8450da84bb77b5b6271f8c2446c8d,3b1f5186a232ef8b0899a88fb664e53bca6a01c0,true,ps2 textures\opaque\bp_remade,true,true,5,remarci_4x,false,0,false
s022a_fence_alp_ovl_rep_01.bmp,c4a32bd3429a8c26524b2048a198cb55ade52e3a,89560ee268eb9a26d2a83f247134356af9c0fa7c,true,ps2 textures\HAS ALPHA\bp_remade,false,true,5,remarci_4x,false,0,false
s022a_flr_soil_rep02.bmp,01ea91161067e792996a4357ba05379c75863d0e,6444c6c7541d1d64a46ffed8c7b662297eaa892b,true,ps2 textures\opaque\bp_remade,true,true,5,remarci_4x,false,0,false
s022a_flr_soil_rep_new.bmp,10e8816b6318e0fd08fbf2623fbf88f9b6e2a3df,a020f25684e4efb3128258c19c2d8c810e4762c7,true,ps2 textures\opaque\bp_remade,true,true,5,remarci_4x,false,0,false
s022a_flr_soil_rep_new1.bmp,9a4225f73a1748212a6bdab1ad2711cb10b6d7b3,69f6a278653c78fb9373cab06097c873d73670b4,true,ps2 textures\opaque\bp_remade,true,true,5,remarci_4x,false,0,false
s022a_obj_03.bmp,d8c6cd11c257590326ed7108b41c8a3ce0bb487e,502d32562de9ada5dbfb1090848e91be85b3daeb,true,ps2 textures\opaque\bp_remade,true,true,5,remarci_4x,false,0,false
s022a_pipe_rep01.bmp,2f78b4e679eee029c97ad5ef5d11493d06feecce,c4c6eb15338a250610d99f4289e84ad165864046,true,ps2 textures\opaque\bp_remade,true,true,5,remarci_4x,false,0,false
s022a_stfance_rep_02.bmp,1ce5554f5078906d7a38e8e4968b9aff7299961e,32479f0d575cff4aaf0c05d564492da1bf06845d,true,ps2 textures\opaque\bp_remade,true,true,5,remarci_4x,false,0,false
s022a_wall_rep05.bmp,cdaf458ba38221b1d3936fa7be16cc13dcba428a,3384754442e19f8e8bcb77757f33f9f4cd1cf78a,true,ps2 textures\opaque\bp_remade,true,true,5,remarci_4x,false,0,false
s022a_wall_rep06.bmp,46be6a89b89521acc09d97d798d6b2a5011ebb7f,fea8bb7407d443503dea1557bdc1a1880c6afce9,true,ps2 textures\opaque\bp_remade,true,true,5,remarci_4x,false,0,false
s033a_koke_03_alp_ovl_rep.bmp,8dce01235e55154f6afb346608c6b960fb0b66aa,682d3006bbbb5535858b3f1fe1ae11386ac26361,true,ps2 textures\HAS ALPHA\bp_remade,false,true,5,remarci_4x,false,0,false
s041a_wall01_alp_ovl_rep.bmp,ac5d06681df4b45f2b4e6083b015121e4ae5213b,9d3864259d3d4ced91c358fc7f48b2c5b8546e47,true,ps2 textures\HAS ALPHA\bp_remade,false,true,5,remarci_4x,false,0,false
s042a_armory_caution00_alp_ovl.bmp,6936ec8a03d241beee288a50e995bfd51a46e811,661bdc060a4919d9a502276863a223bbbdcd9fbb,true,ps2 textures\HAS ALPHA\bp_remade,false,true,5,remarci_4x,false,0,false
s042a_fl04a.bmp,7fe380b9d859b57a7fa913bcc74961364f6bfbb3,d6b7613b875693f45c4e8625adf69792d7c46a1c,true,ps2 textures\opaque\bp_remade,true,true,5,remarci_4x,false,0,false
s042a_fl04b.bmp,b3cfc3da4ab2dc221b2a90978072667ea7e25684,237851a50e0157426d79a672b72a2190a37c6e7a,true,ps2 textures\opaque\bp_remade,true,true,5,remarci_4x,false,0,false
s042a_ladder00.bmp,62c19143582e4a40b71dfa61ee5a6017caac21b0,b110cec2e45ee1335ef68eb0293ce4e04a339ddd,true,ps2 textures\opaque\bp_remade,true,true,5,remarci_4x,false,0,false
s042a_ladder01.bmp,d58dd5f29efe6c231d3cf4ad0951d0bf8c6098e2,0c3f40e9c906d448458bf2db1fb2da617e3bb450,true,ps2 textures\opaque\bp_remade,true,true,5,remarci_4x,false,0,false
s042a_rubble00_alp_ovl.bmp,c473641f1b88a7cba37b68455b216d02570049f1,85cf3a52a1459ac0aedae4b9d24905147d14c29a,true,ps2 textures\HAS ALPHA\bp_remade,false,true,5,remarci_4x,false,0,false
s042a_wall01a.bmp,711d4c10bb53e1fbc0f7921ffe19f819a5b147d5,68bad20ce2de9fe29462ee7d42f14236ada8a782,true,ps2 textures\opaque\bp_remade,true,true,5,remarci_4x,false,0,false
s042a_wall01a2.bmp,ea8549cf5bd39c1150fa75b8677bf3877d20239d,da136583de2692fdf51f7dfd1a80476c2332ea8c,true,ps2 textures\opaque\bp_remade,true,true,5,remarci_4x,false,0,false
s043a_box00a.bmp,118fedc0524cc5a19ba1b7a830adb4a53bdd0688,b99a6167806b0d3cc86215c4a227e86cdd82fc5c,true,ps2 textures\opaque\bp_remade,true,true,5,remarci_4x,false,0,false
s043a_box00b.bmp,8f527a124a9f9f85ca7fcbcc30764b062f939473,b342435d2520ac7ec7b38080034f0381cfd0662c,true,ps2 textures\opaque\bp_remade,true,true,5,remarci_4x,false,0,false
s043a_box00c.bmp,eb2fc0ba048aa8ebf0b67e1058a78ba26049fe36,7ab3a93246b12f93fbbc4c5e3da6b190dd992f55,true,ps2 textures\opaque\bp_remade,true,true,5,remarci_4x,false,0,false
s043a_bridgefl02b.bmp,2a2f3f84a5f065671a5c30bcbfb15321fa3da591,f7f370d178246efb092ad6cb88be8a113f2b68a7,true,ps2 textures\opaque\bp_remade,true,true,5,remarci_4x,false,0,false
s043a_bridgefl03b.bmp,3c1709a12116d28993398aa82aa824dde59c2036,e1b338e56e5409a8545eeb90e126cb62b2e8ca45,true,ps2 textures\opaque\bp_remade,true,true,5,remarci_4x,false,0,false
s043a_fl01_rep.bmp,8830abeb20f0f240fb21866a9b0b6c7ac2f0505a,8d0b8318dc09e61e75c17c286619f681cf42423c,true,ps2 textures\opaque\bp_remade,true,true,5,remarci_4x,false,0,false
s043a_fl05.bmp,684695c8278c152a3bca1bfcf60074fdfd46f5af,32c543a3100b70f499a0a5eb6fb907bd714b30e5,true,ps2 textures\opaque\bp_remade,true,true,5,remarci_4x,false,0,false
s043a_gate00b.bmp,80d12611514589d5bab2894b2083855cda349ae7,a01f219c9050b452950b749cb0cf8e7f82dc8ea3,true,ps2 textures\opaque\bp_remade,true,true,5,remarci_4x,false,0,false
s043a_underwall01a.bmp,700ea1d88ee7f2e16f8c84d5e844534eea7e1d1a,efadd851533a63e80409196551621f8ce28bb6a8,true,ps2 textures\opaque\bp_remade,true,true,5,remarci_4x,false,0,false
s043a_underwall01b_rep.bmp,934de26bb93e19ad89d604c6744650a037a643ac,d90b9cd0582e5c113de8e2a24a33f855a674611f,true,ps2 textures\opaque\bp_remade,true,true,5,remarci_4x,false,0,false
s043a_wall01a.bmp,5703f83a82f9e3e75b78c032f7a37b580668ff03,5bfebd85656c0838ad053fbb2f5cf45c239bd893,true,ps2 textures\opaque\bp_remade,true,true,5,remarci_4x,false,0,false
s043a_wall01d.bmp,e5ba632d665dec94f522937c5e061e70c28bf547,60706318d269c631d5b81ba56ac67d30b9e737c4,true,ps2 textures\opaque\bp_remade,true,true,5,remarci_4x,false,0,false
s043a_wall01d2.bmp,70831371f38fc374b1d0afbfdc2feeee88f0fe2d,7f43979eebd570cd4d489e5f07b560ad3ac0d6bc,true,ps2 textures\opaque\bp_remade,true,true,5,remarci_4x,false,0,false
s043a_wall02b.bmp,cc07fdb2f0141d759705a33013bfca720887bfae,9ba2e96734ed32d7b3c07d7f35055e425f3dd962,true,ps2 textures\opaque\bp_remade,true,true,5,remarci_4x,false,0,false
s043a_wallbrk02.bmp,f342e2689ed6af0f6fe5a11c76f59f340b35b970,5788c1d2c8be505c9b6e6d707238afb1592482eb,true,ps2 textures\opaque\bp_remade,true,true,5,remarci_4x,false,0,false
s044a_door00.bmp,f62b25cc23ed4ac3a0a1bd77d5088ad1065a0811,d10f6b53098bdf5f37264e0cfc50703755652e0b,true,ps2 textures\opaque\bp_remade,true,true,5,remarci_4x,false,0,false
s044a_drwall00b.bmp,b225c69d668e2d8551c638573c61f6793d065d29,be72ff8001c2fb588182c12eae80c0cd7c112cd9,true,ps2 textures\opaque\bp_remade,true,true,5,remarci_4x,false,0,false
s044a_drwall00c.bmp,6f60eedb6bcfb9cbf101ef9b6c8ba8334b40b29f,ee47f67e1c3630e434417f50edac4c63dd42d2ad,true,ps2 textures\opaque\bp_remade,true,true,5,remarci_4x,false,0,false
s044a_elv_door00.bmp,29594ab846de63ec78bbbca876ddffee0da1d542,0545ba62eb7fc28b795cc2a9e3f02e1f7ee2f22f,true,ps2 textures\opaque\bp_remade,true,true,5,remarci_4x,false,0,false
s044a_elv_panel00.bmp,95b875b83bc3e2d04cb364d8f335c28e68a0b2db,9423ff279033b1b3e0835ec3927bc08e439fa904,true,ps2 textures\opaque\bp_remade,true,true,5,remarci_4x,false,0,false
s044a_fl03_rep.bmp,a05f3ef52077ef4fb854c2003f7de7c89cc63e46,2233781d1bfa6cfd098e3a3ee1691d22e612c84c,true,ps2 textures\opaque\bp_remade,true,true,5,remarci_4x,false,0,false
s044a_fl05_alp_ovl.bmp,e4626c6415f35825dfe037995912e1ff7c29a44c,8ec989543702ce22e78873e5ce34fd28f300a72a,true,ps2 textures\HAS ALPHA\bp_remade,false,true,5,remarci_4x,false,0,false
s044a_flpnl00a.bmp,2d21b8ead2472fbef836a0fc66982d41a3931035,5dd4e5ba489ed02425c68377db86600e452e800d,true,ps2 textures\opaque\bp_remade,true,true,5,remarci_4x,false,0,false
s044a_flrusty01_alp_ovl.bmp,c3086428013c56e67c8d6b24c17ecae0b539d59f,c9fea74679032681a4d79ea1f6f2262e1d2e0e11,true,ps2 textures\HAS ALPHA\bp_remade,false,true,5,remarci_4x,false,0,false
s044a_gate00.bmp,0544608f0d98c6e166848ef4bf356ae99051504c,ba18d5363f62bcdea8da83802db5d445f25e5347,true,ps2 textures\opaque\bp_remade,true,true,5,remarci_4x,false,0,false
s044a_maa01_01.bmp,a98518954801af2f8597659e0be7cfd16f5995d6,e06a5c067a2e6b75e2d661cceb8309bfea2dc261,true,ps2 textures\opaque\bp_remade,true,true,5,remarci_4x,false,0,false
s044a_maa01_02.bmp,a4755ebbda97c98c36068a299baac0b22212f0f9,32fbfbc00fc606ad1f166d79a14b409ab6dc1f69,true,ps2 textures\opaque\bp_remade,true,true,5,remarci_4x,false,0,false
s044a_maa01_03.bmp,bb023a7ca999e2c86f70a5c7bb5d33a485a7b562,8b251f47497f1b855ffba2071778fa9733097ee7,true,ps2 textures\opaque\bp_remade,true,true,5,remarci_4x,false,0,false
s044a_roof00a.bmp,71fc4bac0340ac4b82a13004b4519b8a56ff600e,d077f0034155673b3cce9941bd794b329d34f1ac,true,ps2 textures\opaque\bp_remade,true,true,5,remarci_4x,false,0,false
s044a_step01a.bmp,9208c8da2e1fad3ca4c99b2d5a70515d54c03213,ad3dca37bd94ee49009af2999cd3146c2de3afb9,true,ps2 textures\opaque\bp_remade,true,true,5,remarci_4x,false,0,false
s044a_step01b.bmp,a968ab12e2eab99fb7e2317f0573a185241c1689,e3dfefe6786833c0b96081d9012cf61fee56072e,true,ps2 textures\opaque\bp_remade,true,true,5,remarci_4x,false,0,false
s044a_wall01_rep.bmp,b3c5eee84cae0a6ed86f12a08149f1d3474227df,bc85f1b44b54bac9cf9d45138773ec0add3be613,true,ps2 textures\opaque\bp_remade,true,true,5,remarci_4x,false,0,false
s044a_wall02_rep.bmp,336382e6b9f6b5332debb9545266229f4e84e7f3,09ac4e2e2aa23232734a8653c7003b4664113d03,true,ps2 textures\opaque\bp_remade,true,true,5,remarci_4x,false,0,false
s044a_wall03a_rep.bmp,ec04962c785b41422c43e931160d2cba0489769a,bf7cf56a53f27af9e4a1a31ad9deb0b9150842fd,true,ps2 textures\opaque\bp_remade,true,true,5,remarci_4x,false,0,false
s044a_wall03b_rep.bmp,6b176eb1e2e9f4bb5a2bf2c2f710346cd346a2ec,35f58f24eff0093098f939f2cf4f97aefea12917,true,ps2 textures\opaque\bp_remade,true,true,5,remarci_4x,false,0,false
s044a_wall03c_rep.bmp,2779773e2ab11a1ae1df56ae969fac3afb882d3c,c67aa867cb5e09f1ee176db6359f66c432ec0a19,true,ps2 textures\opaque\bp_remade,true,true,5,remarci_4x,false,0,false
s044a_wallobj00_alp_ovl.bmp,51388a40ed51d08826d63032c74bb003608caaab,1e9222f289ee07eb230688ed6bb9a212405cd7a2,true,ps2 textures\HAS ALPHA\bp_remade,false,true,5,remarci_4x,false,0,false
s044a_wallrusty01_alp_ovl.bmp,d11db9aea4750758e8b813badca76fdd852f3bfe,57ea5c4b38b2f685864c5c3647d0c57c42476b2c,true,ps2 textures\HAS ALPHA\bp_remade,false,true,5,remarci_4x,false,0,false
s045a_fence_a_alp_ovl_new.bmp,3ca080608c8ac9c4eaa7386739e768c7bf3fd144,b3cff6ba3cbf0bc27a4cc7f7f3eab432dac99e16,true,ps2 textures\HAS ALPHA\bp_remade,false,true,5,remarci_4x,false,0,false
s045a_wall_a_pillar_new.bmp,0f9630f5a39a4c2540bb5cc04263ad3de74356e6,a8a8a56eb302a6a355081ec7e55035c547cc0b4d,true,ps2 textures\opaque\bp_remade,true,true,5,remarci_4x,false,0,false
s051a_44wall01b.bmp,0552f87688a6c92e38b1c25875f63347fe42451e,ec0e1cb16a926f3ba889dd559a2d47d920cc461b,true,ps2 textures\opaque\bp_remade,true,true,5,remarci_4x,false,0,false
s051a_jimen_a01_rep.bmp_a29eacb6af2fb4c008aac3603e46039a,0cc4fd380b6f6d427d0831a804d96850b3fcb17a,de9a33a6555b873ed7264db7ec4ff388c6e47abb,true,ps2 textures\opaque\bp_remade,true,true,5,remarci_4x,false,0,false
s051a_rock_rep01.bmp,9f12bf1328fb54ef17b07d921fe0369397f67ec8,f41cdc4ff7156fdfaad966aaa721f44b21b39ca7,true,ps2 textures\opaque\bp_remade,true,true,5,remarci_4x,false,0,false
s052a_box_01.bmp,23843c67148ee2bebb0431864b24fa6320a493f8,06b710cfa7252765c3bab014461009305e9d41de,true,ps2 textures\opaque\bp_remade,true,true,5,remarci_4x,false,0,false
s052a_door_light_02.bmp,6c0ae01b5f920524502ab8174d60e7b6bb6d1eac,4f7a85943dfb62391a9ea619452577b2073a5fb8,true,ps2 textures\opaque\bp_remade,true,true,5,remarci_4x,false,0,false
s052a_door_light_03.bmp,1627b8e4df787e64009685b170bb6326dffccb3c,0c2c34560f0432a2e8b447a2beea686d05153b51,true,ps2 textures\opaque\bp_remade,true,true,5,remarci_4x,false,0,false
s052a_door_wood_01.bmp,d521f4a6e62d114a87465615f01e642331dc8b82,8be8a4a02c772d83e3f6c7fe117aa1f85a7d3e15,true,ps2 textures\opaque\bp_remade,true,true,5,remarci_4x,false,0,false
s052a_door_wood_01.bmp_89397a37640b16463974121866f9728f,2d9fa82586ba00854802ddcf67ec7ad7e6c44808,d94ceab744bfc4e7c080b4a7d74bd39e3ecf5448,true,ps2 textures\opaque\bp_remade,true,true,5,remarci_4x,false,0,false
s052a_ent_conc_02_rep.bmp,0319beb3e8b590a327e0a3d95676e1c9f6cebad5,4ef675a49ca71b7d0a63448a41daba20e9218133,true,ps2 textures\opaque\bp_remade,true,true,5,remarci_4x,false,0,false
s052a_ent_deco_01_alp_ovl.bmp,b32b6338dcc02e6d0ee469f896e32cf050601fa0,511dc21b43b067c92fb98c3f10cbdc82f92468f6,true,ps2 textures\HAS ALPHA\bp_remade,false,true,5,remarci_4x,false,0,false
s052a_ent_floor_01_rep.bmp,9228f8840fba56513180f3bfeb69cc7b0adbea65,4deec6b741cf1a3c0f717c2ef75608a21da938ab,true,ps2 textures\opaque\bp_remade,true,true,5,remarci_4x,false,0,false
s052a_ent_floor_02_rep.bmp,4187861bba42994fc366efa716d1ad0f2971c38a,449092d689d73e9bd632c20b6c7d5d8872e6bc89,true,ps2 textures\opaque\bp_remade,true,true,5,remarci_4x,false,0,false
s052a_ent_floor_03.bmp,2dc5a89a58926efe180274deca904eb1282c3496,ed8718617937609a569449c1d583663a91bc517c,true,ps2 textures\opaque\bp_remade,true,true,5,remarci_4x,false,0,false
s052a_ent_mat_01_alp_ovl.bmp,31f342db70e2966f0254b02212d58d259ecc816b,f479dafaed36ee34ed04dd59cf2554502f32f7cd,true,ps2 textures\HAS ALPHA\bp_remade,false,true,5,remarci_4x,false,0,false
s052a_ent_mat_02_alp_ovl.bmp,9883c85bea5e0b6bcad909ca8e2647f13829c50c,ef02de2a44c575254e49ff8d1f4ec793d9d59694,true,ps2 textures\HAS ALPHA\bp_remade,false,true,5,remarci_4x,false,0,false
s052a_gate_door_04mk_alp_ovl.bmp,7b57920bfa4ff3e55f0ada8f6d0c7b61fe2a1db7,0b7bd6518ceb6242415b452b2d90cef53bd465df,true,ps2 textures\HAS ALPHA\bp_remade,false,true,5,remarci_4x,false,0,false
s052a_hashira_01.bmp,ccacf9f3f451c89f160ff77889cf385a2e03518a,234b3e6163ac670593494acc306209f454d52c84,true,ps2 textures\opaque\bp_remade,true,true,5,remarci_4x,false,0,false
s052a_hashira_02.bmp,91786b849c603b489d57226a04796eb045b8b5f7,9e8a83b59268489e6671868fc0805dccda3296c0,true,ps2 textures\opaque\bp_remade,true,true,5,remarci_4x,false,0,false
s052a_hashira_03.bmp,dbc41f3f33e165bcbd0a8f2d5e95be5f332e7ae3,e005ca7e8ea3bb547724630dc5ce75077d709c0a,true,ps2 textures\opaque\bp_remade,true,true,5,remarci_4x,false,0,false
s052a_jimen_deco_rep.bmp,08f8658878b5422d7c61d6ea5aebcc17c6506415,77a28d3fd43c58e90486699c614f5779de7e7100,true,ps2 textures\opaque\bp_remade,true,true,5,remarci_4x,false,0,false
s052a_kadan_01.bmp,b219a99bd35e65fc8cf6d4a83b8999f9fdcba053,e264c0a0b60013f726959d576b4ad9c8c5c60b05,true,ps2 textures\opaque\bp_remade,true,true,5,remarci_4x,false,0,false
s052a_noon_ent_kage_02_alp_ovl.bmp,1f8304af80ee1ee843dc1fc09774a2f6336a62c5,9297344fd873cc0339a5a58b59953f0cde1b5cba,true,ps2 textures\HAS ALPHA\bp_remade,false,false,0,none,false,5,false
s052a_noon_ent_roof_rep.bmp,e3ca9ca29b71601faa351697cf9a097a59a5aa7d,a5f0a3ca1bf78c5b414acf1849c5349b8aff564d,true,ps2 textures\opaque\bp_remade,true,true,5,remarci_4x,false,0,false
s052a_renga_wall_01_rep.bmp,0d56d59915cc294807e3a872034b43fec7aa6c3e,51c7da77ed85c0025dad6de785bb24b1dd0dcf54,true,ps2 textures\opaque\bp_remade,true,true,5,remarci_4x,false,0,false
s052a_renga_wall_02_rep.bmp,b463e4e78a705ac7d81eb2f8a70b79f4a6d87c9f,7913eb2182c4365099c390149c1b0e6d5bae78b4,true,ps2 textures\opaque\bp_remade,true,true,5,remarci_4x,false,0,false
s052a_streetlight_03.bmp,da42c1747748d4651ef92413aade8eabc5c281f4,e2d67d238901e0dc71608e094d577a5df53da6fc,true,ps2 textures\opaque\bp_remade,true,true,5,remarci_4x,false,0,false
s052a_streetlight_05.bmp,a4dafe6bc119282c660682c8629e5dea9a3e8c92,b0c9dc917a358fe6e05c25eea16f630800dc55e9,true,ps2 textures\opaque\bp_remade,true,true,5,remarci_4x,false,0,false
s052a_tile_floor_01_rep.bmp,3e4c9b21c7830299808f4d9163d0cfc6cf77afda,9294d84af5fa23c2b260326fdafb479f3e547892,true,ps2 textures\opaque\bp_remade,true,true,5,remarci_4x,false,0,false
s052a_wall01.bmp,4ad7c17b7b86b8a09395a852e074b3c880a921a3,3daae2c5bfbfc5523b7fb32404498c2abbb14f0e,true,ps2 textures\opaque\bp_remade,true,true,5,remarci_4x,false,0,false
s052a_wall02.bmp,a5523cfc124a096cc834be37f3140ea0d9e84559,8b5e5f5a6452f8486632d6202b294a34d799d97e,true,ps2 textures\opaque\bp_remade,true,true,5,remarci_4x,false,0,false
s052a_windw_sita_01.bmp,367645eadfb717c953b2c71939d0ecb9c8819baf,fc667cebafb53df7b72f6758045c7a32236d0ff2,true,ps2 textures\opaque\bp_remade,true,true,5,remarci_4x,false,0,false
s053a_bookstop.bmp_39c48569f059746c2629fdd82139863e,0373f817736a04ca1f0f394a878d291ffbfcd5d5,21e2fd2b15b28f794b7ea423346084a846e7dce4,true,ps2 textures\opaque\bp_remade,true,true,5,remarci_4x,false,0,false
s053a_boxa00.bmp,117c3177ab74ba7d4b7de8e8720131361fd4eca6,8d98490d7bbbb3e3004cd77f6d4d31d1ca196be5,true,ps2 textures\opaque\bp_remade,true,true,5,remarci_4x,false,0,false
s053a_carpet00.bmp,a675bae8a0502e85caee80161c882e2941359883,d4f76c53a9548b436e503e5ccc20c498e7a7f16e,true,ps2 textures\opaque\bp_remade,true,true,5,remarci_4x,false,0,false
s053a_case00.bmp_577fc47da881b28a88dcea0b580d8a7e,da54cde7ec73e72218fc0f0396009aa94b04fe50,f239c7738c0ac134694a48445d616e8badb26142,true,ps2 textures\opaque\bp_remade,true,true,5,remarci_4x,false,0,false
s053a_comp_c00.bmp,c0eeb6984e0b34c09e1ba8bc68eae54be6858346,3e043aba34fb66dce5ebb5783b3f8152fe1d58a2,true,ps2 textures\opaque\bp_remade,true,true,5,remarci_4x,false,0,false
s053a_curtain_a00.bmp,5ea73e9d74f0386aa5c40ed3120d301aec8e7ae2,f87d90be1f7701be5bc53c3b08f98d03d9dc0404,true,ps2 textures\opaque\bp_remade,true,true,5,remarci_4x,false,0,false
s053a_curtain_b01.bmp_72e3ddebb0af1ad3cc60e0cce2d72e12,d6900eae40eb7c124bf6cfaeb796dab7275d7abd,8b5aa4064ca09e05837c4a74c8137788d3e830d5,true,ps2 textures\opaque\bp_remade,true,true,5,remarci_4x,false,0,false
s053a_door_b00.bmp_ac9b2f2a3c8818e577edc950d7cf0a32,8896f7ceea36ee849427b3a3bd68d37097a97a1c,b7230cc9d406c81de3dc4574373f0ad8e8ba4cb9,true,ps2 textures\opaque\bp_remade,true,true,5,remarci_4x,false,0,false
s053a_duct_00_rep.bmp,67a9057ea2fbc1773fd526634c0e6abd6c9ae652,01355e6f761f0f93764713a16d8b0084435f47d5,true,ps2 textures\opaque\bp_remade,true,true,5,remarci_4x,false,0,false
s053a_floor_b00.bmp_ba9902d7ff252f85633820cfa379a97d,60521690a9ac8fdf3a488e06c47b8a5d5cd019b7,0b7fa5940686b83b5e2f09a4e8743d852814d469,true,ps2 textures\opaque\bp_remade,true,true,5,remarci_4x,false,0,false
s053a_floor_c00.bmp,64a3f6a2c3951435ce62719885fcfd74a26b01e6,5b3e6b3bb9e4786a8083082b18c8ee9a88ebf296,true,ps2 textures\opaque\bp_remade,true,true,5,remarci_4x,false,0,false
s053a_floor_c01.bmp,fef1fd18894cafb774c31c9b59872caadfbf1b8f,444eb49f67e2aa2e0e5576606063fb9450c61142,true,ps2 textures\opaque\bp_remade,true,true,5,remarci_4x,false,0,false
s053a_floor_cortyard_00_rep.bmp,6c599dffe7f9b0011d357ce78e5e153f7d51c246,1284d91f7f165bdc54d238ae56d1856156e6ce90,true,ps2 textures\opaque\bp_remade,true,true,5,remarci_4x,false,0,false
s053a_floor_d00.bmp,22a4f29e3e2123d7d18ad9f581e0b81f890db338,3edde35630964e530d9087f3dbc5b9a13fdc7bde,true,ps2 textures\opaque\bp_remade,true,true,5,remarci_4x,false,0,false
s053a_floor_step00.bmp,b43a7c960eef944e5dbff5155444bcefac0d8d8d,f75cbfc993d76a61dd98054030aa061c0d1a3ac9,true,ps2 textures\opaque\bp_remade,true,true,5,remarci_4x,false,0,false
s053a_floor_step00.bmp_09c53fd0b62a8927f6cb7d36dd6b2867,24a4da409df2f37acd580548ea7471c199d7400d,5d701fa5a9acb3034332f66da03010aa9c44b2a6,true,ps2 textures\opaque\bp_remade,true,true,5,remarci_4x,false,0,false
s053a_lattice00.bmp,30573b5442208df0c07aa9cd8b411a0784a89eef,49faa1b33ba5c3f31307598885a1f7b34d40bee5,true,ps2 textures\opaque\bp_remade,true,true,5,remarci_4x,false,0,false
s053a_locker00.bmp_39e770c968e39c0253104e49b18ed7ee,a13131b66492243f83d674ff5fbd80e8c4f3995d,ebe405bff973a0d51aa668fb26d13888ed131223,true,ps2 textures\opaque\bp_remade,true,true,5,remarci_4x,false,0,false
s053a_outsidewall_a00.bmp,da6b08e7d1affc2e4b37ea54e2cab047947375a3,0383151a5f421acbaaf4dcd62b66f21936ecddbb,true,ps2 textures\opaque\bp_remade,true,true,5,remarci_4x,false,0,false
s053a_outsidewall_a01.bmp,7d95c2f5bee5e32b73a2f02323448d18c3ca1d6e,303e5c87c7b7a34b1705daccbb778f5336e2d0c7,true,ps2 textures\opaque\bp_remade,true,true,5,remarci_4x,false,0,false
s053a_outsidewall_a02_rep.bmp,9ece1f5dff0a0d6ebfe1e16ddfb0d6ccd29c46c4,d52ced0e065f8609f43c3325a586397b9f810fc3,true,ps2 textures\opaque\bp_remade,true,true,5,remarci_4x,false,0,false
s053a_roof_a00_rep.bmp_938bcd93e7a87aab26291f3bae3b87cb,91b3be1bd428d6755a0720bbb7a0d24bf895f519,bcc64ce1ecc3977ea51dbc56250da9fbbb24d7c5,true,ps2 textures\opaque\bp_remade,true,true,5,remarci_4x,false,0,false
s053a_sign_00_alp_ovl.bmp,b7dba09c83e5af11e064f92723d54788fb44e91d,aa6fd6030025b9443ad29b8d0e53d8375f024302,true,ps2 textures\HAS ALPHA\bp_remade,false,true,5,remarci_4x,false,0,false
s053a_step00.bmp,bce5efbee7c914bf7ab161c3dd36478944255ab9,9dbfff88a81743ab863cceddeb052c90e5a03c47,true,ps2 textures\opaque\bp_remade,true,true,5,remarci_4x,false,0,false
s053a_step01.bmp,6abcdeefd89c2a9801e9a13f0cbefc8316477774,03709e3f4757f7a269f4a362777eca890ace3209,true,ps2 textures\opaque\bp_remade,true,true,5,remarci_4x,false,0,false
s053a_table00.bmp,4f83681374ca1b684bc1e74341b18935877f3b82,0c39aa16594bfa3668bb3a296e37a3024b7bdeea,true,ps2 textures\opaque\bp_remade,true,true,5,remarci_4x,false,0,false
s053a_tablelight_a02.bmp,ae4f5e7afe25fdd865ab8e73f53b293225c382c3,49b711e4326478a0dad679578e5cbf60489243b8,true,ps2 textures\opaque\bp_remade,true,true,5,remarci_4x,false,0,false
s053a_tablestone00.bmp,26733f5335348db004d0394ec20ee749d6f02858,ec1d8d606c44f22f20eca5213205683699401b9f,true,ps2 textures\opaque\bp_remade,true,true,5,remarci_4x,false,0,false
s053a_vent_b00_alp_ovl.bmp,1e384604e620af192df12572aabeef6fc7949b6d,f9192fdcab62adf4288504eda43d7550b485075a,true,ps2 textures\HAS ALPHA\bp_remade,false,true,5,remarci_4x,false,0,false
s053a_wall_a00.bmp,a574c322a24cd22a00087f2ba18c2dcfa55f6382,390aa7f45ea6fb3117d7486c365bda95585bb0d0,true,ps2 textures\opaque\bp_remade,true,true,5,remarci_4x,false,0,false
s053a_wall_a01.bmp,84cb4c2a4a05bac117cc5eb6099c3341dbe828d7,5b974a208ca7b4fb9bdcd64d7b137aa2096ef064,true,ps2 textures\opaque\bp_remade,true,true,5,remarci_4x,false,0,false
s053a_wall_a02.bmp,dc4305c123ece8b5f90f03dc523a361a437b8153,9698a700320631cc6f34caeabf91c441f462ef37,true,ps2 textures\opaque\bp_remade,true,true,5,remarci_4x,false,0,false
s053a_wall_a03.bmp_1096250c2007540100bdb5ebfacfc248,7b1acfe36da654bdc7380db2c8d3e8822f55ffbf,e639c1b3e2fb396fcf4e6a81cd5aeea66ae97921,true,ps2 textures\opaque\bp_remade,true,true,5,remarci_4x,false,0,false
s053a_wall_b00.bmp,0910cc818df1bdbb16f5074e6e8fb8bbd1758b24,64df5c6bc31d32a9d940382f2aa5cb34764bb4ba,true,ps2 textures\opaque\bp_remade,true,true,5,remarci_4x,false,0,false
s053a_wall_c00.bmp,d127f71f16eb58322f32b2e7ff784ad519217369,7ce160063b0f6b3a27fd48edd2ca1969be90f9e2,true,ps2 textures\opaque\bp_remade,true,true,5,remarci_4x,false,0,false
s053a_wall_c01.bmp,07b6f347004ce87ae8a61b008e6c8227d7881f42,b0dc2834dfee1be17ab44065438e0cb079486b73,true,ps2 textures\opaque\bp_remade,true,true,5,remarci_4x,false,0,false
s053a_wall_tile00.bmp,b6da65c34f0b77d08938745e169769c438964614,695d94611eca4d7e07be8e0f42700a202b97d91c,true,ps2 textures\opaque\bp_remade,true,true,5,remarci_4x,false,0,false
s053a_wall_tile01.bmp,b39a770082d4336bfa70e5ec56a6729045b7fd46,c416aeff1b914ba4701373a31783dc7543c9f52c,true,ps2 textures\opaque\bp_remade,true,true,5,remarci_4x,false,0,false
s053a_winframe01.bmp,ef9b87e193bf284d4c4da8917accfbb0882129d3,9c386fac8dac5cbe2a9efe773f646484a9d8953e,true,ps2 textures\opaque\bp_remade,true,true,5,remarci_4x,false,0,false
s053a_winframe_a00.bmp_5ca9f735c63d9708d16af9fe8a75fabb,47a9262d19b7e6d58c6d9fcc10078f28fe6d3db9,f17644239550a102968e8d7e8d514a13fabb3895,true,ps2 textures\opaque\bp_remade,true,true,5,remarci_4x,false,0,false
s053a_winframe_a01.bmp,3ba9c55e59e5d4ef21e950090d880c2e82972176,0d71a0cdc0deaf7260f5b79188e7e79771f7028b,true,ps2 textures\opaque\bp_remade,true,true,5,remarci_4x,false,0,false
s054a_256floor.bmp_0697fac15d00781af713e1e454a9bfc2,55579eade2b07dfcd9f37acc491488f0a74f2a95,1ad5b46d7e66675cb8232370d4da1e5abe154efd,true,ps2 textures\opaque\bp_remade,true,true,5,remarci_4x,false,0,false
s054a_book00.bmp,33055903894bc8302590d25b617eab606819f4f8,9272f84d89ed280a95ea638a73a16ef6fb194001,true,ps2 textures\opaque\bp_remade,true,true,5,remarci_4x,false,0,false
s054a_chair00.bmp_5d9a6452cb3a310e9a4aab3b11eb961d,fceef60b4a3037d951c43ac4bab84d9af436cca7,e15320b1a96c7e9cc6b05826157835303e210b54,true,ps2 textures\opaque\bp_remade,true,true,5,remarci_4x,false,0,false
s054a_chair_top.bmp,efa1bb48e4620ab9f943bd03482ff8954723f94d,5efa61ecd115f1a4b5b23050561e48d876acdc26,true,ps2 textures\opaque\bp_remade,true,true,5,remarci_4x,false,0,false
s054a_chair_top1.bmp,475c687fc8f1423d4b919180055ae3394034ec0b,9e7a7410893c37a4777d88f6ddc6ef3dbff6bcdf,true,ps2 textures\opaque\bp_remade,true,true,5,remarci_4x,false,0,false
s054a_comp01.bmp_23e825bc353843aff7bdba09f280521c,2322a2ec59c45f4103e68dbff67b033674f20637,af59bc838e6b16f9c84a1597e67d188217b27c14,true,ps2 textures\opaque\bp_remade,true,true,5,remarci_4x,false,0,false
s054a_comp256_00.bmp_e2e8f9316df1d56e556e9d7b5d4d2356,530c2d5b7aff0cbbbcf86e0a40a9dd2caec497fc,ebd6c37719e20c545c1f861a84ddc17350bebdae,true,ps2 textures\opaque\bp_remade,true,true,5,remarci_4x,false,0,false
s054a_desk_cloth.bmp,96fcc42e747ec56a8d09ea929fb0e1a68b5acfe5,79012cf9cc4cbacf3d7d804b98a663482b36d65a,true,ps2 textures\opaque\bp_remade,true,true,5,remarci_4x,false,0,false
s054a_desk_shelf.bmp,52627ad0ecb7b27b1477d55e95b5b1c7ed48b2f2,477babc0debc62fad241c8e97e8c1bcb56b8e4ad,true,ps2 textures\opaque\bp_remade,true,true,5,remarci_4x,false,0,false
s054a_desk_side1.bmp_f3680b6f57de4b6130325f13923512ac,872e58efab826ba0d6f9a726cb4cf89b281a4d06,ab7551777ac6c324f0e806307f4285c6c5846be2,true,ps2 textures\opaque\bp_remade,true,true,5,remarci_4x,false,0,false
s054a_desk_side2.bmp,ac66d97611dcb04140cf63aa51a9111bac2e5273,41c87a0913e1747f61d2a93392a60dbe9c3b20e8,true,ps2 textures\opaque\bp_remade,true,true,5,remarci_4x,false,0,false
s054a_desk_side3.bmp,673e08013285035288cda0ca519b1efdd7c8907e,e3553a6671a8345e5cfabf9871bec306b965a4e0,true,ps2 textures\opaque\bp_remade,true,true,5,remarci_4x,false,0,false
s054a_desk_top.bmp_e9975f62e962dbfcc0ceb3af4c1baf4b,a3722ca0aac58e26561a7903c06a2f1f34a93674,6ac131def7178548324aecf45e9d00d6fc79fed1,true,ps2 textures\opaque\bp_remade,true,true,5,remarci_4x,false,0,false
s054a_door.bmp,30d354d60a355c8d61e07ebb1b5dcf9f3716e957,e829cf8655a49cdda627ee40ba7f5f8c06aa5b96,true,ps2 textures\opaque\bp_remade,true,true,5,remarci_4x,false,0,false
s054a_paper_a00_alp_ovl.bmp,1fb4132a742a9eda20264679153f81bfbf3fec0c,46178f0a4eeab11c84973438b1bc22c7b3c93e55,true,ps2 textures\HAS ALPHA\bp_remade,false,true,5,remarci_4x,false,0,false
s054a_paperd_alp_ovl.bmp,ef6cbe78dd709ff9a1cc62fe4badf1255683ffde,9f1a210925fa8af1458cd764b57d6a44385c4194,true,ps2 textures\HAS ALPHA\bp_remade,false,true,5,remarci_4x,false,0,false
s054a_phone00.bmp,1089cd85c474216a5af75791383bee00caf657df,b5ff31427aa9dd2528f8134e9290c7495cdb124a,true,ps2 textures\opaque\bp_remade,true,true,5,remarci_4x,false,0,false
s054a_shelf01.bmp_798577b9e4978164785bb7b4d4e1dbb7,8b303349fc1798eb4bc36e0f38a46a81fa91eedc,f8c04ad7e1649f750becd3866ff58dc3b78f35cf,true,ps2 textures\opaque\bp_remade,true,true,5,remarci_4x,false,0,false
s054a_wall.bmp_ce6231c92dfca41914c8b7670aa2032c,f3f5d8ad88fb7f16eb026f2d6221547c1ce21cc9,4b2a10d3cedd68a4a83d927a6e763e755cea4b82,true,ps2 textures\opaque\bp_remade,true,true,5,remarci_4x,false,0,false
s055a_bed_02.bmp,f0805052d0b00ec33b4322c9e8e37abf7284a37b,94f76117f4aad30263cd18dda67013053e0ed60f,true,ps2 textures\opaque\bp_remade,true,true,5,remarci_4x,false,0,false
s055a_cagowall00.bmp,ab00e29d726bae4f0dc0b3168d9116a98cfe7879,eb258622b84212e0d72f3c32dde4fd30a4d18310,true,ps2 textures\opaque\bp_remade,true,true,5,remarci_4x,false,0,false
s055a_case_a00.bmp,50b0345b388ed0616555803d314098a997473862,dfc6d15424f9dc54cfe0292f8e94a93fa453bcba,true,ps2 textures\opaque\bp_remade,true,true,5,remarci_4x,false,0,false
s055a_case_a01.bmp,17ebddefb4b37a4cd536b01f95d5d0839722e935,15c58712018de161b957d27adf76c3ed2884ba45,true,ps2 textures\opaque\bp_remade,true,true,5,remarci_4x,false,0,false
s055a_cell_ironbars_02.bmp,945e5b4fe3f7cd452269c68bea84ca511ca98cb7,2deca0af47239a798e494202b94ccdff062a113f,true,ps2 textures\opaque\bp_remade,true,true,5,remarci_4x,false,0,false
s055a_cell_ironbars_03.bmp,365265c367e5347030eb334445965e40981fd622,88c7da24c948015f9b5cf0d3922ae0b55e715a01,true,ps2 textures\opaque\bp_remade,true,true,5,remarci_4x,false,0,false
s055a_cell_koushi_01.bmp,c62809bd5bda6501d5dff0b17d1ce5c2936a5734,b1e97331573a13bd0c1e49d4968fe75adf2e3039,true,ps2 textures\opaque\bp_remade,true,true,5,remarci_4x,false,0,false
s055a_curtain_b00.bmp,ec714241acb9d151c73b75929cb992336b199941,cbf81fed1d2084b6344ee4f3ce280afa2c41cd05,true,ps2 textures\opaque\bp_remade,true,true,5,remarci_4x,false,0,false
s055a_duct_01.bmp,4d0019746aa2d9d7677a1e6ca30d4d8e535d7634,723199efcdb5265b9047b9692a33bdfaaf5b4d58,true,ps2 textures\opaque\bp_remade,true,true,5,remarci_4x,false,0,false
s055a_heater01.bmp_680e3d2f3b8f552dca96322c16c58025,d216d43bd330e1c7a0de2ef93e4ec9994580bdc1,ffd83549b5870e0ddf8f61bb86f59d7a4d899971,true,ps2 textures\opaque\bp_remade,true,true,5,remarci_4x,false,0,false
s055a_heater04.bmp_ce6c6ff40e9a27d679170944d046584e,431abc6eab08dfe09e2b779046c0492aba11dbdc,a24f1553785d44fd41c5f3fcfdf21ad42f1d91c4,true,ps2 textures\opaque\bp_remade,true,true,5,remarci_4x,false,0,false
s055a_pipe00.bmp,77291342fc9bd6105cfec9d89a6a4c7bb65e0490,ee8c2e13d4bb940ca3265c75b29c3c36d3bce8ba,true,ps2 textures\opaque\bp_remade,true,true,5,remarci_4x,false,0,false
s055a_senmen_04.bmp,26840e9b1b1775dcfc5eaae3dac850089fdff2d1,48e394bd7cd06df3b0d07e39c43fcae1394e63b1,true,ps2 textures\opaque\bp_remade,true,true,5,remarci_4x,false,0,false
s055a_toilet_03.bmp,fa7d37ad1dd09636137bb5a8a4dba6ba179c8f35,56000505f8d56e387755ce3f2244587c3905ea9a,true,ps2 textures\opaque\bp_remade,true,true,5,remarci_4x,false,0,false
s055a_wall_b00.bmp,090d9d178a16741873db6febbc209e5668e691ce,f4398047ae817448b088e7164309522ed996d295,true,ps2 textures\opaque\bp_remade,true,true,5,remarci_4x,false,0,false
s055a_wall_b01.bmp,f5f13e416e62cf1249075879e3f688344e7364ad,5773a40d97c5dfd5b426fff9a5d26824c543e975,true,ps2 textures\opaque\bp_remade,true,true,5,remarci_4x,false,0,false
s055a_wall_c00.bmp,b92e5d20f8c1e66687c7c1cc94847c55054a7e0c,88f442daba950ed4fd5b23c69e8ef982aace2858,true,ps2 textures\opaque\bp_remade,true,true,5,remarci_4x,false,0,false
s056a_compdesk_00.bmp,314b1fa55aa2e9431043581c5baba633cf932591,f056324981764478fc06cabbdf35724521a999bf,true,ps2 textures\opaque\bp_remade,true,true,5,remarci_4x,false,0,false
s056a_compdesk_04.bmp,915f0e57c8d4e323016c4ddfc43bf4d5fd650b24,ca4b926172500b23a8d3a36c1498f5745c45f4da,true,ps2 textures\opaque\bp_remade,true,true,5,remarci_4x,false,0,false
s056a_compdesk_c00.bmp,0eb4f88d8a9ee16b34e2b0b012830748298440c6,409dfff2c471dcd9a32d5027f2cab574c90710d7,true,ps2 textures\opaque\bp_remade,true,true,5,remarci_4x,false,0,false
s056a_compdesk_lt00.bmp,a98a34ddfa22b7ea6c0888db78566d795b4c5a5f,ca06c5624f3fd49037131a97e3c23e4955c785cb,true,ps2 textures\opaque\bp_remade,true,true,5,remarci_4x,false,0,false
s056a_compdesk_p01.bmp,540e770d14edee4444072904fa25cf3adec7a416,2616c09bb24174dcc063ae7b5223159619ec782c,true,ps2 textures\opaque\bp_remade,true,true,5,remarci_4x,false,0,false
s056a_compdesk_top.bmp,985c5b08777e683e45e48d8a559dfd8420945243,32390c812f662136b0ca76ceda151d728c8e5e6e,true,ps2 textures\opaque\bp_remade,true,true,5,remarci_4x,false,0,false
s056a_door_a00.bmp,ef9a3bf3b66022e480af4173d7c54f306609edd6,b54bc8b3cc0cbe66fa78b27aa2c474c25a3f8678,true,ps2 textures\opaque\bp_remade,true,true,5,remarci_4x,false,0,false
s056a_door_b00.bmp,7a110dd698115b0ae603de2d565bfc749552b5e6,b774c64b8d28f7c4807f1c1229e64c4d8010ce15,true,ps2 textures\opaque\bp_remade,true,true,5,remarci_4x,false,0,false
s056a_door_c00.bmp,85e20dda51aaefc2e5881da72598839088bf368c,b021e2b4b96ea55cea8bd01c6558f85479db7c92,true,ps2 textures\opaque\bp_remade,true,true,5,remarci_4x,false,0,false
s056a_roof_wood00_rep.bmp,5e92a8e6589bbfa5e1b5fff97cfa2dc1b9110aea,f2547f1847f8918d62c7b9b1db4447b95cb73245,true,ps2 textures\opaque\bp_remade,true,true,5,remarci_4x,false,0,false
s056a_wall_b00.bmp,ffc5ef5defcbd5456924c4613ba6afb36b5f96d5,f2e219ba7331de954fed1cbcbbdf0e13d666ba85,true,ps2 textures\opaque\bp_remade,true,true,5,remarci_4x,false,0,false
s056a_wall_d00.bmp,c552e82b3e3a339ac887cc607fe1627bd5034ec6,9060e39a3399a763704569fced02f7dc9cb8531a,true,ps2 textures\opaque\bp_remade,true,true,5,remarci_4x,false,0,false
s061a_eld_tree1_large_mip8000.bmp,2df8078b7f32885b621e7044aad9511677e206de,aedd7e3190042295f72c08e0f7abc2127871ccbb,true,ps2 textures\opaque\bp_remade,true,true,5,remarci_4x,false,0,false
s061a_tree10_mid_rep_mip8000.bmp,8614864294199dc8c0b5da381b9060c3e32df55b,cee14e02fe9b35e6fbafcf437faa3b67742df263,true,ps2 textures\opaque\bp_remade,true,true,5,remarci_4x,false,0,false
s061a_tree13_mid_dark_mip8000_rep.bmp,1d01444dc8aa1386fcd461547fccba632462534f,708116bed0d95366db0672f8dfe97e20bdbe3547,true,ps2 textures\opaque\bp_remade,true,true,5,remarci_4x,false,0,false
s062a_blanket01.bmp,333d20d21d5965a739100c3100482d38533e5d8d,a6cfc8b9033c835f6cb7c8a934989e796a911878,true,ps2 textures\opaque\bp_remade,true,true,5,remarci_4x,false,0,false
s062a_board01.bmp,a330c82631973871b97b32276a7a183c1aefa908,244f002d5f6beb7d8a08829e6776e7dc6a037dc0,true,ps2 textures\opaque\bp_remade,true,true,5,remarci_4x,false,0,false
s062a_box02.bmp,52a967fce84febb55af249f7522d807cb85662e8,1a4cf295a757b5ec0d7a3b10a9c94fea3e0b99b7,true,ps2 textures\opaque\bp_remade,true,true,5,remarci_4x,false,0,false
s062a_box03.bmp,92438dec6595944c2e1e1250e8d33d1e8144e28c,0033a97a65c7f9f8428e2dc50b46f9d3af5960e7,true,ps2 textures\opaque\bp_remade,true,true,5,remarci_4x,false,0,false
s062a_box05.bmp,9e0014241be8357d7926af743ba5bdf56aeed73c,ccfd7b80845dec558d23e19f8216b2df487f2eb3,true,ps2 textures\opaque\bp_remade,true,true,5,remarci_4x,false,0,false
s062a_box08.bmp,3195d432d9e16ede515307d27a33b531a51d8198,9d87e47a279f0ac61c4ebb74d6bd1dc03a8b3878,true,ps2 textures\opaque\bp_remade,true,true,5,remarci_4x,false,0,false
s062a_locker03.bmp,8520cdb9459867be2701eb4847ec81f0b69970ed,5cf8d1bb4e7c485f979374aa83b35e63750d02f7,true,ps2 textures\opaque\bp_remade,true,true,5,remarci_4x,false,0,false
s062a_locker03s.bmp,a55a99eff0ec81b6f018c54f39bcc67440885668,191384a057b48e40c41cb8615b809f3f953d4aff,true,ps2 textures\opaque\bp_remade,true,true,5,remarci_4x,false,0,false
s062a_mog_floor_rep_01.bmp,23056cb786dc40b5219b61b78a068524a3831d71,9bd687e5529961d83fe889dba1a7a434a0fc67fc,true,ps2 textures\opaque\bp_remade,true,true,5,remarci_4x,false,0,false
s062a_mog_obj_01.bmp,767203a3be740b35a82428b68d58110174c90e6b,2c7ba53f050b0d56e5fd4cbf9a7eeaeffb917108,true,ps2 textures\opaque\bp_remade,true,true,5,remarci_4x,false,0,false
s062a_mog_obj_02.bmp,32723fdd149f204a68d2fb88215237f96ea78429,6fdaf48a4a10fd16f17d0dd7362d567cb58776b9,true,ps2 textures\opaque\bp_remade,true,true,5,remarci_4x,false,0,false
s062a_mog_obj_06.bmp,eaca5938624b331c39b05111a7b8f6891fb910ff,59c02f1745da6ee9b6134da5481a4976e68c480a,true,ps2 textures\opaque\bp_remade,true,true,5,remarci_4x,false,0,false
s062a_obj01.bmp,e7f9b522cc771efc7c22ae01528c65228eafd527,6a08e29c637d8d1c7611a5a270bfcab6760ce1d5,true,ps2 textures\opaque\bp_remade,true,true,5,remarci_4x,false,0,false
s062a_radio01.bmp,2994ecd4ebc5875cbeac09233c8a2fea10f05860,841a467e46504c8b87b8e5d9054e9fef8440f0df,true,ps2 textures\opaque\bp_remade,true,true,5,remarci_4x,false,0,false
s062a_wodbrk01_alp_ovl.bmp,a65905394813cf371e3dd7292aa5f84f603f5763,330713ed5b97544ca1a34b29f280b3415a279071,true,ps2 textures\HAS ALPHA\bp_remade,false,true,5,remarci_4x,false,0,false
s062a_wodbrk03_alp_ovl.bmp,114d74a9201c7db1c4b0f18b8ac5931b6476389d,bc8b4033a82b6b3283b5c63295453860f879f613,true,ps2 textures\opaque\bp_remade,true,true,5,remarci_4x,false,0,false
s062a_wodbrk04_alp_ovl.bmp,7d83d46f7c3432b3de2a308cd938161c3dd297b6,4cbefa67e86363d6c4b1e5a604b20531cae88f19,true,ps2 textures\HAS ALPHA\bp_remade,false,true,5,remarci_4x,false,0,false
s063a_armory_moss_alp_ovl_rep.bmp,5169d0eb93bbd6cabd3c03109c28e42373cd86d4,330e4f7608e8be9bbcc065ef43232b0d584b6a94,true,ps2 textures\HAS ALPHA\bp_remade,false,true,5,remarci_4x,false,0,false
s063a_conc_wall01.bmp,35f4d3a069810d18f6a9f8d4543c256ab48d19e3,12d7913ca7e00f1b2a5c10a6fef3027213f9a260,true,ps2 textures\opaque\bp_remade,true,true,5,remarci_4x,false,0,false
s063a_flr_moss3_alp_ovl_rep.bmp,59efe1ccb22c0b5581a7dc99788c148ed068a4a1,51d36d6fd26cae90eeb2c8303b7c29fbb588793d,true,ps2 textures\opaque\bp_remade,true,true,5,remarci_4x,false,0,false
s063a_flr_soilc_alp_ovl_rep.bmp,78018215e5d4efb19c0542ac707558c392691b31,4b4075a445c11a722ad8900b0394dca64278aa5d,true,ps2 textures\opaque\bp_remade,true,true,5,remarci_4x,false,0,false
s063a_small_tree3_rep.bmp,cbb9c824ef5d30bf9e9f5d649bee120fb1fb3d09,6eb02e1c55e5623ecac1c289b2faf285258bc88f,true,ps2 textures\opaque\bp_remade,true,true,5,remarci_4x,false,0,false
s063a_thin_leaf1_alp_ovl_mip8000.bmp,8c6e1d551307fdd75f84efce4704281003196cf3,55c852131c53765089ab1cbee91f2f5eec6ec8f7,true,ps2 textures\HAS ALPHA\bp_remade,false,true,5,remarci_4x,false,0,false
s063a_thin_tree1_rep.bmp,66292862a0ec6eda8415bd1b712a81cb72ca697a,127683e3dbb265067d280935e9648c4523994d39,true,ps2 textures\opaque\bp_remade,true,true,5,remarci_4x,false,0,false
s063a_tree13_mid_rep_mip8000.bmp,008dff871750ca099bd8f7cebed0230f68f85060,b689ad72be8f12acdd21c6db0db1ba40a143007b,true,ps2 textures\opaque\bp_remade,true,true,5,remarci_4x,false,0,false
s064a_deadtree2_rep_mip8000.bmp,3757088cbe1d6ea78eb6886ec6c71e2385e145c5,726ace3d00acece0d95f200f0ebf772c19ddbb61,true,ps2 textures\opaque\bp_remade,true,true,5,remarci_4x,false,0,false
s064a_deadtree2_root_alp_ovl_rep.bmp,5533d9a547d279018eb71be7c13ec2c0151630fb,f4d3e65cc436f9357c82b0ccc76d9661748ed001,true,ps2 textures\HAS ALPHA\bp_remade,false,true,5,remarci_4x,false,0,false
s065a_gajyu_tree1_l_rep.bmp,3babd1d8515eed76264b29a788b7a0fbec83dfe0,e9f3d53996d994a6cfd7e6c01407785fc9af5a64,true,ps2 textures\opaque\bp_remade,true,true,5,remarci_4x,false,0,false
s066a_door00.bmp,8f9f22c296f94775e92c514b5191bb3f1b3820de,291c918888d61732a28ace89b7d3073a72164406,true,ps2 textures\opaque\bp_remade,true,true,5,remarci_4x,false,0,false
s066a_ladder00a.bmp,cdda825e61c39f3e9f6c76a2a106bff5d46e5893,e795f3ae2601d04043ec3dd7b71ce2ace2b77b94,true,ps2 textures\opaque\bp_remade,true,true,5,remarci_4x,false,0,false
s066a_sk01a.bmp,7f97eb6caef3962d2d81fa04bb3d776b7798a6d9,cb71f4b8753268e8e8ac1cbecc15b34f20723d78,true,ps2 textures\opaque\bp_remade,true,true,5,remarci_4x,false,0,false
s066a_sk01b.bmp,7797969c130cd4983de25b1fabae19020bde7a87,f767a6693ff664e23c3b4d771ad220502e45fad0,true,ps2 textures\opaque\bp_remade,true,true,5,remarci_4x,false,0,false
s071a_snow_06_alp_ovl_rep.bmp,c6c8b6c30c01d565777c4f95bf5f804a1448fb75,fa8ed50466495180b7da228a7defd854febb839a,true,ps2 textures\HAS ALPHA\bp_remade,false,true,5,remarci_4x,false,0,false
s072a_jimen_a01_rep.bmp,8e08183050fb9ae7d8e9664da12cadb847afff15,1c19a30f9545d9e08c8488c21650cd062836773b,true,ps2 textures\opaque\bp_remade,true,true,5,remarci_4x,false,0,false
s072a_wood_a01_rep.bmp,5abf870532645187da09d23c223807d24a4c0a5f,c2f621413ae8f35461b61c684ddd0c89642502db,true,ps2 textures\opaque\bp_remade,true,true,5,remarci_4x,false,0,false
s072a_wood_a02_rep.bmp,abb3471bbc81b359853c7ee443d396ccdaa6bc68,5a48efcde41ac177d3ed74e930b3ef730f4b3def,true,ps2 textures\opaque\bp_remade,true,true,5,remarci_4x,false,0,false
s072a_wood_a03_rep.bmp,e29dcbb135374d7d4e4fc4249f43db4da18851e5,72e2d92a781ce758401a0f2e06e4197e530ca28b,true,ps2 textures\opaque\bp_remade,true,true,5,remarci_4x,false,0,false
s072a_wood_a04_rep.bmp,b0ee212643c0f0e9068ad7e3309c080e0de83e43,7a2996572d6e57ea382f75d703d483ddb7c1c70b,true,ps2 textures\opaque\bp_remade,true,true,5,remarci_4x,false,0,false
s073a_armory_door01.bmp,d0b3e32d067a1377d4a7cf8fb6e33aab06651a44,bea2a258b46d383f7533a3e7074267cffd463bbe,true,ps2 textures\opaque\bp_remade,true,true,5,remarci_4x,false,0,false
s073a_door_iron_01.bmp,bbd8693acefa0359d68d08f4d4d978db31c5cac6,66f05aca44bf6e312cb4fecc5df2569ac18490ce,true,ps2 textures\opaque\bp_remade,true,true,5,remarci_4x,false,0,false
s073a_snow_a05_alp_ovl_rep.bmp,89c8fd992094843f188e840771c90637e6d0bd41,42a03a3e736cc495c07261b62dfe2b95d2fbe32c,true,ps2 textures\opaque\bp_remade,true,true,5,remarci_4x,false,0,false
s073a_wall_sokumen_a01_rep.bmp,9f19481a741962a40e1a792c42c4413ba078732b,34eefae0aee0a104cfbe13b9c533acf9bb4fd46b,true,ps2 textures\opaque\bp_remade,true,true,5,remarci_4x,false,0,false
s073a_wallsfc_a01_rep.bmp,d5b4f6bc994c52a3ad881fe73ecbd833a306fc6c,d4c8084c00ba3282b5f2215a733b0c7a21bad2a3,true,ps2 textures\opaque\bp_remade,true,true,5,remarci_4x,false,0,false
s073a_wood_b01_rep.bmp_ca7fe7ef9d25856ead9e67509ef213a1,744f8fac515b2479a126254cf5c6a8bbc504c4e6,fdcd57f17b9bb5ac8aa9db928eb1b45bf4bd9ad0,true,ps2 textures\opaque\bp_remade,true,true,5,remarci_4x,false,0,false
s073a_wood_b02_rep.bmp_3a62e37cadcdc0c94cc9b3e4fe52d4f3,a76b712f55bed59511e4951c189fee17ec435690,dc519af5aec38e7c29a340b0b9ceb17be2b5f41f,true,ps2 textures\opaque\bp_remade,true,true,5,remarci_4x,false,0,false
s073a_wood_b03_rep.bmp,4c427de11b516d017d3fd5b40c4f23b5a8ebb8ab,c2518edd4f4bc4f8b5a7aed0a59c3bdc0593189a,true,ps2 textures\opaque\bp_remade,true,true,5,remarci_4x,false,0,false
s074a_box00.bmp,7627c88d697ed8d6e90d14bd18cfefd1f0d4df38,33b0a2bcfe6a93f73f54e251b6996678420e7287,true,ps2 textures\opaque\bp_remade,true,true,5,remarci_4x,false,0,false
s074a_roof01_rep.bmp_11bb6511942d5239548ec285d775b056,3f7febc71158457625e001916bc8101867f16f38,d51384846276e57003375ae2ee5466396147145a,true,ps2 textures\opaque\bp_remade,true,true,5,remarci_4x,false,0,false
s074a_roof03_rep.bmp,19c621417d96fdc639e1e0fa296f41d34ea5ab8f,d5043d68f0105a0197465e44e547e90994f3f18f,true,ps2 textures\opaque\bp_remade,true,true,5,remarci_4x,false,0,false
s074a_wood.bmp,c19ffa04e7acecc63664c832957c752126fb81f7,e5d9c5f08276b9bfc477d86dcb6840cc0d135e86,true,ps2 textures\opaque\bp_remade,true,true,5,remarci_4x,false,0,false
s075a_mog_ground_rep_01.bmp,6b1c1376211074cb0b85eff03b0c7ecfc1b7665d,610a861f10e672c18b9b2f7b2e77ae4df50ebbcb,true,ps2 textures\opaque\bp_remade,true,true,5,remarci_4x,false,0,false
s075a_mog_wall_alp_ovl_08.bmp,c6bceb479e123c5fd8dd8daeeda97bb2cdf83e7f,07dd7de14a1f644967c9dbd6e52413380fa6103a,true,ps2 textures\HAS ALPHA\bp_remade,false,true,5,remarci_4x,false,0,false
s091a_101wall00.bmp,3ebda724c6c940dae9b9aeb0ae2b55ba7973d04c,5f1d44537c94b3ad5a60e082448b4094a297986a,true,ps2 textures\opaque\bp_remade,true,true,5,remarci_4x,false,0,false
s091a_111wall03.bmp,48968e14146885a38e805a0eb755723e3ed8da82,f9fbdc1981845a53c54ad3be1b0cd09bff7a6807,true,ps2 textures\opaque\bp_remade,true,true,5,remarci_4x,false,0,false
s091a_111wall04.bmp,d3859303719246b439a6ef96da320168487a0cd9,401c45c13d1cd026f8913be428645c162c46e2ff,true,ps2 textures\opaque\bp_remade,true,true,5,remarci_4x,false,0,false
s091a_121gatedoor00.bmp,033f90d6e69ac02aac917b2b8df13c4d9a1a7699,b9c699ac0811412261167358a74b735e686929d0,true,ps2 textures\opaque\bp_remade,true,true,5,remarci_4x,false,0,false
s091a_121wall00.bmp_c7b971f7f45fdf2691fd9cfb9214e328,40456c1ed4c9634119c21b8d3c46cb0a0029aa66,02527e5a2daa3fc809bc31c1982491d58c1afb2f,true,ps2 textures\opaque\bp_remade,true,true,5,remarci_4x,false,0,false
s091a_armory_rackdoor.bmp,6f7ad964de4bc564a90c7918122733bf51b75415,d64f93a6160d0edeecb18306f639bef34c9887b2,true,ps2 textures\opaque\bp_remade,true,true,5,remarci_4x,false,0,false
s091a_baria.bmp,3c95f23f991dcf73c2bd3bf1a93fbcaf2a5e1b40,40b21589c2df4a770fac8293146b853e09d41f6d,true,ps2 textures\opaque\bp_remade,true,true,5,remarci_4x,false,0,false
s091a_box00a_1.bmp,b969620c88eadb5601fbdf25de71d97d6b02fde7,c324faea169304f7013338e4c6a1014d2ae3dd6b,true,ps2 textures\opaque\bp_remade,true,true,5,remarci_4x,false,0,false
s091a_box00a_2.bmp,605854db745455d27e73907958359fdab5b4eb13,f94c80b0db086a996ce1a6e2e551ed617ca9353b,true,ps2 textures\opaque\bp_remade,true,true,5,remarci_4x,false,0,false
s091a_box00a_3.bmp,174a320d235edf9777658e2842263ba96a69e578,a35d14d29fb1464ad39c58ad49ca2f5839dee239,true,ps2 textures\opaque\bp_remade,true,true,5,remarci_4x,false,0,false
s091a_box1ma01.bmp,29da6775de26e9248b81054ed2e774fe14fcd820,8f6e2230951504c3013887cbed9bb5c59b023006,true,ps2 textures\opaque\bp_remade,true,true,5,remarci_4x,false,0,false
s091a_box1ma02.bmp,ae4b2756fe476f683bdcc879505ecb3e8111c77a,b885144ec58ea63b5330698c670f494cd34040c6,true,ps2 textures\opaque\bp_remade,true,true,5,remarci_4x,false,0,false
s091a_box1ma03.bmp,2da16bb79a9b5a513f30343f73d33de954316366,282f71928301f8246d113b2b5d7d46f6ca751687,true,ps2 textures\opaque\bp_remade,true,true,5,remarci_4x,false,0,false
s091a_box1mb01.bmp,8066147a3158fdfd168b1dd8c791637af63d96ce,0ab856845bd028a28b80173d3303326bd0d7d1cf,true,ps2 textures\opaque\bp_remade,true,true,5,remarci_4x,false,0,false
s091a_box1mb02.bmp,80d7265169c24c62e03b49aa87c77e0894b0ea80,c9230b964bb72d60e67f6ed23ceb198a05f3f7a7,true,ps2 textures\opaque\bp_remade,true,true,5,remarci_4x,false,0,false
s091a_box1mb03.bmp,4585cde4c83c4e60c11ecdecdd5ce030a0a75413,84ee7381d4081d29c9a588fa1d2b3329aabc5a4a,true,ps2 textures\opaque\bp_remade,true,true,5,remarci_4x,false,0,false
s091a_box1mc01.bmp,c02053a212e724dac1de34d243e54ab4d0fc3fe2,9b61922d37367682bd3666d0a17df9f6397628be,true,ps2 textures\opaque\bp_remade,true,true,5,remarci_4x,false,0,false
s091a_box1mc02.bmp,ad4918cbd6b9c1de9cf17a33e949da5234aee8c0,08015860ea75711abff6b3575a4acd5c29572348,true,ps2 textures\opaque\bp_remade,true,true,5,remarci_4x,false,0,false
s091a_box1mc03.bmp,e611dec7029a5aea221fdfd965223254465d1f96,46b92b8c485a7e11c0822a403e06b582f9fe87e8,true,ps2 textures\opaque\bp_remade,true,true,5,remarci_4x,false,0,false
s091a_boxashi00a.bmp,41eac40aaf13bfad643dd307fd5cd0358d3c51ea,570e62fd8cde5ec4a27e2928d2c25a46861bd8ae,true,ps2 textures\opaque\bp_remade,true,true,5,remarci_4x,false,0,false
s091a_conta01.bmp,f0cb2edd250cbbc27a77547fcfbe33bf32db7a87,cbe87629d8c5bac919e72feae9708caa9fffe71e,true,ps2 textures\opaque\bp_remade,true,true,5,remarci_4x,false,0,false
s091a_conta02.bmp,2c28fcdd0e155ee1a943fa9bb3f036dde6654eb8,ebde3ec5cf8d2970234e087d9542fd49f36ddd15,true,ps2 textures\opaque\bp_remade,true,true,5,remarci_4x,false,0,false
s091a_conta03.bmp,700e28671a46cf7fe6055b30ebad67b624114b03,9f82dd0823e617331deba841bbd93849ee3da25b,true,ps2 textures\opaque\bp_remade,true,true,5,remarci_4x,false,0,false
s091a_door01.bmp,5637d76112271dc12f5e3b3ed2ceb58f873624ab,d531e98642af1ee4f9e86f4126b694d8660a60cf,true,ps2 textures\opaque\bp_remade,true,true,5,remarci_4x,false,0,false
s091a_door01_16.bmp,daa5214cee8defade38932b264c65f6a8ab205aa,5614be5b9edc69959644ab8c4d38e309593c45f5,true,ps2 textures\opaque\bp_remade,true,true,5,remarci_4x,false,0,false
s091a_entwall00_rep.bmp_622cb6f0293ae2d2015fed236dd3bb55,fa03654fd179c64db0a2139602dfb62a801493bd,1601b185c2c2b21dba95891c1367f33afd973819,true,ps2 textures\opaque\bp_remade,true,true,5,remarci_4x,false,0,false
s091a_fence00_alp_ovl_rep.bmp_50ae5bce33bd98a74c3feb5a49ab340f,55f6697bae14c1307637e0438f0c03c093d062ff,2e96e17e72f2668b3d8cec3c8175f1a708a99c60,true,ps2 textures\HAS ALPHA\bp_remade,false,true,5,remarci_4x,false,0,false
s091a_fence00a_alp_ovl.bmp,4796f6865b4ef37cdc3c58ab081836c5cb4f8f35,61c515e9360e8ffb6a72d51ae3b5cb3b201d65d9,true,ps2 textures\HAS ALPHA\bp_remade,false,true,5,remarci_4x,false,0,false
s091a_fence2_01.bmp,614c38a0f112cd243ce95e1dedcd636407ebafc1,9380a8804346d78ed48a69ba227a811ebd29e1d5,true,ps2 textures\opaque\bp_remade,true,true,5,remarci_4x,false,0,false
s091a_fence3_00.bmp,1d82b1d984db70d708969c39c171f51ed914b80d,9b300af267ac64b5230eeaa9b511eb47184311ae,true,ps2 textures\opaque\bp_remade,true,true,5,remarci_4x,false,0,false
s091a_fence3_01.bmp,c348cfe3352dfb550d7dfb26da93b6a51e51e198,28f0a75106ebfe37a003b02c941a35859ef6bba6,true,ps2 textures\opaque\bp_remade,true,true,5,remarci_4x,false,0,false
s091a_fencedoor00_alp.trans.bmp,0a00d5908e5478313ebcb384234bf59725ca63a8,27edefc9e8b49e3f4e77dc6bb1a662b1b20afaa8,true,ps2 textures\HAS ALPHA\bp_remade,false,true,5,remarci_4x,false,0,false
s091a_fencewall00_rep.bmp,316b3afe6774c94aa1195dc1f04f8b74edadc7f0,f564ed1964b5ebd24edb65b3069537328b6eb636,true,ps2 textures\opaque\bp_remade,true,true,5,remarci_4x,false,0,false
s091a_fkwalla.bmp,aad8317c1ef0423e9d6caf07d41303f08811688c,0f3dde32febb690a952cdfce4da6f1cdc5043c73,true,ps2 textures\opaque\bp_remade,true,true,5,remarci_4x,false,0,false
s091a_fl02a_rep_mip16000.bmp,923bbe7664cb9b68f975fa317b77939539c3d26e,85b8fba68e94d9fb781e6b71c081d95cd80156cd,true,ps2 textures\opaque\bp_remade,true,true,5,remarci_4x,false,0,false
s091a_fl03a_rep.bmp,5c4026ddc5505c5ba833bb3f08f2c46279775f11,e95889e27c21c5b6a5cdcc60eab48714ed66d699,true,ps2 textures\opaque\bp_remade,true,true,5,remarci_4x,false,0,false
s091a_fl05a_rep.bmp,ed00e31a81f0ba0200ba3d3d120ba0578b8df41a,c3b7c901540c67ebc58d43bb7662103278521fb4,true,ps2 textures\opaque\bp_remade,true,true,5,remarci_4x,false,0,false
s091a_fl05b_rep.bmp,e4dc5c7037c06a1d07108604a1f309153e8f54c1,1a56c19d2cc22d30e6ce6f5ceb7df924ddd8ac87,true,ps2 textures\opaque\bp_remade,true,true,5,remarci_4x,false,0,false
s091a_fl06a.bmp,83168125c82218a19fbaa1e0645a444910acee20,7de07730293424c5a0090119e35c0255078e558a,true,ps2 textures\opaque\bp_remade,true,true,5,remarci_4x,false,0,false
s091a_flrusty01.bmp,56a84a555ce2c417a6957f8ddc011c1fd4a10445,9f8833832a911a903771c15e3e00b962f0a31dcc,true,ps2 textures\opaque\bp_remade,true,true,5,remarci_4x,false,0,false
s091a_gate00.bmp,ed3f2d345044507e86d6f1feef54d16a375c58c2,7aa32122c13be565e2b392ec5aa0e76e69acb428,true,ps2 textures\opaque\bp_remade,true,true,5,remarci_4x,false,0,false
s091a_gate02.bmp_fa5391ce648a972ea7f35d91860dbd62,a30ce6df6798f257edd0a2c401bb9f0129734158,60101b774fd8cb1f14c8780712e48587642f328d,true,ps2 textures\opaque\bp_remade,true,true,5,remarci_4x,false,0,false
s091a_gate03.bmp_1b946272daea4aab1b64c367e527fed8,9aa46123efd486d157b12b15e09963afaaac9bb8,211e9a00d3b9d87eec063c1036afea0454b136b3,true,ps2 textures\opaque\bp_remade,true,true,5,remarci_4x,false,0,false
s091a_gate04.bmp,47e3e861479852584e8e309b9b5e320f08ae6f79,584675dd29a670efb65e4b99881df9b71b9f7711,true,ps2 textures\opaque\bp_remade,true,true,5,remarci_4x,false,0,false
s091a_gate05.bmp,6c1da3c3e053020e70af699e6cf41beb4606eee8,630852e1e143fbef96456da7ffdf44d81e0368be,true,ps2 textures\opaque\bp_remade,true,true,5,remarci_4x,false,0,false
s091a_gate06_alp_ovl.bmp,b444cd795a8a11c504a3707e0137c608aeb76352,e89172ef986fb136f5d1a99c0dbe256de31e9e69,true,ps2 textures\HAS ALPHA\bp_remade,false,true,5,remarci_4x,false,0,false
s091a_gate200_alp_ovl.bmp_884ef573f35f4873464c4393fe5f5292,12b900f0e4d5d85e18eb5664550d5c5325484bb7,90b7ee8881c4e93f8f5f6d1b5128bd6e7b7995ad,true,ps2 textures\HAS ALPHA\bp_remade,false,true,5,remarci_4x,false,0,false
s091a_haidena01.bmp,63d2518a0d6179b58025334acc14329e0f93bd14,1ad92ad92e34a8ece35c94adf572538b408c1f2f,true,ps2 textures\opaque\bp_remade,true,true,5,remarci_4x,false,0,false
s091a_haidenb01.bmp,4815a9bf9a697973b9ca35bf48197f037e570d92,ca5235fa7a33c4b5a829cb35e943b265ace60032,true,ps2 textures\opaque\bp_remade,true,true,5,remarci_4x,false,0,false
s091a_haidenc01.bmp,9a49d5fd9ba3c2f073d78a30622fbebac6084032,6996129a4f30d24570f44928408273a1c9efe709,true,ps2 textures\opaque\bp_remade,true,true,5,remarci_4x,false,0,false
s091a_haideny.bmp,0f273a7efe7dcd7715682220459c2a2354731d40,1a122b479581874daebcd9d41c5a48db2b344502,true,ps2 textures\opaque\bp_remade,true,true,5,remarci_4x,false,0,false
s091a_hangb.bmp,b48983ec0ec811e3b2b76ec8238a291bfda48718,24787fbdbfb52c280e83e7ab85d5273c3a58650f,true,ps2 textures\opaque\bp_remade,true,true,5,remarci_4x,false,0,false
s091a_hangc.bmp,cee9777c404065f040c9c72aaa520a2053d708c6,2bb146724a6fe6b347e8201b7ae1dcb49e956b4a,true,ps2 textures\opaque\bp_remade,true,true,5,remarci_4x,false,0,false
s091a_hange_alp_ovl.bmp,196e5fec7637bf847ee96e02ad9bd5b08cff4e32,b61ce298006281e191ba0af5b2317ac23688e5fe,true,ps2 textures\HAS ALPHA\bp_remade,false,true,5,remarci_4x,false,0,false
s091a_hangwin.bmp,7c8ab251a493f896ecf74c094120c65ef44573f6,6a21bf20f2a31a66c6183cd6ef01e89f1bb93c30,true,ps2 textures\opaque\bp_remade,true,true,5,remarci_4x,false,0,false
s091a_hut01.bmp,42399a936616acf71aa819d0a7353de20ad9cce2,2128578dc93c75755af49709a09685f3a77b0f8e,true,ps2 textures\opaque\bp_remade,true,true,5,remarci_4x,false,0,false
s091a_hutdoora.bmp_d11345f0c0eee967839f7adabb6d7653,89dd7bb0545a06ec5e6f02abf6cf551ad1b24c68,2df56ff619943b872cc87f5ec94044a13c5c0d4e,true,ps2 textures\opaque\bp_remade,true,true,5,remarci_4x,false,0,false
s091a_irona.bmp,bd52db48356fd6fa40562f8df43a0d6b4b0290db,3401b4812b8df6d40483a87c02eb7b8972ebbcfe,true,ps2 textures\opaque\bp_remade,true,true,5,remarci_4x,false,0,false
s091a_ironc.bmp,c1616d4948cb610291c7774fb3c209f001ce9c3a,a673e66325bf7b6bb43931af60d04857f86052a0,true,ps2 textures\opaque\bp_remade,true,true,5,remarci_4x,false,0,false
s091a_irone.bmp,d3ac04192ed1e3df690248e41308d552ef10ee61,e1bcee9ecf0891739beb9241782f35031bbb1b3e,true,ps2 textures\opaque\bp_remade,true,true,5,remarci_4x,false,0,false
s091a_jimenk02_alp_ovl.bmp,806bca0a49e6bfd0834a6db60c3e9f53a659e943,2b60fb94952229169d52ead7900fdc6aa47d0d95,true,ps2 textures\HAS ALPHA\bp_remade,false,true,5,remarci_4x,false,0,false
s091a_kanbana.bmp,d04c8d361bbb12b7b39bb215e2071576380068ff,9c7f8959eeb410350acc29c379837036ca027776,true,ps2 textures\opaque\bp_remade,true,true,5,remarci_4x,false,0,false
s091a_lighta2.bmp,a121e9b8f430a49d963932857f030a937c251626,f19466f15483a9f9d79b17f60769e63fbb24e972,true,ps2 textures\opaque\bp_remade,true,true,5,remarci_4x,false,0,false
s091a_manhole00.bmp,2a7bade035d09184b51703abc6d5eb62e62e534c,5708ecfed19ba0975af1d6f7f9c634ad828e3d5e,true,ps2 textures\opaque\bp_remade,true,true,5,remarci_4x,false,0,false
s091a_manhole01a.bmp,ba36ec6338d81e2649dd118a710e3df2fc56e1e5,aaf04ca00783d16cbb9ac55ceb64812a9b76be25,true,ps2 textures\opaque\bp_remade,true,true,5,remarci_4x,false,0,false
s091a_manhole02a.bmp,4e5f6686f2f854797a91e752dc24a60c63969026,4ea4c79abc2f57a6ebfd7649e1c12739808796c4,true,ps2 textures\opaque\bp_remade,true,true,5,remarci_4x,false,0,false
s091a_mata1.bmp,ad2d52c754e8a0f1ca9419406331593d5937a9ce,919c80e5f3633a67895256963ba059a3b3d1b2ff,true,ps2 textures\opaque\bp_remade,true,true,5,remarci_4x,false,0,false
s091a_mata2.bmp,05e9dac499a4b920d4074d508aaa314983ddc906,4a50f90b37768c4b5b0ed2047fa1f6480d9bf62e,true,ps2 textures\opaque\bp_remade,true,true,5,remarci_4x,false,0,false
s091a_mata3.bmp,69ac16b95c4580e00d81b42bae31df6c56b2efe8,6498e35afc2161b633db466566c7733f548561c0,true,ps2 textures\opaque\bp_remade,true,true,5,remarci_4x,false,0,false
s091a_mog_bg00_rep.bmp,3a55b3272fbe1efebe426b8cd0c58f0d9e6a4316,422279e1b1fe3d4b540650f1bc5fc6930fcbf0ac,true,ps2 textures\opaque\bp_remade,true,true,5,remarci_4x,false,0,false
s091a_mog_door_02.bmp_bed64e88590635d16404d74890e03e9c,8dae6752e121f1bfa5818aeaed55012f2dcfe0e9,defb307dffbfec10f7f26f39e3fd19e8fe7ad6b5,true,ps2 textures\opaque\bp_remade,true,true,5,remarci_4x,false,0,false
s091a_mog_roof_rep_01.bmp_f4b772bfb171739bee5668666faa19c4,162fadb465e1770b7e6652b5757ae03ffbcbaf9d,7a7cac2dfce93abf2baadb3d7c0f0089408042b4,true,ps2 textures\opaque\bp_remade,true,true,5,remarci_4x,false,0,false
s091a_objbox01.bmp,4a16feb4050c3517e68699b9cd7c834c033508d4,51bd2d57a5ca85dd5daf962033e39bd699f3294d,true,ps2 textures\opaque\bp_remade,true,true,5,remarci_4x,false,0,false
s091a_pipe00a_rep.bmp,27a89210a4dea29843a1724427e7f255455e588e,ddd61038dfca62da673f1c6eacf4ef69eb095787,true,ps2 textures\opaque\bp_remade,true,true,5,remarci_4x,false,0,false
s091a_pipe01.bmp,95d27bf5f247f664ad9edbf39dfd797ee0c8b97b,f5c16e24eba49cb3a2bb122254852f063ccd17cf,true,ps2 textures\opaque\bp_remade,true,true,5,remarci_4x,false,0,false
s091a_platea_alp_ovl.bmp,89186a10e7de6b836b5941fefbee6eadb4719755,33c7bd553e87503f9b39d13d7bbc4733c6fb7a62,true,ps2 textures\HAS ALPHA\bp_remade,false,true,5,remarci_4x,false,0,false
s091a_pnl05_alp_ovl.bmp,0973cafc74e8e380521fadf53ddb49f79e4ad69d,7fa204a462132876e7026222b25556996c8bb485,true,ps2 textures\HAS ALPHA\bp_remade,false,true,5,remarci_4x,false,0,false
s091a_pole00a.bmp,79537c4b502ff22717595236daecaaaa886a87fe,24be7dacc753329a92a6b4e684bb3e7a38f33a69,true,ps2 textures\opaque\bp_remade,true,true,5,remarci_4x,false,0,false
s091a_sewerfl00a_rep.bmp,0c4aff80bce35c149ba67a5db1bb9aa5051426d7,6e79128e2c70c2e2b90cd8dcff8a15c76ba32116,true,ps2 textures\opaque\bp_remade,true,true,5,remarci_4x,false,0,false
s091a_sewerfl01_rep.bmp,1f1415d3278cb5ed9ac46ff98fd05753c66ace3a,a08a4bfa5d6e22500c48edc5d95c5a4f25cca664,true,ps2 textures\opaque\bp_remade,true,true,5,remarci_4x,false,0,false
s091a_sewerfl02_rep.bmp,ce3fc2ef8d666dc48fb11014e171fcc25fda37b5,e96da89c78a37fa080c7ad40b6045203300eb9be,true,ps2 textures\opaque\bp_remade,true,true,5,remarci_4x,false,0,false
s091a_st00.bmp,f5434e0b676de279c4ab75de12274b84cb83ae97,c0ab496b22bc001bfcf09c057a37775148ff13d1,true,ps2 textures\opaque\bp_remade,true,true,5,remarci_4x,false,0,false
s091a_st01.bmp,638a54eea3ee848ebdceb66a3d193792cec2bf1d,e7432a4cb97d18587fd00967fbeabf58e52e07e9,true,ps2 textures\opaque\bp_remade,true,true,5,remarci_4x,false,0,false
s091a_st_panel00.bmp,7162147896fcf21e619ec31053248224a25195e0,9eeea31dd1a45897a94c8abe87668a205356f106,true,ps2 textures\opaque\bp_remade,true,true,5,remarci_4x,false,0,false
s091a_tanka_rep.bmp_b56bf027bb7820fa0a3c85f07530b224,80b700120e0f01e9635dd8861aa74074bb4db61e,bf938a64f0771311f017a2ed0e2f9d68a2d81b7e,true,ps2 textures\opaque\bp_remade,true,true,5,remarci_4x,false,0,false
s091a_wall00_rep.bmp_c496d8bbd6b8ff563961f92b15f0b2c6,cc0da9ab1c56b27a7a905427ad3994a2698ecd5c,887c4a81da4c00446c852393943bf2a5ac9d68e9,true,ps2 textures\opaque\bp_remade,true,true,5,remarci_4x,false,0,false
s091a_wall01.bmp,0416f986167aa31945722283124de7ac5bf77506,ade08efd797f468cc170802557a0ae6710ffc150,true,ps2 textures\opaque\bp_remade,true,true,5,remarci_4x,false,0,false
s091a_wall04.bmp_17bfc58190402a6ed22e4525cbedef00,75f3ee56c18a1ee7350d91fad450716b1a2a265b,29cd497f7dbd71bbd78a716cb7b9e2a5f83aa841,true,ps2 textures\opaque\bp_remade,true,true,5,remarci_4x,false,0,false
s091a_walldct00_alp_ovl.bmp,ef8421f1fd690210d505cde7f84748aab07576b2,b55afdef9df40be26cd9f849ae596aebe0cfc840,true,ps2 textures\HAS ALPHA\bp_remade,false,true,5,remarci_4x,false,0,false
s091a_walldrt00_rep.bmp,fd1c8c7e08954ef3d43a499f9f4327fe82eb765b,6b301f5c0c9032f236943b0cadfa4c1f44cda852,true,ps2 textures\opaque\bp_remade,true,true,5,remarci_4x,false,0,false
s091a_walldrt02a_rep.bmp,3160bf5438adfdec32f23907cd0a5d6d278244f4,d242ddde3af4c275ebf373a69b81d29ef069ca54,true,ps2 textures\opaque\bp_remade,true,true,5,remarci_4x,false,0,false
s091a_watchtower02.bmp,15512b7d2c37fccc8293555194ae3a6c0aa6da52,424f82fffb8e917ee5cea96c6f4a949ba11ddfc2,true,ps2 textures\opaque\bp_remade,true,true,5,remarci_4x,false,0,false
s093a_rail00.bmp,e0a7d4d16f46b7caa49e711a7d826b1b4c9b5b0e,4c3d557da3381c9e7b73ca4f4a7ae62bbb38f18a,true,ps2 textures\opaque\bp_remade,true,true,5,remarci_4x,false,0,false
s094a_wall00_alp_ovl.bmp,ffe26347398044132e9dc3027b75b3fc8aabf316,54a32814d52363adb0437b1e41304da48a5ebf7e,true,ps2 textures\HAS ALPHA\bp_remade,false,true,5,remarci_4x,false,0,false
s101a_256door.bmp,e152bfab607ee25da35260caf7274b417d8d6400,9d5bd8bd9d0104d4f9d393c2ad30ca132080274d,true,ps2 textures\opaque\bp_remade,true,true,5,remarci_4x,false,0,false
s101a_256wall_inside.bmp,326e1510da05ae7b2eed84d7eb7d95494d49b11f,f3350e67bf8f39492533114b660d666ba619b096,true,ps2 textures\opaque\bp_remade,true,true,5,remarci_4x,false,0,false
s101a_256wall_inside2.bmp,fca152e7578ca918b0dc1e7a86dd790a9e37bd04,47198085e71a5158b5ac61d59d87682d294b10fd,true,ps2 textures\opaque\bp_remade,true,true,5,remarci_4x,false,0,false
s101a_256wall_rep.bmp,77f7df52164368be0dfca2abbd125d3ec9c6ad2a,c3c4b9264976f18ecb270eaa093924bf90eb689d,true,ps2 textures\opaque\bp_remade,true,true,5,remarci_4x,false,0,false
s101a_book_case00.bmp,46042053c3b6738f5af24222ab88d77d78be3eeb,aa814a0b4f2804c153f67c0c1dbd021ea23b95b7,true,ps2 textures\opaque\bp_remade,true,true,5,remarci_4x,false,0,false
s101a_books02.bmp,76097686da0b9dc437a46cf13faad00071fd47ca,168d307b0dad37f36519d8eb74c41eb162871e3d,true,ps2 textures\opaque\bp_remade,true,true,5,remarci_4x,false,0,false
s101a_bord01.bmp,c477c0c7f264b8f14a7a052d293729f45516a890,3fca105a63de84befc2791cdf644e5bb19007a47,true,ps2 textures\opaque\bp_remade,true,true,5,remarci_4x,false,0,false
s101a_bordb00.bmp,69932a649f5c5c79154a51e32601f8ef8d29cab2,1f7319e626e21bd718738a559d2494ca683fe6f8,true,ps2 textures\opaque\bp_remade,true,true,5,remarci_4x,false,0,false
s101a_boxa00.bmp,0f4457f5ef303a9ffc3297da3dfeb5cee2d63f38,42ec894b4257d3f08956282385e2b753f3baa664,true,ps2 textures\opaque\bp_remade,true,true,5,remarci_4x,false,0,false
s101a_boxb00.bmp,2f605b35ad5223d0259f84d895683af47c7d40cd,1e6ef49fcd67018a1688e37acc53a9f25fb780d7,true,ps2 textures\opaque\bp_remade,true,true,5,remarci_4x,false,0,false
s101a_case00.bmp,d64682776294d8175dcf37ce0e4fec596c0a3f0a,b419e019cc69ae289325bf73e635c7c11284b11c,true,ps2 textures\opaque\bp_remade,true,true,5,remarci_4x,false,0,false
s101a_comp00.bmp,d02ea13f364ff5e14d497ff6f2c24d60ab5c97b7,04889501fc60eb0c48c732b1278e278dac188023,true,ps2 textures\opaque\bp_remade,true,true,5,remarci_4x,false,0,false
s101a_comp00_back.bmp,4d87c43aeaebc036f8ddf4658df16698460c9bee,565460f1eb61a3de10c37504ce4b4cf64dd8e670,true,ps2 textures\opaque\bp_remade,true,true,5,remarci_4x,false,0,false
s101a_comp00_side.bmp,10c615b0d51c86d8518453f41eb1918b60e8af7d,fa5965da12fb86cff866ac1bd3b363353a7a5622,true,ps2 textures\opaque\bp_remade,true,true,5,remarci_4x,false,0,false
s101a_comp01_alp_ovl.bmp,b7be531435a7705db6312a2b3b1c2e0bd927e02c,d87ef02ec9cdaeda5831e826987bc8e83f25bc37,true,ps2 textures\HAS ALPHA\bp_remade,false,true,5,remarci_4x,false,0,false
s101a_designpic01_alp_ovl.bmp,d0a72307486cd10024e80f279c9288d85955cdc8,5083fb00dd499f0f2ed4ff4d64f4b100345d2020,true,ps2 textures\HAS ALPHA\bp_remade,false,true,5,remarci_4x,false,0,false
s101a_door_toilet00.bmp,880d8e5eb6edb2efc5811ed07331e6c9cde2ba4a,680cf2c94b65402475cd27d8b8524901cd03fe2c,true,ps2 textures\opaque\bp_remade,true,true,5,remarci_4x,false,0,false
s101a_doora.bmp,bddd3b0a1f228eff0ce26a80d67d059689656837,82636869745b697727590ce056149cb5282edb3e,true,ps2 textures\opaque\bp_remade,true,true,5,remarci_4x,false,0,false
s101a_doora.bmp_cfde9b5d6e2a46b2606ac8a5922ebd2a,31deac1ff677ca6b4f296116b9c288da9c5b4ea9,3ea7a8acf46bd810b3a270225aa60d0d1fd50eff,true,ps2 textures\opaque\bp_remade,true,true,5,remarci_4x,false,0,false
s101a_dustbox.bmp,708a4b436b426fb5aba5e6c91c032b8a3c05cfbb,d24b80e0f67b48aea039c1ea585791734b379d68,true,ps2 textures\opaque\bp_remade,true,true,5,remarci_4x,false,0,false
s101a_fl_tile00.bmp,2faedcd37d9a24e3ac931e639ab0d4098baefe67,4043e825d51890d5f43c75ef3e636bf5b85799fc,true,ps2 textures\opaque\bp_remade,true,true,5,remarci_4x,false,0,false
s101a_floor01_rep.bmp,ca2f8f8fe827c85d1b409756926893ac66448e41,e009cd8c7e4c7b5bff1057d42bbcf004a46636c0,true,ps2 textures\opaque\bp_remade,true,true,5,remarci_4x,false,0,false
s101a_floor02_rep.bmp,a598dd98e91a98d6a60eb068c6a1fc69a80bd6dc,5d7c0198adb9437700adebec26ce1d385d257fdb,true,ps2 textures\opaque\bp_remade,true,true,5,remarci_4x,false,0,false
s101a_floor04_alp_ovl.bmp,5865b5e166af9daa2488caf397021604f47d5270,77472294cbc911cf153ef10d00a6e63924c20b21,true,ps2 textures\HAS ALPHA\bp_remade,false,true,5,remarci_4x,false,0,false
s101a_floor05_cpt_rep.bmp,6b1444ba2a2f9fc649a10e3951cee85de23516c2,1b06c586451b092a015cdb89831b5bfada224165,true,ps2 textures\opaque\bp_remade,true,true,5,remarci_4x,false,0,false
s101a_floor07_rep.bmp,053e2bf78b522d942014e39cdae29d7c9613d90f,f472c1942336b4e69cc2e2a5c79b7a6c8a13588e,true,ps2 textures\opaque\bp_remade,true,true,5,remarci_4x,false,0,false
s101a_floor07b_rep.bmp,509993f8caffa4d62eb4e483317728054ae24804,90b8e9cdbad524008bd55574057bc18669bd5f44,true,ps2 textures\opaque\bp_remade,true,true,5,remarci_4x,false,0,false
s101a_frez00.bmp,dcd7db331b1229a51ea0591b57888594a5124c75,41e43bd3fd97ea97d5a427a43a75356539cdb01f,true,ps2 textures\opaque\bp_remade,true,true,5,remarci_4x,false,0,false
s101a_locker00.bmp,2f22b4108fa980ded0a92b1e1e49f5a2dc092182,607d857fce2fde1310edb0889b49a7f362bd9ff3,true,ps2 textures\opaque\bp_remade,true,true,5,remarci_4x,false,0,false
s101a_locker_sp00.bmp,1522bc2ea1bc18b7a060b7ce6cab4f7f6123acfe,bed4f41edb8204433004ee30eb007031ffd2598a,true,ps2 textures\opaque\bp_remade,true,true,5,remarci_4x,false,0,false
s101a_obn00.bmp,83bc98d9b137800a215505fa1af917dae26028b9,5cd766d392770b2d84943219dde1d49620006b22,true,ps2 textures\opaque\bp_remade,true,true,5,remarci_4x,false,0,false
s101a_office_cabinet_01.bmp,01accb0d578b7f1cbdfd2888e82688562541f006,55bc17eaf71a1c8fa61e3b17818c22a1df881e85,true,ps2 textures\opaque\bp_remade,true,true,5,remarci_4x,false,0,false
s101a_pillar_a00.bmp,49493130af62dbff35352273bf8627152179253a,9484b49991d6918ba8aa83b4fd92013e55d8abd7,true,ps2 textures\opaque\bp_remade,true,true,5,remarci_4x,false,0,false
s101a_plant00_alp_ovl.bmp,40bc9c601f32a56e11f23c78b10df164223140a2,296f9b7de90b6d6f7f932cfe018238ae0e341ffa,true,ps2 textures\HAS ALPHA\bp_remade,false,true,5,remarci_4x,false,0,false
s101a_plant03.bmp,9d794f0d32e18013e6cd86f5f10ead33185aac61,1ba73496abf2295e0cd973768cd15ddba11d2937,true,ps2 textures\opaque\bp_remade,true,true,5,remarci_4x,false,0,false
s101a_plantb00_alp_ovl.bmp,c72ab853fc643c6d37904d5306910a3560bdaafb,21c1f03ecb525d314adec7c37cb79b5a01d868b1,true,ps2 textures\HAS ALPHA\bp_remade,false,true,5,remarci_4x,false,0,false
s101a_plantc02.bmp,6c3a0df483bcf7383fe7240e6723f9b8a2f7b52c,155ad4e0160e5a48b2c4ad683b3ddc0bfcb6603f,true,ps2 textures\opaque\bp_remade,true,true,5,remarci_4x,false,0,false
s101a_plantc03.bmp,0e41ba14a36eaf8efe29a3420ae47dafecd0ced0,8a276124808bba167172a079ff4725e4a0614ff6,true,ps2 textures\opaque\bp_remade,true,true,5,remarci_4x,false,0,false
s101a_pot00.bmp,fb9cddea58cb2164292035eeab8f0b7208f0e0ba,342e880910e3e159bc970a454bdb03806d3ed0e1,true,ps2 textures\opaque\bp_remade,true,true,5,remarci_4x,false,0,false
s101a_sofa00.bmp,114bd75238555e09ae42e26c803aea1d6e1dad14,379c25f818c169fbe27fb6236743cd720a627e52,true,ps2 textures\opaque\bp_remade,true,true,5,remarci_4x,false,0,false
s101a_soil_00_rep.bmp,53e871d8491f57c2b9d748e3e25f7e07ea61a4d0,3fec80f42a3a9a050f4b259d23213cfcebd71fec,true,ps2 textures\opaque\bp_remade,true,true,5,remarci_4x,false,0,false
s101a_step_wall00.bmp,b936a1debed025b97f2b4773adb44487e8880a43,71ea5a74090ef8dc9bce8eae80f0a1f26c5bee21,true,ps2 textures\opaque\bp_remade,true,true,5,remarci_4x,false,0,false
s101a_table02.bmp,0aecacbea4a9829974d10df9e1b7d08f33b7293f,52d2ebab55e2e6c70caf981b8201928db183ee04,true,ps2 textures\opaque\bp_remade,true,true,5,remarci_4x,false,0,false
s101a_table02c.bmp,22b0c785e3550cabfbb572eea468276d0a15e2aa,6703efff17efc902bb865ff2a1a6787f8c0eea04,true,ps2 textures\opaque\bp_remade,true,true,5,remarci_4x,false,0,false
s101a_table_entrance00.bmp,686448938b019728af122fe2ae6ad43937957166,dd78263014a704a7b6e7913ecaf15194455a30c0,true,ps2 textures\opaque\bp_remade,true,true,5,remarci_4x,false,0,false
s101a_tablec_cast00.bmp,348fc18dda61f227481e8a7ec1015bcf8dfab682,4c434a20139de77a0458f950f5ef2f805bb4a853,true,ps2 textures\opaque\bp_remade,true,true,5,remarci_4x,false,0,false
s101a_tablekit00.bmp,016cadb0d48af8860e0dddcf178fae3601947ae6,5f715621e1f660238ee56ad7ba7e8f187c3b7ef5,true,ps2 textures\opaque\bp_remade,true,true,5,remarci_4x,false,0,false
s101a_wall_grass00.bmp,b6c9e855277c933248f7ab693f8d4521007d454f,ff55355d554902ae13b182c35ab07af5bbd3fc58,true,ps2 textures\opaque\bp_remade,true,true,5,remarci_4x,false,0,false
s101a_wall_tile00.bmp,1b4dbe9a539ec14a27383abd1084266d67f35476,7a7d83ed11b3fa21a813b7ce07dadb3cb5f8169e,true,ps2 textures\opaque\bp_remade,true,true,5,remarci_4x,false,0,false
s101a_water00.bmp,9ccc8c3cc20f54a8895d9793c78aeb79883155fe,ecd0146ac4742cabc660b9596eb8de48434956bd,true,ps2 textures\opaque\bp_remade,true,true,5,remarci_4x,false,0,false
s101a_water02.bmp,75146fdbaa88ac4f2ecc833bcfcffffc195dbd7a,1d02ff67ce099af561689536bebc7ae7dc13ab2e,true,ps2 textures\opaque\bp_remade,true,true,5,remarci_4x,false,0,false
s111a_bed_01.bmp,da40eebf0e1ed15908b479ef6cd7fa1b692d87c9,c3cd9cc05900f43ea6ff280c46026fb1040b861d,true,ps2 textures\opaque\bp_remade,true,true,5,remarci_4x,false,0,false
s111a_bed_02.bmp,ae2b3b67f59026270b861e32993a29a3369e565c,5c4719a217fea10ff56220f478caf2c10c0bd28e,true,ps2 textures\opaque\bp_remade,true,true,5,remarci_4x,false,0,false
s111a_bed_04.bmp,ae968a922280adaba765267916a17c47329c5c61,9d7eb2077c94e4c5a7ed7d96270bc7462a750924,true,ps2 textures\opaque\bp_remade,true,true,5,remarci_4x,false,0,false
s111a_door_01.bmp,dd7d3792200d6975e35d20b6e600aa61480edd8d,f48c8a150312e1320d76b9c93c0b330e98b20119,true,ps2 textures\opaque\bp_remade,true,true,5,remarci_4x,false,0,false
s111a_door_04.bmp,d08cb2f57e4e55c16075f1f5ee5029fcf039f151,05438f968c3e5879f037565eb2ef9cd343d55a0f,true,ps2 textures\opaque\bp_remade,true,true,5,remarci_4x,false,0,false
s111a_room_hako_01.bmp_935e8932457967b8bd4d4d6c213db507,c7c3dd83a2cb0be4563e2c30b671eabb8cd85571,60981060dea63dcad7d565568ee428b7be5d9fcb,true,ps2 textures\opaque\bp_remade,true,true,5,remarci_4x,false,0,false
s111a_room_light_04_alp_ovl.bmp,03fedc7001c98dc14fde11c92748644f4776e31f,3d6c8110cbf83c552574be1a832842824b761b8f,true,ps2 textures\HAS ALPHA\bp_remade,false,true,5,remarci_4x,false,0,false
s111a_room_meca_01.bmp,2cf1251fc1b8fe5e916f092234a7da64a5fc8cb0,0a6a8c1f85faf61109fa2a0b500ea65c67d518a5,true,ps2 textures\opaque\bp_remade,true,true,5,remarci_4x,false,0,false
s111a_toilet_04.bmp,ab14b736c2c394d5519e85ef8b401adc8081f75b,ecd1a3546a5935d50861bc0d754cb7878eaf8568,true,ps2 textures\opaque\bp_remade,true,true,5,remarci_4x,false,0,false
s111a_wall_01.bmp,4170e4ecd464544ac8cebaf81650a7fa9364d969,791c9c5b25f21f9ca0a2b453f6ef57d5076576dc,true,ps2 textures\opaque\bp_remade,true,true,5,remarci_4x,false,0,false
s111a_wall_03.bmp,b18df1b9d7b1596e3725bfbb18029939f13fac44,cf8d9cf2303f818812939cb7f15908cbe0a6d860,true,ps2 textures\opaque\bp_remade,true,true,5,remarci_4x,false,0,false
s112a_cell_dai_02.bmp,a1747f6dcfc57fe59800895086cf1cf2cc3f90ad,058f68f3e40dbeda17c907ad16a8dd4b49a7a28e,true,ps2 textures\opaque\bp_remade,true,true,5,remarci_4x,false,0,false
s112a_cell_dai_03.bmp_a173326396017c309bd4690558b32265,23b5e04c47edcd27504d3766dff141b7efc54011,93f666ab0acecc674809dadac7a797baa0c20b5d,true,ps2 textures\opaque\bp_remade,true,true,5,remarci_4x,false,0,false
s112a_cell_floor_01_alp_ovl.bmp,5c09fbb4666ec302a73e827539ebeac11ec3aaee,e05d27a5f4906cebdfaacace7bdb73f108960f00,true,ps2 textures\HAS ALPHA\bp_remade,false,true,5,remarci_4x,false,0,false
s112a_cell_ironbars_01.bmp,1bf665ed03db19bdd0037c0cdfd01c073cb830e2,b300c26d5d7cd5adea32680490c8a4c117cb88be,true,ps2 textures\opaque\bp_remade,true,true,5,remarci_4x,false,0,false
s112a_cell_ironbars_02.bmp,5c0dc2b44b391ebc241b62fda55b850dc27d9a51,353ded5c89cf3d9f30a17d573f0531b594e3432f,true,ps2 textures\opaque\bp_remade,true,true,5,remarci_4x,false,0,false
s112a_cell_ironbars_03.bmp,24877a5ae1350d5b48a7e66fd767c53043a15805,5303d62d16975cb371aec3d9fb003a8d6853e814,true,ps2 textures\opaque\bp_remade,true,true,5,remarci_4x,false,0,false
s112a_cell_ironbars_06.bmp,86069af5ffaf631be844c89327209f67bd624607,58d28e205a252f250be4e1540b678e69f6420939,true,ps2 textures\opaque\bp_remade,true,true,5,remarci_4x,false,0,false
s112a_cell_ironbars_07.bmp,14a3e87dfbcf769aeb68c5c33a85d3161403a042,c51b037a965f1c9c6446662b455a014dc82b5826,true,ps2 textures\opaque\bp_remade,true,true,5,remarci_4x,false,0,false
s112a_cell_ironbars_08.bmp,d461159be503c13552890feee8632f63282f2703,f62acd6ebd572263d6aec9be022ac4395d3158a7,true,ps2 textures\opaque\bp_remade,true,true,5,remarci_4x,false,0,false
s112a_cell_tuuki_01_alp_ovl.bmp,50663521413ab1a259ddac3b2a87b69a88533f1b,3be1b48a9489c670c182e12fce8781a9443246de,true,ps2 textures\HAS ALPHA\bp_remade,false,true,5,remarci_4x,false,0,false
s112a_cell_wall_01.bmp,f3d49593b8c90847305ee686bf171036fa95bbcc,23725032c9177a1ae199261df1123c00337e5c87,true,ps2 textures\opaque\bp_remade,true,true,5,remarci_4x,false,0,false
s112a_cor_floor_02.bmp,3f76c47057d23ce0dd0b8d41aa9c88ff9c9dc1b1,900d95ab299a08a3f38faf1ee75326dbef2c90bc,true,ps2 textures\opaque\bp_remade,true,true,5,remarci_4x,false,0,false
s112a_cor_floor_03.bmp,a85e83edeedbac5c93c5f0c47e6f6a589b23ee48,f9dd06127d196d0e7f188197ea0a45793d1775b1,true,ps2 textures\opaque\bp_remade,true,true,5,remarci_4x,false,0,false
s112a_cor_floor_05.bmp,ab405730df07c7cd81f92da13c5e198f59acffb2,d1913e2c77732307fedd5aed6933101f47a97ec2,true,ps2 textures\opaque\bp_remade,true,true,5,remarci_4x,false,0,false
s112a_cor_floor_07.bmp,31d33c18ef3fc0d7f6205fc26c054f68844bb980,0e14366b6b0e60e8b0af9790d76b9ab815555862,true,ps2 textures\opaque\bp_remade,true,true,5,remarci_4x,false,0,false
s112a_cor_ironbars_02.bmp,bbd07ef72ec306dad9baad164a90cb6fa53eb37c,2978a4e11cb3f6146b3c683ae632c06059c85f21,true,ps2 textures\opaque\bp_remade,true,true,5,remarci_4x,false,0,false
s112a_cor_window_01_alp_ovl.bmp,2a7c4edebb7465abe3903387ba4e5ee0d3288bcc,8bd2d9251e5704d585c107667676be4e29876b86,true,ps2 textures\HAS ALPHA\bp_remade,false,true,5,remarci_4x,false,0,false
s112a_goumon_floor_01.bmp,408ed3a2234243c820bca09124ad8239f003ba82,2ff1ea499111f2ea1bb022ff8779463258215fef,true,ps2 textures\opaque\bp_remade,true,true,5,remarci_4x,false,0,false
s112a_goumon_meca_09.bmp,784ea268d996048765ca6eb5c76a875436e4a750,0736f2cbcf3eb61a2b1d770d084eb87ba8893915,true,ps2 textures\opaque\bp_remade,true,true,5,remarci_4x,false,0,false
s112a_goumon_rail_02.bmp,55e1ccadcb7d0bf00b192262fa5bdcccbf93ba0c,aebfb3e58f4ddc6a7117e4f07c0d34ea5704d5b7,true,ps2 textures\opaque\bp_remade,true,true,5,remarci_4x,false,0,false
s112a_goumon_wall_01.bmp,538134f99bd0166f96155d89d4ca023d5145ec12,6e6b4e0844724bdb2e9ca0dd788ff73b1ad523aa,true,ps2 textures\opaque\bp_remade,true,true,5,remarci_4x,false,0,false
s112a_hibi_01_alp_ovl.bmp,3451f5d2345a9f71ba74b8d128ba97bc715fe9f4,34e79bd2742e8e0734285f19981c3aa1f3ba54d5,true,ps2 textures\HAS ALPHA\bp_remade,false,true,5,remarci_4x,false,0,false
s112a_kanshi_wall_01_rep.bmp,521d13751544a3357f808624ed734d61b2fdcaad,a27fdb460fcb08b85309bfc8055dc443c8f41810,true,ps2 textures\opaque\bp_remade,true,true,5,remarci_4x,false,0,false
s112a_ne_room_boad_01.bmp,97dabcf6917bb80caaa7902d45db543e164bf18c,33cdecbb4f8c9906f06d8e290f528652e012b481,true,ps2 textures\opaque\bp_remade,true,true,5,remarci_4x,false,0,false
s112a_pos01_alp_ovl.bmp,89f1dc285872f562cf0231b4d4289946be190119,343e0e5b3f0b8a8e886787d86e39fd7c497c41af,true,ps2 textures\HAS ALPHA\bp_remade,false,true,5,remarci_4x,false,0,false
s112a_room_desk_02.bmp,527e078d11d9ea6d27a905460675944781735b0c,b966cd5e24618aee2da85c4e98602e9ff3384b48,true,ps2 textures\opaque\bp_remade,true,true,5,remarci_4x,false,0,false
s112a_room_desk_04.bmp,b8cd2dd83dfe328cce703b89272f9244b5b3bdb4,0bffdc22a9c9f54754748b20c633eeaf178cdea3,true,ps2 textures\opaque\bp_remade,true,true,5,remarci_4x,false,0,false
s112a_senmen_03.bmp,0b6ce9520c7985f9327293f21778b0579ac809bb,f9f3faebfabaa42ebaf4ad5b9ea0dc3b203dcd28,true,ps2 textures\opaque\bp_remade,true,true,5,remarci_4x,false,0,false
s112a_slide_door_01.bmp,4c1c787d8917b58ef4755db9d853380879bbe4ed,4e7238bb649b29d929dd6550600dcfb745d59411,true,ps2 textures\opaque\bp_remade,true,true,5,remarci_4x,false,0,false
s112a_toilet_paper_01.bmp,6bdc93e4c8ded23604ce1f7540da1d7430f96d64,5c2da74ec33282e7528d3bdef82720c4c738689f,true,ps2 textures\opaque\bp_remade,true,true,5,remarci_4x,false,0,false
s112a_wall_02.bmp,d295e3c2f2e7ca730a5b6c9aec4cd1f2c3101410,126a7fd1f166bf7fbcc13a3ac22c0de6a6609661,true,ps2 textures\opaque\bp_remade,true,true,5,remarci_4x,false,0,false
s113a_cfloor00_rep.bmp,cc4935cf1b06372d78f9c86b60341d7eaa0fc5ac,9a942078e3864a04fb08070b361d42f13a8a265f,true,ps2 textures\opaque\bp_remade,true,true,5,remarci_4x,false,0,false
s113a_cwall01_rep.bmp,cd72122e625bd6eff8db2b61ceb0e4f052889895,51ce571b86e9f751894fa3890ce1d9b4c6a1942c,true,ps2 textures\opaque\bp_remade,true,true,5,remarci_4x,false,0,false
s113a_dkt00a.bmp,81c827f99674cb9d1c6ecb02d665f291ed212c6d,44415d4128341945273b8710c377a5ff8f0e7c67,true,ps2 textures\opaque\bp_remade,true,true,5,remarci_4x,false,0,false
s113a_dkt00b.bmp,4d005cbf8046218035bb1591018591ce47cf255c,6e1d4486aefc5b1741231e01b2eba11c2fb97f5e,true,ps2 textures\opaque\bp_remade,true,true,5,remarci_4x,false,0,false
s113a_floor_00_rep.bmp,c8f069813d98246073315b84b71defd3a6d56a76,3af6a7570b4ce7ccba5df6d09e1e1492ff7146f4,true,ps2 textures\opaque\bp_remade,true,true,5,remarci_4x,false,0,false
s113a_floor_01.bmp,1894917ff5b070fee1059765ea7bf22d81a17adc,0f186ec7e6e9bc9b93c592711df48dea30d7be2c,true,ps2 textures\opaque\bp_remade,true,true,5,remarci_4x,false,0,false
s113a_floor_03_rep.bmp,6a091ede2940729ee27e0b8ee0059ddae8b37083,698977ae97f3de7665063e10f1282446624e2560,true,ps2 textures\opaque\bp_remade,true,true,5,remarci_4x,false,0,false
s113a_pipe01a.bmp,148c089f09a197a25f0f39cbc3cc7973a345eaf3,39a96f4055329b9eea5e0e03826968989aa84b41,true,ps2 textures\opaque\bp_remade,true,true,5,remarci_4x,false,0,false
s113a_pipepbj01a_alp_ovl.bmp,4aa1426c1f3d1473e5761ae0719eae7bf56d1d8f,f6890ab84252d73470fa9cb77f479ac2f9d5a864,true,ps2 textures\HAS ALPHA\bp_remade,false,true,5,remarci_4x,false,0,false
s113a_roof_bar00.bmp,c0303578dfd909bb10fade834691480435f2d508,c82d31b9cc661b74a8318b74bd84e63e7081693e,true,ps2 textures\opaque\bp_remade,true,true,5,remarci_4x,false,0,false
s113a_s092adkn00.bmp,fe4eeff129260b396bb8b03f6b57b746ce1b59d7,57f44803c7ac1cbad77c738d3bf758265d3f2e6f,true,ps2 textures\opaque\bp_remade,true,true,5,remarci_4x,false,0,false
s113a_sk01a.bmp,7147484f84c98c9610090cd92deffc5893f0accd,86b4263f29b918e228ea9d2721913a1350ca3ecf,true,ps2 textures\opaque\bp_remade,true,true,5,remarci_4x,false,0,false
s113a_sk01b.bmp,1174efaf262b8efb6cc7a12d7ef7442bf7884eab,492eca3418ba4ffdf46d6870e0ca905e4a23d171,true,ps2 textures\opaque\bp_remade,true,true,5,remarci_4x,false,0,false
s113a_wall01a_rep.bmp,fd538b29998e6747898260b438884b58f0482873,08337a56b8af023a25daa90a2036c4aee0e92eff,true,ps2 textures\opaque\bp_remade,true,true,5,remarci_4x,false,0,false
s113a_wall01b_rep.bmp,3723df1a17843290e04864e886748d805aab5a01,1dbdb480b4391ce05a26bb387fe261bc82e0bd3d,true,ps2 textures\opaque\bp_remade,true,true,5,remarci_4x,false,0,false
s113a_wall02_rep.bmp,316e2712e61d1e6b9f448389ad732c5ebfa91a4e,5cd56ed4ab78fea65f13bd6e312515597afe295b,true,ps2 textures\opaque\bp_remade,true,true,5,remarci_4x,false,0,false
s113a_wall03_rep.bmp,ef97ae899a12656c366167e2eaefb0ffac6c1c58,f871e59f923af1e7546bc5e93a149cef6674f6e5,true,ps2 textures\opaque\bp_remade,true,true,5,remarci_4x,false,0,false
s113a_wall04.bmp,f59a772ff99f1f6a53c0f94c33420dfbdb5435c6,a66297af328c9bbb5377c5194c6eb2d5af96321d,true,ps2 textures\opaque\bp_remade,true,true,5,remarci_4x,false,0,false
s113a_wallrusty03a.bmp,c51b48f1650161fe5796f8ccfd0532aa6fc83999,857f562b60e2eaf8059d7f6f943c9521109ee449,true,ps2 textures\opaque\bp_remade,true,true,5,remarci_4x,false,0,false
s121a_door_01.bmp,09d77d2230ce6d8bab42d092b3019f85dbde5485,7b9d4f0ffb7b6704abd0bf3413d8445d44bba2a6,true,ps2 textures\opaque\bp_remade,true,true,5,remarci_4x,false,0,false
s121a_mogi_fueltank_09.bmp,4e5cfc6daaba713a24fceadccacf5fffec73bb2a,dc6b3292ffd3418ec02d17020aa40c0fa7c7265c,true,ps2 textures\opaque\bp_remade,true,true,5,remarci_4x,false,0,false
s121a_mogi_fueltank_10.bmp,b7c7b227e97f5c9ef2a71ff54965ffa2881b25b3,172efae1bbd49b5635090229fd357db65511318b,true,ps2 textures\opaque\bp_remade,true,true,5,remarci_4x,false,0,false
s122a_fence_alp_ovl_01.bmp,52a528a4e9771502d0b3a2f14951dbbbeb6e0e99,cf6431e9e9be00432c89656a54b40dcccb62ae53,true,ps2 textures\HAS ALPHA\bp_remade,false,true,5,remarci_4x,false,0,false
s131a_mo_obj_01.bmp,1494d17787a399c5e03728309420d6dd1145c840,db8a2e17dc84076dbbf68d8450e8955be26a1893,true,ps2 textures\opaque\bp_remade,true,true,5,remarci_4x,false,0,false
s131a_mo_obj_rep_02.bmp,25d73b809c54246b37387948af215aa77a7798a8,132d9e4ed4e1c62598f5f79294f02c506b7c5d5e,true,ps2 textures\opaque\bp_remade,true,true,5,remarci_4x,false,0,false
s131a_mo_pipe_alp_ovl_06.bmp,c7c25331f4a0b5f897da31b4578c009892809f49,45f6a002648a29a670f5c4c866e7f3a092c267e1,true,ps2 textures\HAS ALPHA\bp_remade,false,true,5,remarci_4x,false,0,false
s131a_mo_pipe_rep_05.bmp,d916ae0a50d149b36ed80ea46d5995de6eb57de4,a8104ccf1268c7252a831addc4e9ef37d4449b14,true,ps2 textures\opaque\bp_remade,true,true,5,remarci_4x,false,0,false
s131a_mog_snow_alp_ovl_rep_04.bmp,ede6a94c6746e3dcccd8f22a6bf8f1fede581656,5ee5d464bb640250448b368f1979eff6742fe88b,true,ps2 textures\opaque\bp_remade,true,true,5,remarci_4x,false,0,false
s131a_mog_stain_alp_ovl_02.bmp,c95f2cb9d466ae421ea652ac02c01d6fefc348fe,c3e0345b44ac9646bac8f1f522a1a9e9a13fc6e1,true,ps2 textures\HAS ALPHA\bp_remade,false,true,5,remarci_4x,false,0,false
s131a_mog_stain_alp_ovl_04.bmp,6bb56ca7054ca5aa8294b1d542a9ebbe87d9124b,563cb7083b1465854d4d0a746b2c4aa643afc057,true,ps2 textures\HAS ALPHA\bp_remade,false,true,5,remarci_4x,false,0,false
s131a_mog_wall_alp_ovl_rep02.bmp,47a21f0994952fafbf35ad1d82205a5e669bfb94,c645cc9aee38185336760967f1811226ab54338a,true,ps2 textures\HAS ALPHA\bp_remade,false,true,5,remarci_4x,false,0,false
s131a_mog_wall_rep_01.bmp,66ff15e1a4b872ced1176c0a616759a5cb361a4a,b37f278d6492bce9b936880bb459f215aa1e738f,true,ps2 textures\opaque\bp_remade,true,true,5,remarci_4x,false,0,false
s151a_touboku_a01_rep.bmp,fda9318a85ef416b66f7ac9122f80bf0ccaa4dc2,af7d1da88d25a5ea83ba9e66ff87b12790370f14,true,ps2 textures\opaque\bp_remade,true,true,5,remarci_4x,false,0,false
s151a_wet_rock_a01_1_rep.bmp,89fdc04ad475df144ae6ad5a9015e4a495d5b9c3,2b7343f883f9f8c6f32ac6242abb6a439173477a,true,ps2 textures\opaque\bp_remade,true,true,5,remarci_4x,false,0,false
s152a_fence_01_alp_ovl.bmp,32a3f8d6244c25b9348dced4cc6fe8b5298f1285,67ccc0ae6b83fc5500c42cf3b75a55eb61e779e3,true,ps2 textures\HAS ALPHA\bp_remade,false,true,5,remarci_4x,false,0,false
s152a_fence_02.bmp,504696ef8fe83d8f63d54f081e5cbc5a8a2ce3cf,3879cae80d2f8079ee9b5de058c5e1ae848868b3,true,ps2 textures\opaque\bp_remade,true,true,5,remarci_4x,false,0,false
s152a_floor_01.bmp,7f25dd1c1d8f3a03596fd7eb8165bbe0f6547e69,b630f861d7f9e8603317df04a911503f891e6c50,true,ps2 textures\opaque\bp_remade,true,true,5,remarci_4x,false,0,false
s152a_floor_03.bmp,9fc3874c87b5f8f54442b7a30054212bd5424080,e621803624a8d0988983337665b33f28995d96c7,true,ps2 textures\opaque\bp_remade,true,true,5,remarci_4x,false,0,false
s152a_light_04.bmp,385073821c6b66b17a9e1a6317085e97472b5f1c,ac12476db77911938901f9acf04d4dc4964c370b,true,ps2 textures\opaque\bp_remade,true,true,5,remarci_4x,false,0,false
s152a_rocksfc_a01_rep.bmp,41bf12171afceb6a946cad3100eacc6df41d1eeb,9b19b6050b0959c764612debcdda2ccd343c589e,true,ps2 textures\opaque\bp_remade,true,true,5,remarci_4x,false,0,false
s152a_rocksfc_a03_rep.bmp,3413330f910804b2c2c0bba5321dcf6c5b1201be,0b21c176142841b0e573ee9cfbbec0929c8bdc98,true,ps2 textures\opaque\bp_remade,true,true,5,remarci_4x,false,0,false
s152a_room_door_01.bmp,cb2a066332067de2ee8d2eab3dece3c28e071f5c,0f9fa68b0f1cbafd1ca6824d2e89080fe07daddd,true,ps2 textures\opaque\bp_remade,true,true,5,remarci_4x,false,0,false
s152a_room_floor_01.bmp,076c771bfb1a2dd6b401ca69902355a625a28d06,82df76683ad789d6d471d77d6595172daed5fdaa,true,ps2 textures\opaque\bp_remade,true,true,5,remarci_4x,false,0,false
s152a_room_pipe_01_rep.bmp,3bdbb0c5636e6c5d7f2bdc9a6ab270134913a0b4,c884bdef651e34c536bda0a32be432bc3b64bad1,true,ps2 textures\opaque\bp_remade,true,true,5,remarci_4x,false,0,false
s152a_room_wall_02.bmp,d20a0c1df9838d7ef6c5ffbe3535bd4c32f669be,d4cc56ba464af24c45745ed9182746f3bde5d8eb,true,ps2 textures\opaque\bp_remade,true,true,5,remarci_4x,false,0,false
s152a_takibi_04.bmp,46e35506634b0230524c5fb4cc9c7ddda979382a,3a0a07a92217918f870c4ddf91108e303bfbf295,true,ps2 textures\opaque\bp_remade,true,true,5,remarci_4x,false,0,false
s152a_takibi_05.bmp,b0a077157e43a0912b83d5d1e6b0864ebfda5a8e,861a41dd628a54e83954df9fac9b050245e755d7,true,ps2 textures\opaque\bp_remade,true,true,5,remarci_4x,false,0,false
s152a_wall_01.bmp,7d6d9930264e17d35b9a58ebabedd7fea4df6dbe,b5da3fe8b986f95924b537c2297eeb1e5da992f1,true,ps2 textures\opaque\bp_remade,true,true,5,remarci_4x,false,0,false
s152a_wall_01_02_alp_ovl.bmp,c243a463a517cb952b786796fe22660927afe472,3ce3f7f3ceaae7c5a11b9f1c7108f483cf4c9ca1,true,ps2 textures\HAS ALPHA\bp_remade,false,true,5,remarci_4x,false,0,false
s152a_wall_01_02_v2_alp_ovl.bmp,9ae576132b079512cb7ebd99030856a9dc2bd90c,a42b6eda168e8b05c79cd3bbf187a6851f407399,true,ps2 textures\HAS ALPHA\bp_remade,false,true,5,remarci_4x,false,0,false
s152a_wall_02.bmp,21bef0b7ef022411c8316897c7fa1162b9a93441,5d2d12ae1004b9ff996d486f3c26175cdc0ffd1e,true,ps2 textures\opaque\bp_remade,true,true,5,remarci_4x,false,0,false
s152a_wall_03.bmp,1feea954bc02a4af637ec6173acefc93c56e5c2c,0f1649a95fb496d0f1d13aecb41bc1d348b80f83,true,ps2 textures\opaque\bp_remade,true,true,5,remarci_4x,false,0,false
s161a_dram_01.bmp_002c882cb5e0df927fa5bac2c4b816c9,4f9a55ef417a767743d5c9c71272d1f7b732087d,73362a3f540c94bd6ab3e2829a62fa7beb903733,true,ps2 textures\opaque\bp_remade,true,true,5,remarci_4x,false,0,false
s161a_flbrk00a.bmp,fc820c835187accb761b635a18e4530707fe6977,43ca944f6cfc85ffe726c1b43e4d6aeb64281334,true,ps2 textures\opaque\bp_remade,true,true,5,remarci_4x,false,0,false
s171a_mo_box_01.bmp_899d285bfe6e63261f49f7d97a18438a,5c0e6ad489d4c88fb7443813f8b4e7dcd9440a73,8df262b046140a011aa13b658108384ef2f54fd7,true,ps2 textures\opaque\bp_remade,true,true,5,remarci_4x,false,0,false
s171a_mo_box_02.bmp,fc37936ce6befa78a3cedcd15b837adbc1e5aaed,1a9e9f24571c79a86fb04141c532fa2923cb923f,true,ps2 textures\opaque\bp_remade,true,true,5,remarci_4x,false,0,false
s171a_mo_bridge_rep_01.bmp,5db8256ffec6d28d432892cd8702d1172c546d39,a32067cd8115ceb3c5f9002d5bcd04a008ea05d0,true,ps2 textures\opaque\bp_remade,true,true,5,remarci_4x,false,0,false
s171a_mo_cloth_alp_ovl_rep_01.bmp,922bdb4a81b917cdfb2cb2e13631cb03cb5339fe,a9237d8dda8c65be483ebe97215b4df4efe3d1b6,true,ps2 textures\HAS ALPHA\bp_remade,false,true,5,remarci_4x,false,0,false
s171a_mo_fence_alp_ovl_rep_01.bmp,8bc70f0933355a78a60d68241da9c22f57aa38d9,de2d6907e6684bfd85651e8fc1567149e71b90ea,true,ps2 textures\HAS ALPHA\bp_remade,false,true,5,remarci_4x,false,0,false
s171a_mo_grd_rep_01.bmp,26dfd9419336b58ba2121b6269a06d1993b65bc7,3ca540ad89f610e4d5fa170da157b38b2baad150,true,ps2 textures\opaque\bp_remade,true,true,5,remarci_4x,false,0,false
s171a_mo_grd_rep_alp_ovl_02.bmp,7602842d07ec8d1432b3ff6ceb35699ac5bff1a5,b45acf5219acdf3bc0ceeafc793da9775270082b,true,ps2 textures\HAS ALPHA\bp_remade,false,true,5,remarci_4x,false,0,false
s171a_mo_pillar_04.bmp,7c1698a494a272ea16dfe7574c2c4f7736c6b41b,3ac5cedeb2f2536d419cc0f910fa54eb8d621e30,true,ps2 textures\opaque\bp_remade,true,true,5,remarci_4x,false,0,false
s171a_mo_pillar_rep_01.bmp,e5dfc198e283331883760ec25fe39b2f8e6af981,58ccd60425cc3937aebd84f5e6b1116a50f569b4,true,ps2 textures\opaque\bp_remade,true,true,5,remarci_4x,false,0,false
s171a_mo_snow_rep_alp_ovl_07.bmp,0f8df9727af3ca42e58df1500a524ef0acfe02e5,29fa70784cf18550738f1428e1e1010235a72cd1,true,ps2 textures\opaque\bp_remade,true,true,5,remarci_4x,false,0,false
s171a_mo_wall_rep_03.bmp,d9237448b2a957b6f7316bae800ba4f170fe2b4e,d243025ba4aa9b2ebe86dfcf621bb7065ca34fcb,true,ps2 textures\opaque\bp_remade,true,true,5,remarci_4x,false,0,false
s171a_mogi_fence_alp_ovl_rep_01.bmp,33ea2b0d64b9c8f051237db5efc44bf38d0d9e7a,ba89d6fa38bb54f684a39944ae1e152ff5c20504,true,ps2 textures\HAS ALPHA\bp_remade,false,true,5,remarci_4x,false,0,false
s181a_flr_rep01.bmp,0ca03c061812c76d320d3d8943766023b4e5c197,8c03ab7f81d5980bce075388d8b9a6124b73a94b,true,ps2 textures\opaque\bp_remade,true,true,5,remarci_4x,false,0,false
s181a_grass_alp_ovl01.bmp,d07d71c365a4db5fed6b9afd9f25611120c7465d,fea3f726c463d3d1c0cb29f3eb6dab96674ab228,true,ps2 textures\HAS ALPHA\bp_remade,false,true,5,remarci_4x,false,0,false
s181a_jimen_a01_rep.bmp,7c6f3c463fbf711885c14b01b852a2b7e559ad8c,fd869e5e99216ac5120f1fcb99e7a5852566f4ce,true,ps2 textures\opaque\bp_remade,true,true,5,remarci_4x,false,0,false
s181a_jimen_a04_rep.bmp,6162c29815ef18b1c6af9891eb1b4a3502f4f9ad,1070980ca486f1e859e85c7cd658a50a7ac613ea,true,ps2 textures\opaque\bp_remade,true,true,5,remarci_4x,false,0,false
s181a_mt_rep01.bmp,4c2f9c81c0e9780cc0a5601cda40ff6cea40b5a6,4fd5f18d2cf62f5180813691f93898c40cd9a077,true,ps2 textures\opaque\bp_remade,true,true,5,remarci_4x,false,0,false
s181a_snow_a01_alp_ovl_rep.bmp,62b997ef364f8bdb0580ef27a6177dcb92920307,d827a688c87c78be74feb36cf9020d6f8913a200,true,ps2 textures\opaque\bp_remade,true,true,5,remarci_4x,false,0,false
s183a_rocksfc_b01_rep.bmp,7d012624fcce58c52cea22fef86fff8b64536acb,85ea3958d45d69045c111d64ed6706756895b077,true,ps2 textures\opaque\bp_remade,true,true,5,remarci_4x,false,0,false
s191a_flr_rock_rep01.bmp,5410c754243a446170956c5436c9eaf05233b6a1,7aba0640bd888a67331fb0c93710f2dde910c6c9,true,ps2 textures\opaque\bp_remade,true,true,5,remarci_4x,false,0,false
s191a_flr_soil_rep03.bmp,c56c73faa758c91092af414175a4a189ac4b4a88,19d48081140d31957e61bbd6b3afda25a5d7efbf,true,ps2 textures\opaque\bp_remade,true,true,5,remarci_4x,false,0,false
s191a_forest_alp_ovl01.bmp,9335f79c0f7bf76b2d24b892c86871eb26096915,04a3441daf81c1ec74a7bf2a4eefb4949e13cdce,true,ps2 textures\HAS ALPHA\bp_remade,false,true,5,remarci_4x,false,0,false
s191a_rock_rep01.bmp,c585c2d592fb1233843cb3bb5d4b8a8ff4f369be,2a07e7fc22a311422f4f70be33f0cb2e49119aea,true,ps2 textures\opaque\bp_remade,true,true,5,remarci_4x,false,0,false
s191a_tree_danmen_01.bmp,ffad7db1c256b72b6451a0d8655eeec906eb24e1,d6a19570fb1ac524c47c9fa223b6cf263980b4b1,true,ps2 textures\opaque\bp_remade,true,true,5,remarci_4x,false,0,false
s201a_amana_mass1_alp_ovl.bmp,5b094eae16e882bead724117faa3d3a6225e07aa,015aaec9a5be7dadbf34306c23a64b710870e071,true,ps2 textures\HAS ALPHA\bp_remade,false,true,5,remarci_4x,false,0,false
s201a_deadtree1_rep_mip8000.bmp,e06899c5b7479268288a5b667d162a49249d0086,a00c08cbd6435281b0316e3d2f7f529f088a7fc7,true,ps2 textures\opaque\bp_remade,true,true,5,remarci_4x,false,0,false
s221a_bin_00.bmp,10ad7ce3a3bc19b5c895370c2cb6d794f576c864,e4f8bdbf935253b7e4fb1903252a8acd4ed93323,true,ps2 textures\opaque\bp_remade,true,true,5,remarci_4x,false,0,false
s221a_books_00.bmp,346c41edbea8b6c32d2013afb13436c47d3c2ad0,5d161bb6ab9801a18d39d9bd66d72a2191edae17,true,ps2 textures\opaque\bp_remade,true,true,5,remarci_4x,false,0,false
s221a_carpet_00.bmp,5ab9b457a13f7c2f06e13e8c45bdb49caadf6c6e,ff6d9f9f37a2807c0e69acbb7846caa093f12d9f,true,ps2 textures\opaque\bp_remade,true,true,5,remarci_4x,false,0,false
s221a_fireplace_00.bmp,bc16061a39365c7c45941ab61ff43c7749bfa34e,b14a88325fb510193d9254ff08e81f0fddcf29ff,true,ps2 textures\opaque\bp_remade,true,true,5,remarci_4x,false,0,false
s221a_fireplace_a00_alp_ovl.bmp,52ee12d2fe5cce11efa6612737dda314df5be4ed,8ab201850e0b854507677267b12a04d9eb3e7549,true,ps2 textures\HAS ALPHA\bp_remade,false,true,5,remarci_4x,false,0,false
s221a_photo01_alp_ovl.bmp,7a48955d2ce4695ac7ef3fc25693b6c4176fda12,5202d7e179cc62d611c01042bab17b7c1259957d,true,ps2 textures\HAS ALPHA\bp_remade,false,true,5,remarci_4x,false,0,false
s221a_sirakaba_tree_rep.bmp,e8543b7848e4a357772ef83bce9ba8f05471ac25,3522143847d9853e01b0028bfb1a38d0d32b461f,true,ps2 textures\opaque\bp_remade,true,true,5,remarci_4x,false,0,false
s221a_stove_01.bmp,2061b7b0d1383dd911de28bb3fee7be1f6688cab,d21618dd0dcec919ca60d64d68a928c569f4fa0b,true,ps2 textures\opaque\bp_remade,true,true,5,remarci_4x,false,0,false
s221a_wall_a00.bmp,5d41fdb8f9851bafc83dcf0c6419cd68fee1aaf9,a019d2dfa2f12e508876207c6a8575602e96fe25,true,ps2 textures\opaque\bp_remade,true,true,5,remarci_4x,false,0,false
s222a_door_nob00_alp_ovl.bmp,c920b2974054f15702421d8371f296418ecf1cb9,b23446ef03bb2aad55c984e88576d0adc77f94ac,true,ps2 textures\HAS ALPHA\bp_remade,false,true,5,remarci_4x,false,0,false
s222a_door_nob01.bmp,9f9e9a7e6329cdc02ed7f7448dd297476418b2f7,ef353e0074682ace647e968af2da4b326afba04d,true,ps2 textures\opaque\bp_remade,true,true,5,remarci_4x,false,0,false
s222a_room_carpet_01_alp_ovl.bmp,716409d092b9f8de297fd5f54fca84060d82d978,a56cda34080b85245fe00d4e51e279ead1397acb,true,ps2 textures\HAS ALPHA\bp_remade,false,true,5,remarci_4x,false,0,false
s222a_room_dai_01.bmp,ebc99966e2ab1694498ca3b8042e896fdc261d6a,4f96713f97d698fd0b306fc4463f2f9ab253acc4,true,ps2 textures\opaque\bp_remade,true,true,5,remarci_4x,false,0,false
s222a_room_dai_02.bmp,e3ead2161a8433c3344a8197be511d2d0ba06216,f0bc54efbed8431f58720a39bee712d6f51fd548,true,ps2 textures\opaque\bp_remade,true,true,5,remarci_4x,false,0,false
s222a_room_dai_03.bmp,622197717239bef6737543174ffd31be592420e9,8f8d9fcb039b7722edc404ebfce7fa95405285d1,true,ps2 textures\opaque\bp_remade,true,true,5,remarci_4x,false,0,false
s222a_room_desk_komono_04.bmp,c69013a7068a789c99cfd42ac36b2ff6f621c354,55ea299f65fe245af64e2d0993c39b54e4d17cea,true,ps2 textures\opaque\bp_remade,true,true,5,remarci_4x,false,0,false
s222a_room_desk_komono_05.bmp,911d26f2e0d53f0e1242b533e00dcfd538631398,a5046222e4f8a1b43aca9419afc3a61d1951d36c,true,ps2 textures\opaque\bp_remade,true,true,5,remarci_4x,false,0,false
s222a_room_door_01.bmp,8dc98716b5a2b206731982daad95a1e6eb96fc9f,c87275bb8fee41fd398eb45ddd8e98eac8da1075,true,ps2 textures\opaque\bp_remade,true,true,5,remarci_4x,false,0,false
s222a_room_door_02.bmp,d0c7489f414ed317531ba992f00c9c2b9d041270,acecf7777336aeec965d5cba6dff35881985d403,true,ps2 textures\opaque\bp_remade,true,true,5,remarci_4x,false,0,false
s222a_room_floor_01_rep.bmp,56b279006f70ad8f9a8439fce1bf9175fcbcaf11,ba2c7c9758710644267a64a34f4b1d129a3fb911,true,ps2 textures\opaque\bp_remade,true,true,5,remarci_4x,false,0,false
s222a_room_hondana_06.bmp,f3199840a1ffe4d02e98bd3048590c7d740e8fd1,2e572fa1f437018ee1df81521bf2e5b091c676ed,true,ps2 textures\opaque\bp_remade,true,true,5,remarci_4x,false,0,false
s222a_room_isu_01.bmp,2195f010d0879db39b5e79e89e7b6d0ae78360ca,4894a00e903f9d4a935956e37c1af97b6919aad8,true,ps2 textures\opaque\bp_remade,true,true,5,remarci_4x,false,0,false
s222a_room_isu_03.bmp,fc1b636dcfc1229bea57616526ebd33f8590b49d,b52f7fb117089a68c2260758f2c13721c5e3458e,true,ps2 textures\opaque\bp_remade,true,true,5,remarci_4x,false,0,false
s222a_room_isu_05.bmp,de4db437c4ba8642b4f5cb6af80b21ef3cb9476a,a239315cc68e459036aa408d82ad99319181c0df,true,ps2 textures\opaque\bp_remade,true,true,5,remarci_4x,false,0,false
s222a_room_isu_06.bmp,3207c464ebd6e4bb876be03d99bdd4dd4bb11768,fd67f8e81a5ff2293b05145591449f3e490cd92e,true,ps2 textures\opaque\bp_remade,true,true,5,remarci_4x,false,0,false
s222a_room_isu_07.bmp,df3b7397f502b3cf8a1df93c4e4d3e683efe516e,d3728093c840f400472578fc596834da7f04652f,true,ps2 textures\opaque\bp_remade,true,true,5,remarci_4x,false,0,false
s222a_room_isu_08.bmp,2a07c633ea0952c04e91bb5fa98f7cfd1ca63850,1eaa9abb7b301f97429137c77e8d73b8fa23a786,true,ps2 textures\opaque\bp_remade,true,true,5,remarci_4x,false,0,false
s222a_room_lamp_01.bmp,17957580e29f59e00c2077a7fa5808c07bb1661c,d2d7be55c683bfa6df0e59be01fa63fb28360929,true,ps2 textures\opaque\bp_remade,true,true,5,remarci_4x,false,0,false
s222a_room_light_01_alp_ovl.bmp,45c211b29273096359afab0718711173d61aa353,a8e3c1be16b17e6ee79e9a450f2fabbe2d47314b,true,ps2 textures\HAS ALPHA\bp_remade,false,true,5,remarci_4x,false,0,false
s222a_room_light_03.bmp,cb274c07c240a440dc264a44cd1f21febf6bfc77,c16c24919bf4935b0cbbcd715e0de9e9edf32514,true,ps2 textures\opaque\bp_remade,true,true,5,remarci_4x,false,0,false
s222a_room_tans_02.bmp,71960f4a8e7e9186ed68ec5692c851b43ccfb588,12e71a0379588aebc990a863f0391a4afd708b6c,true,ps2 textures\opaque\bp_remade,true,true,5,remarci_4x,false,0,false
s222a_room_wall_01_rep.bmp,566a11d742a91af5ae5ab8a1b8b33099621d2500,30fa0c6307e5226df9ff9ade6cc6143b6966852b,true,ps2 textures\opaque\bp_remade,true,true,5,remarci_4x,false,0,false
s222a_room_wall_02_rep.bmp,deec7c99405bc7d52ab1a28a4b0dbeae746f2300,9de660baadc8ebaada1833053ffdb2ad477cea82,true,ps2 textures\opaque\bp_remade,true,true,5,remarci_4x,false,0,false
s223a_plant_d00_alp_ovl.bmp,c341a83c0524481211a7d5db78f55749b6a44f2c,e20ccc0a4b7a23f08afddb2b501038bc109cc520,true,ps2 textures\HAS ALPHA\bp_remade,false,true,5,remarci_4x,false,0,false
s22a_mog_box_01.bmp,55a8b61b459c847af2b36dcf878e7b8169f7d885,4080545ea9f5c0675746949094946560dd4cbaa9,true,ps2 textures\opaque\bp_remade,true,true,5,remarci_4x,false,0,false
s22a_mog_desk_07.bmp,5e14d20e75377094bb2379cc2e83821e8cec6a25,623adfd117f2f273422204cc2cc46bd21bfaba65,true,ps2 textures\opaque\bp_remade,true,true,5,remarci_4x,false,0,false
s22a_mog_door_02_0000.bmp,558fb0eb4a7988767d76d0fe238c0f3d3baae7be,3068c4bd5124db8548eb1583f8e1a7926ea87a54,true,ps2 textures\opaque\bp_remade,true,true,5,remarci_4x,false,0,false
s22a_mog_floor_rep_02.bmp,c70c876f3476f8d3df73753d95e21352b436dea5,da5af4fadc8490c3a587b9fc6970209089f903c0,true,ps2 textures\opaque\bp_remade,true,true,5,remarci_4x,false,0,false
s22a_mog_obj_01.bmp,a23713c8805c898308eef9fc9d01050cc46f445a,a22d5b09b69403dba2167316e82b14b075214e3e,true,ps2 textures\opaque\bp_remade,true,true,5,remarci_4x,false,0,false
s22a_mog_obj_02.bmp,d7020c1f56cce4cc4156133dc9d95de69bdadbc8,adbf49ed6a9ca10d3455f57247ff3b632b211e5c,true,ps2 textures\opaque\bp_remade,true,true,5,remarci_4x,false,0,false
s22a_mog_obj_03.bmp,8e4ceae0ab22256c063265143b2f785143ae4959,01152ae1707f09055bf08ec671f2a209c942fce7,true,ps2 textures\opaque\bp_remade,true,true,5,remarci_4x,false,0,false
s22a_mog_obj_05.bmp,56dace73e5bbd0703e003c283926d6b2bffef8ec,42b670a7e5876f668abca32363bcaccc74ffaa9a,true,ps2 textures\opaque\bp_remade,true,true,5,remarci_4x,false,0,false
s22a_mog_obj_06.bmp,d706eb0b80873cb5ae3e1b351a407718cf1820f6,72bc33a99ef2a4c87f4027f7e1e70956d7d1122f,true,ps2 textures\opaque\bp_remade,true,true,5,remarci_4x,false,0,false
s22a_mog_obj_07.bmp,9d59aec19b89f21a6875839076257aba233bc2bc,c758965008e9db60c2aadc91df5845331c757295,true,ps2 textures\opaque\bp_remade,true,true,5,remarci_4x,false,0,false
s22a_mog_obj_09.bmp,8457c657084f54f6612de656566644a03175f2ea,447d0a0181ca28b65a112a83b3c8f0810847a136,true,ps2 textures\opaque\bp_remade,true,true,5,remarci_4x,false,0,false
s22a_mog_obj_12.bmp,90a62a60c521184ca840995d1e50ad82f5b3861e,aa21c1e7db670e681c762d8c4e1d70c65e742513,true,ps2 textures\opaque\bp_remade,true,true,5,remarci_4x,false,0,false
s22a_mog_obj_20.bmp,cf6e8f7fc5b2f81935bac750774540685f0b73b1,914a55f8fe3e76c302c6934cc739c8c5715425ec,true,ps2 textures\opaque\bp_remade,true,true,5,remarci_4x,false,0,false
s22a_mog_obj_25.bmp,eb33b8287fba68358dc897cf1c440b67dbaad831,b46e553637c0c5b0c0ee9372be30545e9943fb46,true,ps2 textures\opaque\bp_remade,true,true,5,remarci_4x,false,0,false
s22a_mog_obj_28.bmp,a2d37386f20feda740e726c69fa11ba383c571f8,867b35228df3d67a5021d9bd182e12fc1f2547ea,true,ps2 textures\opaque\bp_remade,true,true,5,remarci_4x,false,0,false
s22a_mog_obj_30.bmp,f12fad411b77529283f9b0626d69ab6a981b1be6,94ae4ea5bb31835cd38d9b56816dff6cbb1759f7,true,ps2 textures\opaque\bp_remade,true,true,5,remarci_4x,false,0,false
s22a_mog_obj_alp_ovl_15.bmp,0608b76a33962180b877b70c48b1fe238d0c9530,52a733ed404b0ffa49b3c1aa0876bafb2d56b674,true,ps2 textures\HAS ALPHA\bp_remade,false,true,5,remarci_4x,false,0,false
s22a_mog_window_alp_ovl_ara.bmp,7c9906595cf309755073282f17c36779336d7514,10c413394662975821740d34fe392bddf071e72e,true,ps2 textures\HAS ALPHA\bp_remade,false,true,5,remarci_4x,false,0,false
s71a_kinokatamari_a02_rep.bmp,03a88d3a66a87333a482ffa35300573e743c0c7a,3aee8d32d3a2cd883488489d01dcefd493d54c6c,true,ps2 textures\opaque\bp_remade,true,true,5,remarci_4x,false,0,false
s71a_wall_a01_rep_alp_ovl.bmp,a565591fbe1bbaaa9c85d2b536c7e0980989ffa8,9b6bc7af7944ca91aed2576288c0ff8ae818ec96,true,ps2 textures\opaque\bp_remade,true,true,5,remarci_4x,false,0,false
s71a_wall_a02_rep.bmp,5d26d07dce82671285a884bf360c1d113c641653,27126cec7e7513f7d163378843cf9fba2909981f,true,ps2 textures\opaque\bp_remade,true,true,5,remarci_4x,false,0,false
s74a_door00.bmp,230ecad72f663d32cf3b7c0b993194a40322151e,12caa14f0f232253b915633392c56eb601e0f816,true,ps2 textures\opaque\bp_remade,true,true,5,remarci_4x,false,0,false
saa.bmp,678e7341fb4385a2259dcce2d3f6e2b9b9b3de9f,2d628bdb018dfbf36fef442e2e46073bdd141923,true,ps2 textures\opaque\bp_remade,true,true,5,remarci_4x,false,0,false
saa_stock.bmp,a7ece5944cb91bb87d0b16cac8b7eeaf6bc2cca5,5e799800d0f3424c424c2981bf03c77b39df0010,true,ps2 textures\opaque\bp_remade,true,true,5,remarci_4x,false,0,false
saa_stock_side.bmp,1796cbfd7328f2165f3804cd962ccbf8b0175549,727ac7aa7ad9c909c2460b54c334ba8275c71d25,true,ps2 textures\opaque\bp_remade,true,true,5,remarci_4x,false,0,false
sdbodybc.bmp,bc236c8d0eab89a4a3a6a4c15eb359f7336eea05,e57dc9c828d2090bec7ece2b83a796064bc10935,true,ps2 textures\opaque\bp_remade,true,true,5,remarci_4x,false,0,false
sdbodybt.bmp,26514fbc45d0b88e7ecda04138e24bc4a2202918,a466eaf49a5dcd48934dac679f929a99630389c9,true,ps2 textures\opaque\bp_remade,true,true,5,remarci_4x,false,0,false
sdbodyso.bmp,029fa6375a73911fc4d10fabd408fcce3dd99e4e,558cf3bd7aaae95c6a87d20c70b5d663d1090ac3,true,ps2 textures\opaque\bp_remade,true,true,5,remarci_4x,false,0,false
sdfushiro.bmp,394da1108ebc9c59c094d9f83eb24779e8050bd1,0e46b1f4ef447d3ca7de4cc048b860e09e24619c,true,ps2 textures\opaque\bp_remade,true,true,5,remarci_4x,false,0,false
sdfyokosoto.bmp,81c681b2655cfbbad683a64a130c7efe78c2cbd8,15ae82e786f8e06162e55191b1ec9be480d594d4,true,ps2 textures\opaque\bp_remade,true,true,5,remarci_4x,false,0,false
seat01.bmp,71bbaad25333569a6ba17fd61b1b9d1c0ea5ddd8,c7d3ed23d582e8c6cf2460e502cb69dab878434d,true,ps2 textures\opaque\bp_remade,true,true,5,remarci_4x,false,0,false
sec_boots_new.bmp,89f91a73890b597306b5e478e238997d3e9bdaf6,308a4883c40ed0c7a2a3d72201a47ffe35e41472,true,ps2 textures\opaque\bp_remade,true,true,5,remarci_4x,false,0,false
sec_bottun_suits_ovl_alp.bmp,3fc1056a63035279102dcac1af163d6275e8a4c7,edeb51d4b5df921970726f4884905b932681cd03,true,ps2 textures\HAS ALPHA\bp_remade,false,true,5,remarci_4x,false,0,false
sec_eye.bmp,3a83c0fe9e06b50296d4d0a905ff2a4b608b8a83,b7d93b13b38a0493fa7fc3eabb5a9f049a8fbe5e,true,ps2 textures\opaque\bp_remade,true,true,5,remarci_4x,false,0,false
sec_face.bmp,939f0567e426311d58ab09a7b80467da8c7cf8d8,c5f9f7fe8f8ee8e37575787ed9b08268e10601a7,true,ps2 textures\opaque\bp_remade,true,true,5,remarci_4x_extra_smooth,false,0,false
sec_hair_back.bmp,625885026e3e3d821bcdef68de8ebde87bc278c0,5de7625eaf9c5c0fd24c6f592cb72d392177b80d,true,ps2 textures\opaque\bp_remade,true,true,5,remarci_4x,false,0,false
sec_hand.bmp,ee53826dabc2ebdc4b6cde8a4e03668b55e9471c,754a0b09df9bd3ce24f9e0801aa8ac8184719538,true,ps2 textures\opaque\bp_remade,true,true,5,remarci_4x,false,0,false
sec_shurts.bmp,c3a6b77acbd963ddefc633375e7368231b1ce090,8ed04d209130e147518f636cf6d350091455dd38,true,ps2 textures\opaque\bp_remade,true,true,5,remarci_4x,false,0,false
sec_suits.bmp,9b126355ad81836575000ae52ac055b9141b1213,c91c1fb05c10c36dc852f465bf3d1eeff23aa95d,true,ps2 textures\opaque\bp_remade,true,true,5,remarci_4x,false,0,false
sec_tai.bmp,e4955e97ee0096b25088affbd0c3c28fd8a7b57c,3febfe69c44541c08a3b57bf725c68c7a54d3b5a,true,ps2 textures\opaque\bp_remade,true,true,5,remarci_4x,false,0,false
sec_teeth.bmp,b07c1c2d86cf38ba46b58278a4818a4976fbdb7c,0dce504e3302b1a1ee95bcc2d41d1cacb0eb64e1,true,ps2 textures\opaque\bp_remade,true,true,5,remarci_4x,false,0,false
sga_cigar01.bmp,cdf50288a11c8454db83012dfff295e643aaddc0,facee8d63bc4182e1e6e277d2f51a4460d928a62,true,ps2 textures\opaque\bp_remade,true,true,5,remarci_4x,false,0,false
shago_chest.bmp_fcfbdb5e2a15170451a95cb3afe12a59,609fefa16c8dd5587dfb27b5e458fa7fd397f0ac,560cc8bf9e7a93d6245420c88ce10b6dcb395670,true,ps2 textures\opaque\bp_remade,true,true,5,remarci_4x,false,0,false
shago_drill.bmp_28faebf0b34037be547ba7a3f2fb76d1,75b58599a6bc2b405dbe9482e5baa1a0e0191d3d,f0d74f53df963f1c373440468e1b7324c4cb076c,true,ps2 textures\opaque\bp_remade,true,true,5,remarci_4x,false,0,false
shago_guns.bmp_81e766ae723f84e35357da990a62a81e,89da730345542b3dfd5ac42d8570bbdc44d23ed0,8e0d699a4c5d8a45249ba887b0056752e205e708,true,ps2 textures\opaque\bp_remade,true,true,5,remarci_4x,false,0,false
shago_head.bmp_4034d0d5bcdfd95388b31568cc0267f0,f8396ac1103041306572064d3fa1d2ac48946de6,83cc65fd7fc060c79a3cc24b5c56e7c1beb9a99b,true,ps2 textures\opaque\bp_remade,true,true,5,remarci_4x,false,0,false
shago_hover.bmp_deb4e1875ec0034166b6eee29ac3dc1d,19a9ac3148bca83be0b3447506f3213ca45e6fb9,380ab16a1b6834e675a3cafe9fcb4ded180618bf,true,ps2 textures\opaque\bp_remade,true,true,5,remarci_4x,false,0,false
shago_leg.bmp_e7c7a6f45bfa01e9e22b39dbbeedcfc7,45744abfa19e29f64bb6b365bf9b8058f1228eb8,c77f1e1542218bfbc0c8891393da0637c8f88fab,true,ps2 textures\opaque\bp_remade,true,true,5,remarci_4x,false,0,false
shago_leg_engine.bmp_858236ddedcd2a526714311b34088216,ec35b032f41b07e430606676e29b67c01ad63c38,1b0105224cfe70d42e36568a52d198927bd8983d,true,ps2 textures\opaque\bp_remade,true,true,5,remarci_4x,false,0,false
shago_leg_struc.bmp_eb93df1be56a59bf594202eba9bbbd6c,29e6e36984e731c4cc056b0009b9cd2613cd3f8e,0efcbf9662b457526df04221b3e9aab51bd5ad0e,true,ps2 textures\opaque\bp_remade,true,true,5,remarci_4x,false,0,false
shago_pit_base.bmp,b8c30cf656ef111d11740693a6590995b038777b,38923fe6ffc72e004f71906bb0bc6b37c8be209b,true,ps2 textures\opaque\bp_remade,true,true,5,remarci_4x,false,0,false
shago_pit_duct.bmp,243427cf1cd2825684c53fbeb1e86696a7bea16b,34f43134011042d92b9324e14d6faa156fff6656,true,ps2 textures\opaque\bp_remade,true,true,5,remarci_4x,false,0,false
shago_pit_engine.bmp,cb335950cf95c76964b41d2bd5e082733f89f314,9315f1d5a1bce42d5ec7279271d465cb756739b0,true,ps2 textures\opaque\bp_remade,true,true,5,remarci_4x,false,0,false
shago_pit_rack_more.bmp,da2c93107c23adf99d5b08959153e3e5447d6e52,5aea7db1086856bf00311a2ee986689860ed83c4,true,ps2 textures\opaque\bp_remade,true,true,5,remarci_4x,false,0,false
shago_pit_roof.bmp,2da9fb74bb161176f1b7ce5ed57fe3c78cf0d367,32684600a4deee69501e9498ce2eab31af3c3e0b,true,ps2 textures\opaque\bp_remade,true,true,5,remarci_4x,false,0,false
shago_pit_seat.bmp,bdf5ba5a99c95dc595942da85fe4ea7654cab34b,d2f0e296a521f1354f8c4350d05ed5bada8651f0,true,ps2 textures\opaque\bp_remade,true,true,5,remarci_4x,false,0,false
shago_shield_02.bmp_b48c11ab58ed89b99d8e8768685b1cb9,cb542cae74cf4279705fdfc6262b5d297ae5ac2a,b5940970749378c446e03d3d232a267934c37576,true,ps2 textures\opaque\bp_remade,true,true,5,remarci_4x,false,0,false
ship_marking01_ovl_alp.bmp,091082f4a4160945e70cda6251adefb140cde500,50817fd6e82c623654fc0156005f2051144362c0,true,ps2 textures\HAS ALPHA\bp_remade,false,true,5,remarci_4x,false,0,false
shirindahead.bmp,ee47069acb561bb3d9f74d862fa304f7f1ce611d,13ce0260457d143b0693e83d4c831f226d15a1d1,true,ps2 textures\opaque\bp_remade,true,true,5,remarci_4x,false,0,false
sign_a00_alp_ovl.bmp,07f92930bdd3a47afa8473e3aa039f14d92ed9a9,3a464030d6c6e188cfd91e4a29fce4437d5f627d,true,ps2 textures\HAS ALPHA\bp_remade,false,true,5,remarci_4x,false,0,false
sign_labo_01_alp_ovl.bmp,d056a20c170a98a4c092eb6141373cabfddf7196,a4c2395f390b913dba3bbd86f9b0995c063b7490,true,ps2 textures\HAS ALPHA\bp_remade,false,true,5,remarci_4x,false,0,false
sky_d1_cone64.bmp,e1683335cad8560ffc97b37c11a691205df7ec6c,1b6e8d724afffcd39fef620d6501d9380f844b1e,true,ps2 textures\opaque\bp_remade,true,false,0,none,false,5,false
sky_d1_hem64_alp_ovl_rep.bmp,4c43a8e2b70239ef5a1015c0d7954906d5b5b97d,c8448294cbddae954685d137f8a0f26fbc838176,true,ps2 textures\HAS ALPHA\bp_remade,false,false,0,none,false,5,false
sna_bk.bmp,e89253f824ba921724554ebe549a3b18acc0d612,71a0455b532e6949b6c256e2c819e8d74f4367e3,true,ps2 textures\opaque\bp_remade,true,true,5,remarci_4x,false,0,false
sna_def_hair_base.bmp,6c9cd982b1bc159371b265a668b21a56aadf34f1,794f1e16850f3dcc2b38cc8c101764764805f38e,true,ps2 textures\opaque\bp_remade,true,true,5,remarci_4x,false,0,false
sna_def_hand.bmp,ed511e5a98196cd4b0cd62cb334c4807e6c58f0a,f011e137afd23958e5756c6406436b46b84c8c86,true,ps2 textures\opaque\bp_remade,true,true,5,remarci_4x,false,0,false
sna_def_olive.bmp,cb80fb05e5c0aa91107bd026d1cc994962962407,78f2bda844a342dd0200d3568fa077ab4bfa13c1,true,ps2 textures\opaque\bp_remade,true,true,5,remarci_4x,false,0,false
sna_def_olive.bmp_1e8fc08d5b630dfe69f34753272d8373,8017fe0176f1c2ea00ee02aeedc8697713c6afd3,df79727a330cc4920dad40e2df6d6ac34b77e29e,true,ps2 textures\opaque\bp_remade,true,true,5,remarci_4x,false,0,false
sna_def_olive.bmp_3143cadcb73aac1bbd968a2b5d153f86,e44ea8ba9b28c889d1e96d0966b3b4ecaefbb9bf,a145c076b38350bb0f94d60a78aaf6fa5440ed83,true,ps2 textures\opaque\bp_remade,true,true,5,remarci_4x,false,0,false
sna_def_olive.bmp_34ca265f5efeb803459e00e7bba3ec76,de1d10b26c361804c36b759d762271b229b3a2df,32dc3b380059f668b0f732983008a0c3cc02d9a9,true,ps2 textures\opaque\bp_remade,true,true,5,remarci_4x,false,0,false
sna_def_olive.bmp_3613882f043e61b306da380d95f00e56,5dfe867d909495c7855ec478310dab94bd0c0056,1e849a1b6e6c325eaa3e02f4a6d88b7f29197153,true,ps2 textures\opaque\bp_remade,true,true,5,remarci_4x,false,0,false
sna_def_olive.bmp_429f87cee87483c5dfd68a8483db6a88,e2ef17e55a21cab21c293c39e22912ac268dd65b,f60ed9f01f2552234fc61b0acc55539fab11558d,true,ps2 textures\opaque\bp_remade,true,true,5,remarci_4x,false,0,false
sna_def_olive.bmp_4ed6ab75380ef132068c07def42791b2,ce950bf2e9dfdfc279a0487eae1a2a6c65945841,b2b4b031853edbaa83862f3762e4580426783131,true,ps2 textures\opaque\bp_remade,true,true,5,remarci_4x,false,0,false
sna_def_olive.bmp_4fe34e9fb94333e54a96678c83539a6a,f81238187bfdb04082b25a0c537e3038f5f2c31a,dd8142edb05a71c940dbd61f576abf3f147ed191,true,ps2 textures\opaque\bp_remade,true,true,5,remarci_4x,false,0,false
sna_def_olive.bmp_57799a742ee247d19fecd7117747eb4c,0e253f1d2fcc2a272c4cf68f916aa286f0cc423a,be70f360b4391a44ae603d3c91a3e42ff2709b7a,true,ps2 textures\opaque\bp_remade,true,true,5,remarci_4x,false,0,false
sna_def_olive.bmp_5cde5a23f56142e48a6daea0749d27b6,829911c8fdb70ba4cfc0ff7974c9a2a3b3ae211e,5c141c496f8095112e6b27b6f0ad2b370204d440,true,ps2 textures\opaque\bp_remade,true,true,5,remarci_4x,false,0,false
sna_def_olive.bmp_66e33477ee309989a8edabf630709b1f,127ee05163644823df599ec346243366ee0a21df,e58efef4e22dec5596dc5a60b9268cf47e128125,true,ps2 textures\opaque\bp_remade,true,true,5,remarci_4x,false,0,false
sna_def_olive.bmp_6944dfbf2b7396ecd6c6b4eae01573c9,1f3bcb45bdd1fbdeef60faece21c3318118c7b67,9df2a8f0a1a78cf6e0885e2114ec220e967efd81,true,ps2 textures\opaque\bp_remade,true,true,5,remarci_4x,false,0,false
sna_def_olive.bmp_69a080e9a1fbf01b5815160fd59db213,4b9f9853f8a91335d13745ccbc2a34145a442242,a66e760ed47b20f8a420cdebee38caff7d8c24b5,true,ps2 textures\opaque\bp_remade,true,true,5,remarci_4x,false,0,false
sna_def_olive.bmp_6ad901c21d969ba685fb19576d166134,9c42f110fa62053073ea8d46678ded17eca547be,42cf5cc14700e78baefb5c55504c52d93b58e965,true,ps2 textures\opaque\bp_remade,true,true,5,remarci_4x,false,0,false
sna_def_olive.bmp_6b97ee6a2a4b329361fa5a0d882cd8aa,3fd719575785470e0e5889b0e89820461079223f,735c72b5e2282306312f14bb7c0e01d29e4204b0,true,ps2 textures\opaque\bp_remade,true,true,5,remarci_4x,false,0,false
sna_def_olive.bmp_80b56de647570ad2aea1f3d87ce70d27,03204c8a441b5b05e89669156dcc5f546d4f328a,fcfd57b89406194f321840d9bec42ffd11f593a6,true,ps2 textures\opaque\bp_remade,true,true,5,remarci_4x,false,0,false
sna_def_olive.bmp_8376e598d8c57af4a0eb4f3fd60a016f,414f47488b56e32cdfe9b6568577e454d52f8807,f297e059032ef1fc1477b449ae1f09018e71782e,true,ps2 textures\opaque\bp_remade,true,true,5,remarci_4x,false,0,false
sna_def_olive.bmp_8a7087c7c87848f2d0a0aa81a5398d63,b422aeb5a65fc4a99899ffdde6bdf52b84b29a5a,8c5837668ebd57d04528851e5c408bab8d0a2920,true,ps2 textures\opaque\bp_remade,true,true,5,remarci_4x,false,0,false
sna_def_olive.bmp_9af6aaef5b609776c8e303d94ab315b0,bfaf9f4a8db7a38b534cbc0aa1369df6ea9f0fee,01d35f6c18240f8d76e81efdd6bcdf284cb9abb2,true,ps2 textures\opaque\bp_remade,true,true,5,remarci_4x,false,0,false
sna_def_olive.bmp_b38b6218ff8fa62af178fe6218ed1e0a,66641eabc48cb8ac9ee603dd5d07314fae3beb24,6aa78145eb59ad1718a7295af372c8e067bb3ccf,true,ps2 textures\opaque\bp_remade,true,true,5,remarci_4x,false,0,false
sna_def_olive.bmp_c24ea2e0e48eee993d85e497dc482559,5206acbe44c929a09484b87c40dfa0b5853730a2,3527ce0c3db52a84e74190f39428a7baf47f493f,true,ps2 textures\opaque\bp_remade,true,true,5,remarci_4x,false,0,false
sna_def_olive.bmp_c93f85099829dd9ea31bea8b0ed00ceb,f38d8b6aec3cbc89c06a0ca4a09cfde2eeb7115b,7d55d6d3a889fc8c857acd42ab6a88ed44e5d36d,true,ps2 textures\opaque\bp_remade,true,true,5,remarci_4x,false,0,false
sna_def_olive.bmp_c9b5db71e3bb16a2462c4ad6d16643a6,52789cc49c448dd0a8cb95968bd2106501f08b13,c510987d221a03c7b26289d2f2e329a143d84e3f,true,ps2 textures\opaque\bp_remade,true,true,5,remarci_4x,false,0,false
sna_def_olive.bmp_d1074941f11b44c7bc252191a3af0061,8174c11c9cc82739ae2e6c53fe5310cac0402051,17bf1869594c36d0499ced8f5e504e4bcb83ba72,true,ps2 textures\opaque\bp_remade,true,true,5,remarci_4x,false,0,false
sna_def_olive.bmp_e4294d43ca30e584d679b3175ebea12f,3e29c21e92aa6911634cdbb35dbdf147ae427c37,d947c1d178e0cea62e615d37b438a8704d38cb51,true,ps2 textures\opaque\bp_remade,true,true,5,remarci_4x,false,0,false
sna_def_olive.bmp_fb7533906ae772bfe0412dad5c8f1b2c,851b278ab29fd96ad95d86b3db895748c429b79b,bf753e24af78c09f93da1c3c6a32c64afdf75bea,true,ps2 textures\opaque\bp_remade,true,true,5,remarci_4x,false,0,false
sna_def_olive.bmp_fddc17abd35f6bd4bcfe075aa87fcd3d,c875a1ee5a556a2012fd94c3bb865ccc52d509a4,c9c61592f0908c08af8690f5326af1a2492cf83b,true,ps2 textures\opaque\bp_remade,true,true,5,remarci_4x,false,0,false
sna_def_ovl_mod1120_alp_emap.bmp,1459cb0e117f9ef311a6c5e03561a5996fbf364a,0e578fb8a2bb72e65f1b133818aba6c16a3511c9,true,ps2 textures\opaque\bp_remade,true,true,5,remarci_4x,false,0,false
sna_def_vr_eye.bmp,74f1b89df8ed909dcd17b582ecaa941f7db7c638,e4e1167a411d501e5f41b4ae0c2ce576d9e47a1d,true,ps2 textures\opaque\bp_remade,true,true,5,remarci_4x,false,0,false
sna_face_cell.bmp,ac5a16e3c41f93c7a1091a87a8d137bad5190097,4aa9831330f8106db6716657c3f78869f519392b,true,ps2 textures\opaque\bp_remade,true,true,5,remarci_4x_extra_smooth,false,0,false
sna_face_dam_max.bmp,d30e81f9b3c151d14107f59476d6bb33fda8ac74,9b8fd48ce29534a7c61a16886f90f3a61d1e5116,true,ps2 textures\opaque\bp_remade,true,true,5,remarci_4x_extra_smooth,false,0,false
sna_face_def.bmp,03085eb48aa337279edf0a1aed55c1c52d3e45d2,08827f29a99709186d65e7c13ab5b014bc2b74ef,true,ps2 textures\opaque\bp_remade,true,true,5,remarci_4x_extra_smooth,false,0,false
sna_face_def.bmp_bbe58170874ef112ad7f8269143d4430,afe66a08875329d44a6cdb24065bb56e78bc13cf,6b1130c8fe2632d92b6f03f5ff120e1749671248,true,ps2 textures\opaque\bp_remade,true,true,5,remarci_4x_extra_smooth,false,0,false
sna_face_halo_def.bmp,70da8666b144e2e0cc78210bdc9b889cf148e2b8,336e1083040c7cda1c4f6e1c716793c7e9344197,true,ps2 textures\opaque\bp_remade,true,true,5,remarci_4x_extra_smooth,false,0,false
sna_face_vr_def_hi.bmp,6f8389e822b9bc6bf576d4a89db6b8fe952b7e19,84d62a109d1bbbdc7ef310b2e7271c293bdebcbf,true,ps2 textures\opaque\bp_remade,true,true,5,remarci_4x_extra_smooth,false,0,false
sna_foot_sp.bmp,67f3b56674788efe959c9d495debcd6570aa10ee,0ecc296ca14c4a2470682a7b40cfa75e79b3c89d,true,ps2 textures\opaque\bp_remade,true,true,5,remarci_4x,false,0,false
sna_foot_vr.bmp,559b4bfad6d061af9e4b30ebf0d95fc490d1a589,cea3ad162000ed57a62ca6e9cf33b9ddb2de6567,true,ps2 textures\opaque\bp_remade,true,true,5,remarci_4x,false,0,false
sna_hair_base.bmp,5f03f0cc3af2c98a8df8955aa901d0ef846aa8ee,2d13ee36ef3a8de4dff0c253f7cf8c01b2d7a94e,true,ps2 textures\opaque\bp_remade,true,true,5,remarci_4x,false,0,false
sna_hair_front_ovl_alp.bmp,562f45fbefabc0e6392a915e9d2275b90837e5dd,f381c1fe6bf123f6c158c7c20de8b659909045e4,true,ps2 textures\HAS ALPHA\bp_remade,false,true,5,remarci_4x,false,0,false
sna_hair_layer_ovl_alp.bmp,07d849323fab86facd7d1347a6054bbafa20fa7e,0633d882891b5ba396dbe8c6cf70760b150179ad,true,ps2 textures\HAS ALPHA\bp_remade,false,true,5,remarci_4x,false,0,false
sna_halo_alt.bmp,1334e03e0c27630749c9cf4b955318b74a7e1c6b,cbe3b19e53d2a23abcc829ab89bd94bb5d410d61,true,ps2 textures\opaque\bp_remade,true,true,5,remarci_4x,false,0,false
sna_halo_arm_def.bmp,d863c70d4e08bdaadc32105cb8fbfb44796e5e45,0c9409597edb006d962e0814f6c4aeaa96b5fefa,true,ps2 textures\opaque\bp_remade,true,true,5,remarci_4x,false,0,false
sna_halo_bkpk_vr.bmp,7ecf2db4f6bf5d5da14a3399bc6a323eef1f0a62,95c707d46304586c5db88f633bd4fe04042dc52b,true,ps2 textures\opaque\bp_remade,true,true,5,remarci_4x,false,0,false
sna_halo_chut_open.bmp,7429d7b05e835c33e8a9e6e7d460dc7ac93caa78,bf2540b2f0359e9d71c2e56bc7ea724752f92fd7,true,ps2 textures\opaque\bp_remade,true,true,5,remarci_4x,false,0,false
sna_halo_hips_op.bmp,1647243ffe8abea21a93cb29a5e13ba94666c6c3,ed29943b259419c39e8dea6c4483d991eb1020e0,true,ps2 textures\opaque\bp_remade,true,true,5,remarci_4x,false,0,false
sna_halo_para_close.bmp,da0ab2725d38bb9f841376efd7581cfa5c182d8a,13d48eab9377115ea7d4340f70904cc508c5b4be,true,ps2 textures\opaque\bp_remade,true,true,5,remarci_4x,false,0,false
sna_item_hm.bmp,ec46d70ece0ab18350dbd92ece7393cb28d61db3,dbfeb5e2f9ea8a1133035189c6f6d972d9c57006,true,ps2 textures\opaque\bp_remade,true,true,5,remarci_4x,false,0,false
sna_item_roastfish_dmo_body.bmp,4e768d8ccca460ac08bbf21d5cadebaef7604893,575a72fcc13e2a179c02e3fa771e65bdb04e81c8,true,ps2 textures\opaque\bp_remade,true,true,5,remarci_4x,false,0,false
sna_item_roastviper_dmo_body.bmp,5f62d77ee89a2463e5e352383961de3ba2368d3e,54cceaaf05a895495e41b71e2d1851e76a5b1981,true,ps2 textures\opaque\bp_remade,true,true,5,remarci_4x,false,0,false
sna_item_roastviper_dmo_wood.bmp,dbbf0538daabc07fa3328a8d151308d137a05a00,14f3808908bf2cc23e3df11106ecce52627c331c,true,ps2 textures\opaque\bp_remade,true,true,5,remarci_4x,false,0,false
sna_mgs3_antena.bmp,b7c1e3c6b7bbf436837f29f52375c7c527bab240,8a87a4dc32f43dd1e536cbf14173ca2ed5bd83a3,true,ps2 textures\opaque\bp_remade,true,true,5,remarci_4x,false,0,false
sna_mgs3_arm.bmp,63b8b68f4f0b8ac52bfc8262b1f7bcf323e6a494,559a42182629f7c65cc0ec721d0aace27a80c0e4,true,ps2 textures\opaque\bp_remade,true,true,5,remarci_4x,false,0,false
sna_mgs3_belt.bmp,151b2efc10bf4d2200cfe63a5e5083699491fbfd,fcff8b627c0c173d7920ac0e6d3a2cca10fa02d5,true,ps2 textures\opaque\bp_remade,true,true,5,remarci_4x,false,0,false
sna_mgs3_belt_side.bmp,7e98f3bb88e35cc38da7ab4a86525676c698552d,856ebbf89a30a5cd5f1db52f3d2c0100a01ba48c,true,ps2 textures\opaque\bp_remade,true,true,5,remarci_4x,false,0,false
sna_mgs3_gh.bmp,e07118d37e619004dc8299694c56caa6a2b9073e,ee2652b7a79d57e29d156865d6a584f71e16a6fc,true,ps2 textures\opaque\bp_remade,true,true,5,remarci_4x,false,0,false
sna_mgs3_gun_hol.bmp,ad26a1eb9ef5b45de9a19123434a623de8f00b25,7e71e355382a0af46f707a5d5808b647677ac189,true,ps2 textures\opaque\bp_remade,true,true,5,remarci_4x,false,0,false
sna_mgs3_halo_belt_of.bmp,2bd5076ca323701666edfa96f5def77a29d72795,e04e868e5a89aeaafbca2f29d38b4e79f4a4b4a3,true,ps2 textures\opaque\bp_remade,true,true,5,remarci_4x,false,0,false
sna_mgs3_halo_belt_op.bmp,086b596de68959953f8849e46be5dd82f25dac50,b8974af1516ec1312383eb6bf2312d976adda0be,true,ps2 textures\opaque\bp_remade,true,true,5,remarci_4x,false,0,false
sna_mgs3_halo_chut.bmp,a7731ae6bf67a3edebb803c774dcc851d61ba83f,26dbed95bbb83fe5af32f9506c8c5526bf13c99b,true,ps2 textures\opaque\bp_remade,true,true,5,remarci_4x,false,0,false
sna_mgs3_halo_front_op.bmp,6b266ec91b90378c8e9e6742d1b6591f9c33dedc,852b6b6aa9207e7707ca56168a7cbffcfc8c6449,true,ps2 textures\opaque\bp_remade,true,true,5,remarci_4x,false,0,false
sna_mgs3_halo_head.bmp,f3350f7ded8aba74685d5aedcb2413db9ff95aae,15db24ec8958c73614e17394254eed5f92dac0c3,true,ps2 textures\opaque\bp_remade,true,true,5,remarci_4x,false,0,false
sna_mgs3_halo_head_top.bmp,39bdf4b31fb51e5b42d5fab554649b1a9dfecf00,ffcd1884461a9bb044aa036cadc0f148b63883f4,true,ps2 textures\opaque\bp_remade,true,true,5,remarci_4x,false,0,false
sna_mgs3_halo_mask_demo.bmp,e1872ad99e55478977d9103e0ff772d5ee3e118a,8301ba724dbe67c3819932d9bbb6834db6b38c11,true,ps2 textures\opaque\bp_remade,true,true,5,remarci_4x,false,0,false
sna_mgs3_halo_shl_op.bmp,5ea33bf8870554506f1b5ff2c35d8adfcdf73074,fb898d168abbc7d5dd2f7f72d9f5433961d4d52f,true,ps2 textures\opaque\bp_remade,true,true,5,remarci_4x,false,0,false
sna_mgs3_halo_tape.bmp,b526373a9b27ddcd4d93999f73c22625583d3bca,58e817822e39103bbec605f4686ad2db9017bd77,true,ps2 textures\opaque\bp_remade,true,true,5,remarci_4x,false,0,false
sna_mgs3_hh.bmp,838819d87906cb42759939beade02bf8e7de5e01,aa766737fc8b95bb31cc6dc55cf7e1cba86b09c3,true,ps2 textures\opaque\bp_remade,true,true,5,remarci_4x,false,0,false
sna_mgs3_musen.bmp,cba0974d1b1d9a5428f1f120be806a2a093c42dc,25140cbf0fae5a870f04947d9580ae696f6e1e41,true,ps2 textures\opaque\bp_remade,true,true,5,remarci_4x,false,0,false
sna_mgs3_naked_belt.bmp,a4536aa1e1a5f14e8fa08c60e899d5ca304153d3,7e3b0d257b7e1796f01b14fd62b318ba799a3b72,true,ps2 textures\opaque\bp_remade,true,true,5,remarci_4x,false,0,false
sna_mgs3_wl_op.bmp,82d2c16aedcd08686e729531fc8a33db5fc51290,3e3273052ae84ed0b40c06608fc82755dc950e96,true,ps2 textures\opaque\bp_remade,true,true,5,remarci_4x,false,0,false
sna_mgs3_wpl.bmp,17ce4b0bb10419efaa5fd39f183db7e6b34c07d0,1456477908c5008cda502078f8bae1bb6abab0dd,true,ps2 textures\opaque\bp_remade,true,true,5,remarci_4x,false,0,false
sna_mnt_boots.bmp,a3feedf0ec1e16560a8d76a303a1b4e152d0bee2,9df55f0b62d4e2d09e182cf55594d756fe6302c6,true,ps2 textures\opaque\bp_remade,true,true,5,remarci_4x,false,0,false
sna_mtg_ovl_alp.bmp,b2a67ee31d9e2344190f595f6f2e14c1acad123d,f1b36de619841c14b9ce22806b8b277516f5b647,true,ps2 textures\HAS ALPHA\bp_remade,false,true,5,remarci_4x,false,0,false
sna_rai_face_def.bmp,c24e41832f011aaafa2c9eb58d3a25d1db12091b,7cb2a4f00959ab058d37f8db51d7a9af15135a20,true,ps2 textures\opaque\bp_remade,true,true,5,remarci_4x_extra_smooth,false,0,false
sna_rai_face_strip.bmp,22ab0a9f41d2bbf121b1a3fbd83b65bc16b4a584,4a63903212774a0f013833ce108677339bcfa903,true,ps2 textures\opaque\bp_remade,true,true,5,remarci_4x_extra_smooth,false,0,false
sna_snif_def.bmp,69cfe916adfe7e39e9be789176acc6c2a39fe69b,9323700fbfd4c03e2725fb4d41ce1362d671d2e5,true,ps2 textures\opaque\bp_remade,true,true,5,remarci_4x,false,0,false
sna_vinyl_bos_hand.bmp,caab5a5d0c993e69827a1bf1710faa95695f3ed5,bbd8d168defaa6f0efa4c60adf2f0e88e7cefc91,true,ps2 textures\opaque\bp_remade,true,true,5,remarci_4x,false,0,false
sna_wor_def_shatu.bmp,47bc8b58fbc5361543f08381a6f917f86d78a150,c74fb0efc91c28f6a6a07207e514228af8038c34,true,ps2 textures\opaque\bp_remade,true,true,5,remarci_4x,false,0,false
sna_wor_def_staffproof.bmp,4f23d84e5748afa4d7978367d0e9a37c87d5af64,8490fe5dba5f2dde1fe56e168d13c4a547ed7d3d,true,ps2 textures\opaque\bp_remade,true,true,5,remarci_4x,false,0,false
sna_wor_def_white.bmp,5ca5c18d80df9ac7fc52d058f5092642e8cbec23,e21822bcaa174105d831e0bb767e5abecb17cbaa,true,ps2 textures\opaque\bp_remade,true,true,5,remarci_4x,false,0,false
sofa_side.bmp,d50aa2af968730ad6d7a134382152044bf6f92ee,075de3ae901945faa05fa9ae4166c39c37c0f0bc,true,ps2 textures\opaque\bp_remade,true,true,5,remarci_4x,false,0,false
sofa_top.bmp,555418257157c4a0c2f36915f5c0c4cbeeedda55,f9aa14f83335ffce2059cbed9c7e31a4c133f52b,true,ps2 textures\opaque\bp_remade,true,true,5,remarci_4x,false,0,false
sofa_under.bmp,02de474555f6a7ca3291b29f8d3e762806baed20,36f3b2a463f3ed9519555f76632153e822214fbd,true,ps2 textures\opaque\bp_remade,true,true,5,remarci_4x,false,0,false
sok_coat_body.bmp,3b66157b3c00abf4189cac882b9053d834ffe4bf,90143d0f6d0a4712bfe7bbeeccf609602c0d07eb,true,ps2 textures\opaque\bp_remade,true,true,5,remarci_4x,false,0,false
sok_coat_boots1_ovl_sub_alp.bmp,cea720df0e6d3f5c042b04a5947b3700267ae014,258fb9be8167de35300b7f46cce877875bf968aa,false,ps2 textures\HAS ALPHA\bp_remade\no_mip_fixes,false,true,5,remarci_4x,false,0,false
sok_coat_boots2_ovl_sub_alp.bmp,b48aa83ab7e96e5c2bc38c4b89ad8bfc76696ce1,8f6cd2bb0dd1d31e718185a8b4ca3f7ea4e9212a,false,ps2 textures\HAS ALPHA\bp_remade\no_mip_fixes,false,true,5,remarci_4x,false,0,false
sok_coat_boots_ovl_mod1120_alp_emap.bmp,8d02572bc2a8b34a9e96a36f27a671c091861842,2162228077b69295332406d5e65253318ccac2ac,true,ps2 textures\opaque\bp_remade,true,true,5,remarci_4x,false,0,false
sok_coat_coat.bmp,5a830ac6f69a5d2a250da098a93ab7382c2c5b1d,8d20c1f262a61d8796ddb3c2ed3936950ea0d506,true,ps2 textures\opaque\bp_remade,true,true,5,remarci_4x,false,0,false
sok_coat_coat_ovl_sub_alp.bmp,0870f346987b7941b4ed4691794eb03d668f94de,8f04544c4f914987afd9007d0b1eafef6bb2ae3c,false,ps2 textures\HAS ALPHA\bp_remade\no_mip_fixes,false,true,5,remarci_4x,false,0,false
sok_coat_eye.bmp,708dabbd7d96336608fdebfe7b0e915215a203ce,03dea2e258123d347e2088503a736bbc7ca08af0,true,ps2 textures\opaque\bp_remade,true,true,5,remarci_4x,false,0,false
sok_coat_eye_hi_ovl_sub_alp.bmp,98f59b99550b310cf161f7c003e54cbb47865578,2c529342012e610bd09014df712d06cecb8f8e24,false,ps2 textures\HAS ALPHA\bp_remade\no_mip_fixes,false,true,5,remarci_4x,false,0,false
sok_coat_eye_ovl_mod1120_alp_emap.bmp,8bf47921fa92fc3be7e173725f65ef5a3abc5de5,c4f7a55b1e8f02c298c724101c3c93978eacbd53,true,ps2 textures\opaque\bp_remade,true,true,5,remarci_4x,false,0,false
sok_coat_face.bmp,8c97d9a58d1f2887b494d49cee8a5c33d3e7a915,80498bbc49a1c340cbc5d1cee470b59ddd7c870d,true,ps2 textures\opaque\bp_remade,true,true,5,remarci_4x_extra_smooth,false,0,false
sok_coat_face_ovl_sub_alp.bmp,7443b5ebd3515b67f3a9321aa458ea48932cfefe,754c8208d635e152295e4f6eee0e46f5be44f41e,false,ps2 textures\HAS ALPHA\bp_remade\no_mip_fixes,false,true,5,remarci_4x,false,0,false
sok_coat_haind.bmp,f8c4c6684509694b87e223d93a657bb29ff6cec6,58c5b463b0d0465f0e098bdc61b1db02b2b2560d,true,ps2 textures\opaque\bp_remade,true,true,5,remarci_4x,false,0,false
sok_coat_haind_hand.bmp,1cb42cac5e5292dbca1692dc965f8b1504cbf7b8,3e1184a5ebe5ed047ee1664fc26acd1cd54e3774,true,ps2 textures\opaque\bp_remade,true,true,5,remarci_4x,false,0,false
sok_coat_hair_alp_ovl.bmp,f98956043b6ef07d83c6bc5a91a3a0cd622af99f,fb1441aa965f117cb6a0ac198c64d9d16e6befcb,true,ps2 textures\HAS ALPHA\bp_remade,false,true,5,remarci_4x,false,0,false
sok_coat_lupe2_ovl_alp.bmp,3e7386ad0e8839d66f2a838a810745d29cb2d632,6729d20691cd65e8dac9e83b586eaac78a92025a,true,ps2 textures\HAS ALPHA\bp_remade,false,true,5,remarci_4x,false,0,false
sok_coat_lupe_himo.bmp,e536a4768b19e8fe435c8580b3e31ac45ccb832f,8a882a1fb7be0ac0e861efe332f44d125bfb5119,true,ps2 textures\opaque\bp_remade,true,true,5,remarci_4x,false,0,false
sok_coat_lupe_ovl_alp.bmp,41698c1912a30934ab9611b9f783e953c5c2b378,d905f9b36f90bf1e3f751eb1a5fc0748146a44be,true,ps2 textures\HAS ALPHA\bp_remade,false,true,5,remarci_4x,false,0,false
sok_coat_lupe_ovl_mod1120_alp_emap.bmp,70e57ffb06b7817a649193be18f1daba3cfec7d2,92179ec32268e8dfe441b05c89118c97bd360b44,true,ps2 textures\opaque\bp_remade,true,true,5,remarci_4x,false,0,false
sok_coat_lupe_pin.bmp,4c6bbba935807f930b805b6a1738dcca6c863a8c,dd5e113879adc1942110059e608e972d12f6de9b,true,ps2 textures\opaque\bp_remade,true,true,5,remarci_4x,false,0,false
sok_coat_matuge_alp_ovl.bmp,0fbb88ff00182a8502556f4d0488e307743d6e70,80b683fd1e2ca5836f95c728e297fcfec020056a,true,ps2 textures\HAS ALPHA\bp_remade,false,true,5,remarci_4x,false,0,false
sok_coat_nekutai.bmp,dc8380d85ae264fcd175c37aac7e1ef55c4f62b0,646df699cf013e61fe208ef063e191d243bed567,true,ps2 textures\opaque\bp_remade,true,true,5,remarci_4x,false,0,false
sok_coat_ovl_mod1120_alp_emap.bmp,624d13caeb48cd35fefbf05edcc73cc260faa6d1,dcdf9f7a98be8598f334e849f9228dde0fb7856e,true,ps2 textures\opaque\bp_remade,true,true,5,remarci_4x,false,0,false
sok_coat_shatu.bmp,08436b60ee67c580598fa65885fc3c179bf37499,5d5e655a8dc801fb84970ef9b585bfb9db47e678,true,ps2 textures\opaque\bp_remade,true,true,5,remarci_4x,false,0,false
sok_coat_teeth.bmp,77730a9d3cdaaad49f924461cf2d15c82516124b,733a4885ada4b9b5427005b8c4024c3aabe5c8bd,true,ps2 textures\opaque\bp_remade,true,true,5,remarci_4x,false,0,false
sok_white_body.bmp,5190eabaabf6a397f1dba70aa3f7792955c0d995,a1a12e93f882cec8835a11ebc8a5a847bd28bc23,true,ps2 textures\opaque\bp_remade,true,true,5,remarci_4x,false,0,false
sok_white_botan_ovl_alp.bmp,fc680a0f02ea49983ff4cf714ba9ef16f5efa056,be73de1333bab35ac0a0640b28c251e3d656d8b3,true,ps2 textures\HAS ALPHA\bp_remade,false,true,5,remarci_4x,false,0,false
sok_white_damknee_ovl_alp.bmp,8b84226070e6fe9da0442366ecb2ed95ee3d863c,5fd53398035a210f6dfe6df19c53da2433317203,true,ps2 textures\HAS ALPHA\bp_remade,false,true,5,remarci_4x,false,0,false
sok_white_hand.bmp,45bd1a59d11fa339d19b4ca4e5b32b58e33c7ed5,5266c61cb14ac466f4d3e0715460fdac01d5abc4,true,ps2 textures\opaque\bp_remade,true,true,5,remarci_4x,false,0,false
sok_white_staffproof.bmp,dbb568f4f9d7d13f9708392ba166f5aa5ef8ec03,77ef9d441dd83573b234e389010cafc7db8e0afd,true,ps2 textures\opaque\bp_remade,true,true,5,remarci_4x,false,0,false
sok_white_white_ovl_mod1120_alp_emap.bmp,85ad4dbd13c6b3785c14cd7cadb399ceb5923a1b,8ea4e638367b0b6042e87e4937f9694a799ffddd,true,ps2 textures\opaque\bp_remade,true,true,5,remarci_4x,false,0,false
sokuseki_ramen_01.bmp,5f9e48b9deec2f6a26ac2f9ffff84e1554e7fba0,e9e4cd7a618298cdfa26e89d8547aa4c4ca678db,true,ps2 textures\opaque\bp_remade,true,true,5,remarci_4x,false,0,false
solidago1_alp_ovl.bmp,710b4be3fffcc55bfbcc83a1d6c85c95a7d39800,f11735dee96e994ee87cbdf8cb5005864bf233c2,true,ps2 textures\HAS ALPHA\bp_remade,false,true,5,remarci_4x,false,0,false
sor_blood_tears_left_ovl_alp.bmp,c5110810fa42005630c81efe88417030810b890a,912622f7ff2d847020c71e66f2291db0fcfc7f96,true,ps2 textures\HAS ALPHA\bp_remade,false,true,5,remarci_4x,false,0,false
sor_foot_def.bmp,3c6b681ae0092a09e44bb16910d608b748edb79a,168763bd16723c699b33a67a35eb821da2c79140,true,ps2 textures\opaque\bp_remade,true,true,5,remarci_4x,false,0,false
sor_foot_def_smole.bmp,5247581fe0f658ace2238ac39b39dda5289bd06e,b4f153eec90054ac6aea31fcd06a8a8527921a64,true,ps2 textures\opaque\bp_remade,true,true,5,remarci_4x,false,0,false
sor_foot_under.bmp,479c3a1766aa9168d16d2948bd3a8d689dd81a89,ce2072c6c0a142c846ba88bb43fe662ffe8772a3,true,ps2 textures\opaque\bp_remade,true,true,5,remarci_4x,false,0,false
sor_hair_back_ovl_alp.bmp,785b34e9fb2f19f2cddd94196481096741b76991,789f8849faaa03ebb3fd36440dda55216819745d,true,ps2 textures\HAS ALPHA\bp_remade,false,true,5,remarci_4x,false,0,false
sor_hand_def.bmp,802ddb2d60ab31600f1c57cdd8b75aafc4441a84,e80f53bbca7c5ba4c68f76c2f44d999c7b752d86,true,ps2 textures\opaque\bp_remade,true,true,5,remarci_4x,false,0,false
sor_item_hol_def.bmp,963d326a2bbd983cccd68607c947374347b5f482,c1833230c9eb9b1c9c3f52fa0909240f2ba6b4db,true,ps2 textures\opaque\bp_remade,true,true,5,remarci_4x,false,0,false
sor_item_hol_def_deth.bmp,1fc6fb1265c77bc8ef65f50127578f7bd813f54b,322c48a2a70aab254644daafbdafeee6252aaefc,true,ps2 textures\opaque\bp_remade,true,true,5,remarci_4x,false,0,false
sor_mgs3_arm_park.bmp,3fa976c302d0d5d70472dc115f320ad03e627bbb,dbde48e217f8d4175d750912624ed8a50779e3d8,true,ps2 textures\opaque\bp_remade,true,true,5,remarci_4x,false,0,false
sor_mgs3_arm_park_smole.bmp,e506640849b4319b483d2c60f1462707eb4a2a93,4ba8508a04fadfa210cf5dc84d69faf8c7dad0c6,true,ps2 textures\opaque\bp_remade,true,true,5,remarci_4x,false,0,false
sor_mgs3_belt.bmp,03531409e7b651528af5dbb373a098776ab487fb,62394cc0fe499d6dfad831ff3e3423dbd68a2260,true,ps2 textures\opaque\bp_remade,true,true,5,remarci_4x,false,0,false
sor_mgs3_belt_deth.bmp,ffad819ae995a44641f8f943484955aa8250989f,7fe34213c6de8afa642f895b659f41f1bea77cb7,true,ps2 textures\opaque\bp_remade,true,true,5,remarci_4x,false,0,false
sor_mgs3_belt_vr.bmp,eac68fb801e0d30da50f33a153e2d01fb908b50b,c6443e9fcc04b412c102f05a4370ed7768fffb6b,true,ps2 textures\opaque\bp_remade,true,true,5,remarci_4x,false,0,false
sor_mgs3_body_over.bmp,e92e29634d684e0c7b4b28c2d24dcdbda009d974,41d64cabefd7467bb449beda9ad0f44149029849,true,ps2 textures\opaque\bp_remade,true,true,5,remarci_4x,false,0,false
sor_mgs3_body_over_det.bmp,df9690c3be0897f5cd81f3378575b3ad47b7cf12,f691d19d69c36d5c0255745554011d2fb75834b1,true,ps2 textures\opaque\bp_remade,true,true,5,remarci_4x,false,0,false
sor_mgs3_body_over_park.bmp,4de118a1a65d4378b3b87495d17db6fb046722fc,e3d4d44a296789d61c462dfc1ebae1d3ad067d5c,true,ps2 textures\opaque\bp_remade,true,true,5,remarci_4x,false,0,false
sor_mgs3_body_over_park_smole.bmp,b723a0660e1ea8fbb725bbd581dbc909905b481e,f6594efbb910ff6ae2d2d9b12a31feadd0763510,true,ps2 textures\opaque\bp_remade,true,true,5,remarci_4x,false,0,false
sor_mgs3_body_park.bmp,69f37a347e3c3860d3bac24c4c5408a12cbffce9,14b918149dfa175b9c3859588c287c7e755b0a5b,true,ps2 textures\opaque\bp_remade,true,true,5,remarci_4x,false,0,false
sor_mgs3_body_park_smole.bmp,8c869d9012c702f2ca59a65ac5e93d67eca3c7e1,893d3046808fd72b62e9faccca4c9d563e3284d0,true,ps2 textures\opaque\bp_remade,true,true,5,remarci_4x,false,0,false
sor_mgs3_body_shld.bmp,a46c8ba7785264d3f2837b9cd80c3806c0c0006e,4779747aeaa1495bee824d0c70d9ba4097e5eabd,true,ps2 textures\opaque\bp_remade,true,true,5,remarci_4x,false,0,false
sor_mgs3_body_shld_deth.bmp,f7f06d689f07135f9cbb8abc586e857af03a3ef5,b3f0792f4b806953538ce6b6209bf2a0ce080d67,true,ps2 textures\opaque\bp_remade,true,true,5,remarci_4x,false,0,false
sor_mgs3_body_under.bmp,6f9474da74616274ab487fcf04d8b0bcb6322476,c9c52782263c2c7db7109d4258d1d7af4d562b43,true,ps2 textures\opaque\bp_remade,true,true,5,remarci_4x,false,0,false
sor_mgs3_body_under_deth.bmp,585e82c98a9a4b0a35f62a638edca1ba74ac46f4,ab5365a3168bafccec08317ad8536fb0f4d26f18,true,ps2 textures\opaque\bp_remade,true,true,5,remarci_4x,false,0,false
sor_mgs3_eye_hi.bmp,8b5e7f6b72a041c78fb30c76b2fbed3624fb6e8f,09338450bdfa4579c27eb1a2dfe63e2541770e62,true,ps2 textures\opaque\bp_remade,true,true,5,remarci_4x,false,0,false
sor_mgs3_eye_hi_smole.bmp,4a3e955143a934159361b25dd4d4b9b60a4c6287,d1f346d4952883ea5a1bd1737f277de02afae2fe,true,ps2 textures\opaque\bp_remade,true,true,5,remarci_4x,false,0,false
sor_mgs3_eye_ovl_mod1120_alp_emap.bmp,3d61d284fc63cd1e4bc232cdc43069d91c34404e,ac43f92a1c147bb20db87ce74f6dd6fcebeda00a,true,ps2 textures\opaque\bp_remade,true,true,5,remarci_4x,false,0,false
sor_mgs3_eye_red_decal.bmp,02a802d60cc90d8d485809e85022e3a377e29eb1,8486f672a0a236666d0add89fb3f8d213b416ea8,true,ps2 textures\opaque\bp_remade,true,true,5,remarci_4x,false,0,false
sor_mgs3_face_blood.bmp,7a14adb2a94764cd7be67763488a86c17059a1f9,e4764faf4bfa7935c4fdded66af8c409cf8ec2f0,true,ps2 textures\opaque\bp_remade,true,true,5,remarci_4x_extra_smooth,false,0,false
sor_mgs3_face_def.bmp,280cf05fffea5500bbcafb63d52d4a8ab4959445,1b844fa0f6b71d34168d65ad5b22f89c08b8f933,true,ps2 textures\opaque\bp_remade,true,true,5,remarci_4x_extra_smooth,false,0,false
sor_mgs3_face_park.bmp,997921abc65ddf7d8851fc98338f21b7030b9fc5,597bf64ae9aa85ab43b8be3821df029ce074b709,true,ps2 textures\opaque\bp_remade,true,true,5,remarci_4x_extra_smooth,false,0,false
sor_mgs3_face_park_smole.bmp,6e2bbea421db64dc7061e1224e040ab744f203c6,656352138a20d0c35bdeaf23e2218f11882388a2,true,ps2 textures\opaque\bp_remade,true,true,5,remarci_4x_extra_smooth,false,0,false
sor_mgs3_foot_goast.bmp,1a5d2f92bb3ee5cf2add192f63e697e194603d9a,09c6a0a9ec25a2f53c139f61fe403b4d70d94c50,true,ps2 textures\opaque\bp_remade,true,true,5,remarci_4x,false,0,false
sor_mgs3_foot_goast_smole.bmp,e85e8a5794995dbf4f87a6d4413ce279bc291131,09451564b2f01d7ea5d52bf44d3d94a8a921dd32,true,ps2 textures\opaque\bp_remade,true,true,5,remarci_4x,false,0,false
sor_mgs3_gun.bmp,970c5e7cb5eb8b52f6e6d9a3181187a54ff10d70,bb4ec07430f93f306dc4cd2290ce3b94ade1d29d,true,ps2 textures\opaque\bp_remade,true,true,5,remarci_4x,false,0,false
sor_mgs3_gun_belt.bmp,f1d8ff06056ae6ad95d6b8d179ef0757efb50792,ba1168c72da395d80965a75722d828c0cc63ccdc,true,ps2 textures\opaque\bp_remade,true,true,5,remarci_4x,false,0,false
sor_mgs3_gun_belt_deth.bmp,82fa359092b428892d15f0b949129328ce0ed58e,a7dc88b56dd102cbe932a2a3438e154cf67f76ee,true,ps2 textures\opaque\bp_remade,true,true,5,remarci_4x,false,0,false
sor_mgs3_gun_belt_left.bmp,f41102bc1bcd610c0c54ec546d846e3c33556c4e,af1e3ed3df72432c1f895dd896b78a9051bf3d73,true,ps2 textures\opaque\bp_remade,true,true,5,remarci_4x,false,0,false
sor_mgs3_gun_belt_left_deth.bmp,a0a8bf362ed17de58eec3af9577d0cb73ba9731f,c33e73a05344dbec52d085b2cb495221bffa4e34,true,ps2 textures\opaque\bp_remade,true,true,5,remarci_4x,false,0,false
sor_mgs3_gun_belt_shl.bmp,7a91d43b736c6ff33368f50b00b8029124007d88,a791cc9bedac22938cc6c0d3161c54d1266dbc22,true,ps2 textures\opaque\bp_remade,true,true,5,remarci_4x,false,0,false
sor_mgs3_gun_belt_shl_deth.bmp,36bf33897fc11f5325630849290b96e476f1a10b,7dd9a376368302443f57d939abd5d2721fc46e4d,true,ps2 textures\opaque\bp_remade,true,true,5,remarci_4x,false,0,false
sor_mgs3_gun_grip.bmp,0a4da7a0b2991ff42e6e87adb6a7f50f126d3cb4,7460a7bf9369ce2067a6b53fb903d6cd38cebbd0,true,ps2 textures\opaque\bp_remade,true,true,5,remarci_4x,false,0,false
sor_mgs3_hand_def.bmp,b9fae925897cd74ae1e8063bbeb5ebb75bb64954,e9ab873ebd9ea55e09dae1f9bdaa7575340599cd,true,ps2 textures\opaque\bp_remade,true,true,5,remarci_4x,false,0,false
sor_mgs3_hand_def_smole.bmp,7477701541d262396092a1ddc7e1addd4cc2fc40,779e8cabdedcff6b86787ec83cecded67a485cc4,true,ps2 textures\opaque\bp_remade,true,true,5,remarci_4x,false,0,false
sor_mgs3_head_park.bmp,2180c81a5ea1be2ed6fe02fadbb03d05f509652e,3603eeca98e151c9e9e4d313d2f634b0e0195fc4,true,ps2 textures\opaque\bp_remade,true,true,5,remarci_4x,false,0,false
sor_mgs3_head_park_smole.bmp,ffa542cdeec1d7e8bc5832f751ec01f99be377c2,88c14a9bdd2c42435f510a8f451122611d0f9425,true,ps2 textures\opaque\bp_remade,true,true,5,remarci_4x,false,0,false
sor_mgs3_wpl.bmp,503644419e67041804748df293fac9d04d89d1d8,ea32215fdb4d552ea7f99da1997be8762d3d593d,true,ps2 textures\opaque\bp_remade,true,true,5,remarci_4x,false,0,false
sor_rend_waist.bmp,62902f16b5e0d4ee21a060b988a09c0a387836d3,3e69953b30cc119b1a00964af540a3f122c783f0,true,ps2 textures\opaque\bp_remade,true,true,5,remarci_4x,false,0,false
sor_xry_bones.bmp,caa0988db6a2e8a7108e4843c2cd9d502881e7ca,acac9cec6a110b3f7411d75dd6885711534d953b,true,ps2 textures\opaque\bp_remade,true,true,5,remarci_4x,false,0,false
sor_xry_buckbone.bmp,15882219a43db98317ff37168531461b8205b750,18bda7c5daf1c07c2839aa43534a8c3d47aa767a,true,ps2 textures\opaque\bp_remade,true,true,5,remarci_4x,false,0,false
sor_xry_skull.bmp,492b9603426d5c08b4fdca58a0e6edf654658d86,59b028caef69f375e47a88072de71b92b1e23f51,true,ps2 textures\opaque\bp_remade,true,true,5,remarci_4x,false,0,false
spy_case_a.bmp,cb627423dace4debf1249050f9c8a561470b4a1d,ab7421d38f8d8482da3898bd749744dfe9159bd0,true,ps2 textures\opaque\bp_remade,true,true,5,remarci_4x,false,0,false
storehouse_box02front.bmp,e12cf4838280068c31f1de2e580384c1feff6e36,e1c1da7465c523433d79fb2c507941a56adba647,true,ps2 textures\opaque\bp_remade,true,true,5,remarci_4x,false,0,false
storehouse_box02side.bmp,56502341bd780dfc37ee452ae93d317a64fb5ca1,9507e0d44b2400cbc089a5ccc68a0722fbdde268,true,ps2 textures\opaque\bp_remade,true,true,5,remarci_4x,false,0,false
storehouse_boxb02front.bmp,71b2ad4828cfff9359287ead9125c5a39958c9ca,61265c63860f1c4caeebc535ac94b588a2d572f2,true,ps2 textures\opaque\bp_remade,true,true,5,remarci_4x,false,0,false
storehouse_boxb02side.bmp_3865ee5a3e19a6b38038156285f0bcff,fe93b01db3e8c1e07a01ab6199b3f042378ac02b,97c69c7ba4c3442f737fa3d77379d457f1b487a7,true,ps2 textures\opaque\bp_remade,true,true,5,remarci_4x,false,0,false
storehouse_boxb02top.bmp_5cda35273604474644562ccc18a700ee,482a9a758783c86429f29f21773b266006e72fde,ec4de878d697bda049b6a1859327016b663337c6,true,ps2 textures\opaque\bp_remade,true,true,5,remarci_4x,false,0,false
storehouse_ceiling01.bmp,0537cc2db78f7ccff14743d225c42cc138baffc3,37a3b6eaa25add25bf268534a803aaf48e32a86a,true,ps2 textures\opaque\bp_remade,true,true,5,remarci_4x,false,0,false
storehouse_door01.bmp,f5d310218029ca174e011df3c8c40e19efc75a77,08c29cf0e5d2045394f00a57e3ff64b2241957b4,true,ps2 textures\opaque\bp_remade,true,true,5,remarci_4x,false,0,false
storehouse_door01.bmp_8a3ef897aa63e596e7f9d9151c29d1c9,df5c3b432bc557cc349e7346111abb2f1fb4fdcb,404fd79e41b7b4741fb676e104a040c199c09877,true,ps2 textures\opaque\bp_remade,true,true,5,remarci_4x,false,0,false
storehouse_flour00.bmp_74be034da3517787c642dfb992a58f76,c05d17ce7b3cff431c1fd9c8e33571b726b110c5,a4090f75c92603115f9880240a68731de497e80e,true,ps2 textures\opaque\bp_remade,true,true,5,remarci_4x,false,0,false
storehouse_kan00.bmp,f4dd81406a61bb6e226df296043b98cc0014f995,623708a283a591f53cda9e3e5ea945175ce1ff84,true,ps2 textures\opaque\bp_remade,true,true,5,remarci_4x,false,0,false
storehouse_pillar01.bmp,8d2c0710a03612f1699bf257a64d21dbd5af04ac,eebaf2f06ed93b67f4e4c5a4203ee2c790f873f5,true,ps2 textures\opaque\bp_remade,true,true,5,remarci_4x,false,0,false
storehouse_pillar02.bmp,e65ec3bb94351a9c9510ffcae55b7914b6c3d262,40b5dbcb65d8b0d6e02a570d3b91e70e734bf137,true,ps2 textures\opaque\bp_remade,true,true,5,remarci_4x,false,0,false
storehouse_plt00.bmp,710c87f0ca707b88ac357b6b91c233c53d500330,babcd92f6fcf936b4088d4d84ab17081fd2953cf,true,ps2 textures\opaque\bp_remade,true,true,5,remarci_4x,false,0,false
storehouse_wall02.bmp,a74cc782c62f092cd760ca93d4f4d7e02f720022,04e2e32e9a143d3ba5f625c691787fe0d1cfa1b7,true,ps2 textures\opaque\bp_remade,true,true,5,remarci_4x,false,0,false
stove_stand.bmp,995f1feaaf07c26761fbb1b4e705c3e684d05288,b1852ec66597eaee0ec56d3acf9a2df79dda0336,true,ps2 textures\opaque\bp_remade,true,true,5,remarci_4x,false,0,false
susb_tesuri1.bmp,190e1c0eb577b1c410d32b20ef9755eef2e2a374,4eaaaf52511ef8917911c48c8f786df4a10ed5da,true,ps2 textures\opaque\bp_remade,true,true,5,remarci_4x,false,0,false
susb_wire1_rep.bmp,8022c794899d47268f7a5c88aea508e486a3fcae,62f0a15d13a7a5595fbd32fbaad2bccf4e102838,true,ps2 textures\opaque\bp_remade,true,true,5,remarci_4x,false,0,false
susbridge_floor1.bmp,d89cf7b26fe212a80d0b937f95102167f3a7d0ba,20fddd340d7683cabab3acbbcccd273151f5bbcb,true,ps2 textures\opaque\bp_remade,true,true,5,remarci_4x,false,0,false
svd01_tex.bmp,bfde810db8cef5ce84acc424edc738fec0d8fdeb,3a8f7b547c33e6f45d4fd76bff73470e36eec219,true,ps2 textures\opaque\bp_remade,true,true,5,remarci_4x,false,0,false
svd02_tex.bmp,3ed07d86ed98e7820dbbeddb2a1aa7c81713df88,88c575efc25e040d1c5352dd572723d85b08ea0f,true,ps2 textures\opaque\bp_remade,true,true,5,remarci_4x,false,0,false
svd03.bmp,4d1bab4a984b32ffc67621ef16aff8c0bb49bb72,b347b4b725cceaaad41abc1f6f9e3bf5171ddbfd,true,ps2 textures\opaque\bp_remade,true,true,5,remarci_4x,false,0,false
svd04_ren.bmp,b1296b91e64001b987f800ed18d4d814ecffb9f3,7a67291e126ea64a5afc39bf15edec2bef65cdee,true,ps2 textures\opaque\bp_remade,true,true,5,remarci_4x,false,0,false
svd_amo.bmp,dcb23fd6ec613657932dd2246a22f21c9b5f1a16,3328381f0246327f4f3a943fd20f0aea47f168a6,true,ps2 textures\opaque\bp_remade,true,true,5,remarci_4x,false,0,false
svknf_grip.bmp,250485dfe39b86e6e1a8ddca8a769a109b1f32f2,c89bcfcedf2408354dadd8813508001621e4a4b7,true,ps2 textures\opaque\bp_remade,true,true,5,remarci_4x,false,0,false
tablewood_cast00.bmp_72e255b759c38bae586f426480cf6076,844c7997c9772744796acfdf1dde6fd96e120b60,3f7c20775f8509e4d434d1f74b8f2b74e2e41642,true,ps2 textures\opaque\bp_remade,true,true,5,remarci_4x,false,0,false
tablewood_top.bmp,bf96d719f7d95a7df1b5f1758c0247720f7cdee2,b4acfa4a1e6908be4e0cd39f3ba20bd8bd9a4c55,true,ps2 textures\opaque\bp_remade,true,true,5,remarci_4x,false,0,false
tablewood_top_256.bmp,ec61946b1ccd7b70fca657916d264b9cf3cd27ae,2ea541be37194cdfbf4101f935a42b170c632aed,true,ps2 textures\opaque\bp_remade,true,true,5,remarci_4x,false,0,false
taiya.bmp_acd4abfd35a8f731aab5deca60c1d712,9c2d4caf66021408838c3a9e390477a8e0c51a92,789c2ae4e22ad44831f37d84eef6419d2b653dc6,true,ps2 textures\opaque\bp_remade,true,true,5,remarci_4x,false,0,false
taiya.bmp_e606aaab5c9434f992fd585a35ba9ab0,2c60fd0b6f1ec00cc5e54a8d326cb3404b1d21d5,d1a801daadb244276d6ead300f352564ff67064b,true,ps2 textures\opaque\bp_remade,true,true,5,remarci_4x,false,0,false
taiyabase.bmp,b8d113eba8b0baba7d4935fdd2e78c2dc77c167a,b153ad10f61265da7d377e33e79d3088201e17a0,true,ps2 textures\opaque\bp_remade,true,true,5,remarci_4x,false,0,false
taki_eda_12_alp_ovl.bmp,0967992c4386d75beacb32462e12b1ec6e0a3021,e932b0b8f99b649782132ba6418520910103c6bd,true,ps2 textures\HAS ALPHA\bp_remade,false,true,5,remarci_4x,false,0,false
taki_eda_12_alp_ovl.bmp_9d79dcb7c6e2d7a01f869a18e42c730b,0a92f2e419f7814824397946047f6908ab3292b8,529fa1b2bad2aa9fad97c777664da0fbd016aa5d,true,ps2 textures\HAS ALPHA\bp_remade,false,true,5,remarci_4x,false,0,false
taki_iwanohyoumen_07_2_rep.bmp_4c306fbc0612bd3c1a022dbc47d91989,1bd27ced3313572a0959b94f2338e5742f81ef2f,7b6cd7e42aca33c2183c7a74ecceab5adf2ca9f3,true,ps2 textures\opaque\bp_remade,true,true,5,remarci_4x,false,0,false
taki_iwanohyoumen_07_rep.bmp,b103124a92aab39cd987b774f6d54bcbf075fad8,eef150f82e2f63fa83da02fb8ff7fd8e4dec6ef2,true,ps2 textures\opaque\bp_remade,true,true,5,remarci_4x,false,0,false
taki_sida_a02_alp_ovl.bmp,5999ba7344cbd740e408b738846f861f4af55879,f80750117eb2b1b19971d408312af120833c016c,true,ps2 textures\HAS ALPHA\bp_remade,false,true,5,remarci_4x,false,0,false
taki_tree_a19_rp.bmp,5a425223a8e1a7487f9f4223ffd6e17048af4de0,7e972bc1cffc2fc0db6ba52f8630b2907aacfa58,true,ps2 textures\opaque\bp_remade,true,true,5,remarci_4x,false,0,false
taki_tree_b02_rp.bmp,915dc6b00d5c5a7ae879f7976ea15974e5d3e562,c70eb921fd7afdcdd4fb7c7043361004acefa5cd,true,ps2 textures\opaque\bp_remade,true,true,5,remarci_4x,false,0,false
taki_tree_b08_rp.bmp_a0ac50d5b5ddc886e2ce9174ff6c9331,0348ad0b1bdffc439ac675df0c0c5ab017dc947e,04741c1e906120b38cce334e396ff3d2064417ac,true,ps2 textures\opaque\bp_remade,true,true,5,remarci_4x,false,0,false
taki_tree_b09_alp_ovl.bmp,fccbcd7b6c573d52890cf75b34e5e3ae14d5f000,505621b8a00368e2efd6c3fe7e18fca40d7fd5e7,true,ps2 textures\HAS ALPHA\bp_remade,false,true,5,remarci_4x,false,0,false
taki_tree_b10_alp_ovl.bmp,533e8fc09b1d66372da88868c53bded94421a159,e068129ab023f5dee9f9f4d670f08853ceb1fe08,true,ps2 textures\HAS ALPHA\bp_remade,false,true,5,remarci_4x,false,0,false
taki_tuta_a02_alp_ovl.bmp,9ad65435cc41bfc138088815c4739ea97d5466e2,3c037f407196b5781bf7bcfa7298360015bfb214,true,ps2 textures\HAS ALPHA\bp_remade,false,true,5,remarci_4x,false,0,false
tank.bmp,94ea2edffe706ec9309193d66182903af59b8a7c,cb2635a4de94c29b559410f3cadbe9c87f368fcf,true,ps2 textures\opaque\bp_remade,true,true,5,remarci_4x,false,0,false
thu_arm_cord_ovl_alp.bmp,e78a842506d0a881a12e49b7cea31e037b1ef1d4,3c9dd1c79412320ff8023d79f2c22308badcf718,true,ps2 textures\HAS ALPHA\bp_remade,false,true,5,remarci_4x,false,0,false
thu_belt_ovl_alp.bmp,dd625dfe8451312c2e00e6c6d0abaf78f40e7b16,84b49d6b5fec3d69c9439dbafca252ee1040e962,true,ps2 textures\HAS ALPHA\bp_remade,false,true,5,remarci_4x,false,0,false
thu_body_def.bmp,6eeb0992917c39e8e9ff429cfeda0b0e76b3412f,fe6cd102e081576e37fae12c5358cb2d9b349698,true,ps2 textures\opaque\bp_remade,true,true,5,remarci_4x,false,0,false
thu_coat_foot_sole.bmp,eea1e269ac48b7b1d4b67ddcaca238f47d67d206,5d9074bbc6193b4eaac5a8b4ec2cb1dd969d81bb,true,ps2 textures\opaque\bp_remade,true,true,5,remarci_4x,false,0,false
thu_coat_toe.bmp,96ea5fe98c30d804ef5a43f63caedcf27ccdc84a,42bff7d89fcc89b93a7f78a6729c712bee21b3e9,true,ps2 textures\opaque\bp_remade,true,true,5,remarci_4x,false,0,false
thu_def_cord.bmp,7b8f1a222891491ec83096c039029137e1eab44a,a2514dbf1e5fa1ed943fd2a56e90d20d983037f1,true,ps2 textures\opaque\bp_remade,true,true,5,remarci_4x,false,0,false
thu_def_eye.bmp,032ca5ce01c962ec0c5f8dedfdd46c7765d84c42,0b25c48df8b621cace17353a7e4de8f4003f1c92,true,ps2 textures\opaque\bp_remade,true,true,5,remarci_4x,false,0,false
thu_item_arm_gro.bmp,6e2c5f42f9a42153f5cc7e445b2a1777d06dbf6d,d5e138b5d9b49cec1826fd7733009fae1dd424b8,true,ps2 textures\opaque\bp_remade,true,true,5,remarci_4x,false,0,false
thu_item_arm_jnt.bmp,5235f1e2896e5069f6e68d9412813afce440adf2,d236c250557541852bc19a76981164af24dd3bf7,true,ps2 textures\opaque\bp_remade,true,true,5,remarci_4x,false,0,false
thu_item_hand_jnt.bmp,125de18c1f3ac91a8ae079b8b2c5dda7f8c8fc7b,736002c9427ffcd357f799d0b4c64d46c7dd34ea,true,ps2 textures\opaque\bp_remade,true,true,5,remarci_4x,false,0,false
thu_makarofu.bmp,426fd9cfc7f501f6c6418ddef8dd1fe84c55b63b,db67676c9a1baaf37eb28e09de0f4f511e0c3d20,true,ps2 textures\opaque\bp_remade,true,true,5,remarci_4x,false,0,false
thu_mgs3_arm_cord.bmp,f395c1a5e99a56d72e2a3215ac0b7c45a8f2f6fa,e1e299a2d1d48a08136a83a6aa60ec297731fec9,true,ps2 textures\opaque\bp_remade,true,true,5,remarci_4x,false,0,false
thu_mgs3_arm_dam.bmp,72d43a9aa67f9fbc85ce76689c7fd0f9c1a3e721,84f78e1c91f55675f6b14a27fa2df53d35b08e36,true,ps2 textures\opaque\bp_remade,true,true,5,remarci_4x,false,0,false
thu_mgs3_arm_def.bmp,b80080f0a0fda41638d4f232a0968a04c50829e5,59bbe175a28e70a7edc2aaf846bd246aaf0a82ef,true,ps2 textures\opaque\bp_remade,true,true,5,remarci_4x,false,0,false
thu_mgs3_arm_jnt.bmp,b57c558089be2e8d7c71d0399c4d973e4f2e5a7f,57b2d14b3892b1caee5dde5b9974d319f14ea0c9,true,ps2 textures\opaque\bp_remade,true,true,5,remarci_4x,false,0,false
thu_mgs3_btn_body.bmp,fb8da3c1bd259cb88ffedd4c6fa7f9e5bf78fc36,27c5b1bb62fa74ee318e0e12ae01200e1c9b1c6c,true,ps2 textures\opaque\bp_remade,true,true,5,remarci_4x,false,0,false
thu_mgs3_btn_coat.bmp,89fd79274f916bbddedc86a45e106055e0e07d6e,911f9c6ce79ac99062f5569a7e092239e18236e9,true,ps2 textures\opaque\bp_remade,true,true,5,remarci_4x,false,0,false
thu_mgs3_bull.bmp,1e893e13c3dfd743d8db22198207d7e61702d17f,4c3498bf4744820782778f9f42238bd8252f04a8,true,ps2 textures\opaque\bp_remade,true,true,5,remarci_4x,false,0,false
thu_mgs3_coat_def.bmp,ea70918ea4bcacff846a45ce48c1cf78b1561e82,7132edce9b6d3db58380776a54b1d7ecd4f24d14,true,ps2 textures\opaque\bp_remade,true,true,5,remarci_4x,false,0,false
thu_mgs3_coat_hand_def.bmp,21a7c501258a9e09453244d007b9c9b318560eb5,7bce0e70a8603c6943e7184cfe56bb773c1b3dfe,true,ps2 textures\opaque\bp_remade,true,true,5,remarci_4x,false,0,false
thu_mgs3_face_after.bmp,4e9db02752366b6bde59b29c7d6c2d1c4398c9d9,b66a9c08f04e97b0a9b191a0ed67f8890ee04e99,true,ps2 textures\opaque\bp_remade,true,true,5,remarci_4x_extra_smooth,false,0,false
thu_mgs3_face_after_ovl_add_alp.bmp,a2d7d0edc267dd164b5d43cc7cb54dc2eb3e63e8,71856fcad1244ade24f1a278ff3da50861a46c7c,true,ps2 textures\HAS ALPHA\bp_remade,false,true,5,remarci_4x,false,0,false
thu_mgs3_face_def.bmp,0a21d91b1613b408507f252821b8e656677da3c4,069e892c054d2cc57d1f6721f44e5ed0a3f50463,true,ps2 textures\opaque\bp_remade,true,true,5,remarci_4x_extra_smooth,false,0,false
thu_mgs3_face_def_dam.bmp,bf21d6f7b6f5f2afdfd8f650e2c5998ead5f60eb,ba1900c8fc093e6fb61adc202f84e6d5928618f6,true,ps2 textures\opaque\bp_remade,true,true,5,remarci_4x_extra_smooth,false,0,false
thu_mgs3_face_def_ovl_add_alp.bmp,3c08c048870b20a1fae67ad52a4d4192e2840790,db4912b10fdb498ca10f47d2cba790e0990be1e4,true,ps2 textures\HAS ALPHA\bp_remade,false,true,5,remarci_4x,false,0,false
thu_mgs3_face_hard.bmp,e5ee07562fef760c1595c957bb5bde344078d46b,aa9e28f50cceaddb7564a7c8b8533ec9cedea0ac,true,ps2 textures\opaque\bp_remade,true,true,5,remarci_4x_extra_smooth,false,0,false
thu_mgs3_foot_dam.bmp,062022acd71322a98468de80890703869d547dee,4c65a23928c70705809038309d5df6d1463e4258,true,ps2 textures\opaque\bp_remade,true,true,5,remarci_4x,false,0,false
thu_mgs3_knee_def.bmp,12b0b29b79f99ced2834dc474d9a435c94d76b0e,fbfbd36a24e4b9b9fb2122b8385e61cee99098a4,true,ps2 textures\opaque\bp_remade,true,true,5,remarci_4x,false,0,false
thu_mgs3_leg_def.bmp,147e0e88f469f8c8b112cf12e662f9d2858548ee,32544b20b047f9f46d9c1ccf0349704509fc00d2,true,ps2 textures\opaque\bp_remade,true,true,5,remarci_4x,false,0,false
thu_mgs3_pin_ovl_alp.bmp,d2dfd852c751df30d4ee17f5affb0281b1a18ea1,39cb8fb8bc1e03b650be598f2642843994a60e0a,true,ps2 textures\HAS ALPHA\bp_remade,false,true,5,remarci_4x,false,0,false
thu_mgs3_shl_dam.bmp,37618a5294585d863cb6dc296e2c7a8a45f3933c,d2beb74b37ac60e81263126fb9f3a91842d24a7b,true,ps2 textures\opaque\bp_remade,true,true,5,remarci_4x,false,0,false
thu_pal_ovl_alp.bmp,109cae0e305addf3b659bc05732dcf75782bcc2a,c4042e1475afc4fc92950f5201a26394a4ce482e,true,ps2 textures\HAS ALPHA\bp_remade,false,true,5,remarci_4x,false,0,false
thu_pal_top.bmp,805e8df28b3b335d83e2c7ece32026c76778a956,c1d1b844dd4fad84dff44648607a65acdeb648fd,true,ps2 textures\opaque\bp_remade,true,true,5,remarci_4x,false,0,false
tiger_a00.bmp,f147b4c3d6df9675aa3133e5576b5046176edae5,56376a1d47007808b80820027566eb87ac9a89da,true,ps2 textures\opaque\bp_remade,true,true,5,remarci_4x,false,0,false
tiger_a03_alp_ovl.bmp,878c0c475b48f6ad9dd30e26405de91689d4cc23,aa6080bf5d923d9cd81cef58d3a0424b74893a1c,true,ps2 textures\HAS ALPHA\bp_remade,false,true,5,remarci_4x,false,0,false
tntbomb_tex.bmp,4fe8720aebd13d23aa3509512843516db4df15fc,61834a46ed245d8f08fb1f2be34b0e62237a7941,true,ps2 textures\opaque\bp_remade,true,true,5,remarci_4x,false,0,false
tntigni_tex.bmp,30e9630875f6fe637031c1ed6eacdadbc383b785,5719699546a3ae1455b24235e9fdd751df47d7c3,true,ps2 textures\opaque\bp_remade,true,true,5,remarci_4x,false,0,false
toilet_wash00.bmp_130f36d03b48f1b7fe4be27796066b60,0ac090ee1b852530ba68be77500821c4a6f2b4f0,6aac8ea816557491d34c9790c1fe6b54ddcefe04,true,ps2 textures\opaque\bp_remade,true,true,5,remarci_4x,false,0,false
torch_cloth.bmp,073786dc4d4404148e5f8716933565e028978c1d,f1c3801ef499810c63ce65b7fd1e29590612960c,true,ps2 textures\opaque\bp_remade,true,true,5,remarci_4x,false,0,false
torch_kai.bmp,898ec751d9323abc83553b037ddf3a2dfcc3a959,964efebeb105dffdda737b37670b3ee6d2f13027,true,ps2 textures\opaque\bp_remade,true,true,5,remarci_4x,false,0,false
torch_wire.bmp,65fb08e550e59317d9ee770e65ff97672e29b576,03f23a0e7be6c7d3dab5cb941534eafe43ce8b7d,true,ps2 textures\opaque\bp_remade,true,true,5,remarci_4x,false,0,false
trap2.bmp,f813bf05aa033570cfe076604b4b3b66053ef897,20b94213d26e8492f54ca2592dbe02c602176a1b,true,ps2 textures\opaque\bp_remade,true,true,5,remarci_4x,false,0,false
trap_hookrope_iron.bmp,f4efaef5063767c510f2e77646e23796fe6b8aab,989c53d85b59e2a88e4728e5bfcc17cf3b2b9ecd,true,ps2 textures\opaque\bp_remade,true,true,5,remarci_4x,false,0,false
trap_pendulum_large.bmp,05c6ae44a817233214c902fbec9d63443bf2f3da,6ffae55c58beab5e71ef1a94f1df2c2af9e2fad1,true,ps2 textures\opaque\bp_remade,true,true,5,remarci_4x,false,0,false
u06_3.bmp,e9937c83656983c2fd267c284a1c50213940331d,43ecdc3bd59fb5b2be1b4fea087de0fc4ef3e563,true,ps2 textures\opaque\bp_remade,true,true,5,remarci_4x,false,0,false
u06_4.bmp,012a277fc37310944e7dc3824999f4cb4c2b70c2,ed1c9061c08e8271972834f44b5d95bc51afd71e,true,ps2 textures\opaque\bp_remade,true,true,5,remarci_4x,false,0,false
v004a_flr_swamp03_alp_ovl_rep.bmp,a953feef8246528dbe56cbca2f90655a2f3ffc42,3a1f8ae2c0aba93be7e2e751c51cf1fac129ca3b,true,ps2 textures\HAS ALPHA\bp_remade,false,true,5,remarci_4x,false,0,false
v004a_leaf2_alp_ovl_rep_256.bmp,499716503a9e47b99f2b4636d484f744e0091658,f2ebeee28f399ecff0b26d5fa0faf2724b5c4907,true,ps2 textures\HAS ALPHA\bp_remade,false,true,5,remarci_4x,false,0,false
v004a_soil01_yake_rep_mip8000.bmp_52acaa17f120e32e0ee757b69a796358,89ac514fafa63740e8785bae2c6295638d787904,79574c40358407db89760d44c500d604f98cf3dc,true,ps2 textures\opaque\bp_remade,true,true,5,remarci_4x,false,0,false
v004a_wall04_rep_mip8000.bmp,3a4ef26505d86b85cd408fcb3706a5abd4619e0c,c9ae0ebebceb55bc84ff59b5057a94ac6fb673c7,true,ps2 textures\opaque\bp_remade,true,true,5,remarci_4x,false,0,false
v006a_eda3_alp_ovl_mip8000.bmp,c761ff0cc9de49fddf4ae271f9396871bb0f6e09,7d271e3bc370bd85c1aaca94cf221b5d90e994db,true,ps2 textures\HAS ALPHA\bp_remade,false,true,5,remarci_4x,false,0,false
v006a_temptex1_rep.bmp,da86d61904a8dcd18cc953dfca41f2755f47ff17,5bc7e3ece66a660814eb7b434a3b731548210f66,true,ps2 textures\opaque\bp_remade,true,true,5,remarci_4x,false,0,false
v006a_tree13_alrep_mid_mip8000_rep.bmp,c770b1a8a02a32ddcaed0be613cdfa934a060f08,c497b15b5b1386ae8b140ec51afc4ffb6c232b67,true,ps2 textures\opaque\bp_remade,true,true,5,remarci_4x,false,0,false
vbiyoku01.bmp,86fdcf0f79b30a92dfc544b68eb1d50613484cfe,46328da5bdd9c7794176407b731beafa0f522ebf,true,ps2 textures\opaque\bp_remade,true,true,5,remarci_4x,false,0,false
vtol010.bmp,8ecdbfe89ee8bdcc404fd0d42621e6b47f0232d0,56aa71bfff94c6687c9dab4d8689fd9b25953945,true,ps2 textures\opaque\bp_remade,true,true,5,remarci_4x,false,0,false
vva_a.bmp,3b7898215491d848ce57b6d0fb4bb488e6fd963a,358c7ef00cbb9eebf67b1ed2591a0ddf2af94101,true,ps2 textures\opaque\bp_remade,true,true,5,remarci_4x,false,0,false
vva_b.bmp_ba723258d9bb183f072193c17df4f8b1,21676547a3d0e6dbd8b1fabaf6a49bf936cd570e,27bf771306f925315bd68466190c1ff719dd971f,true,ps2 textures\opaque\bp_remade,true,true,5,remarci_4x,false,0,false
vva_e.bmp,804d51826c36ba27247d1f064bb306fdb2f146b8,289a35fe6a175afc5b588751cb7eeda8627e8fd7,true,ps2 textures\opaque\bp_remade,true,true,5,remarci_4x,false,0,false
vz61_l_site.bmp,054b4a3a099f4c47c924f99c3031d8b3cdc222e9,100f86115fe79be4c5f0f3c63764d1e68015b95f,true,ps2 textures\opaque\bp_remade,true,true,5,remarci_4x,false,0,false
vz61mtex.bmp,096cf12c7bb2ccafde875b4ffbe62f078c228866,30ea0e040ca481c78adcdfe75c30af0fb54691c2,true,ps2 textures\opaque\bp_remade,true,true,5,remarci_4x,false,0,false
w121a_mecha_01.bmp,4f276b29817d29d0c2e6deb7cbc50156e5ae914b,4572a80fd65245ca3de6e9a350c37490976c9ff6,true,ps2 textures\opaque\bp_remade,true,true,5,remarci_4x,false,0,false
w122a_mecha_06.bmp,f2a989523b55b38ad3889ffb28566d1a337d6e56,90afb07ff8b619ab0aa81167d55b69b25db6ef16,true,ps2 textures\opaque\bp_remade,true,true,5,remarci_4x,false,0,false
w122a_mecha_08.bmp,8fdd6d68cb5be6ec026e2e5ebde4d677124809aa,425599c3edff681383161b45145d08c7d7de2eb9,true,ps2 textures\opaque\bp_remade,true,true,5,remarci_4x,false,0,false
w122a_mecha_14.bmp,42e15f7309dcabd8e37fb33d7a6a468f66235906,8c11887807e38ad0a38bba431cfbe2e76974133b,true,ps2 textures\opaque\bp_remade,true,true,5,remarci_4x,false,0,false
w122a_mecha_18.bmp,627db303db3e4c0da8fb85841552c1e0aba768a9,7ec0e161e0825f304b77505e12fcbede1fcaf179,true,ps2 textures\opaque\bp_remade,true,true,5,remarci_4x,false,0,false
w122a_mecha_23.bmp,60aa95ac7da8ada742470798d552e1d0fe9d0728,7deb69225431cbe8c1482d58a4cda8077a13f5f1,true,ps2 textures\opaque\bp_remade,true,true,5,remarci_4x,false,0,false
w122a_mecha_25.bmp,94e99aa42227fd16b1b26db2e9883f4b1b61f1bb,3dfe703957f38aa55d933e21435ad221cd3c4116,true,ps2 textures\opaque\bp_remade,true,true,5,remarci_4x,false,0,false
w12b1_pipe_08.bmp,52f285b78d32b50f930f1ebf7ec5f7244225ba49,7cd0e3c7f7e22e3b6b7a30bc4b7a9546b3f5d488,true,ps2 textures\opaque\bp_remade,true,true,5,remarci_4x,false,0,false
w12b1_pipe_dodai_06.bmp_fcb55562e23327cbfc931647af728ded,39af5720434a379ca46248f28390ffe6c7d853e9,e2f361c8f9a406bc6eaedbed4a89e74c0a93339d,true,ps2 textures\opaque\bp_remade,true,true,5,remarci_4x,false,0,false
warning_a00.bmp,6a8745e39fb35d38067ddf8661dbc2cdcdcf5122,5b4e811d79393d9574c003c561f06834cd554165,true,ps2 textures\opaque\bp_remade,true,true,5,remarci_4x,false,0,false
weap_b.bmp,0415cc01bc9ec74d03ce5153e26b74246196a2bc,9a9002479891fc50a6f482f88649955a147884ed,true,ps2 textures\opaque\bp_remade,true,true,5,remarci_4x,false,0,false
wigbody01.bmp,7cb82b2d91ebc76d81ca4dea4301747855bae079,7cd769b44546893d42129e01c868d568624ee1d2,true,ps2 textures\opaque\bp_remade,true,true,5,remarci_4x,false,0,false
wighad01.bmp,6e5a3d2b4fed3b6ee53d73a7f8934031e7b1d0ef,56794f89b4896b493deda8f5e961afcc5daa09f7,true,ps2 textures\opaque\bp_remade,true,true,5,remarci_4x,false,0,false
wighad02.bmp,d639f6a2cf22c8aa561e6ec16272fc493c96fc97,e49f4253b8e2fcac10515581ad5677a7e0f1b93a,true,ps2 textures\opaque\bp_remade,true,true,5,remarci_4x,false,0,false
wighara.bmp,efcedc9aa7bc177c1754061258c474ea53ba7d89,45130ac18dee4b379095d4a830a8ecdc39008286,true,ps2 textures\opaque\bp_remade,true,true,5,remarci_4x,false,0,false
will_tex.bmp,d07ab27a956ed4b1b942d06a79a4c12ef2b90fb8,e22c9e834ab4b8a1a605b572b1e47bda6e2da5da,true,ps2 textures\opaque\bp_remade,true,true,5,remarci_4x,false,0,false
will_tex_01.bmp,66c52ddf161802b3aee8eeab5541e520499350e6,07dfb6f4b40e56d610e6f43759c8e4cfea22afad,true,ps2 textures\opaque\bp_remade,true,true,5,remarci_4x,false,0,false
wor_pendulum_white.bmp,12957ceea13f6db68682c61ccaebf11860f755dc,57b8ed03ade58aef87e1caa5cc66ef15d5ce34ab,true,ps2 textures\opaque\bp_remade,true,true,5,remarci_4x,false,0,false
wor_suspend_leg.bmp,0eb397a01723221db1e6c996ca3152e84d1ad2e5,3ffcced17b5dd67e2aafb3789256c15cae866f14,true,ps2 textures\opaque\bp_remade,true,true,5,remarci_4x,false,0,false
zro_def_arm.bmp,be549265fdc30383c5a86d0b78ac63eb0618db15,a6ccf3e45e3fcabed7fff58dbaf2ebb6d5aeecf1,true,ps2 textures\opaque\bp_remade,true,true,5,remarci_4x,false,0,false
zro_def_eri.bmp_15527f701d8cd045dc161c08e82d4c5e,c49438567ff79b5f03175c8a6c18403ecda5d488,053ba0daae3c4deee334cd2efb0b7f1ce9f90b97,true,ps2 textures\opaque\bp_remade,true,true,5,remarci_4x,false,0,false
zro_def_face.bmp,158cc23d8e4d67d8ecc85a264660ee6e015e7494,1006b4cf913fe1b5829b7b568a0fc4616358124d,true,ps2 textures\opaque\bp_remade,true,true,5,remarci_4x_extra_smooth,false,0,false
zro_def_hair_back.bmp,8450fcfe022d85ff8812c43735b315fa140c975d,f39677de8f78cc0abfbdea5d7f4b78817e37f0ea,true,ps2 textures\opaque\bp_remade,true,true,5,remarci_4x,false,0,false
zu_23_01tex.bmp,ce7722e0b51943dc9aa16e7036e6016b9552fcfb,bdfd6ea23d4cc5383f94989d40e8c99aa1979697,true,ps2 textures\opaque\bp_remade,true,true,5,remarci_4x,false,0,false
zu_23_amo.bmp,7e300b18cb894279b4790f7780b764bb5b59076b,9b05463594c3095ca770970819530b097eb985b6,true,ps2 textures\opaque\bp_remade,true,true,5,remarci_4x,false,0,false
zu_23_base.bmp,2656427ffea42f25e66d4b9dcfff4629ea08f8c3,609483f2cf2fb11ccf10cfbf962e12e1f30872d8,true,ps2 textures\opaque\bp_remade,true,true,5,remarci_4x,false,0,false
zu_23_body.bmp,425d1912e0d6ab087a1b7a27fbf1a9a5e65ba4f3,ae4d5c0ab0363be273800317dbb0480ea658e8e1,true,ps2 textures\opaque\bp_remade,true,true,5,remarci_4x,false,0,false
zu_23_box.bmp,da67efc7b023b83c69374c4199611e36dbfbfc48,a94c35f2b147fbdd27b5edd9d6259cbd67995f42,true,ps2 textures\opaque\bp_remade,true,true,5,remarci_4x,false,0,false
zu_23_handle.bmp,0dce160733cd534344719fc72fa2ee618b9e35e2,58389fb54aacd1e86a4ebe2b467e9dd217d032e8,true,ps2 textures\opaque\bp_remade,true,true,5,remarci_4x,false,0,false
zu_23_sidebig.bmp,a47cacf5501dda945ae62c39660909e060279c12,8b97f065f6a27fbdb143c5287a096eb9b57e21b3,true,ps2 textures\opaque\bp_remade,true,true,5,remarci_4x,false,0,false
