filename,before_hash,ctxr_hash,mipmaps,origin_folder,opacity_stripped,upscaled,upscaler_version,upscaler_type,non_upscaled_version,ctxr3_converted,npot_resized,dxt5
00005011.img,17e89c290bf86c31c76b2a1582de3d6708aa19f2,59ddf757b6c8507af56c4d4d1d396023dd312dd3,true,ps2 textures\HAS ALPHA\bp_remade\no_mip_fixes\ui,false,true,5,remarci_4x,0,false,false,false
0000719c,7a2e0698c879f7f23882c9c69695798f591c5e3b,7f10c93c3738b0b328aecbefe2f793e26d051c95,true,ps2 textures\HAS ALPHA\bp_remade\no_mip_fixes\ui,false,true,5,remarci_4x,0,false,false,false
0000c6fa,2fa9983dd713c9aa4e5161246c7d8183cb0e38f5,1776af4ed7ec9e7f93417313ff30e4a5091d3a60,true,ps2 textures\HAS ALPHA\bp_remade\no_mip_fixes\ui,false,true,5,remarci_4x,0,false,false,false
00011816,bab3317ec4f1d21b7cfcd2053c02d60bb1048b33,efaf5a4396b73dabab5ffe3d1b47537d06ab1a78,true,ps2 textures\HAS ALPHA\bp_remade\no_mip_fixes\ui,false,true,5,remarci_4x,0,false,false,false
0001435e,67e338ad3c9d7e0417a1af6ef5e16197c84de3ca,7961b06863a7e4910cdf2067bab7110520354a37,true,ps2 textures\HAS ALPHA\bp_remade\no_mip_fixes\ui,false,true,5,remarci_4x,0,false,false,false
00014362,5df9c113a11c5fe3b4c65694f9a0073a491453e3,25f51dc71424664c39f62ba754493bdae11ce94f,true,ps2 textures\HAS ALPHA\bp_remade\no_mip_fixes\ui,false,true,5,remarci_4x,0,false,false,false
00014366,20f72ca96bf2c9705a9c1d5c3ed1637eeecbe8af,27b90986b722f34b8d2b4ef179dd6a1491cd90b8,true,ps2 textures\HAS ALPHA\bp_remade\no_mip_fixes\ui,false,true,5,remarci_4x,0,false,false,false
0001436a,74d4b1d8fa4d0dacd94d97ecd9e1f7d3f1aedd37,360359bd83cb2760bdaa6e7ae5850551bcbac3c0,true,ps2 textures\HAS ALPHA\bp_remade\no_mip_fixes\ui,false,true,5,remarci_4x,0,false,false,false
00014fef,cd06656ae13d02611b26917475929ad38d4e8527,254985e8688c213ee7232191a24cf2b75e6157dc,true,ps2 textures\opaque\bp_remade\no_mip_fixes\ui,true,true,5,remarci_4x,0,false,false,false
000237d1,3b30f1d9b1b074537026fdcff04d874480050c10,ca8989eaf783d4aba1198e5893ae1bcc357a4fa5,true,ps2 textures\HAS ALPHA\bp_remade\no_mip_fixes\ui,false,true,5,remarci_4x,0,false,false,false
0002a890,7eec7f5d57750f8bf4c1d56867cc6b4605682ec3,14352baa8959b411ec2e46c41809ba5f7cced356,true,ps2 textures\HAS ALPHA\bp_remade\no_mip_fixes\ui,false,true,5,remarci_4x,0,false,false,false
0002bdfa,25c26e63e4a14437dcad7d8e3559c6aa5f2622eb,92043e02a369cb041775f6af41079188619345ab,true,ps2 textures\HAS ALPHA\bp_remade\no_mip_fixes\ui,false,true,5,remarci_4x,0,false,false,false
0002c24e,9f013704e5c4e554c11a81f0a1949d95efcee9f9,ccd46e86a94788f044348c1f042e1114979ef4e0,true,ps2 textures\HAS ALPHA\bp_remade\no_mip_fixes\ui,false,true,5,remarci_4x,0,false,false,false
0002f937,61332d5a80fc58618e13aff00eab2e747a7a93fc,9e76a1f19b7d0e421c7c3fd48ed2d12d3f830368,false,ps2 textures\opaque\bp_remade\no_mip_fixes\ui,true,false,0,none,5,true,false,false
00030da5,58f82966748daf314c11b61b1ef8e80cac70b6f4,3036b41a91d703752df1fb5ed739d7d3459eca4b,true,ps2 textures\opaque\bp_remade\no_mip_fixes\ui,true,true,5,remarci_4x,0,false,false,false
0003436f,eb12202a4ced30e96246334ee3d68e04cde0b545,589fb91dee287db577d6659a0e3e7ecbed7d6ca7,true,ps2 textures\opaque\bp_remade\no_mip_fixes\ui,true,true,5,remarci_4x,0,false,false,false
00035553,19b7ca9067dbb4de819384261649fd84cd638aa1,77cb5bbd02c3ccf39f1c9b140512afcd3d58dbf3,true,ps2 textures\HAS ALPHA\bp_remade\no_mip_fixes\ui,false,true,5,remarci_4x,0,false,false,false
00035be9,44dd17d155d3513c4a07369164021780f2f60e5d,093c955a1b079f9191d1f2569ea3d68b263e6ba6,true,ps2 textures\HAS ALPHA\bp_remade\no_mip_fixes\ui,false,true,5,remarci_4x,0,false,false,false
0003966e,d994b9e60163ea88cfba56b1e3913ce55ac6a0d0,e37bc2b0527e851ddc19801a37b67056ad5ebdc1,true,ps2 textures\opaque\bp_remade\no_mip_fixes\ui,true,true,5,remarci_4x,0,false,false,false
0003a514,0dbe6619e28337cf8abace0120679513b9a7320f,08ca31a6c1e32e5c8f8ceed42c8a6bdccc8195f1,false,ps2 textures\HAS ALPHA\bp_remade\no_mip_fixes\ui,false,false,0,none,5,true,false,false
0003f2e2,88d08d573d9af0ae080c7ba9a41340bb8c645497,62fc22f69b9f340a6a5b6f9df2cab23917ebe24b,true,ps2 textures\HAS ALPHA\bp_remade\no_mip_fixes\ui,false,true,5,remarci_4x,0,false,false,false
0004e32e,446fcf94d4c81599df61d84ff7a3ba7f713db065,bbd9df4525b26d301603f1da71b674211c5ec1be,true,ps2 textures\opaque\bp_remade\no_mip_fixes\ui,true,true,5,remarci_4x,0,false,false,false
00050da5,2bc6bcbba9b687410f7c3033cd594c467cc4d69a,700abd890ab904f0a58abf8afef1a334825e6db9,true,ps2 textures\opaque\bp_remade\no_mip_fixes\ui,true,true,5,remarci_4x,0,false,false,false
00051138,cd9c6cfddecbb2f8daa53a17b64dc47629ea5097,f2a2e52a5bfde809c5d233d642cf8c4a3be67e23,false,ps2 textures\opaque\bp_remade\no_mip_fixes\ui,true,false,0,none,5,true,false,false
00051911,e51fe46c8be25052ee50ee5dde25aa822d0b64dd,8666265bef567abe45ebdedcad98d55d743c2c3b,false,ps2 textures\opaque\bp_remade\no_mip_fixes\ui,true,false,0,none,5,true,false,false
00054383,2b8d7dc3d19c80dd94ed122ef8794d0d446106bb,2c5f13a59576ede60b52e83237582df36bc6902a,true,ps2 textures\opaque\bp_remade\no_mip_fixes\ui,true,true,5,remarci_4x,0,false,false,false
000589dd.img,42a9570b2c61bd5fa55004f8de6dd8ba2fd91d97,ab3e526a77a7320a71ce6799b129fd54364f90c6,true,ps2 textures\HAS ALPHA\bp_remade\no_mip_fixes\ui,false,true,5,remarci_4x,0,false,false,false
000641cb,5bc22e5cb1c49d6e22bbb4db89ee99afe939010c,1ed25ccac20e9c9ec980528c62ce7e60cade276e,true,ps2 textures\HAS ALPHA\bp_remade\no_mip_fixes\ui,false,true,5,remarci_4x,0,false,false,false
00064917.img,1d476323256dc93ac7322eda616c5c944e84ab30,7bae393a5125f6ca7b56f1ba3802b76a0f4e1fa5,true,ps2 textures\HAS ALPHA\bp_remade\no_mip_fixes\ui,false,true,5,remarci_4x,0,false,false,false
00065d4c,0c8753a1d1512125c3092d0c9a3abf1f3affa3ef,46ed1a47a89e183b750f7d796878571f08e1fd38,false,ps2 textures\opaque\bp_remade\no_mip_fixes\ui,true,false,0,none,5,true,false,false
0006afc6,416e227f59eea27886f1d1e99e6bcebeee1c0ea3,5f169399926c2718a673480823b6c4e870248f78,true,ps2 textures\HAS ALPHA\bp_remade\no_mip_fixes\ui,false,true,5,remarci_4x,0,false,false,false
0007080a.img,49f4dbd8e0142e355230830848c9cfaed14eb8a7,df88116538f3e53d243ef4d879cbc49377d5ec6a,true,ps2 textures\HAS ALPHA\bp_remade\no_mip_fixes\ui,false,true,5,remarci_4x,0,false,false,false
00070eff,0410770619096d3cd3aa97fa91aa7c3aa938ecd7,e7d98e011f2de1ff02624d16408013a2d1c92ba7,true,ps2 textures\HAS ALPHA\bp_remade\no_mip_fixes\ui,false,true,5,remarci_4x,0,false,false,false
00071198,87a3256978a9d0a892ba17f2bf70a47059545a04,d812f6e91b0f7cdcb601d00880b98b1805bdd668,false,ps2 textures\opaque\bp_remade\no_mip_fixes\ui,true,false,0,none,5,true,false,false
000737d1,8b5084746f5377fafabef69854c2e8578f44d837,49eab69a69d6e3f741f3c949cd46f73b7ca8d210,true,ps2 textures\HAS ALPHA\bp_remade\no_mip_fixes\ui,false,true,5,remarci_4x,0,false,false,false
00075c08,06f7143e99598c7a0072814206f66ce2afba2593,07ccf624134585e806ad6ef4ef9ecdb4a04ca35f,true,ps2 textures\HAS ALPHA\bp_remade\no_mip_fixes\ui,false,true,5,remarci_4x,0,false,false,false
00078701.img,7777c4262085f18e7b806a0af25e8260b3fad0df,2beb3bc5d4dc6ddd0be315c18622539d6de1145b,true,ps2 textures\HAS ALPHA\bp_remade\no_mip_fixes\ui,false,true,5,remarci_4x,0,false,false,false
00082a90,9cf3f764af32825910016d9146bc6a9bbab3d904,f09f93ac56694270280a6ba4c5eb78af02771fd3,false,ps2 textures\opaque\bp_remade\no_mip_fixes\ui,true,false,0,none,5,true,false,false
00082b11,3971f39410a469575f9c4db1808ffae1133aaee1,5bf61008be6e0519975531475bad5330c8bd0773,false,ps2 textures\opaque\bp_remade\no_mip_fixes\ui,true,false,0,none,5,true,false,false
00084e98,d151ab05429d467b278c83135665106080f2271d,0b376302ba4247b3af264ab3dcfb82bc0d207f47,false,ps2 textures\opaque\bp_remade\no_mip_fixes\ui,true,false,0,none,5,true,false,false
00084f11,8f436f03888590caf750164da90ed1861baca492,ef2acc4428fbc7dec96a0b8d887f8f172acf5c24,false,ps2 textures\opaque\bp_remade\no_mip_fixes\ui,true,false,0,none,5,true,false,false
000855ab,798d9fa6cecac35ded0e6ab46840be0de8ba298c,5cd98ce8c3f062be6486cf6a3697cb91b75fab43,false,ps2 textures\opaque\bp_remade\no_mip_fixes\ui,true,false,0,none,5,true,false,false
00085893,fea7b7e82af16b0115a7a4883140fec259b11c6b,1037b504402bc7971e444b7069c6c7dbaabd9ce6,true,ps2 textures\HAS ALPHA\bp_remade\no_mip_fixes\ui,false,true,5,remarci_4x,0,false,false,false
00089f76,1683692a8bfaf901a088a2384f09012efe94c18e,0292e3363caab17a8928dae17f57c49fc5786cb0,false,ps2 textures\HAS ALPHA\bp_remade\no_mip_fixes\ui,false,false,0,none,5,true,false,false
0008bc87,93415343892154a3c41bd1c3fd9b09912d62432d,b5e5e20a43973474f8c568b13790121cfcca52f6,false,ps2 textures\HAS ALPHA\bp_remade\no_mip_fixes\ui,false,false,0,none,5,true,false,false
00090e7c,4c4c1615205911b88dd90ca626baa646dbde5367,bdf4665b393874098305afb0494b154448167708,true,ps2 textures\HAS ALPHA\bp_remade\no_mip_fixes\ui,false,true,5,remarci_4x,0,false,false,false
00094903,fdd74eeb10c8ff1fc01ad77eb7e3ac1a50736f1f,497d1cc3216d950c41e704bf85d0f76e033eed3e,false,ps2 textures\opaque\bp_remade\no_mip_fixes\ui,true,false,0,none,5,true,false,false
0009883c,22aab07134e3b034f05e5222184b050f3b459b56,5224000ec7f687bc9f7adc241538dc90cde55567,false,ps2 textures\opaque\bp_remade\no_mip_fixes\ui,true,false,0,none,5,true,false,false
000a0152,4877dbdb7fdb6e757d808b79032a8c936a14d4ff,f90fd6ffbfca3914022e34e19f97a1e38ad79ea9,false,ps2 textures\opaque\bp_remade\no_mip_fixes\ui,true,false,0,none,5,true,false,false
000a4397,1208b0604bee737574dcb3dcff295d9e96d6caa6,33c2ac69da57a335379fb0118e1a3bdc6df707d7,true,ps2 textures\opaque\bp_remade\no_mip_fixes\ui,true,true,5,remarci_4x,0,false,false,false
000a795f,c25d60170ab068dcbb8105d5cec2e69a57d7d86d,54e5ec2c2ba3a2ef0fb76bbf310e517b422b110b,false,ps2 textures\opaque\bp_remade\no_mip_fixes\ui,true,false,0,none,5,true,false,false
000aaff5,bcd182a032853e7d11a2d6abb1a1a1268ea4942a,ade4abe86229f3bdc30a2d484ac22dfda4ff14ab,true,ps2 textures\HAS ALPHA\bp_remade\no_mip_fixes\ui,false,true,5,remarci_4x,0,false,false,false
000ab6a2,83a26a873a3dd4593d1b60331dd2f2c3d0b0c804,f1dd78af65f3578231318405d709c394339c40df,true,ps2 textures\HAS ALPHA\bp_remade\no_mip_fixes\ui,false,true,5,remarci_4x,0,false,false,false
000ac0c1,c64c53b4021874f4f20af7c5d47e599251c964bc,fc1f0f24f7a456857d2c9dbc9dadccd739bf90a2,true,ps2 textures\opaque\bp_remade\no_mip_fixes\ui,true,true,5,remarci_4x,0,false,false,false
000ac2c8,6e47cb657f8a9b7548f6543af27890d42b742346,b73a02d223a4e15980a44f8293ec5af688c198de,true,ps2 textures\HAS ALPHA\bp_remade\no_mip_fixes\ui,false,true,5,remarci_4x,0,false,false,false
000b8842,fc514c5c99dd7875acbbcb457d46c2f513cfdcd2,3942f7c454d76cdde6c5e7598760b823b769e4e3,false,ps2 textures\opaque\bp_remade\no_mip_fixes\ui,true,false,0,none,5,true,false,false
000b957a,6d839683ca211367a6ce1652af2400bf71e91ee8,616832a18f55ec5d463c4943a219a002176496ab,false,ps2 textures\opaque\bp_remade\no_mip_fixes\ui,true,false,0,none,5,true,false,false
000b957b,36e99fedf5c3f74237524e76850a2c201c3e1431,cf406ed0f9df2b4cd266ba8e6e43dc8c33a11884,false,ps2 textures\opaque\bp_remade\no_mip_fixes\ui,true,false,0,none,5,true,false,false
000b957c,ece31fe7ac0fdf1d580a41468186e53dc4548364,cb8e35dbd812164fae69e0e24ea3b978237315ca,false,ps2 textures\opaque\bp_remade\no_mip_fixes\ui,true,false,0,none,5,true,false,false
000bac79.img,6dcb7ee9594f768273237e5609ea69552167d51b,dfe02ecadcefa469bbcbc428088296e130e23b69,true,ps2 textures\HAS ALPHA\bp_remade\no_mip_fixes\ui,false,true,5,remarci_4x,0,false,false,false
000baecd.img,a170f8945b1d6e8304394f6ad2bf7a1e08f8e292,2fdc73b8af7aa11a21dfb4c689327d53ed0ebd16,true,ps2 textures\HAS ALPHA\bp_remade\no_mip_fixes\ui,false,true,5,remarci_4x,0,false,false,false
000baff5,19045cf31d2a57844e38362c6abd30fa12105cea,656cfb63bfdff481aef608ad74efd3476faafde4,true,ps2 textures\HAS ALPHA\bp_remade\no_mip_fixes\ui,false,true,5,remarci_4x,0,false,false,false
000bfb12,e3fb47300cdb40a304dd309451dfc13312d180d2,b365878a1a97c13174cfe17761a79d648a2210eb,true,ps2 textures\HAS ALPHA\bp_remade\no_mip_fixes\ui,false,true,5,remarci_4x,0,false,false,false
000ceb01,1a3cb729538e23aa03c3e2a1b02f281d85a91b29,050a6972179cae5082ae7b34298f8b43d2300e57,false,ps2 textures\opaque\bp_remade\no_mip_fixes\ui,true,false,0,none,5,true,false,false
000cefa2,47318f4d0ec9cb24c3c21d08dac2629d4c29ebab,7c10e49f3de25690766999f0c86d1ebaea063b6a,false,ps2 textures\opaque\bp_remade\no_mip_fixes\ui,true,false,0,none,5,true,false,false
000d0167,da504e312741fbb42a351ecc860269f49f38f29d,80c8d7bbf770420f23a75610d9f64fc6daaaaea7,true,ps2 textures\HAS ALPHA\bp_remade\no_mip_fixes\ui,false,true,5,remarci_4x,0,false,false,false
000d1404,b58bf83b987468d6701654406d5cc612bf28481a,88f33c8e71406e08a313b41c2921487e191d665f,false,ps2 textures\opaque\bp_remade\no_mip_fixes\ui,true,false,0,none,5,true,false,false
000d482b,8361b9811334384200119fe88fed0813c8bf3f2d,1d4c43f3c53e70d2803817a0b28edbd504f62166,false,ps2 textures\opaque\bp_remade\no_mip_fixes\ui,true,false,0,none,5,true,false,false
000d6f06,db69259f94372e8d82dee0c0918a34d4d7a917e8,5e56c82c92011d5b846f7b961bd4666b1c0591cf,true,ps2 textures\HAS ALPHA\bp_remade\no_mip_fixes\ui,false,true,5,remarci_4x,0,false,false,false
000dbebc,78f01c7bae69c676f5aff8eed1100daf1570bf2d,9a4fd4cb6560b7c0f033c3344ed639a589281500,true,ps2 textures\opaque\bp_remade\no_mip_fixes\ui,true,true,5,remarci_4x,0,false,false,false
000e1f3a,67d0e6c99337aeaec033991969010281cba1c48d,5a58efbde82221880baad478377dadb5b072358a,false,ps2 textures\opaque\bp_remade\no_mip_fixes\ui,true,false,0,none,5,true,false,false
000eab46,b86e0be6ef022c33fdae809f26be4e27d95dc2ea,6749523d77b76437246df6f75a043c7685eca91f,true,ps2 textures\HAS ALPHA\bp_remade\no_mip_fixes\ui,false,true,5,remarci_4x,0,false,false,false
000ecbfd.img,4983ab81344d32dc1493cac78f91e45026c8fca6,b1b266097d60694fba051a2726b217f6ccf90982,true,ps2 textures\HAS ALPHA\bp_remade\no_mip_fixes\ui,false,true,5,remarci_4x,0,false,false,false
000ef413,cc4086ce85bde114fdd2a2c84fc4b6cd78810267,4009a6046b0b48baead5a8b3e06da78bbb9f2983,true,ps2 textures\HAS ALPHA\bp_remade\no_mip_fixes\ui,false,true,5,remarci_4x,0,false,false,false
000efe46,cd5e7a69ce9eb1d2bab77a05b01a8b3b7664721f,a012b025198c5faf5c7207497658806c5b7ed368,true,ps2 textures\HAS ALPHA\bp_remade\no_mip_fixes\ui,false,true,5,remarci_4x,0,false,false,false
0010363e,8b1f0db9ace323fdb6437599e645ead2c4a18bc7,647543f61ef472c822667e94263a694632a6c496,true,ps2 textures\opaque\bp_remade\no_mip_fixes\ui,true,true,5,remarci_4x,0,false,false,false
00104da1.img,1960242c75299d6b91fac98228ee0d8143d7cd22,e7509fb5fd5a3b4ef8faecb872a48b53675ad156,true,ps2 textures\HAS ALPHA\bp_remade\no_mip_fixes\ui,false,true,5,remarci_4x,0,false,false,false
0010b399,7600769edb4769ee3ec69522d76d1fa146d01da6,ad12b8f9a9e6a4b044e6325912358dbb0e8b87c4,true,ps2 textures\HAS ALPHA\bp_remade\no_mip_fixes\ui,false,true,5,remarci_4x,0,false,false,false
0010eab5.img,ce49f90983c0f7637d95815c14a2c152bff7566f,4ef74b3795de316b9ebba0088046e3c6f39e2855,true,ps2 textures\HAS ALPHA\bp_remade\no_mip_fixes\ui,false,true,5,remarci_4x,0,false,false,false
00113632,74a7de6b6096f648678165392c8446ff2529c7aa,66f7847ae587e29f521c11b8070a305b35ffab04,true,ps2 textures\opaque\bp_remade\no_mip_fixes\ui,true,true,5,remarci_4x,0,false,false,false
0011366c,bc338336494b623b18eb51ba13744d2e337a7df4,961ece9e033f3f9115dc4649f5acf6a2b99dd760,true,ps2 textures\opaque\bp_remade\no_mip_fixes\ui,true,true,5,remarci_4x,0,false,false,false
00114c3b,a6a2489fed46d3c0de53f0c84c129d259a82cbab,729630e595b36e680657048d2f5c6e4cb8b1e5ef,true,ps2 textures\HAS ALPHA\bp_remade\no_mip_fixes\ui,false,true,5,remarci_4x,0,false,false,false
00115e54,6ea18fba1ed42bae776725323e5677a7cbff39ad,d7cfa0d7bfe72eae6044c0ae14279b50b2b4c89b,false,ps2 textures\opaque\bp_remade\no_mip_fixes\ui,true,false,0,none,5,true,false,false
001184f1,b854da1d8de31b773495079ed8f1e3b23966f89f,b87707cde291aaa7a4c816d153117e5713510f19,true,ps2 textures\HAS ALPHA\bp_remade\no_mip_fixes\ui,false,true,5,remarci_4x,0,false,false,false
0011b5d7,a6220ebb4a7569313b1f1170229ab156b5a7e237,f946bfc17eb51e6b8ea2add8358168f7fd10bbbe,true,ps2 textures\HAS ALPHA\bp_remade\no_mip_fixes\ui,false,true,5,remarci_4x,0,false,false,false
0011b626,b8a9136d1e632d0fd84b51cd80e92ccdd4d5b60d,5cb3c95e98fcb10a72b0806743eaf413bbb14551,true,ps2 textures\HAS ALPHA\bp_remade\no_mip_fixes\ui,false,true,5,remarci_4x,0,false,false,false
00123b67,32b9a97eec5f9ac849b4bbdcd07e38477bd8fe88,338571fe719c306f11ab0c68a2c9b1348f0f06e6,true,ps2 textures\HAS ALPHA\bp_remade\no_mip_fixes\ui,false,true,5,remarci_4x,0,false,false,false
001248b2,ec6d6047be823bed67337c330e2f830e46daaec8,489e1ae010c32cab9d713e617e80e0602a417322,false,ps2 textures\HAS ALPHA\bp_remade\no_mip_fixes\ui,false,false,0,none,5,true,false,false
001260c2,538cdfe1d5e40a4deb1820c4c4f85307fcc54ea8,a4c9f53dac51f94895316a259207656c20589855,true,ps2 textures\HAS ALPHA\bp_remade\no_mip_fixes\ui,false,true,5,remarci_4x,0,false,false,false
001292a2,3447e01222e54a68dd41b5d83c9af73c722e693d,455c98af543b76221769a8737e48678dd002392c,true,ps2 textures\HAS ALPHA\bp_remade\no_mip_fixes\ui,false,true,5,remarci_4x,0,false,false,false
0012a3f2,421ad348c82d99963037f0bcfdd119c02437666b,c0c8603232936ebcaa022a53cd1aef7825a1585e,true,ps2 textures\HAS ALPHA\bp_remade\no_mip_fixes\ui,false,true,5,remarci_4x,0,false,false,false
0012a655,d35b90536f57c5a29332d98d7c63d7cd543ca279,d8b94ca0a8add71fd776b5202fd230ea765e045a,true,ps2 textures\HAS ALPHA\bp_remade\no_mip_fixes\ui,false,true,5,remarci_4x,0,false,false,false
0012b5d7,d06dc6eb3b280e8e25678841be3f8284abfeb2e9,0ff985e0592ee2430a23567006d805a8ead433d3,true,ps2 textures\HAS ALPHA\bp_remade\no_mip_fixes\ui,false,true,5,remarci_4x,0,false,false,false
0012b626,8e9fea8b20671973689662d825fbe48bcc11775b,2af268d85386551c785e6f6667afb76bef125c3b,true,ps2 textures\HAS ALPHA\bp_remade\no_mip_fixes\ui,false,true,5,remarci_4x,0,false,false,false
00135a88,31b3b35c76f10879b0a8569301fac594df20fe49,67280753b13061ebbf48e246c5fc93c9d29c9aa6,true,ps2 textures\HAS ALPHA\bp_remade\no_mip_fixes\ui,false,true,5,remarci_4x,0,false,false,false
0013709b,13a674c85310a96d7cd35feac483157ef2cf8322,63f10288ca8bc3f1602ab650ddbf00bdc7e4f325,true,ps2 textures\HAS ALPHA\bp_remade\no_mip_fixes\ui,false,true,5,remarci_4x,0,false,false,false
0013def6.img,59b4df8de7ddaf689a4635c280c3e8f3434863eb,2abd1c9ad22b89bcb493583d7d08d1a0bbfe1a8e,true,ps2 textures\HAS ALPHA\bp_remade\no_mip_fixes\ui,false,true,5,remarci_4x,0,false,false,false
00141e76,af39aba59db4d86ebfd38408523be94f8c52068f,b34a35f652fb1238d663d5c7ac5a5ab55ca28a32,true,ps2 textures\opaque\bp_remade\no_mip_fixes\ui,true,true,5,remarci_4x,0,false,false,false
001446c3,d7ca6523ce802d9d92a2ba008b729002d1da4916,dd8238b0af8aaeabf6baeff36562a736457c1664,false,ps2 textures\opaque\bp_remade\no_mip_fixes\ui,true,false,0,none,5,true,false,false
0014b46f,b931ca06c45131a014bbfb54d86f04fface59051,1ea0c059eaa230c495b7b9fed496ac17ad9a0f8b,false,ps2 textures\HAS ALPHA\bp_remade\no_mip_fixes\ui,false,false,0,none,5,true,false,false
00154e27,dd01d65f4891bb8faed883995c566433db29c394,d5194c5b1b2be1230d5955933185d5291e6a71d8,true,ps2 textures\HAS ALPHA\bp_remade\no_mip_fixes\ui,false,true,5,remarci_4x,0,false,false,false
00154e2b,03c1dc8ffaadc619c5d6acf095c685724f4982ac,360ceb58f61bbcc3c871ad415c8f9fe63731b1b6,true,ps2 textures\HAS ALPHA\bp_remade\no_mip_fixes\ui,false,true,5,remarci_4x,0,false,false,false
00154e2f,8c639367f573d4af674ad9e86ecba553294d4cb1,56a74bdc7e3fc7571f74ab4732475305e69dd458,true,ps2 textures\HAS ALPHA\bp_remade\no_mip_fixes\ui,false,true,5,remarci_4x,0,false,false,false
00155d88,1b806b4c10046c56ba05d6658f0ff06c2e3e6b46,09b6637f349e0a79ceb06483dd575cd50d56f9a9,true,ps2 textures\HAS ALPHA\bp_remade\no_mip_fixes\ui,false,true,5,remarci_4x,0,false,false,false
0015cada,668b6c1b155c9e4f6b533ebc782ad12bdcb63784,2fbf48096a8e4e659f4af7ded78bd2103db88894,false,ps2 textures\opaque\bp_remade\no_mip_fixes\ui,true,false,0,none,5,true,false,false
00163d74,9953d70ad52d4e66c2dbc448e09e2b9ce7bf00cb,708e747813f08bbb2f03672943a6b6c22663e081,true,ps2 textures\HAS ALPHA\bp_remade\no_mip_fixes\ui,false,true,5,remarci_4x,0,false,false,false
00163fb5,5f984199f3112600d8947c7e6fc16d73da415de8,f85dd4c0173cab90053bf1f4b7ef7ce1ee71f9b1,true,ps2 textures\HAS ALPHA\bp_remade\no_mip_fixes\ui,false,true,5,remarci_4x,0,false,false,false
0016829d.img,9d9234adc25be197558057cfc97b18c769443be3,8060fbc3497febdc09e8875127542e92b748955c,true,ps2 textures\HAS ALPHA\bp_remade\no_mip_fixes\ui,false,true,5,remarci_4x,0,false,false,false
00168752,16680637f19c575e976258a6eb5dfe10339ceb38,a1bdf79aac30f06bfeb82b5576cc45db44ee21b5,false,ps2 textures\HAS ALPHA\bp_remade\no_mip_fixes\ui,false,false,0,none,5,true,false,false
0016ae13.img,3fc92a88219a711bcdc4295c1159c73a1d835d32,80473286a1e93e9f61fb3fe6305dc5349f30d5b9,true,ps2 textures\HAS ALPHA\bp_remade\no_mip_fixes\ui,false,true,5,remarci_4x,0,false,false,false
0016df98,e933df76587dd50766388e00180a980cc66da8fc,845ef0a09ceab1dde4b174b55a3f2b04550d89bb,true,ps2 textures\HAS ALPHA\bp_remade\no_mip_fixes\ui,false,true,5,remarci_4x,0,false,false,false
00171f0a,ad273960b6fbc2a386c068e1816322a640b9207e,ce9748eaf9d8362e911c155845c5c780fdb01850,false,ps2 textures\opaque\bp_remade\no_mip_fixes\ui,true,false,0,none,5,true,false,false
00178752,b1c9f9876d4020b5bb7b4a8480198898e860aa7e,ce9b5672587c0b8b777065fc538b9acbfb42b2a0,true,ps2 textures\HAS ALPHA\bp_remade\no_mip_fixes\ui,false,true,5,remarci_4x,0,false,false,false
00184159,e3643f84eff46e9895975ef0f0dd4194e5a9063e,728947fd36f36e3c32059122f664557b2fe768e2,true,ps2 textures\opaque\bp_remade\no_mip_fixes\ui,true,true,5,remarci_4x,0,false,false,false
00186029,3c69ead625f920f773e69bca9d25e268828c0848,7d5ae9a7a98e2f2744d6866ea35dc395525109fb,false,ps2 textures\HAS ALPHA\bp_remade\no_mip_fixes\ui,false,false,0,none,5,true,false,false
0018c06c,b193566a0107849e1a629a3e6a31ea331d2314a9,bba6c28341cc5cd75f6532fcabb0eee48fd5a3c8,false,ps2 textures\opaque\bp_remade\no_mip_fixes\ui,true,false,0,none,5,true,false,false
0018c9cf.img,e16ad8533cc876f03c8b462d9f33e4500959cac3,fd857872110b9d37d7cee8d69db726bf4a9fa080,false,ps2 textures\HAS ALPHA\bp_remade\no_mip_fixes\ui,false,false,0,none,5,true,false,false
0018c9d7.img,f2a094360165ee450a8ab3f1c421df320f5ac01c,90f09836a3fa9bae1cd56c816ce2cbaf753dd7bd,false,ps2 textures\HAS ALPHA\bp_remade\no_mip_fixes\ui,false,false,0,none,5,true,false,false
0018c9db.img,ebe7e4619c36c2acdfc74ad2031c26f79b89d80b,8e5961cad6fdd6f183f627d0f98096def26de938,false,ps2 textures\HAS ALPHA\bp_remade\no_mip_fixes\ui,false,false,0,none,5,true,false,false
0018c9df.img,9663d240a3291ee0a2f2a8285d576d9786231f77,d2936506200d6342a8ec805b9478bb0c3f0e0911,false,ps2 textures\HAS ALPHA\bp_remade\no_mip_fixes\ui,false,false,0,none,5,true,false,false
0018c9e3.img,4d0552d79d745059036327941ed501e68285745a,9e31e8f702fdd07542b084c3f1d38504a6faa2b4,false,ps2 textures\HAS ALPHA\bp_remade\no_mip_fixes\ui,false,false,0,none,5,true,false,false
0018c9e7.img,cc0edcf4de60f988e7202fed0b31cde8e1422da9,bd53d72fb9feba2dbaa9b8e2b8d8491db05b9f4d,false,ps2 textures\HAS ALPHA\bp_remade\no_mip_fixes\ui,false,false,0,none,5,true,false,false
0018c9eb.img,7303f8a1be946a2da0e57b151ee3a6ef2c099b7c,2034da21d4b6240ed551ef803f2fb41d516c89c8,false,ps2 textures\HAS ALPHA\bp_remade\no_mip_fixes\ui,false,false,0,none,5,true,false,false
0018c9ef.img,851865e63ddcac28d79e6d6825db5097280c9105,8211e13a3328fa2eca8fc521f200105974d82b66,false,ps2 textures\HAS ALPHA\bp_remade\no_mip_fixes\ui,false,false,0,none,5,true,false,false
0018c9f3.img,656a0b561d0f2fc4101d28478a38ac73691116ef,ab7876f1edffe8e54271b27ba199ba7115ccb1f3,false,ps2 textures\HAS ALPHA\bp_remade\no_mip_fixes\ui,false,false,0,none,5,true,false,false
0018ca4f.img,aed1bc6092061bf6b668217cdf90f2e7ff6d102d,d8ebf41f7812d59501e895c3ad5ed90c496ee0a1,false,ps2 textures\HAS ALPHA\bp_remade\no_mip_fixes\ui,false,false,0,none,5,true,false,false
0018ca53.img,689178c3944e062d7a46dcbab2134f9f83e16a10,088f8b3c65f1d6b7a67b0d8f1a4d153ebd8624cf,false,ps2 textures\HAS ALPHA\bp_remade\no_mip_fixes\ui,false,false,0,none,5,true,false,false
0018ca57.img,ea1e3e24c549d6d72819b28eed77fd3ad3d5fcf1,e3a6ae07dd98bd071c8e39faf39c9fb8c4d38d15,false,ps2 textures\HAS ALPHA\bp_remade\no_mip_fixes\ui,false,false,0,none,5,true,false,false
0018ca63.img,30b4e739d12abf0cbdebdf0bcb3fd8ce866ee6c7,03b1c2c38718201fd453c3e278274622745fa961,false,ps2 textures\HAS ALPHA\bp_remade\no_mip_fixes\ui,false,false,0,none,5,true,false,false
0018ca67.img,536f6b082e13faed869d6adad01f0d1d1edfcdfc,7027fe59ca572970b7f41033ec73b8a1a8f25b28,false,ps2 textures\HAS ALPHA\bp_remade\no_mip_fixes\ui,false,false,0,none,5,true,false,false
0018ca6b.img,914d05f2d5ec4145d1f81885a32a16818e3cae73,e9a8ca8e47890ec5b01c59eb2eba829d4336e82b,false,ps2 textures\HAS ALPHA\bp_remade\no_mip_fixes\ui,false,false,0,none,5,true,false,false
0018ca6f.img,8242115a00d53a113bdd62d65c74a2c84f4717ad,9946120e4dd01b0c333236be34e297290dce4cdb,false,ps2 textures\HAS ALPHA\bp_remade\no_mip_fixes\ui,false,false,0,none,5,true,false,false
0018ca73.img,25e97b1a50e2f5ec0f51baf3ccf0c7ff19802739,4a2fca0b991743d09a21290b68d73b9e18705cdf,false,ps2 textures\HAS ALPHA\bp_remade\no_mip_fixes\ui,false,false,0,none,5,true,false,false
0018cacf.img,c1b3e60bf9adfb9cf0bd3f1cc91e219717dee34c,47c4645682d688789cd6fb1df7c89d766ed9b1f9,false,ps2 textures\HAS ALPHA\bp_remade\no_mip_fixes\ui,false,false,0,none,5,true,false,false
0018cad3.img,7dbc50c568180db7ba9b22ba2d9a53f3185dc1bf,d92363ffb6e1f2c49982a0ab9b6e806f712afa36,false,ps2 textures\HAS ALPHA\bp_remade\no_mip_fixes\ui,false,false,0,none,5,true,false,false
0018e2e5,536eca0745cfef2545597dc8fb6455d3c8fe8791,2527b069fb8852b553a57928e0a6baece938f0bc,true,ps2 textures\HAS ALPHA\bp_remade\no_mip_fixes\ui,false,true,5,remarci_4x,0,false,false,false
00194261,53a33b1a797651082a500d3785ec5bafb0c3d160,1482e1f089d65c9e2a9524ac78cee5b35e4f68ee,true,ps2 textures\HAS ALPHA\bp_remade\no_mip_fixes\ui,false,true,5,remarci_4x,0,false,false,false
00195db5,b0b4879ecffdf644c09ad70104ea73ceb2d2aadb,cf735bffc5a1c728c1a86b71a89f9fda705e97f7,true,ps2 textures\HAS ALPHA\bp_remade\no_mip_fixes\ui,false,true,5,remarci_4x,0,false,false,false
0019800b,b31a15d39319e9428c7ae37eab2848a1900a0d2a,bc634be97bf7fe61501e0a8c09c6d76c0c93e3d5,true,ps2 textures\HAS ALPHA\bp_remade\no_mip_fixes\ui,false,true,5,remarci_4x,0,false,false,false
001a1821,f0d9d8d3f7534984b1d3a8c52ed4f12974a526a7,b159e22516489ab2d7ee8fc042aea51c9f524b8a,true,ps2 textures\HAS ALPHA\bp_remade\no_mip_fixes\ui,false,true,5,remarci_4x,0,false,false,false
001a72b5,07d03e7ddf297ac64d51587dd0918c52b88a51af,9fa5e71fd6fe35da0b6420a467206f1fecbd4a1b,true,ps2 textures\HAS ALPHA\bp_remade\no_mip_fixes\ui,false,true,5,remarci_4x,0,false,false,false
001a9cc0.img,c930bdf997faa3c6ea99960ae91919c2ee76f354,2fc5e4f8d8fa1148b5c8b2b58093a4401ea3f825,true,ps2 textures\HAS ALPHA\bp_remade\no_mip_fixes\ui,false,true,5,remarci_4x,0,false,false,false
001b1537,80b122ffb15cb194186827f38e488ec43cb6ca9e,bcc0f78654524bef40e2fc5fb76bc066fefdba36,false,ps2 textures\opaque\bp_remade\no_mip_fixes\ui,true,false,0,none,5,true,false,false
001b154f,794837c9021d4a3618fdac3399fb68d987cb24d2,808e1425fd51e2f87496d9abbe49701f724c235e,false,ps2 textures\opaque\bp_remade\no_mip_fixes\ui,true,false,0,none,5,true,false,false
001b43b4,b24a461ae39aeb32af1ea72f578f5bfe5187b756,1415d7363908540a6c8216276aa5f893049a328b,true,ps2 textures\opaque\bp_remade\no_mip_fixes\ui,true,true,5,remarci_4x,0,false,false,false
001b4bd8,1937ef3583806bb021161338d229a3482d7711c6,fa30f57fc7144678675f459ee8c195101876747c,true,ps2 textures\opaque\bp_remade\no_mip_fixes\ui,true,true,5,remarci_4x,0,false,false,false
001b662b,b1df749201d62c0709d003853343914e48e3db13,74b5912acfdf85b45ab2dc968d90fb8fe0e662e0,true,ps2 textures\HAS ALPHA\bp_remade\no_mip_fixes\ui,false,true,5,remarci_4x,0,false,false,false
001b72f7,2717255aabeef4bd222e4100b276975043c5f2ff,e6dffb223f8e4de6dcd9d4da969739c6d12c2eac,true,ps2 textures\HAS ALPHA\bp_remade\no_mip_fixes\ui,false,true,5,remarci_4x,0,false,false,false
001ba28f.img,7ac6ebcec205b0126cab68b053e0dd73688302af,e537c0cf072b584d50a4246e73476f549aec35eb,true,ps2 textures\HAS ALPHA\bp_remade\no_mip_fixes\ui,false,true,5,remarci_4x,0,false,false,false
001ba4d8,ab1604733f7824c71a6c8381583e07c32d65cb53,f58303badc3a93e41c794a1037629b9714afbbe1,false,ps2 textures\opaque\bp_remade\no_mip_fixes\ui,true,false,0,none,5,true,false,false
001bb938,052d9a7fd022d5e31f99c3d2199ef2d5a7eedd18,52f84cb28477186f6e5db39eaf5c4a33c7ad04e2,false,ps2 textures\opaque\bp_remade\no_mip_fixes\ui,true,false,0,none,5,true,false,false
001bd7be,4b6bee308de9a9a23f5da0266b94865596bc5b96,9255ee5a567b35a451657bb604c41847b9a11dfc,true,ps2 textures\HAS ALPHA\bp_remade\no_mip_fixes\ui,false,true,5,remarci_4x,0,false,false,false
001be510,8be02535ed28cbcf17540700880d5e1f13ec80f7,3f19599e8ce3190aa2ecb93df16c32e2cb02c393,true,ps2 textures\HAS ALPHA\bp_remade\no_mip_fixes\ui,false,true,5,remarci_4x,0,false,false,false
001bf8ec,78d94a695b824c1c4537834253299ae8d551a313,eaaec418cbdcecbd857bb725c40b3ad908e4e6c0,false,ps2 textures\HAS ALPHA\bp_remade\no_mip_fixes\ui,false,false,0,none,5,true,false,false
001bf8ed,f1acc7c4db9ef0ca2e56eec09bc6878f5e342b04,be4fbd350bfeef88107aec27ecd3e49faeb59bb1,false,ps2 textures\HAS ALPHA\bp_remade\no_mip_fixes\ui,false,false,0,none,5,true,false,false
001bf8fc,157d203c433bc633c5e52af343f5dbbae83b7c4e,e412038f49164e115daca38da162814dcb45c27a,false,ps2 textures\HAS ALPHA\bp_remade\no_mip_fixes\ui,false,false,0,none,5,true,false,false
001bf904,0230a0bca62d1773526546dda505234777f82c23,2d457944efd1ae4fbac9a653c241d710298accc0,false,ps2 textures\HAS ALPHA\bp_remade\no_mip_fixes\ui,false,false,0,none,5,true,false,false
001bf90c,e68a31efbdd8b8ac893b0c03065a4c26324c0a9c,dcf808982b6bf7164cce5a93d146886ffda4a550,false,ps2 textures\HAS ALPHA\bp_remade\no_mip_fixes\ui,false,false,0,none,5,true,false,false
001bf90d,5469cae07f94fa0b62e6ae9e0539edc02d55e440,2c53fc10e72065f3dfe299632567026afa85f3a8,false,ps2 textures\HAS ALPHA\bp_remade\no_mip_fixes\ui,false,false,0,none,5,true,false,false
001bf914,ee3b884802c1d741a512c389f9b8b4ddf81689e0,5af60fdb92b010f2bb5193be0cad5634762e5c3b,false,ps2 textures\HAS ALPHA\bp_remade\no_mip_fixes\ui,false,false,0,none,5,true,false,false
001bf91c,e3c05b368fa3ccd3a8137b26385e3587ab1a4c8e,e306ae01b2efe9bef87c669df70e87811ab2cbbf,false,ps2 textures\HAS ALPHA\bp_remade\no_mip_fixes\ui,false,false,0,none,5,true,false,false
001bf91d,0d62524ab2642e4b63b49d4318c4f8979ba737d5,f7bcf40e0ea200efd855a7dfcb9189f1c2b8fb47,false,ps2 textures\HAS ALPHA\bp_remade\no_mip_fixes\ui,false,false,0,none,5,true,false,false
001bf924,1ee51178d66f29b9d201f768016b471026f85d48,d6b1f3ca6e03dd412602765d7fe8cd0c3b77e2d9,false,ps2 textures\HAS ALPHA\bp_remade\no_mip_fixes\ui,false,false,0,none,5,true,false,false
001bf92c,87a608a9f50accf4668622c132336a2210dbf1a7,8a73b20fd9939af686ade25ec9a0e784d89cd33c,false,ps2 textures\HAS ALPHA\bp_remade\no_mip_fixes\ui,false,false,0,none,5,true,false,false
001bfa14,4cb5486552577b3d781df8c42da62bf359a5c797,01aff5b5552542234aa77d1f34ac4510128a1777,false,ps2 textures\HAS ALPHA\bp_remade\no_mip_fixes\ui,false,false,0,none,5,true,false,false
001bfa24,fff7c52723f534ebf3df8d44af79b2f1aac85273,8e9b6eaa27c4cb1bf25035a3401441d6583a81e7,false,ps2 textures\HAS ALPHA\bp_remade\no_mip_fixes\ui,false,false,0,none,5,true,false,false
001bfa34,e53e2afb97e0d07269bb4110ce58788f514ff18c,9705dedf147fe261f7074f470d2619d43ed14e41,false,ps2 textures\HAS ALPHA\bp_remade\no_mip_fixes\ui,false,false,0,none,5,true,false,false
001bfaec,2d417b4f7c6a9cc114183d73beb886fcef543c40,f5a68a5bb41044bb132430ffb6d4d4f8c55117ec,false,ps2 textures\HAS ALPHA\bp_remade\no_mip_fixes\ui,false,false,0,none,5,true,false,false
001c16c9,9d24ceb35aabd5ce1d204fbcc5393d68e4e1c6f2,3cb19a9e47575815410fbe8e17c6cde4e61b210c,false,ps2 textures\opaque\bp_remade\no_mip_fixes\ui,true,false,0,none,5,true,false,false
001c4bcb,485a32849bb189ea5fd7a0478dfaaf9d9f074f57,fb299da7ffa4a2ff3a229c1754e590bf0798b95e,true,ps2 textures\HAS ALPHA\bp_remade\no_mip_fixes\ui,false,true,5,remarci_4x,0,false,false,false
001c4bcb_893ec4e5e61202730c82f3c3dc3306f1,6e585f5450f273dd6a57fffaec66375a2e1411bf,82cc23521b6770b62dbec9f4b4e53e55ef3cb67d,true,ps2 textures\HAS ALPHA\bp_remade\no_mip_fixes\ui,false,true,5,remarci_4x,0,false,false,false
001c886c,c5076c86061b59752d660ace40604b15d9649a5d,078a2be0cbb385fa635db29ea745d2d0e4740fbb,true,ps2 textures\HAS ALPHA\bp_remade\no_mip_fixes\ui,false,true,5,remarci_4x,0,false,false,false
001c8f27.img,56afc29d44c19824e3caa96785f647d8722eb4be,7d0c82f74e7d750f1bbd54a8bc26e91a75de661b,true,ps2 textures\HAS ALPHA\bp_remade\no_mip_fixes\ui,false,true,5,remarci_4x,0,false,false,false
001cee1b,9e81b139b8df6a00b1d2ded2eadca64199463b30,d1e6a40c4c881675862aeaa4e9722cf1c48cb188,true,ps2 textures\HAS ALPHA\bp_remade\no_mip_fixes\ui,false,true,5,remarci_4x,0,false,false,false
001d2980,d0cdaf92f185380f9852f7997ff15e9b18acb9da,c46d879c86094cdc7d775b6311436328c2f9362b,true,ps2 textures\HAS ALPHA\bp_remade\no_mip_fixes\ui,false,true,5,remarci_4x,0,false,false,false
001d5893,c964c82dc76812b73ed3e882a57f30d90434c8dc,49606ff5cfc9dbe58760ea1f92b47b81c6a0fff1,true,ps2 textures\HAS ALPHA\bp_remade\no_mip_fixes\ui,false,true,5,remarci_4x,0,false,false,false
001dcfc8,c7bfc9c0f8379cc63bc67e9337b36a0c0ccfd68a,75126c4049d7ccddd9d9e5db61cb2c1105ee9cf6,true,ps2 textures\HAS ALPHA\bp_remade\no_mip_fixes\ui,false,true,5,remarci_4x,0,false,false,false
001e4234,f8c9eb142187c3e604fe9c973aecaa4b1f665667,439187292ccf1a62d692409e61f99febc8ef881f,true,ps2 textures\opaque\bp_remade\no_mip_fixes\ui,true,true,5,remarci_4x,0,false,false,false
001e4ad2,6d6b27b2cfc57863c771d3cf7d719a8d83fbdef6,f2c4e23e309411ee0e1b7c33c4c007afbb5e35d8,false,ps2 textures\opaque\bp_remade\no_mip_fixes\ui,true,false,0,none,5,true,false,false
001e7a1d,9de20454e52f5016c9c168dbe7bc31133e7358ec,dd1012142f52fce87143c8a21252e13e1872c6a4,true,ps2 textures\HAS ALPHA\bp_remade\no_mip_fixes\ui,false,true,5,remarci_4x,0,false,false,false
001eaab3,8b488c5b44dc69d464b830c81e3e421bd9ff1c55,7cf9f7bb2d2514fd9ec908f21767ce0dd4bce5a5,true,ps2 textures\HAS ALPHA\bp_remade\no_mip_fixes\ui,false,true,5,remarci_4x,0,false,false,false
001f57a8,ab40459a112467aa3ccbd5f26ca0725a740fbee8,68ed10989b2c851d1f6110d814b098b2123223c5,false,ps2 textures\opaque\bp_remade\no_mip_fixes\ui,true,false,0,none,5,true,false,false
001fcbdf,4bca3157b552bf83ca7cd67908e40565af5e4dd1,23b5f15385ca5b2179e91407ebdcf235a5f8ab3d,true,ps2 textures\HAS ALPHA\bp_remade\no_mip_fixes\ui,false,true,5,remarci_4x,0,false,false,false
001fd043,317ffc588e7d6f97c94f4ee1ebb096329dd141ac,1133cad48ee8c73887ac0878c40c5a63faf59f94,true,ps2 textures\HAS ALPHA\bp_remade\no_mip_fixes\ui,false,true,5,remarci_4x,0,false,false,false
001fd043_cf6f6ffd8dfa5a03e150da0f1347fc82,5f8b7220c1fe612e5ba138b4d5d3c91f589e8b42,b1711eb962db86d81f9eda5725f1c3ade726ea5b,true,ps2 textures\HAS ALPHA\bp_remade\no_mip_fixes\ui,false,true,5,remarci_4x,0,false,false,false
001fd51a,5542107094ce424d436f03801785eebc519bee83,4f8b7469f0ce13e1c3367053e2a0718b1241eee4,false,ps2 textures\opaque\bp_remade\no_mip_fixes\ui,true,false,0,none,5,true,false,false
00200126,38112d1cdbc74a2c4621e6e405435db097edcea2,051db990c213e0eca0d6e1a06c3c3e32633e36a6,true,ps2 textures\HAS ALPHA\bp_remade\no_mip_fixes\ui,false,true,5,remarci_4x,0,false,false,false
002006f0,ec5d44a9d5f3702c54031a31025e8a627eebcab1,34b5e1ed3a7a2c1609b79b87e4b684b3cfc36ce7,false,ps2 textures\opaque\bp_remade\no_mip_fixes\ui,true,false,0,none,5,true,false,false
002043af,38d6f59aa83992c169d0028dfd67290db74d2dae,3e53e59f4d55f2e2165350f59d1454a67c818870,true,ps2 textures\opaque\bp_remade\no_mip_fixes\ui,true,true,5,remarci_4x,0,false,false,false
0020a9c7,e3bf37812a490a50c6d8424aaf3bc6ec58164e1e,e206db73ffe8513c33d115455a282b118bbff7ef,true,ps2 textures\HAS ALPHA\bp_remade\no_mip_fixes\ui,false,true,5,remarci_4x,0,false,false,false
0020c1dc,a97a10bcb2fd500a31fa52bb6962bc9bee7d83f2,21a9fb66d27f3340ea8295b9127094c5513f4654,false,ps2 textures\HAS ALPHA\bp_remade\no_mip_fixes\ui,false,false,0,none,5,true,false,false
0020e365.img,99bfd7db61a5701ed7f81fda71082620e2842bf2,f7977641433c5b6477de9e282a9b4effd9a2a734,true,ps2 textures\HAS ALPHA\bp_remade\no_mip_fixes\ui,false,true,5,remarci_4x,0,false,false,false
0020fc38,b7ff8c38ad348aefc88b3aa047c52ee61e3a354f,3ca9cec5fbba0416578edc90e622c16ead3c2bf1,false,ps2 textures\opaque\bp_remade\no_mip_fixes\ui,true,false,0,none,5,true,false,false
0021435e,5caac777e6a0bd03d5a45bfc74555e82750ba110,d381e87715cbe8ee2897ac21e9daa9459a32ef10,true,ps2 textures\HAS ALPHA\bp_remade\no_mip_fixes\ui,false,true,5,remarci_4x,0,false,false,false
00214362,d9f03a9ce515cf8119835e74309a7c6c3cccb757,1d508c47752d4045f04ced6ca8d938d1d8fdcd5a,true,ps2 textures\HAS ALPHA\bp_remade\no_mip_fixes\ui,false,true,5,remarci_4x,0,false,false,false
00214366,5f0fdc975461460cc7c736191a4c0a4e7cec4934,e878b2fd244ad183fd6735638b355e03c89b27dd,true,ps2 textures\HAS ALPHA\bp_remade\no_mip_fixes\ui,false,true,5,remarci_4x,0,false,false,false
00215d88,a4513d8924382ad3ac1ce4be60500f27f122d0f2,17a30c3aca7f32c1e746f7ce5199bf8585645d76,true,ps2 textures\HAS ALPHA\bp_remade\no_mip_fixes\ui,false,true,5,remarci_4x,0,false,false,false
0021c067,05b309ea8c3ddbd95ed94d11c51a830ecb3d6ac3,dd26ae821c37f79d8176a6dac6f8ad1c2660025c,false,ps2 textures\HAS ALPHA\bp_remade\no_mip_fixes\ui,false,false,0,none,5,true,false,false
0021e658,0f39455bd02ce5c0ab2008a077d3b09923816c80,0d2efc5d6c3999c0a1bfa2bbd409b1c63ae6d87c,false,ps2 textures\HAS ALPHA\bp_remade\no_mip_fixes\ui,false,false,0,none,5,true,false,false
002224c5,0a14058c9a8ca90d39515f44fd68995f92a76799,3bf23189ec2da71a78c5f018ad85fafd7ecf71de,true,ps2 textures\HAS ALPHA\bp_remade\no_mip_fixes\ui,false,true,5,remarci_4x,0,false,false,false
00229c1c,cbccef55bb756d59af04a915b7773c599f0ced82,b360697e9581c14e1e47b52eceabb274e8ef3056,true,ps2 textures\HAS ALPHA\bp_remade\no_mip_fixes\ui,false,true,5,remarci_4x,0,false,false,false
0022c1bb,4cf2578b36b516a1f2bb9a565f2e452388ed42b6,8f4c07034ba2a4fb19843c5805712d9f5fb9f144,true,ps2 textures\HAS ALPHA\bp_remade\no_mip_fixes\ui,false,true,5,remarci_4x,0,false,false,false
0022deda,af34709046b051ec150191d063c7804d030ec125,ea1f2f4484b2b821592f19cd10bd9282d149ceba,false,ps2 textures\opaque\bp_remade\no_mip_fixes\ui,true,false,0,none,5,true,false,false
002323d4,ae953c5892ac0f1fb58c65065890501effc1f034,6b33fed294f4c1ecbc8b10aa171b1788750febfc,true,ps2 textures\HAS ALPHA\bp_remade\no_mip_fixes\ui,false,true,5,remarci_4x,0,false,false,false
002343af,2acb965adabf4950b2c7166d313fa0211dd1ef05,a24ed80dc0c99c5d7841b9464f7c14f38b65520f,true,ps2 textures\opaque\bp_remade\no_mip_fixes\ui,true,true,5,remarci_4x,0,false,false,false
002362e7,0d77b369a1ec1aecadef514bad682c4b3f13fcef,2c0c599071b23e08f61cc2d425bdcedc6bc551e7,true,ps2 textures\HAS ALPHA\bp_remade\no_mip_fixes\ui,false,true,5,remarci_4x,0,false,false,false
00238f30,31c610c59595e1c419875ef3784d10ab48f2c753,59bba051813f60f8e79689f305ba5dadb5246262,true,ps2 textures\HAS ALPHA\bp_remade\no_mip_fixes\ui,false,true,5,remarci_4x,0,false,false,false
0023c110,69179330a6160bda41b083db0ebcaad16676e118,498524a34bf7efe7a91e0db5281d97202894f519,true,ps2 textures\HAS ALPHA\bp_remade\no_mip_fixes\ui,false,true,5,remarci_4x,0,false,false,false
0023d260,599402baf782391251de922553a492c09c67433c,04847116a93c97fd22e16a32178d4bc336dfb263,true,ps2 textures\HAS ALPHA\bp_remade\no_mip_fixes\ui,false,true,5,remarci_4x,0,false,false,false
0023fe46,5149ec15d7f55d5c3109e411353552e111b53e57,5927b32edf4a7720af0bec3f47c593383a4d485b,true,ps2 textures\HAS ALPHA\bp_remade\no_mip_fixes\ui,false,true,5,remarci_4x,0,false,false,false
0024436b,a4f4f8d5aa813239ec3ebbe443354861432e804e,4c7dda9812561e2387a7f690cfe6ac92baec9bea,true,ps2 textures\opaque\bp_remade\no_mip_fixes\ui,true,true,5,remarci_4x,0,false,false,false
00253762,e184a8852d52ac99fd03f6106fd57bff05b6a7a4,a5b86950c6ad2b9904c8128e46f71d5e73304815,true,ps2 textures\opaque\bp_remade\no_mip_fixes\ui,true,true,5,remarci_4x,0,false,false,false
0025962b,3914558f0a7482835fcb6ad6137170e39961110f,29649708f96f6627a0b2e6e05089da5f804a44ec,true,ps2 textures\opaque\bp_remade\no_mip_fixes\ui,true,true,5,remarci_4x,0,false,false,false
0025963b,d002dc12098e20e49c13decdeb44b7d82f4f8eaf,d33d975a42e508ae3209a13cff5f7c9cced52522,true,ps2 textures\opaque\bp_remade\no_mip_fixes\ui,true,true,5,remarci_4x,0,false,false,false
0025cada,26d0c3ec4091db6cce3fbb4be8d2a05702a5f596,c536a6fe56c17071baf4a65ee03a2ad7567a77f7,false,ps2 textures\opaque\bp_remade\no_mip_fixes\ui,true,false,0,none,5,true,false,false
00264366,e8eaa971d20f1ee61b22c4c1d92eb423df156831,bd18c8d05300e7ab411fa4352380092dc6a0087b,true,ps2 textures\HAS ALPHA\bp_remade\no_mip_fixes\ui,false,true,5,remarci_4x,0,false,false,false
0026436e,eec742dc6370eb55d97c366021fd62a996451947,ae8258213817539825eac1be1663ea49c040f1ae,true,ps2 textures\opaque\bp_remade\no_mip_fixes\ui,true,true,5,remarci_4x,0,false,false,false
00265ab1,9290f941d7d0c52288496414b1d02a1e0bf341da,f99cedd1c0323038c65ad7ffc303f346411a00ee,false,ps2 textures\opaque\bp_remade\no_mip_fixes\ui,true,false,0,none,5,true,false,false
00266342,be60f4dd4d5a708248f7c4232a656f8a097872db,ddb4841c3122f9cae6fe501ebf7996415219b4a7,false,ps2 textures\opaque\bp_remade\no_mip_fixes\ui,true,false,0,none,5,true,false,false
00266501,332784bbbf8a46da2f7b0d80b0ca962033c9fb17,8f9c7c3f4a015f8a69e53436e1b4a70c7d62519c,false,ps2 textures\HAS ALPHA\bp_remade\no_mip_fixes\ui,false,false,0,none,5,true,false,false
002671cf,90e5891a82d60aa70f4aec4eade5cd5dd346d770,c4b5636f2921cdef123d8ad71f6544fa78f42a11,false,ps2 textures\opaque\bp_remade\no_mip_fixes\ui,true,false,0,none,5,true,false,false
0026bb45,dd28480dccf8fcefc2abd4a8b0c8f8eac03a5305,787a2f60b90f275f82314761dbb1063833e50cd0,true,ps2 textures\HAS ALPHA\bp_remade\no_mip_fixes\ui,false,true,5,remarci_4x,0,false,false,false
0026d01e,a6b5786ce2a0ddfcfcb5062f434d0bce93ecf232,7a0a92173ee198e1b6213681ff76f0555d39bd8e,true,ps2 textures\HAS ALPHA\bp_remade\no_mip_fixes\ui,false,true,5,remarci_4x,0,false,false,false
0026dab5,27ed4b17effa1dde34fc2fd819d75c57ee88d22b,02a27442a7bb790c4fca72512095a33b8d85736e,true,ps2 textures\HAS ALPHA\bp_remade\no_mip_fixes\ui,false,true,5,remarci_4x,0,false,false,false
002737d0,d598f033945a6b142dbe0562fdfa87f6bc90ef11,e330e32a0511191ab4f81b4fe08804e91c7ed0a6,true,ps2 textures\HAS ALPHA\bp_remade\no_mip_fixes\ui,false,true,5,remarci_4x,0,false,false,false
00273b68,8d9214885d29b9cc41ff5762b8b98844516c827a,269acd141ee919e11da447782fbf84b9277c8a43,true,ps2 textures\HAS ALPHA\bp_remade\no_mip_fixes\ui,false,true,5,remarci_4x,0,false,false,false
00274fc0,7c3ebf2d6c58fce1b3b33b83d1fdb842b40e7c26,c895561f32bc4ccec1a9b1f4b704493d849aaaf9,true,ps2 textures\opaque\bp_remade\no_mip_fixes\ui,true,true,5,remarci_4x,0,false,false,false
00275011,5c36fa439f171ca632fc3ae42367c436b7f974ed,b5d5220db85096e63d710487f8e49208bf9b1d3c,true,ps2 textures\opaque\bp_remade\no_mip_fixes\ui,true,true,5,remarci_4x,0,false,false,false
00279634,d39528025c1d2d658b6bea9a671850f2687b1b49,a94a5bafb161a909d454a1c3f8295367a10b6405,false,ps2 textures\opaque\bp_remade\no_mip_fixes\ui,true,false,0,none,5,true,false,false
002855a1,55e7243ed63fad4ce3ac313860cbbc4eda7fdd1d,fa1678c1271ffcd581efd4771962b3f62d1612cf,true,ps2 textures\HAS ALPHA\bp_remade\no_mip_fixes\ui,false,true,5,remarci_4x,0,false,false,false
00285de1,2d0187f0b4e7e9044aa711304ee0379d50de8cdc,171916da04fdcd018ce7fe01b7e94e77eae55dbe,true,ps2 textures\HAS ALPHA\bp_remade\no_mip_fixes\ui,false,true,5,remarci_4x,0,false,false,false
00285de1_f245571f9abe622359ead9324d4b106f,62c20f44f432318ab9ebbd033b7fb85314423c5a,a9fa4d1363ac09c2bd030005c08a12259e45e121,true,ps2 textures\HAS ALPHA\bp_remade\no_mip_fixes\ui,false,true,5,remarci_4x,0,false,false,false
00289658,e96fe257c42d2f01f000fd369956a1b94c2c91ab,50dfaaf5323c1c5b6829b1d7f8e3e3717a564750,true,ps2 textures\opaque\bp_remade\no_mip_fixes\ui,true,true,5,remarci_4x,0,false,false,false
002943af,dfffd08dbe052e044bca2342cd57d71e50376b3a,141f5ffff76e58dd49c263f383ab9df291d096d6,true,ps2 textures\opaque\bp_remade\no_mip_fixes\ui,true,true,5,remarci_4x,0,false,false,false
0029df46,76b719f4896b8a8b91c35bc4ff5f4f742adaed72,27b7da0aa1b9a15e727151f415a21b13e6c9be70,false,ps2 textures\opaque\bp_remade\no_mip_fixes\ui,true,false,0,none,5,true,false,false
002a1de5,9277df61776ce981890da39d6e7bd412d9469571,47da851dea02f84f8106864d41d4ebbffef958a9,false,ps2 textures\opaque\bp_remade\no_mip_fixes\ui,true,false,0,none,5,true,false,false
002a44f7,d41ade7c345bac8f0f6d768e0982866d58d00b56,c6e67a5b90e6c40967b6ed2f512276f95704c044,false,ps2 textures\HAS ALPHA\bp_remade\no_mip_fixes\ui,false,false,0,none,5,true,false,false
002a4e9e,e2d82cc1eaad5feb12e29a62e084c4fabcdc86fe,a19995a20e190dab391a3013b468435b53dc520f,false,ps2 textures\HAS ALPHA\bp_remade\no_mip_fixes\ui,false,false,0,none,5,true,false,false
002a8862,036499994fe5471512e89173b0b4232e8f1ec5a6,afe3657f01e113c10e8f002d5d0b3855d4c76b12,false,ps2 textures\opaque\bp_remade\no_mip_fixes\ui,true,false,0,none,5,true,false,false
002abcc9,4163d594babfe65f52a2fb6e08aab0c5d962af51,d01395ef2473718d2477dc529bc35a7671f8855d,true,ps2 textures\HAS ALPHA\bp_remade\no_mip_fixes\ui,false,true,5,remarci_4x,0,false,false,false
002b5ada.img,23ecd2d30f8ba42cb526d8b0ee876f3abc895348,76b8f8ac11bdf1b6c3c1f99192b04ac0ba710b18,true,ps2 textures\HAS ALPHA\bp_remade\no_mip_fixes\ui,false,true,5,remarci_4x,0,false,false,false
002b9eec,02c908eef2975c8cda457f0c4173115e2f0ff1f7,3e1ebaa6c726716b3c9eabe17cb0a7bdc6e3b2bc,true,ps2 textures\HAS ALPHA\bp_remade\no_mip_fixes\ui,false,true,5,remarci_4x,0,false,false,false
002bb5de,4ab4dd2155352d244b9e0371c6d4e20b6b6f5554,b492dd1855074ef282b22f0f782937325d55863f,true,ps2 textures\HAS ALPHA\bp_remade\no_mip_fixes\ui,false,true,5,remarci_4x,0,false,false,false
002bb91a,54a257390667fd172965dde03c7b7f1af5406927,cb0026a366ef3546a68665ec17a011e897a3b849,true,ps2 textures\HAS ALPHA\bp_remade\no_mip_fixes\ui,false,true,5,remarci_4x,0,false,false,false
002bcf9b,ef224be28a58a34b279c5c84788d9f3191f49924,a5f5cebc145603610ac506b15f651ae83ff35218,true,ps2 textures\HAS ALPHA\bp_remade\no_mip_fixes\ui,false,true,5,remarci_4x,0,false,false,false
002bd89d,91d93dc4b4add6c22216007bdd6e593e7fd3b89f,5d9710bdb9c87b8f7c579faf3dd0c8e9fb165223,true,ps2 textures\HAS ALPHA\bp_remade\no_mip_fixes\ui,false,true,5,remarci_4x,0,false,false,false
002c4dcc,2b37604366c7b8794bcc355d335866b5cf7150fc,44131dfe5f5428454d8c92b8644f64859ec28f62,true,ps2 textures\HAS ALPHA\bp_remade\no_mip_fixes\ui,false,true,5,remarci_4x,0,false,false,false
002c9ee8,4c6fe7386ad20039d77eda7b8e90e9cf641f553f,dfd15500e004f6daa112f8ef951ebce4ce2bdbc1,true,ps2 textures\HAS ALPHA\bp_remade\no_mip_fixes\ui,false,true,5,remarci_4x,0,false,false,false
002cb5de,d0c57fa05d1c69da70f9088d9c334b70029cc43a,1621b68b34faf77a508184b7a75499ca6c833d30,true,ps2 textures\HAS ALPHA\bp_remade\no_mip_fixes\ui,false,true,5,remarci_4x,0,false,false,false
002cb85e.img,9d2f7261d990cb497be4cd288a0c97af01c07f72,c3ac09103e5cf7640a3326845a931920c3ab2c34,true,ps2 textures\HAS ALPHA\bp_remade\no_mip_fixes\ui,false,true,5,remarci_4x,0,false,false,false
002cbc17,dba550f3346cd394abf7f8385cfba90d6e197d05,50e15e750c68ee093fd556b1c5dbfc894703d130,false,ps2 textures\opaque\bp_remade\no_mip_fixes\ui,true,false,0,none,5,true,false,false
002cc4b2,4d602dbfc41d1bf9284985b22071b3eae7dbe3fb,20eac595dc04bb76788179139e75ae8bc7702092,false,ps2 textures\opaque\bp_remade\no_mip_fixes\ui,true,false,0,none,5,true,false,false
002cf5d4,68bacd2d01e6cbd9b23e50032756473926d3b1d1,1222bde852f3467ae6ad2ef2f3ac6be05bcbd67b,false,ps2 textures\HAS ALPHA\bp_remade\no_mip_fixes\ui,false,false,0,none,5,true,false,false
002cf5dc,2e40533fbe6e5d40e031576d41bf6daf8d35dd7b,6e5c41185e9950ebfd21427eb61e6b6a54f8c23f,false,ps2 textures\HAS ALPHA\bp_remade\no_mip_fixes\ui,false,false,0,none,5,true,false,false
002cf5e4,66efcda0b18c80ec74e4996cd84a63792961eb06,d41a4eadcee21991df3be2159d2703bb3a5df364,false,ps2 textures\HAS ALPHA\bp_remade\no_mip_fixes\ui,false,false,0,none,5,true,false,false
002cf5ec,0d9e73fcecd8b19148020c521e55892a972db050,00395fb042c56deb139080118f1468627678dfc3,false,ps2 textures\HAS ALPHA\bp_remade\no_mip_fixes\ui,false,false,0,none,5,true,false,false
002cf5f4,cfc07dcdc5b62b134d30a6a42508eb83279e4814,55855601481de5441b833a13ca8b1f60833bce3e,false,ps2 textures\HAS ALPHA\bp_remade\no_mip_fixes\ui,false,false,0,none,5,true,false,false
002cf604,2e5fa3de2b75191434b1d93f71a453c23ebd1195,6489653bfd501abebe36356846c470d6679d123d,false,ps2 textures\HAS ALPHA\bp_remade\no_mip_fixes\ui,false,false,0,none,5,true,false,false
002cf605,1d50737887eb2ccbd14cf7b22e3c34a98778c827,2ad3b782f2bcdc910c3ef04d0f6363a82a55c6d1,false,ps2 textures\HAS ALPHA\bp_remade\no_mip_fixes\ui,false,false,0,none,5,true,false,false
002cf60c,20608bd0e734179b27c097a2cd6e0f1a649a0098,859b9c29911bcbb53d6eb38642415e8a93c560ed,false,ps2 textures\HAS ALPHA\bp_remade\no_mip_fixes\ui,false,false,0,none,5,true,false,false
002cf6fc,5a3f55eb7dc05fd9cf2ce9e0d2d068af0b103169,8f8f359a4945ce5cf6554366236a0c0cb7b6e724,false,ps2 textures\HAS ALPHA\bp_remade\no_mip_fixes\ui,false,false,0,none,5,true,false,false
002cf71c,d8099fc421a29cab8074ae4da756bce3389785a9,65489f2c2fcd6a4a3ecf2f12174842c50ae5d6f6,false,ps2 textures\HAS ALPHA\bp_remade\no_mip_fixes\ui,false,false,0,none,5,true,false,false
002d12fd,d883e1167e8bd181638dc45a329da10506bc2636,fb2ebf52c7665a5c2e6797553cf4034ecb77b37e,true,ps2 textures\opaque\bp_remade\no_mip_fixes\ui,true,true,5,remarci_4x,0,false,false,false
002d265e,28e6381b785955d79c95ce2bf170585b4138df88,6de36d201ab07e399579a4dc06819f371a77078e,true,ps2 textures\HAS ALPHA\bp_remade\no_mip_fixes\ui,false,true,5,remarci_4x,0,false,false,false
002d265e_eabfc4a85ac1e68d7f33d0bcdb183243,d09cd26f00bd3ff537b59c9ad015e86edb7efaee,c5ab5428760d4570163b1a19a6417bd797bc8909,true,ps2 textures\HAS ALPHA\bp_remade\no_mip_fixes\ui,false,true,5,remarci_4x,0,false,false,false
002d366f,03cd5bb9bcb0267add7c54dce4f46f0cf38d3da8,48d871ecbdd54cbe112d4fd6565da0367af461da,true,ps2 textures\opaque\bp_remade\no_mip_fixes\ui,true,true,5,remarci_4x,0,false,false,false
002d5bb8,edea7f1870259b041425d4d353e3ef46f1993258,882f2c04d6774c2a020eb9a5fdf0965405fd1ed6,true,ps2 textures\HAS ALPHA\bp_remade\no_mip_fixes\ui,false,true,5,remarci_4x,0,false,false,false
002d6022,08e1ea9a46c3413af46867d90113c2afa94b96d9,e3ff050ca79c821057c970d57fbfad373f0163e3,false,ps2 textures\HAS ALPHA\bp_remade\no_mip_fixes\ui,false,false,0,none,5,true,false,false
002e27cc,743c4382ed9b38a9a6b7aa40cb380359d1a1d2eb,2a8fbce8ba88a75c470970ad5db1dea4363f5380,true,ps2 textures\HAS ALPHA\bp_remade\no_mip_fixes\ui,false,true,5,remarci_4x,0,false,false,false
002e3854,45b7e823d8abf5a9d2b5a5a9ecfe4407a6b882ca,6d518b89396a318f141da22179373647a134b9b7,true,ps2 textures\HAS ALPHA\bp_remade\no_mip_fixes\ui,false,true,5,remarci_4x,0,false,false,false
002e44cc,f56cbf819157c62bc6eeaaf976a06e652672bdee,023c00433d9592237fd04f605216ee3c4f03cf62,true,ps2 textures\HAS ALPHA\bp_remade\no_mip_fixes\ui,false,true,5,remarci_4x,0,false,false,false
002e4920,c99127e7ba11b2d997f5a5c924866429cd0f0c7c,a4aa0d68e7ae5483c0233435b6ad9829a87e4b67,true,ps2 textures\HAS ALPHA\bp_remade\no_mip_fixes\ui,false,true,5,remarci_4x,0,false,false,false
002e72af,a70835e81ddc1d7e31018c7a861817a247755f65,135d401a998b8eb4aaae03020662b8bb3e434e80,false,ps2 textures\HAS ALPHA\bp_remade\no_mip_fixes\ui,false,false,0,none,5,true,false,false
002e72b3,cf07ce89dca3a6de42c2244c5df9df694f5d3c6f,2e380ae677360d91aca5dd8318f543243bd0d04d,false,ps2 textures\HAS ALPHA\bp_remade\no_mip_fixes\ui,false,false,0,none,5,true,false,false
002e8302,154c2064f807988169c70c846e2797f68387cdae,d60aa14544b44e094651d3bfb0c643a8f4ee7a0d,false,ps2 textures\opaque\bp_remade\no_mip_fixes\ui,true,false,0,none,5,true,false,false
002f1182,84c8c24bd625df5be6e251f233ec70be5e6e56ee,f8611e86c53c8152ff81ef147503eee00d2b7958,false,ps2 textures\opaque\bp_remade\no_mip_fixes\ui,true,false,0,none,5,true,false,false
002f72af,e8c209bd0c089ac77b1681f42c867aabd82e1a5e,09c61844ddcc9c66770049110e5af430ad2d694e,false,ps2 textures\HAS ALPHA\bp_remade\no_mip_fixes\ui,false,false,0,none,5,true,false,false
002f72b3,fc9b15cc849b4e434afc660c8428bf663bb65a47,b1eca131cacb5f028229c49af20da4a9f4b7be6b,false,ps2 textures\HAS ALPHA\bp_remade\no_mip_fixes\ui,false,false,0,none,5,true,false,false
002fd5df,d258f7e22d959c64969b7bc79c714962af6e1fc5,240ecf0763c524070a9f39a7f28b487f326c336e,true,ps2 textures\HAS ALPHA\bp_remade\no_mip_fixes\ui,false,true,5,remarci_4x,0,false,false,false
002fd5df_93e6fbc8e11d669b422a93b924301636,9c9971daf9ff00ea549344c342bb508f109aca42,a3ad53b5a2344789b12ded8e4e82d77a7dbe73f8,true,ps2 textures\HAS ALPHA\bp_remade\no_mip_fixes\ui,false,true,5,remarci_4x,0,false,false,false
00306be9,61a9f21f5f00e0162652e4a2bdc4db47d9ad16be,a6da20a77e15d7f6da8e7cc61583f51bde4183dc,false,ps2 textures\HAS ALPHA\bp_remade\no_mip_fixes\ui,false,false,0,none,5,true,false,false
00306c69,fd2275019ab3e8f6fdb9b02cbd78f6459ba47285,26112fbd3aea9b2da2706916a5fd132874c3d5a1,false,ps2 textures\HAS ALPHA\bp_remade\no_mip_fixes\ui,false,false,0,none,5,true,false,false
00306ce9,52d7b18c7e7bc82c092a1e474c57a98139d84171,cd7d84c8c2eee0bad086c626247bfd235a1ae18f,false,ps2 textures\HAS ALPHA\bp_remade\no_mip_fixes\ui,false,false,0,none,5,true,false,false
00306d69,fe11a2564b110b4c1a46e69698b5f0685bb1adcf,43dfe651bf8c0c571656ed69aec6a78b6e40c546,false,ps2 textures\HAS ALPHA\bp_remade\no_mip_fixes\ui,false,false,0,none,5,true,false,false
00306ee9,4619990651e882b0734184725983eb529b14b76f,488964845454110a76010bef8bcd59cc75432c97,false,ps2 textures\HAS ALPHA\bp_remade\no_mip_fixes\ui,false,false,0,none,5,true,false,false
003072af,7e16264780f88603b19a0c8604d3532dd7fcaf2f,bebb0efb91805aaf8c3e566febe33a0193246d3c,false,ps2 textures\HAS ALPHA\bp_remade\no_mip_fixes\ui,false,false,0,none,5,true,false,false
003072b3,757f953bf6c622ce5572cf56a0a2036959028b60,fa2625f746a3e64c3b97eed4c8b119377c462bef,false,ps2 textures\HAS ALPHA\bp_remade\no_mip_fixes\ui,false,false,0,none,5,true,false,false
00308be9,7f052599437bb050bfa5cca32a6ce49682c2d057,6b2daf397d8fa64dc7aada2af3e89118d5a6a2f4,false,ps2 textures\HAS ALPHA\bp_remade\no_mip_fixes\ui,false,false,0,none,5,true,false,false
00308ce9,7b3ce9080bc0797d268622bfa59d37713ee6a7c7,9a8f2fd39f20770fb24f3248b845fa7bc983ae10,false,ps2 textures\HAS ALPHA\bp_remade\no_mip_fixes\ui,false,false,0,none,5,true,false,false
0030965f,0175f0123ce2f9608dd6a0b7bba2fd0260c6fcc9,874f48131c561b90ab0617606956b3a28dfb9f2b,true,ps2 textures\opaque\bp_remade\no_mip_fixes\ui,true,true,5,remarci_4x,0,false,false,false
00309be9,ce7954bd8cebfd5b8fc5f214b5de72dba83316c9,ca3aba7fc122a1795bf74edd2d165bbc4bb95a81,false,ps2 textures\HAS ALPHA\bp_remade\no_mip_fixes\ui,false,false,0,none,5,true,false,false
00309c69,9600fed8361b1a0fe9df2afe58f99222f773a3a1,ed43cbc20297a9cc2dcc3f2331089312f108cda2,false,ps2 textures\HAS ALPHA\bp_remade\no_mip_fixes\ui,false,false,0,none,5,true,false,false
00309ce9,58d4b85f7fa779ad19e04ef8668963c5796e6891,24929e5008e0471c50325d1c9df8104024e16747,false,ps2 textures\HAS ALPHA\bp_remade\no_mip_fixes\ui,false,false,0,none,5,true,false,false
0030abe9,b905eee73e635f06ed456ca80a17c9dcd9b56e31,8be14916928090ac3c20c8b68eb45439f6c7348f,false,ps2 textures\HAS ALPHA\bp_remade\no_mip_fixes\ui,false,false,0,none,5,true,false,false
0030ac69,a17aa35302a68151587647b5ccae713b477cf0a9,27dfa491d706f659d8ee525fec898de1020545d4,false,ps2 textures\HAS ALPHA\bp_remade\no_mip_fixes\ui,false,false,0,none,5,true,false,false
0030ace9,435d5580215052f5930b08de152d2293241c4c77,34fedae6d74f56e9e78c9ac137a0217b9f62019f,false,ps2 textures\HAS ALPHA\bp_remade\no_mip_fixes\ui,false,false,0,none,5,true,false,false
0030ad69,344d808664a0f809eaaa73b251fcde6ca5a76cc5,500c4703186b673e07c30f6b8fca5219b1a7c12e,false,ps2 textures\HAS ALPHA\bp_remade\no_mip_fixes\ui,false,false,0,none,5,true,false,false
0030ade9,3c05901883fca0b78bf19f177d02a071ded78425,f1a8b2e53fc2c7fcc0cfecebf6af8f5e02f13574,false,ps2 textures\HAS ALPHA\bp_remade\no_mip_fixes\ui,false,false,0,none,5,true,false,false
0030bbe9,0313f06e81dbaed7b5cee9f0d4f29a7a745dd030,ceea2770b85214bbeb47eeb81c6a04152c676e69,false,ps2 textures\HAS ALPHA\bp_remade\no_mip_fixes\ui,false,false,0,none,5,true,false,false
0030bc69,eebf4b838fdf944f6b396cf27dc22878b4ceb477,54777e5486bd30a2ba26c36ee3f2889fd25f2aa4,false,ps2 textures\HAS ALPHA\bp_remade\no_mip_fixes\ui,false,false,0,none,5,true,false,false
0030bc6d,12859ad70149d431e189be839b868a74abd51e49,2f9745d25627a8c39cd2c3b5f8901432d2949478,false,ps2 textures\HAS ALPHA\bp_remade\no_mip_fixes\ui,false,false,0,none,5,true,false,false
0030bde9,1d84e0fac0f3f2651b6c9c168f6ff0d9114759f4,492d30fc1a1bfbfbdadd36d29f6781b93aa05c78,false,ps2 textures\HAS ALPHA\bp_remade\no_mip_fixes\ui,false,false,0,none,5,true,false,false
0030be69,0b1a84430546bfd6a25e5f329e916d40956fec16,85ee9f2028cceaea93efbfac59684b1ab83f00b4,false,ps2 textures\HAS ALPHA\bp_remade\no_mip_fixes\ui,false,false,0,none,5,true,false,false
0030cbe9,8e9d16796d097131f317a299fe7081e22f0ff746,d3d4ce7b5b8562eb1fd25b67fd3838d390282df3,false,ps2 textures\HAS ALPHA\bp_remade\no_mip_fixes\ui,false,false,0,none,5,true,false,false
0030cc69,6fc97e06e89f84cf56a75d40110a46100f84a329,c7e50fae0e5390172df941eb07881b9c729d9445,false,ps2 textures\HAS ALPHA\bp_remade\no_mip_fixes\ui,false,false,0,none,5,true,false,false
0030cce9,de306b4ccbf1433f63720646ef0a6ffccda7a152,41c28d161dda5468bd1908b361ef8f6edb6fa1dd,false,ps2 textures\HAS ALPHA\bp_remade\no_mip_fixes\ui,false,false,0,none,5,true,false,false
0030cd69,ae2ec770142d350c78719f18f575529230dbe99f,4a36101261bb3a1b148565341794fdda31ce974b,false,ps2 textures\HAS ALPHA\bp_remade\no_mip_fixes\ui,false,false,0,none,5,true,false,false
0030cde9,374b4777d34dd02fc0cc608752efe74e81955caa,36753dfb7e33b52563435e39976ad02ae1e71757,false,ps2 textures\HAS ALPHA\bp_remade\no_mip_fixes\ui,false,false,0,none,5,true,false,false
0030ce69,35da8572321c8c3b0c631b567882bb7c3e6fb3c7,efc2bcbcdbd5e3bdff67ac4bc6e0d3c0b3030d85,false,ps2 textures\HAS ALPHA\bp_remade\no_mip_fixes\ui,false,false,0,none,5,true,false,false
0030dbe9,315bc47a57141638aa3e39a67ddf8d4d921f0731,57282e35ca0dfe7ce2e6f17457bdc98364e49c7a,false,ps2 textures\HAS ALPHA\bp_remade\no_mip_fixes\ui,false,false,0,none,5,true,false,false
0030dc69,6eafc43647de3dfea7a9d56be07c5da42cd021b2,e7788bad88b74b94ec3ffc9ba1a614fc6c75dd1b,false,ps2 textures\HAS ALPHA\bp_remade\no_mip_fixes\ui,false,false,0,none,5,true,false,false
0030dce9,ec6a2b39fed199918328f8a3226f9dfaf5f36ca1,ab0ce5d4f0f6617cf4e860ead268e6466d044230,false,ps2 textures\HAS ALPHA\bp_remade\no_mip_fixes\ui,false,false,0,none,5,true,false,false
0030dd69,1354d4e40f231ea1f274812c0049d4fb8086b000,08ca63683ab9af6da50956eebf7c68ec6d5c9113,false,ps2 textures\HAS ALPHA\bp_remade\no_mip_fixes\ui,false,false,0,none,5,true,false,false
0030dde9,84e187df5f9d3babc0a2dd145e4adb45bb6c4c1d,68db31cb6492e8fe797b3d94b1e3ba8fff954732,false,ps2 textures\HAS ALPHA\bp_remade\no_mip_fixes\ui,false,false,0,none,5,true,false,false
0030ebe9,258f94da34f5a53bb34638353e3c4fe46e46a3b5,0d8f8dbd8a4617456a7521087bce1aeab2b916d4,false,ps2 textures\HAS ALPHA\bp_remade\no_mip_fixes\ui,false,false,0,none,5,true,false,false
0030fbe9,6eed943f7fb022075bce75b90db061fe2d4ee237,48d04feb21578c07d1b387de40b8eb4dbf8fd699,false,ps2 textures\HAS ALPHA\bp_remade\no_mip_fixes\ui,false,false,0,none,5,true,false,false
0030fc69,a06828100a771c41a7c95a628e9915c0bb0bebd6,4c7df2347201c6f4201100f2808adf2d26776d87,false,ps2 textures\HAS ALPHA\bp_remade\no_mip_fixes\ui,false,false,0,none,5,true,false,false
0030fce9,e5700065b838b6c1612b4b61fbc8bbdfd7344381,f80c3ce563333d3172915d3f5ef315dd02a98dea,false,ps2 textures\HAS ALPHA\bp_remade\no_mip_fixes\ui,false,false,0,none,5,true,false,false
0030fd69,11c0c57bea768a59ac9637f835b213cf26dd365e,c9eafe6e476c0b3fe0f8a996662ab80dd2fe788c,false,ps2 textures\HAS ALPHA\bp_remade\no_mip_fixes\ui,false,false,0,none,5,true,false,false
003157a0,206440488e003defe9e19c594dee350e1379be84,cfeca72548abd996f2fdc9e8948b9d3c54dc7e19,true,ps2 textures\HAS ALPHA\bp_remade\no_mip_fixes\ui,false,true,5,remarci_4x,0,false,false,false
00316be9,be4b64f2221b5f185b8b806c4126ca7e0faef1b4,d8aa6c809547a898003ae6e53fe19f38345420b5,false,ps2 textures\HAS ALPHA\bp_remade\no_mip_fixes\ui,false,false,0,none,5,true,false,false
00316c69,733d374602ee3d3d13d2b1307887c89cc8256e15,58acd0c81fcc572ba4e6f979c1841c350a8d1430,false,ps2 textures\HAS ALPHA\bp_remade\no_mip_fixes\ui,false,false,0,none,5,true,false,false
00316ce9,072c3601167aabe154d566b40b9425bf034248aa,fa60373cad49fb872d202c64f674622996d0ab73,false,ps2 textures\HAS ALPHA\bp_remade\no_mip_fixes\ui,false,false,0,none,5,true,false,false
00316ee9,8d0d958e0adc10d95c206ed575f5bce219aae595,a1cadb6a9ec0c8991e5ff29c81a5acca157fa171,false,ps2 textures\HAS ALPHA\bp_remade\no_mip_fixes\ui,false,false,0,none,5,true,false,false
003172af,49e836d6df9a8d4814bfb9ea7c94e55beb023758,f10a851c882cb6faa4a00ac857f68cdb9c2f3718,false,ps2 textures\HAS ALPHA\bp_remade\no_mip_fixes\ui,false,false,0,none,5,true,false,false
003172b3,c83c5a428c5cab815b777223009fb231ee2f865f,d7dcba22783e60be4e5eb2f34e37660c30dec60c,false,ps2 textures\HAS ALPHA\bp_remade\no_mip_fixes\ui,false,false,0,none,5,true,false,false
00318be9,5ea62c03de28aff7d588eb20ec53a06ab61d00dd,cf19eda051c72ca0f63c8d523ce4fa0a3b03127d,false,ps2 textures\HAS ALPHA\bp_remade\no_mip_fixes\ui,false,false,0,none,5,true,false,false
00318c69,1561d2d2e4b133024993763ad1422216e2e35e94,834088eee786997c35b24c3073f9cfaaf217107b,false,ps2 textures\HAS ALPHA\bp_remade\no_mip_fixes\ui,false,false,0,none,5,true,false,false
00318ce9,255fbc19c7dc75b4adebbed0019cc46b11deea03,e0198e99c21f1ab4c4ec9717e394173da0d75de5,false,ps2 textures\HAS ALPHA\bp_remade\no_mip_fixes\ui,false,false,0,none,5,true,false,false
00318ec6,c418e2052dd492dc3ae8cdd739ef18a2238c69c1,94a626df98454a157dc55b874e3d7a9369431670,false,ps2 textures\opaque\bp_remade\no_mip_fixes\ui,true,false,0,none,5,true,false,false
00319be9,6a39f7c28e2b2242049c33059b8291c6f8304c39,62cb15d26ff63ed715e2565176bb54c7763faad6,false,ps2 textures\HAS ALPHA\bp_remade\no_mip_fixes\ui,false,false,0,none,5,true,false,false
00319c69,950d1bca0b20034b4e35569f9855c75f1b44cfb4,42f9388f14ecd2e64957eff659699c61430aa399,false,ps2 textures\HAS ALPHA\bp_remade\no_mip_fixes\ui,false,false,0,none,5,true,false,false
00319ce9,2d4c18f8421900f2ebbcf7a220e17d5e27bec8ea,6da2e4acfd41ad07904f91c318dcc3fbe0440901,false,ps2 textures\HAS ALPHA\bp_remade\no_mip_fixes\ui,false,false,0,none,5,true,false,false
0031abe9,201bd8c54b811bbae013adb489ace45810f9857b,fb11c371b93118bdda7b16c5b27ae43580268a1e,false,ps2 textures\HAS ALPHA\bp_remade\no_mip_fixes\ui,false,false,0,none,5,true,false,false
0031ac69,1fc0a5ee60c1e1e10cb0a5eacc85cb20f873acd3,9d53081b2cb23b7a62a0ba0a1786c3fc6f25e41e,false,ps2 textures\HAS ALPHA\bp_remade\no_mip_fixes\ui,false,false,0,none,5,true,false,false
0031ace9,24e7ec4f15262d07c82229f3829c1ba31511e875,a50710f863f0646ed4bd6d3abe4d6e96f5fc442a,false,ps2 textures\HAS ALPHA\bp_remade\no_mip_fixes\ui,false,false,0,none,5,true,false,false
0031ad69,a64fc5a0b8bd9324cd454c353eb8af50c280eb0b,d256a0536232330a07fe52ebb025d220068e4f36,false,ps2 textures\HAS ALPHA\bp_remade\no_mip_fixes\ui,false,false,0,none,5,true,false,false
0031ade9,fe32147810ee2600f59e6d818549bd053c82fa9e,36ca98d2a1828034cf75a53b612d9b0de41ceb78,false,ps2 textures\HAS ALPHA\bp_remade\no_mip_fixes\ui,false,false,0,none,5,true,false,false
0031b782,f4f80a20145e6e550677db72b0101bf231f732d1,032f206b27ff55395a45f8c7514181c78836b305,false,ps2 textures\opaque\bp_remade\no_mip_fixes\ui,true,false,0,none,5,true,false,false
0031bbe9,16d851188684898b800399e88c1d1ab01f061656,83ac5e65a706aa69dd8fce4b80a00813193219d7,false,ps2 textures\HAS ALPHA\bp_remade\no_mip_fixes\ui,false,false,0,none,5,true,false,false
0031bc69,7d12672a5e3e962f382de4b534e1d0603533ca7f,48be28b1bc0693fa7aa903ac0ddc3411f36875b1,false,ps2 textures\HAS ALPHA\bp_remade\no_mip_fixes\ui,false,false,0,none,5,true,false,false
0031bc6d,58f90ba82a21caf46c3d966e6baf6f302511c906,1397a21292c1d27b929f289d16e67ecc6b54768a,false,ps2 textures\HAS ALPHA\bp_remade\no_mip_fixes\ui,false,false,0,none,5,true,false,false
0031bde9,35e45e2e6fef083b75626251e5935e9c82d87747,6495fee48f4ee291fcd1a829cb29e201766640e0,false,ps2 textures\HAS ALPHA\bp_remade\no_mip_fixes\ui,false,false,0,none,5,true,false,false
0031be69,242adfdeb353591dcd6ac6061af9706190db7663,fee3da973ad28b785adabadfd48a8138e05e900a,false,ps2 textures\HAS ALPHA\bp_remade\no_mip_fixes\ui,false,false,0,none,5,true,false,false
0031cbe9,d32ebcf67a20a8d13d6f1c4ea0b8ac0bc1d16c81,d7c225882ca828258769da4665b1ba3cd6281e12,false,ps2 textures\HAS ALPHA\bp_remade\no_mip_fixes\ui,false,false,0,none,5,true,false,false
0031cc69,b28ea80a6d13f556395756ab68c02096218a0598,36acb050f6cc78764c52e1353eb1264df63d26f4,false,ps2 textures\HAS ALPHA\bp_remade\no_mip_fixes\ui,false,false,0,none,5,true,false,false
0031cce9,3827fa2c6c434135d8e84c2106056be26c5b5959,4094c3637e9ba804da318abdce173c39c2e1f856,false,ps2 textures\HAS ALPHA\bp_remade\no_mip_fixes\ui,false,false,0,none,5,true,false,false
0031cd69,f72f32bf77ba23ba75cad05716530ed826751f01,d438ea6a56c9d3ba4ffe15453a83bd57e9c6e240,false,ps2 textures\HAS ALPHA\bp_remade\no_mip_fixes\ui,false,false,0,none,5,true,false,false
0031ce69,ff4f69c1c587fbe4f66b20be4a02bdd3308f2116,b24b55116d470f32db58c64fa69f0f4a249d65d8,false,ps2 textures\HAS ALPHA\bp_remade\no_mip_fixes\ui,false,false,0,none,5,true,false,false
0031dbe9,e4f35ec545b62c5123acb1692f77fb1071078b5c,9f2d24de3255a8f1f756fd2ed7184d2402bb1e93,false,ps2 textures\HAS ALPHA\bp_remade\no_mip_fixes\ui,false,false,0,none,5,true,false,false
0031dc69,a3f981361f7bb008327327ce8ac3a6d120ca03c5,566a18df3dcc308e8bc3b9f339ae5d97ba157cdc,false,ps2 textures\HAS ALPHA\bp_remade\no_mip_fixes\ui,false,false,0,none,5,true,false,false
0031dce9,6a3584010037a59bcea0bbfd274657a45cc9ec8b,b250a35f0c098a1a3135694b003bcd49ff2dd967,false,ps2 textures\HAS ALPHA\bp_remade\no_mip_fixes\ui,false,false,0,none,5,true,false,false
0031dd69,2bd050162f12044dafcb6b3753cd803df3e826ce,af7dbe29da48dccf2a747977c0e6f7e626d63560,false,ps2 textures\HAS ALPHA\bp_remade\no_mip_fixes\ui,false,false,0,none,5,true,false,false
0031dde9,bbfe6985cb0a4b3a9f7ceabbfdccb892941e3903,82151b6a90ea4953449150737e753b24c6aea4e9,false,ps2 textures\HAS ALPHA\bp_remade\no_mip_fixes\ui,false,false,0,none,5,true,false,false
0031e51a,8e07b707cceaf0efa4a68e1e0d95e80b9da49d49,52732097f5cb84dc0fb3669e49cc36fc27f65fa6,true,ps2 textures\HAS ALPHA\bp_remade\no_mip_fixes\ui,false,true,5,remarci_4x,0,false,false,false
0031ebe9,9873771b0617fc416e439670130855b35c910b89,727a55c643083265410bf26dcb64c8c4e665ce98,false,ps2 textures\HAS ALPHA\bp_remade\no_mip_fixes\ui,false,false,0,none,5,true,false,false
0031fbe9,f4e8d2a3e47fbd413f6ca9a145aa8d1ea1fabb88,ea4af50c15763a5af0710a50a969e543e7c7d958,false,ps2 textures\HAS ALPHA\bp_remade\no_mip_fixes\ui,false,false,0,none,5,true,false,false
0031fc69,82a8417a68e73c541bab491d6f79019f6de91eed,04613e24d46f590f216849279c6d1be0e45678ce,false,ps2 textures\HAS ALPHA\bp_remade\no_mip_fixes\ui,false,false,0,none,5,true,false,false
0031fce9,a8c4f774cb13435bc2fc2967351dfef342d21d47,f2829767608bc79a55cfd7be128342ccbd5faedb,false,ps2 textures\HAS ALPHA\bp_remade\no_mip_fixes\ui,false,false,0,none,5,true,false,false
0031fd69,5a5c43b6c18059649e3f23285555fc762453137f,f9c45629368eaab77c2c5d79a9988304991648bb,false,ps2 textures\HAS ALPHA\bp_remade\no_mip_fixes\ui,false,false,0,none,5,true,false,false
00322317,18a136033889545e30ff57d8a0619d3a1647e49f,385073f55555b783b082f203751028da1817b5fc,true,ps2 textures\HAS ALPHA\bp_remade\no_mip_fixes\ui,false,true,5,remarci_4x,0,false,false,false
00326be9,96a5dc384e1f7bab2e353e5b284c3e8d9c9e17e0,2f163d0a15fb3403f4ccb6b6e4dc0b9683014892,false,ps2 textures\HAS ALPHA\bp_remade\no_mip_fixes\ui,false,false,0,none,5,true,false,false
00327be9,82ace90068782e28d07008eb1a8e41ec095f9067,61580b5cd79f2758768cdb905d1fc076339a538d,false,ps2 textures\HAS ALPHA\bp_remade\no_mip_fixes\ui,false,false,0,none,5,true,false,false
00327c69,c48bb13ecb46913349f1a67dab98321cdeb56c9f,5d4fb2092005e2c0c89b8b050597ba3baba84dcf,false,ps2 textures\HAS ALPHA\bp_remade\no_mip_fixes\ui,false,false,0,none,5,true,false,false
00327ce9,f570f6784d28a6e8ea3233c6a44b28ae9b2dfb87,9c1383e310c51e5d9fea93338c70c939ae3a1309,false,ps2 textures\HAS ALPHA\bp_remade\no_mip_fixes\ui,false,false,0,none,5,true,false,false
00328be9,15b8aa7ce530affa68c7241492149e882995dac8,4577c39c7c0e23fe2ddc0bb74d2bfc541276d6aa,false,ps2 textures\HAS ALPHA\bp_remade\no_mip_fixes\ui,false,false,0,none,5,true,false,false
00328c69,0e40b5392134185f7330177facbe648b7494aaed,38e073ad123f47d1cd6b5c3a2ec1ea2ad0ebcf4a,false,ps2 textures\HAS ALPHA\bp_remade\no_mip_fixes\ui,false,false,0,none,5,true,false,false
0032bc69,0939915466f8f399b36de9ab3fe630fc7e81f133,bcd3c1cf684a0760be5b0e85a69383cdcc1d3383,false,ps2 textures\HAS ALPHA\bp_remade\no_mip_fixes\ui,false,false,0,none,5,true,false,false
0032c4c8,7b7c5d73cd1324e39f5aaddfb38507a8a98439a0,39a3e6b8c6c284f63337b6563bc05773c9f8d75d,false,ps2 textures\HAS ALPHA\bp_remade\no_mip_fixes\ui,false,false,0,none,5,true,false,false
0032cc69,b30287d8fa14fd8493ca34984250c0cb370eb559,8899d066274d50a15dc38770a546ffbeee5f63d7,false,ps2 textures\HAS ALPHA\bp_remade\no_mip_fixes\ui,false,false,0,none,5,true,false,false
0032cce9,a051a7593cc892148445cb2d98a33e1e76eaf8dc,bd6767460b0a181216e424c73f3a66af7d0356f8,false,ps2 textures\HAS ALPHA\bp_remade\no_mip_fixes\ui,false,false,0,none,5,true,false,false
0032dbe9,4d30574627f5315755de692ff7149372969a25de,f362352781177998eb9ce0ad708539168ff30dd0,false,ps2 textures\HAS ALPHA\bp_remade\no_mip_fixes\ui,false,false,0,none,5,true,false,false
0032e340,3faf8f71403c1625d7573d4aa74d1ea3ab38eb01,597308e040d388525137afb4c4fd2ceb6ca765fb,false,ps2 textures\HAS ALPHA\bp_remade\no_mip_fixes\ui,false,false,0,none,5,true,false,false
0032ebe9,2ec7b7f3ad5df1979a4dbd9f3fd4d6d57fbb1152,ca6ab7d77dc696416956f1c04cd3153290486ed7,false,ps2 textures\HAS ALPHA\bp_remade\no_mip_fixes\ui,false,false,0,none,5,true,false,false
0032ec69,1cf8c2d769a623fcbc988cbdcdbf38d8ded4dc67,e331493566ffd87c1b16128915e14af264a533bc,false,ps2 textures\HAS ALPHA\bp_remade\no_mip_fixes\ui,false,false,0,none,5,true,false,false
0032ece9,b77b6b0927336df1d26521b826fd05b316e4dd34,8a116f8a5ab491837c011d1043f62665848e5969,false,ps2 textures\HAS ALPHA\bp_remade\no_mip_fixes\ui,false,false,0,none,5,true,false,false
0032fbe9,cf92e795eff12a28db9f6005a5547bc3cb86e921,ac84017a7b8958a521800dc3eb47087f17456b60,false,ps2 textures\HAS ALPHA\bp_remade\no_mip_fixes\ui,false,false,0,none,5,true,false,false
0032fc69,92574fe754fb0f94fd1fa455c2b1e2f1f48aeafe,d1158c66ea3ac070eedfc23f02ed5c07574dad62,false,ps2 textures\HAS ALPHA\bp_remade\no_mip_fixes\ui,false,false,0,none,5,true,false,false
00330503.img,ca78b082b184a36d121af71be685c9335270f2d8,5841c2dd628068465a1b0bfbb81c36e074af3065,true,ps2 textures\HAS ALPHA\bp_remade\no_mip_fixes\ui,false,true,5,remarci_4x,0,false,false,false
003326d9,d4f9ea114589612feb06359a10d59b43822689fd,99b15ed1b75638e43dec531d98af1d75dffaf963,true,ps2 textures\HAS ALPHA\bp_remade\no_mip_fixes\ui,false,true,5,remarci_4x,0,false,false,false
00336be9,b5bd192b721ad32ed642856f1a56a1a4da3dc23b,5936669cf2a4796e04a3fa38e59a74ccc7f52367,false,ps2 textures\HAS ALPHA\bp_remade\no_mip_fixes\ui,false,false,0,none,5,true,false,false
00336be9_8ce84330a816de3c9e9cacf4c2390ef2,0b68d2a196f0f3b94e6b1d085e30942b9851734f,79f0627689e9f4b730b2b10f31debbfc53a308d3,false,ps2 textures\HAS ALPHA\bp_remade\no_mip_fixes\ui,false,false,0,none,5,true,false,false
00336c69,17375709c6c20b73a1cc09185acfa890bcf7df47,4d086721fcc6074df6dc64dc8ca54289a9162ab7,false,ps2 textures\HAS ALPHA\bp_remade\no_mip_fixes\ui,false,false,0,none,5,true,false,false
00336ce9,21e45a6ad2d2ca2c782cc7a5ddcc18f5f9eb058f,6c76a247925589c86629e2f8c08b555186f0b5fb,false,ps2 textures\HAS ALPHA\bp_remade\no_mip_fixes\ui,false,false,0,none,5,true,false,false
00336d69,76e6057de897712da177c0be2b8e7e04db41656b,783fa85083ed33b24ad5face856f5fb38c1d7756,false,ps2 textures\HAS ALPHA\bp_remade\no_mip_fixes\ui,false,false,0,none,5,true,false,false
00336ee9,889ac765102851bb220ab2a8691f579acee25417,904d21286dbda89effae223768f699b579d3e822,false,ps2 textures\HAS ALPHA\bp_remade\no_mip_fixes\ui,false,false,0,none,5,true,false,false
00337be9,368014d5a408e8283db22b12af0318841ed35e26,eca8f71b53bfb74786f0cb90392e80b3718af06f,false,ps2 textures\HAS ALPHA\bp_remade\no_mip_fixes\ui,false,false,0,none,5,true,false,false
00337c69,76aa9b202ebaee988720083ab10c2dd651b203f4,68b6591a34856fd150f8b75b4681af309f5bef00,false,ps2 textures\HAS ALPHA\bp_remade\no_mip_fixes\ui,false,false,0,none,5,true,false,false
00337ce9,058eb0ec657ead39c32aa693fb85bcbb158aef34,75315ca6ca2efd7578c65acf5ccaa723d9d5024b,false,ps2 textures\HAS ALPHA\bp_remade\no_mip_fixes\ui,false,false,0,none,5,true,false,false
00337f00,7850f0601e3b70e245706461f11f4582b5526ab1,80e01950f7b847aef448d51b8580dea5377b5f76,true,ps2 textures\HAS ALPHA\bp_remade\no_mip_fixes\ui,false,true,5,remarci_4x,0,false,false,false
00338be9,296e8f2f7b3251d49b6c5efa14fd04579a4238bb,52d7dce66f112541299f1fee0968c0fd446c5f6a,false,ps2 textures\HAS ALPHA\bp_remade\no_mip_fixes\ui,false,false,0,none,5,true,false,false
00338be9_40a9962a574ddd022d30a09335d00298,cdee664f6e6f56bfc22eb404bb0d80ce7fc80fca,d5be0b202c7f3824e8c3b9b86db3af2e2f2b2da2,false,ps2 textures\HAS ALPHA\bp_remade\no_mip_fixes\ui,false,false,0,none,5,true,false,false
00338c69,2f39a8515b322e67823b4b413dfa7815c341dde5,b4ad2906e2ab856368aa27431a3de2239684b090,false,ps2 textures\HAS ALPHA\bp_remade\no_mip_fixes\ui,false,false,0,none,5,true,false,false
00338c69_5a6a61d237167595d31852011eea51ed,4903e8eb184caf0521c2636af70d3dc0b4446042,c53b8677aecd4c59ac33d5491ed46a24daac27bf,false,ps2 textures\HAS ALPHA\bp_remade\no_mip_fixes\ui,false,false,0,none,5,true,false,false
00338ce9,59c730a7fef77d70ff4a2a70ba6536bae5125045,a9bac4633fc729f4b39b125c1debe072559cc330,false,ps2 textures\HAS ALPHA\bp_remade\no_mip_fixes\ui,false,false,0,none,5,true,false,false
00339be9,fc7cdf2e5117d994c8041893f4cda8c1c2f6c379,5d362db86fbe6bcc3862252f36da5586e4c9e056,false,ps2 textures\HAS ALPHA\bp_remade\no_mip_fixes\ui,false,false,0,none,5,true,false,false
00339c69,fe9f246876bb6144a817431b16f4c316f883b9c5,440e8c999c9fae30fb12de5746057e611fb52d94,false,ps2 textures\HAS ALPHA\bp_remade\no_mip_fixes\ui,false,false,0,none,5,true,false,false
00339ce9,5a4bf8d6445b27e4a9e87ea8dfaf6acfed235777,1c9070a45768508d911472dbee6e917c9750c962,false,ps2 textures\HAS ALPHA\bp_remade\no_mip_fixes\ui,false,false,0,none,5,true,false,false
0033abe9,3ed0214d2c15fbbded34fd78ae96ad44d2b06e9c,64fc16c9ac626d992d876e3d4f5d7119fff55297,false,ps2 textures\HAS ALPHA\bp_remade\no_mip_fixes\ui,false,false,0,none,5,true,false,false
0033ac69,22c6e2874387bd977e5a659fb600175e016f7bc5,5f631c8824839804eff492c5cd4a875ba20ae20d,false,ps2 textures\HAS ALPHA\bp_remade\no_mip_fixes\ui,false,false,0,none,5,true,false,false
0033ace9,1130c379ea185d6789544e70eb99e78016827a1e,9743d4553fc57a99f12cdf3247b63c8f1913c168,false,ps2 textures\HAS ALPHA\bp_remade\no_mip_fixes\ui,false,false,0,none,5,true,false,false
0033ad69,4c545beb97dc510a0c0566e58a09aa38d4f0e54c,a4b83c0fe57d8a5905a3fb5ad547da001bacf4f5,false,ps2 textures\HAS ALPHA\bp_remade\no_mip_fixes\ui,false,false,0,none,5,true,false,false
0033ade9,57e8cf4a13116cda23361c71262f53811603736d,91733607cf90ffd8da356f2827efe065ec79c4d5,false,ps2 textures\HAS ALPHA\bp_remade\no_mip_fixes\ui,false,false,0,none,5,true,false,false
0033bbe9,a70e8a343860b7ae40bfaef2f8fddbe0d6a88093,2d2080790badc02b198e108f1c1fa40140588515,false,ps2 textures\HAS ALPHA\bp_remade\no_mip_fixes\ui,false,false,0,none,5,true,false,false
0033bc69,3cdc747129ee72aca2305dfa3761e41ecd0bfc9b,67e24763f157cc7db777e1f91f0a7719e2c24a08,false,ps2 textures\HAS ALPHA\bp_remade\no_mip_fixes\ui,false,false,0,none,5,true,false,false
0033bc69_7884dfdcadec6f2a9cd1b0f042093063,e5d5e4ddf5389b9eae12874d35800489cdf8c029,458afd4cd5e7ddf5d4024448dd5275d0270b3038,false,ps2 textures\HAS ALPHA\bp_remade\no_mip_fixes\ui,false,false,0,none,5,true,false,false
0033bc6d,89a8db1eb2bfe7d449e35b1d5a83a335bf9aead8,177dad716b28d1abd0384489b8e3558722e34452,false,ps2 textures\HAS ALPHA\bp_remade\no_mip_fixes\ui,false,false,0,none,5,true,false,false
0033bde9,7ef3815b45d01382757c3396af56b7b011033d51,670ac08244df5f06dd928255be7118df687d5a64,false,ps2 textures\HAS ALPHA\bp_remade\no_mip_fixes\ui,false,false,0,none,5,true,false,false
0033be69,c6866acb9ee8a441693265848334eabd87311729,01bc1c722d0012a5009173443f28ad647f7616fb,false,ps2 textures\HAS ALPHA\bp_remade\no_mip_fixes\ui,false,false,0,none,5,true,false,false
0033cbe9,5a634a1da00d8a12f880f8a1aafa5438b3d8961c,b5495dcc646920ccaa05b8c670d3fee0d48c76e6,false,ps2 textures\HAS ALPHA\bp_remade\no_mip_fixes\ui,false,false,0,none,5,true,false,false
0033cc69,6bcd95cc0289fec481808ece64c159284afc9ef9,0ae8821e7d179cf70ade7748c8cf706a3b3bf7bb,false,ps2 textures\HAS ALPHA\bp_remade\no_mip_fixes\ui,false,false,0,none,5,true,false,false
0033cc69_e0df82ced404d49d1cc10f61f7b78802,e5862f368e2daaadd52f9c7b611e0641f4cd1817,ac086d51e06c21b765e21b5762a0773787f9b006,false,ps2 textures\HAS ALPHA\bp_remade\no_mip_fixes\ui,false,false,0,none,5,true,false,false
0033cce9,f92db8e4cf40c42c5271b95e3fc6dcd4584e432a,388273bc20465b88bf25d70d4ace4711b141c3fb,false,ps2 textures\HAS ALPHA\bp_remade\no_mip_fixes\ui,false,false,0,none,5,true,false,false
0033cce9_9b66e5847270bfba9f040cede1820951,3b92c585635372318a2497ce1629b046fb977bdc,5abb4c0c4b2abff78548a4bd81987a72dbb6ea2f,false,ps2 textures\HAS ALPHA\bp_remade\no_mip_fixes\ui,false,false,0,none,5,true,false,false
0033cd69,ee70aca4e7ddd10793f91c18c50206151e8938e7,30122c22a10170c820237ec376a7f6710e4329bb,false,ps2 textures\HAS ALPHA\bp_remade\no_mip_fixes\ui,false,false,0,none,5,true,false,false
0033cde9,124bc40fb3e9701e345abe1d21ff0e2154bad230,0cdd62021080688819fcb4c554be5acd513c83fb,false,ps2 textures\HAS ALPHA\bp_remade\no_mip_fixes\ui,false,false,0,none,5,true,false,false
0033ce69,08c36dc22b4253cd1e5917d8ab180eb2d57b173e,69f56b8649df4f34a4050aa3e9e64497d3c2ec87,false,ps2 textures\HAS ALPHA\bp_remade\no_mip_fixes\ui,false,false,0,none,5,true,false,false
0033cfc7,465bf5dd85767a26adc7e78a1ecd929d776b4186,18403a402d5694aa19f0a8cae2d893f69cdd45bc,true,ps2 textures\opaque\bp_remade\no_mip_fixes\ui,true,true,5,remarci_4x,0,false,false,false
0033d231,8613bf8b5937b9b5e552dca78211982f57ee9a4c,31a095dd20324be31afbc52145222befda334e37,false,ps2 textures\opaque\bp_remade\no_mip_fixes\ui,true,false,0,none,5,true,false,false
0033d232,cffb1f2bf1cce7c269bc223a6a1c222116157022,2a7a88d8c08163c3b50053d127169f309f9fc83a,false,ps2 textures\opaque\bp_remade\no_mip_fixes\ui,true,false,0,none,5,true,false,false
0033d233,1f96f6e243555a10bb4adcc6b876e8be4681b1da,740b420a1ea4c6a3d603f888e1d7b9d0a4503dc2,false,ps2 textures\opaque\bp_remade\no_mip_fixes\ui,true,false,0,none,5,true,false,false
0033d234,0a777b67f4f64e1eb27764dfffe23f9b313ae70f,ed9b7145555c9b5e5c6bef24d3d026d9503c64d0,false,ps2 textures\opaque\bp_remade\no_mip_fixes\ui,true,false,0,none,5,true,false,false
0033d235,b2260ecbba0147e6c36737141a4eb5e139b51c0e,23c00df60acc01ed79e8490a30bed84287a64b91,false,ps2 textures\opaque\bp_remade\no_mip_fixes\ui,true,false,0,none,5,true,false,false
0033d236,a2c6a5662322a7eee6f4244fbf7d77a29e69ddb3,062b6ca46528cbafa933de7d94280263a95dc8a1,false,ps2 textures\opaque\bp_remade\no_mip_fixes\ui,true,false,0,none,5,true,false,false
0033d237,939a03114e38390a32ae7a0da15147f9db572118,06ffae2493847194de7ceb99a260f7e47fd8d195,false,ps2 textures\opaque\bp_remade\no_mip_fixes\ui,true,false,0,none,5,true,false,false
0033d238,0f17298da187028ae8eab2c78367fb5715263a8a,aaa2d30f7e1709f3bbe8fc36fd39c5bd51354354,false,ps2 textures\opaque\bp_remade\no_mip_fixes\ui,true,false,0,none,5,true,false,false
0033d239,b8ae7b066e3242b5ab8f0c295e665f60f8b7edb8,49402f280f142e6f0bf8d6ed716bf96dbe605848,false,ps2 textures\opaque\bp_remade\no_mip_fixes\ui,true,false,0,none,5,true,false,false
0033d250,5361f1b15935ba06de1906d3dc5ff2040476af43,bb2d6bbe3bdf6f0e21ec0e2b44aa38b1660fb036,false,ps2 textures\opaque\bp_remade\no_mip_fixes\ui,true,false,0,none,5,true,false,false
0033d251,2a1cb1b0c9e345ec63d2aa96f2243419acecd140,ec56acd418a6e162bba834e124003e89db41a410,false,ps2 textures\opaque\bp_remade\no_mip_fixes\ui,true,false,0,none,5,true,false,false
0033d252,c8a2b35ed7e6c1a765993a42e83faa4dd01ef3fa,fddca5c146e8e5c108ac4e07419fa7d1e684ee70,false,ps2 textures\opaque\bp_remade\no_mip_fixes\ui,true,false,0,none,5,true,false,false
0033d253,3a48cb1de8046ddb2381ec665420c331bb6cc0c9,7cee66ecdb36b2eda97adaf8367c664c29625a12,false,ps2 textures\opaque\bp_remade\no_mip_fixes\ui,true,false,0,none,5,true,false,false
0033d254,295c036c88e8faed35e8deb0023e285c824b5e8d,9b1234a33f541e9c844c8aac525808b00d9775aa,false,ps2 textures\opaque\bp_remade\no_mip_fixes\ui,true,false,0,none,5,true,false,false
0033d255,94d684d98ee0c8953aef80c5c3e155f8cd2cb86e,20cf6e1351d830db933c21cacf3b3ec16abb12fa,false,ps2 textures\opaque\bp_remade\no_mip_fixes\ui,true,false,0,none,5,true,false,false
0033d256,e304c8f2ea417b8c98631cf506607c7e91259bbb,d2d59009363e05fe5fd27f632864505bf7668788,false,ps2 textures\opaque\bp_remade\no_mip_fixes\ui,true,false,0,none,5,true,false,false
0033d257,a4bf953b6b2178981d982c0f18b321e9969a67f5,1f5c1e0384c5c3f2c0e921858bab0e0a157591a1,false,ps2 textures\opaque\bp_remade\no_mip_fixes\ui,true,false,0,none,5,true,false,false
0033d258,ed7d0fe5051771ab022702c7e8a6b729512b53e0,fe262f89bee15312dcbc85dce59a8bcf3db367d5,false,ps2 textures\opaque\bp_remade\no_mip_fixes\ui,true,false,0,none,5,true,false,false
0033d259,937dfadbe1fb2c73a16edeeff7d47b478f548a19,c07c38df231856bccbb19bc4b158816f439bbdd1,false,ps2 textures\opaque\bp_remade\no_mip_fixes\ui,true,false,0,none,5,true,false,false
0033d270,2337cedd24711408d74a41771b9da33b9c978236,5f8cdeb96697a36c295f92df24209081db08d170,false,ps2 textures\opaque\bp_remade\no_mip_fixes\ui,true,false,0,none,5,true,false,false
0033d271,5115f19290f98985e9755b6cfbe767cc59c5362b,12c30b28f2f45ed15dd248d59b5bc8fadcf0e83e,false,ps2 textures\opaque\bp_remade\no_mip_fixes\ui,true,false,0,none,5,true,false,false
0033d272,3fa8e48b3dae3f2241716cd3f394cce571764a14,b52a0e2936e8b9a95914aa4f4d251459a056c2c0,false,ps2 textures\opaque\bp_remade\no_mip_fixes\ui,true,false,0,none,5,true,false,false
0033d273,f478be969bc6d8db132089663a4e1c74f741c997,38f6fff83d8e229ee52e5ba8904094cbc6fcf0b7,false,ps2 textures\opaque\bp_remade\no_mip_fixes\ui,true,false,0,none,5,true,false,false
0033d274,195d97ded2aa06c984deb9eda082b39a09325e1b,95db2811ab7049e264997c39ba72934ff388d888,false,ps2 textures\opaque\bp_remade\no_mip_fixes\ui,true,false,0,none,5,true,false,false
0033d275,2e9ba0817965770e59ca4798500e10f8d1912a5e,1b3c8b923335feeb8f9ee7f57aa5a6ca1cb9cffc,false,ps2 textures\opaque\bp_remade\no_mip_fixes\ui,true,false,0,none,5,true,false,false
0033d277,b18828494d941dcac07616b2e10e3ed98b089fde,af77e4cc5b6dfb175eba9423ea6a1cc0faa3d1df,false,ps2 textures\opaque\bp_remade\no_mip_fixes\ui,true,false,0,none,5,true,false,false
0033d279,02d6445fe228e8b538f3b4ff66636c5e88e6d995,61a3167d76a52678265959e58551042c16cfd90c,false,ps2 textures\opaque\bp_remade\no_mip_fixes\ui,true,false,0,none,5,true,false,false
0033d290,06ec7bd8ad57c5b0da909eb0490b1e2b52664fbc,735420a50395d48c9ab61b7214468439a0bec6bc,false,ps2 textures\opaque\bp_remade\no_mip_fixes\ui,true,false,0,none,5,true,false,false
0033d294,daa0a31afbe34f3899677fa1f1fefb3bfa5213b4,47ddacba36e3168e576a2c06debcdce5c7da97f4,false,ps2 textures\opaque\bp_remade\no_mip_fixes\ui,true,false,0,none,5,true,false,false
0033d296,a965e0e4bd648f10e5715b3abc6635bcd802d627,254a421d3b9e96256270239757c804367865c7c4,false,ps2 textures\opaque\bp_remade\no_mip_fixes\ui,true,false,0,none,5,true,false,false
0033d297,f26687dd643bb42a7775bd9070b9cd6f3eda7c4c,120cbb6c5f76258f39525cda5c214d04597207b2,false,ps2 textures\opaque\bp_remade\no_mip_fixes\ui,true,false,0,none,5,true,false,false
0033d2b1,c8c751ca8ac760c5a44db4a6a3eac8a6231f2f01,1223b260be0505dd78f61a18b1cdca7fe9d8aa22,false,ps2 textures\opaque\bp_remade\no_mip_fixes\ui,true,false,0,none,5,true,false,false
0033d2b2,5f90124fe167b0d2f5805d2d81d5312a00dffb27,d614587fae673361a5ccefff25e9556f38e20a4e,false,ps2 textures\opaque\bp_remade\no_mip_fixes\ui,true,false,0,none,5,true,false,false
0033d2b3,f9e65a8762bb6df8ff717977d3d86ca0526a71b1,b31d039a9c138dc2432e54fbaeba04a612c4e23b,false,ps2 textures\opaque\bp_remade\no_mip_fixes\ui,true,false,0,none,5,true,false,false
0033d2b4,34696023d77af4851a3f9d3b2bbb4d5204c5d703,33df549a48a7244a9855a2dc907c129cd45e39c9,false,ps2 textures\opaque\bp_remade\no_mip_fixes\ui,true,false,0,none,5,true,false,false
0033d2b5,5fe509ab4ccaffc5fe646d830b88c043fd7b9e79,8287370f208f7630bd0383ef27c7ca3a99c5595c,false,ps2 textures\opaque\bp_remade\no_mip_fixes\ui,true,false,0,none,5,true,false,false
0033d2b6,b30cf4c4dbb31bf4a1c7a2dcbf87a7ed6c3d878d,4f2bc3b76391409258fff88bf08fa01066f2f8cb,false,ps2 textures\opaque\bp_remade\no_mip_fixes\ui,true,false,0,none,5,true,false,false
0033d2b8,e4a4f923c300a5d2b786bfe4f82ab0de73219084,f312f97f266b50497cd323ed6f9dc52efb80c62e,false,ps2 textures\opaque\bp_remade\no_mip_fixes\ui,true,false,0,none,5,true,false,false
0033d2b9,bb411fd1c4d5a7ff04b391738b83d84e9830cdcb,d4b408dab1c143c3b2735f1a732ded9907a71915,false,ps2 textures\opaque\bp_remade\no_mip_fixes\ui,true,false,0,none,5,true,false,false
0033d2d0,c7dd0fae7fc2a6a46ff9b97b3749f6f079ba3edb,69ca0c8c6e9705071143dbc5391118a442471d8e,false,ps2 textures\opaque\bp_remade\no_mip_fixes\ui,true,false,0,none,5,true,false,false
0033d2d1,ab150eae6f1e26d60360a1d3c7e44aa11a4a0e06,2bde9ef7adb038f969cec5f1f52c55412a9f094d,false,ps2 textures\opaque\bp_remade\no_mip_fixes\ui,true,false,0,none,5,true,false,false
0033d2d3,61fa776444ab4f8fccdfea9f3152a9a4ffe347d9,d1ce90f2bc6341cd04a8bd3c6dc5b36722e57e35,false,ps2 textures\opaque\bp_remade\no_mip_fixes\ui,true,false,0,none,5,true,false,false
0033d2d4,d6083c3544a324f3b8d67961568c464e9e219a7c,b65adc2e3df53eb75790879864288173c8247062,false,ps2 textures\opaque\bp_remade\no_mip_fixes\ui,true,false,0,none,5,true,false,false
0033d2d5,0adbf6d0ae76608928e60a805ad4ddf5485e586f,2d4ece631bd8daa5fa532bb56e35234cd77ea817,false,ps2 textures\opaque\bp_remade\no_mip_fixes\ui,true,false,0,none,5,true,false,false
0033d2d6,2eb7a50b781a8e6cacb8372839fcb68f95c11218,70defdb9d8cce8bf2ae985e7de0fc249f619e5d6,false,ps2 textures\opaque\bp_remade\no_mip_fixes\ui,true,false,0,none,5,true,false,false
0033d2d7,d5b45423fc884f55b4f79275d9a194dba6ed6f1e,8e44f68345ede9bed9ba2f1ff33b0530b120449e,false,ps2 textures\opaque\bp_remade\no_mip_fixes\ui,true,false,0,none,5,true,false,false
0033d2d8,af7efbb61ca1b6427e7b9ca791ad7e43b9715666,26a5be3c79474e64090c7548e400f9fca95223ee,false,ps2 textures\opaque\bp_remade\no_mip_fixes\ui,true,false,0,none,5,true,false,false
0033d2d9,25e44fd20c7130ee96a8f4dfdf0850e5a7f7f7a7,12b5d5e9bc6b1d01402fc700980bcf21cb524528,false,ps2 textures\opaque\bp_remade\no_mip_fixes\ui,true,false,0,none,5,true,false,false
0033d2f0,e0b3d8b376f69f052012570231552cfca477848d,908cc324a0fa56a0749ad85d857e88c608ad86b2,false,ps2 textures\opaque\bp_remade\no_mip_fixes\ui,true,false,0,none,5,true,false,false
0033d2f1,93be1895907b0f92a22d9d1d985c9d69e32a5c6a,720a12b44a9c7da4860dfaf3ae9b3fc37206cce9,false,ps2 textures\opaque\bp_remade\no_mip_fixes\ui,true,false,0,none,5,true,false,false
0033d2f3,6e81574c29b42627a3ed841ab31bf5a2fa62d425,adf5c55b9ca806739941a08c912933ca46b61d0d,false,ps2 textures\opaque\bp_remade\no_mip_fixes\ui,true,false,0,none,5,true,false,false
0033d2f4,88948b418c2efd4ccaebeb66bd924e4948cc165b,b8b5afe8ddcfed7c4f76741cefb711ea25e5b52f,false,ps2 textures\opaque\bp_remade\no_mip_fixes\ui,true,false,0,none,5,true,false,false
0033d2f5,ba330a9927d7f4fe8a273215ac258e6b19c2b03b,28bc418bbc36b97091516e07807e114cc9472ec0,false,ps2 textures\opaque\bp_remade\no_mip_fixes\ui,true,false,0,none,5,true,false,false
0033d2f6,b6ce8e1f4a414b0af624e9394b819354ab150120,1169de0ba052c120fb6dbe6054b668500f515cc5,false,ps2 textures\opaque\bp_remade\no_mip_fixes\ui,true,false,0,none,5,true,false,false
0033d2f7,20cf4ea7f837d614616c51f1af1f79c8df59ff83,f4f0c9684df4e9bfdc23e485fb49fd3eb5792abc,false,ps2 textures\opaque\bp_remade\no_mip_fixes\ui,true,false,0,none,5,true,false,false
0033d2f8,2e6eb0d925aac346f1a5062ca408cd86b4c98262,6f84ba0c076f5d721f3516499a7595683dfb5655,false,ps2 textures\opaque\bp_remade\no_mip_fixes\ui,true,false,0,none,5,true,false,false
0033d2f9,928e2b1e47097d94a66a40df7e30dc7d8261f980,4c4276c3476ba80e689987f6b7e701111f67f52f,false,ps2 textures\opaque\bp_remade\no_mip_fixes\ui,true,false,0,none,5,true,false,false
0033d310,6dd82bca0251c6397c91c98b8167a774a5356bc6,20dd80cb6256460a4e70aafba16ca15811e6378b,false,ps2 textures\opaque\bp_remade\no_mip_fixes\ui,true,false,0,none,5,true,false,false
0033d311,a1b79326869dbb153ae303eba66ff2e0d05ba22c,a14b0e7a664c6d82d6f85953164dc61f7d0cecca,false,ps2 textures\opaque\bp_remade\no_mip_fixes\ui,true,false,0,none,5,true,false,false
0033d312,65db908bf66403cd687fd686180c99638e88ed86,eddea6829c098c4dc679a541ffc12a9d50c79c11,false,ps2 textures\opaque\bp_remade\no_mip_fixes\ui,true,false,0,none,5,true,false,false
0033d313,6103396b8d955a26b7a3f00d3138671309491604,41a5dea0292ffbf01cedae1c6d80db5222b88feb,false,ps2 textures\opaque\bp_remade\no_mip_fixes\ui,true,false,0,none,5,true,false,false
0033d314,77efcee24f88eaaba141ca99f4ac84ff7d4bffdf,0683fecde0a9d047f3a1d4a7c2fb450b23313a91,false,ps2 textures\opaque\bp_remade\no_mip_fixes\ui,true,false,0,none,5,true,false,false
0033d315,0dc3d4189adef8496a2c4ca8c62e0f295491d34e,e94c302049105fbf64b5df5af676bbb9ff567ec0,false,ps2 textures\opaque\bp_remade\no_mip_fixes\ui,true,false,0,none,5,true,false,false
0033d316,846412731f8ab430538b3861403115db3bb61214,f9b3b09d946ff35b2841a3768614448c0e8040ca,false,ps2 textures\opaque\bp_remade\no_mip_fixes\ui,true,false,0,none,5,true,false,false
0033d317,18f7836ba21ba1e1234b52f295b616e6c04d4d5e,eb9e004a17bc4ecb02dd698069fa85cfdeddcdf8,false,ps2 textures\opaque\bp_remade\no_mip_fixes\ui,true,false,0,none,5,true,false,false
0033d318,3dd36e4b4a61a74d180a839f4165f81ed4880736,a1fccac84494eb7b4324267a4c3392e39d6cacc4,false,ps2 textures\opaque\bp_remade\no_mip_fixes\ui,true,false,0,none,5,true,false,false
0033d330,18ecec7f2ed3de3ee6851edfd1d57fdb7805c648,653a1446479c311b702d11cfe5e048239e0b4d9f,false,ps2 textures\opaque\bp_remade\no_mip_fixes\ui,true,false,0,none,5,true,false,false
0033d331,3b5adadc68acafc8e44c865f45cc9933b4637d27,559f08e400270c51d24e15662970dbee1e3a68f2,false,ps2 textures\opaque\bp_remade\no_mip_fixes\ui,true,false,0,none,5,true,false,false
0033dbe9,dc3ce45cc3c5cf4274cdb8504a23be3d05ce3d4a,21d0abfaccaf766f8863823fd8ce88e83ce02432,false,ps2 textures\HAS ALPHA\bp_remade\no_mip_fixes\ui,false,false,0,none,5,true,false,false
0033dbe9_e2f15027570cf3cdb8ebc2e7446a231a,990a26572ac5ed195fd3dae1d853d347c9e09a02,dd3fde5d9dc8f440da68d7ee0f6c3cb55a429e13,false,ps2 textures\HAS ALPHA\bp_remade\no_mip_fixes\ui,false,false,0,none,5,true,false,false
0033dc69,8e884fb3539ee16b27379396f512d1334d121209,fae1e5f9cc5bfd686007873c68801aa3235063f1,false,ps2 textures\HAS ALPHA\bp_remade\no_mip_fixes\ui,false,false,0,none,5,true,false,false
0033dce9,79997f599a7a0c1386b6db8ca4973f0b93caa657,ddc4f189de305eb1c563b7114765b4fee86bdf36,false,ps2 textures\HAS ALPHA\bp_remade\no_mip_fixes\ui,false,false,0,none,5,true,false,false
0033dd69,93313abf269ed003afa626112515abbb8ebf9c85,4ad24398c0866932d1319de8cb05537b41dbdd8d,false,ps2 textures\HAS ALPHA\bp_remade\no_mip_fixes\ui,false,false,0,none,5,true,false,false
0033dde9,674e8dd6722b8dd1f42c8e48ec52f4b8c7743792,5a18e8b141363148795edcb2808a6e2b90a8ae98,false,ps2 textures\HAS ALPHA\bp_remade\no_mip_fixes\ui,false,false,0,none,5,true,false,false
0033ebe9,fbfe7f57edee782078831d00b132fc5c679fef37,4b2e4f5218c90b06a3408cd9af6f3ad0b0d7dc83,false,ps2 textures\HAS ALPHA\bp_remade\no_mip_fixes\ui,false,false,0,none,5,true,false,false
0033ebe9_74455759f8c34556343a33b4c26a1fbb,bb52c4e1bf9b0a15e11018c2ef26fca094d823f8,6cdc68ff1fc0d6ce1e42731943e2adfd8e94a24d,false,ps2 textures\HAS ALPHA\bp_remade\no_mip_fixes\ui,false,false,0,none,5,true,false,false
0033ec69,049706d13ba6641768364f3339856d149b286442,baa0fb25df4876e57fb0a2276e35c41a669c1f11,false,ps2 textures\HAS ALPHA\bp_remade\no_mip_fixes\ui,false,false,0,none,5,true,false,false
0033ece9,9f6c48a5e8f8e9d91714e5780866b79bac8f0ae0,cec0feaf48c073fd2e58b6b71e44138ffb385218,false,ps2 textures\HAS ALPHA\bp_remade\no_mip_fixes\ui,false,false,0,none,5,true,false,false
0033fbe9,9bd66a1cc6c873df0255f1d35797efb3535d79c5,7b588e1a64392f0818a1c8a15a4209d836b596ad,false,ps2 textures\HAS ALPHA\bp_remade\no_mip_fixes\ui,false,false,0,none,5,true,false,false
0033fbe9_e30818ab79e34d6e32dee54983d1463f,a12466fa9e9acd519161d9339c4b80749deab144,4daf1e465fbf9ab81d32bd43644d8db2ea67098f,false,ps2 textures\HAS ALPHA\bp_remade\no_mip_fixes\ui,false,false,0,none,5,true,false,false
0033fc69,92c35ca2db8bc6681183b1a19d68dc045c09a717,c123adf35ac4f6bf9786847cd552affff4365a09,false,ps2 textures\HAS ALPHA\bp_remade\no_mip_fixes\ui,false,false,0,none,5,true,false,false
0033fc69_3321c5f2479e09d0a10035b6153ced86,2b26c2e8219c35bdc38a3a539175fc5883e1b52e,e6014f7ce3fe2728b27c772a1cd43a46f7463e90,false,ps2 textures\HAS ALPHA\bp_remade\no_mip_fixes\ui,false,false,0,none,5,true,false,false
0033fce9,b08eb01d942b763a926425fb35a6aa3ba8d39277,275a9bdfcf6b8786066bffa65dec63743252bd49,false,ps2 textures\HAS ALPHA\bp_remade\no_mip_fixes\ui,false,false,0,none,5,true,false,false
0033fd69,f18bc66ba78994951ea83c86933aa5a247168352,074efea723674c08583f0b08e4e3a54f3a3646ab,false,ps2 textures\HAS ALPHA\bp_remade\no_mip_fixes\ui,false,false,0,none,5,true,false,false
00342f5b,c070d8a35217433d8f5f1903fd2dae10e7e9717b,d680e099eb5692ddc217ffc69b6d7ce79355ccb6,true,ps2 textures\HAS ALPHA\bp_remade\no_mip_fixes\ui,false,true,5,remarci_4x,0,false,false,false
00346be9,cae1fdf6112732cc6f191cadc54231742a0dac32,6b3b3dc17eda2fe4a61b4bc95272b33fb9200e10,false,ps2 textures\HAS ALPHA\bp_remade\no_mip_fixes\ui,false,false,0,none,5,true,false,false
00346c69,39a0e6dd7d0bcce24d3a01556c8e26d90f69ef61,f2c13078c2af17e6f939242981eb2f084328b516,false,ps2 textures\HAS ALPHA\bp_remade\no_mip_fixes\ui,false,false,0,none,5,true,false,false
00346ce9,f711aa7ecc77d71fa19259cca758f41dc0dd119b,5ae8c5ae3e7ef954a1d53bb8c706ba9d41e60186,false,ps2 textures\HAS ALPHA\bp_remade\no_mip_fixes\ui,false,false,0,none,5,true,false,false
00346d69,51e3f9e675af6059af74ba6bb198be373d5cffc9,8311b3f49ff358481c3c654bb5fd3e346774d284,false,ps2 textures\HAS ALPHA\bp_remade\no_mip_fixes\ui,false,false,0,none,5,true,false,false
00346de9,28a1bd0826d400d3aec051f97f21f0c3f1514915,f934877656d64406c6e7a5d91784a0e177fc9457,false,ps2 textures\HAS ALPHA\bp_remade\no_mip_fixes\ui,false,false,0,none,5,true,false,false
00346e69,5bca06508089d56b234dd1794a6152e30daf8ea4,65b54ae4bca7ac39f2664eafedb4e3d3d5f98c9f,false,ps2 textures\HAS ALPHA\bp_remade\no_mip_fixes\ui,false,false,0,none,5,true,false,false
00346ee9,af7fe6f015c9e25d12f958549f9c670cc8b5482a,8921daa996b09b37396f64c61a3b547e267cdce3,false,ps2 textures\HAS ALPHA\bp_remade\no_mip_fixes\ui,false,false,0,none,5,true,false,false
00347be9,0aa2dafdb6957a5b7c5eca27a7f09a4ff5dcb9e3,2d08a0b7f9d4af06f7af4c9d3cea6f809feaa886,false,ps2 textures\HAS ALPHA\bp_remade\no_mip_fixes\ui,false,false,0,none,5,true,false,false
00347c69,0f14493e8e28c42673110818b1928869624a9093,abf38d5a8cb6aa17a74f2e27b751c7ac9bdc0e36,false,ps2 textures\HAS ALPHA\bp_remade\no_mip_fixes\ui,false,false,0,none,5,true,false,false
00348890,e1d911e789bd8a11c88472427d5fd2ce9e3c6a0f,67b669f5c39e29e7a4575c520bb2e961c77289d3,true,ps2 textures\HAS ALPHA\bp_remade\no_mip_fixes\ui,false,true,5,remarci_4x,0,false,false,false
00348be9,1c58c0fadbc8b13ab8973a641ab583db585104ca,bc521acc1915358d406a1c4249f8bb85f928624a,false,ps2 textures\HAS ALPHA\bp_remade\no_mip_fixes\ui,false,false,0,none,5,true,false,false
00348c69,c7788cdc5a11c27428b65c280d6f0942a80e6d3d,6cfc41bc0a58b07ba32bebdca51a0bf7bfc2fba8,false,ps2 textures\HAS ALPHA\bp_remade\no_mip_fixes\ui,false,false,0,none,5,true,false,false
00348ce9,1ed7a873ae2f885be8c8cf009bf6639044d0a02c,a8cf2fee14ebfad1667f5d66cd8c5bdeea0a1ab1,false,ps2 textures\HAS ALPHA\bp_remade\no_mip_fixes\ui,false,false,0,none,5,true,false,false
00349be9,1a0b0104ecfdb2c6b448a3f201ba1c3a9b32cba4,00694f88013ad788991ac7340928d8b3ef2e7dc1,false,ps2 textures\HAS ALPHA\bp_remade\no_mip_fixes\ui,false,false,0,none,5,true,false,false
00349c69,2fc381a834354d72649a83cc6a2256db1cd66952,b5605be985ad0aff0cb6aae3e0a12035cbaf4b51,false,ps2 textures\HAS ALPHA\bp_remade\no_mip_fixes\ui,false,false,0,none,5,true,false,false
00349ce9,4171fe17b1234ad5af570bf59b051a13203e7256,b4e0ebfb50ad3cd95be09703174c05afc9cc2a81,false,ps2 textures\HAS ALPHA\bp_remade\no_mip_fixes\ui,false,false,0,none,5,true,false,false
0034abe9,4097be11e2dc7b124c37031031c9c93b36630aca,3e8496ce6299155026870b48096f8d956c60c013,false,ps2 textures\HAS ALPHA\bp_remade\no_mip_fixes\ui,false,false,0,none,5,true,false,false
0034ac69,df9c93048e856595fedc8fbe5bb2297e837a5dcb,2117684f0a1b500378c12d20a72187a2da721ef9,false,ps2 textures\HAS ALPHA\bp_remade\no_mip_fixes\ui,false,false,0,none,5,true,false,false
0034ace9,ceaef7158bbca0005c2095c751b46680385a830a,73d989f9c95323b84b4fa5f6aaeb6d47bf2d32ce,false,ps2 textures\HAS ALPHA\bp_remade\no_mip_fixes\ui,false,false,0,none,5,true,false,false
0034ad69,ce989a5c7cbe33ebd346139866f30f6543b0b5e8,705959c1148952e9a150790607e5fc6f80bddf68,false,ps2 textures\HAS ALPHA\bp_remade\no_mip_fixes\ui,false,false,0,none,5,true,false,false
0034ade9,0455e6254ac55b905a413f9269a24488fd632767,ab88da7cba10b25b74f7947c6880733ac181c332,false,ps2 textures\HAS ALPHA\bp_remade\no_mip_fixes\ui,false,false,0,none,5,true,false,false
0034bbe9,7e47d83136bf21488b8937a4fc5eb59cc78e60a9,54e14a1e29bf6d504051f47cb29de072c42387d3,false,ps2 textures\HAS ALPHA\bp_remade\no_mip_fixes\ui,false,false,0,none,5,true,false,false
0034bc69,50c4cf9a6316495a6ccfe629a32234e5372c1eb8,6414ca58e79c7db2c32b4ef5088fe8ccb07ba2e9,false,ps2 textures\HAS ALPHA\bp_remade\no_mip_fixes\ui,false,false,0,none,5,true,false,false
0034bc6d,d80d383f7d6015b990c8fd8fd196bf94c384f4c0,dd23e4bc1060624d8408ae96bb776ebfad4aad26,false,ps2 textures\HAS ALPHA\bp_remade\no_mip_fixes\ui,false,false,0,none,5,true,false,false
0034bde9,ea9cb1d062ee8aa10dd84a73b9c0b363e28ca742,0d18e470107953253083e99c6c86fbb3c0cb23ae,false,ps2 textures\HAS ALPHA\bp_remade\no_mip_fixes\ui,false,false,0,none,5,true,false,false
0034be69,d0e856319cf803add17b049efb1800c0811957e6,441f5bb8bba0efd9ae5e1c758a131f6f7c8b5761,false,ps2 textures\HAS ALPHA\bp_remade\no_mip_fixes\ui,false,false,0,none,5,true,false,false
0034ca32,234b23b1c5f95d994b5dc1d48d44477d16c3c032,c6e577f991e63a5f8b034c85b2dc08d2db6aceb2,false,ps2 textures\HAS ALPHA\bp_remade\no_mip_fixes\ui,false,false,0,none,5,true,false,false
0034cbe9,f93027ea3ba859db6fcc42896d1e1c5b335f3def,d05e1e37f0a5d0a07f8eb2c0567039ca05ef0ec2,false,ps2 textures\HAS ALPHA\bp_remade\no_mip_fixes\ui,false,false,0,none,5,true,false,false
0034cc69,89be1ab729cea944bf18e4c40da537bef6b2ca76,474d5cbb41dd76ca83dce60bb575816144e1a345,false,ps2 textures\HAS ALPHA\bp_remade\no_mip_fixes\ui,false,false,0,none,5,true,false,false
0034cce9,37d114300c60da8df51bb49b36c3bca5cf177ed5,2159f16971e409fd4ffe0a7d72e90a5ba4ad0331,false,ps2 textures\HAS ALPHA\bp_remade\no_mip_fixes\ui,false,false,0,none,5,true,false,false
0034cd69,ddb840ef0401e3a815f6f613e171d523d717afee,608e79e436066f7aa146f2cc008f84261a4e2fbd,false,ps2 textures\HAS ALPHA\bp_remade\no_mip_fixes\ui,false,false,0,none,5,true,false,false
0034cde9,e2b0d4c0eb1625ac209f23499106f6a0e86f5bb6,d903bc562bce6ecafea3230d9d0d4bda2bc0ef6e,false,ps2 textures\HAS ALPHA\bp_remade\no_mip_fixes\ui,false,false,0,none,5,true,false,false
0034ce69,a4cb4a5162e8ee6b0591a46ebbe2d7746db6a2d1,b3f82a1e056f8362de3732ba36f523d5794e1ed1,false,ps2 textures\HAS ALPHA\bp_remade\no_mip_fixes\ui,false,false,0,none,5,true,false,false
0034dbe9,5e80139e2a833cdebbe8f0eb103f333a2425cef4,2a4d76b036ee7888a85ea127c6f662dc52a80649,false,ps2 textures\HAS ALPHA\bp_remade\no_mip_fixes\ui,false,false,0,none,5,true,false,false
0034dc69,6474a09814c6c3b49ba0c02928c2d4830a18299a,377b4b44bd4f259ccab07b886e50743525001306,false,ps2 textures\HAS ALPHA\bp_remade\no_mip_fixes\ui,false,false,0,none,5,true,false,false
0034dce9,6959594b168d5d9e27f1c0fad4534e7736c1475d,8c7ac806c0a618abb5d44011e8ecbd9ecbe06c0d,false,ps2 textures\HAS ALPHA\bp_remade\no_mip_fixes\ui,false,false,0,none,5,true,false,false
0034dd69,cebe2ca1c627966e8a059c5ac2415a4fa86f2716,206e8e2165123e591943965199844f045f4b8beb,false,ps2 textures\HAS ALPHA\bp_remade\no_mip_fixes\ui,false,false,0,none,5,true,false,false
0034dde9,1984b361340c6ae182ddc8877ee51b00c384074c,e71138ae87dba096da86aa064eb80543acd832a2,false,ps2 textures\HAS ALPHA\bp_remade\no_mip_fixes\ui,false,false,0,none,5,true,false,false
0034df8e,ea25755326cde1910347b251e6acd9ac2848f820,700d09381509a8b017167b2e8ee97a2b72fd1c0c,true,ps2 textures\opaque\bp_remade\no_mip_fixes\ui,true,true,5,remarci_4x,0,false,false,false
0034ebe9,f165270d0e2b2fdd0455c97afda23799d674b2d5,3ac9197c26d66da8d437c6aa0b28853007e60045,false,ps2 textures\HAS ALPHA\bp_remade\no_mip_fixes\ui,false,false,0,none,5,true,false,false
0034fbe9,9c2e33a611bf300fab54571d73709b88d976deb3,414b848c0c41bf751a27c13aefa1c9745515213b,false,ps2 textures\HAS ALPHA\bp_remade\no_mip_fixes\ui,false,false,0,none,5,true,false,false
0034fc69,263a6cd64566c9eb3b95aa7f956e0f8d3b75abc3,16d77334df3739d976d4b86a0399d615e75fbb6c,false,ps2 textures\HAS ALPHA\bp_remade\no_mip_fixes\ui,false,false,0,none,5,true,false,false
0034fce9,cef1b151a1a4490838d133c35edfd55bcd4ff020,a47d40ba4961a7bcf3cc641389345dd31e96433f,false,ps2 textures\HAS ALPHA\bp_remade\no_mip_fixes\ui,false,false,0,none,5,true,false,false
0034fd69,775a6e5d5fee5551d4f7488734e64dce524d2dd7,a44c24368bb6dc78c3a260a5e2118b00d7d3c827,false,ps2 textures\HAS ALPHA\bp_remade\no_mip_fixes\ui,false,false,0,none,5,true,false,false
0035095c,9cbba632d55c37245eca54ead91ab29635d67200,cb1b2a45299de49fcf9b7559f541859d440a0253,true,ps2 textures\HAS ALPHA\bp_remade\no_mip_fixes\ui,false,true,5,remarci_4x,0,false,false,false
00354e27,62e4779de6da0b6559da4c4f135f8ef4807ed592,414dd4508eef34f487d4412824983ecad723d5eb,true,ps2 textures\HAS ALPHA\bp_remade\no_mip_fixes\ui,false,true,5,remarci_4x,0,false,false,false
00354e2b,2448b530d3deb4d0bd2ee9f9897ae163caebba5d,51e0a02ee74cd6b5045638a0ca32b2abe82da1d5,true,ps2 textures\HAS ALPHA\bp_remade\no_mip_fixes\ui,false,true,5,remarci_4x,0,false,false,false
00354e2f,c20d844e87f8ae8d09a0df3c29258ecf496f41a2,ba71ce3c26f80a6c935ac7f9bcbfdd63ba86cd4f,true,ps2 textures\HAS ALPHA\bp_remade\no_mip_fixes\ui,false,true,5,remarci_4x,0,false,false,false
00356be9,ed0cfef79edc9c2be992e5a804cd8a4dd39c1e46,7f9d137bb125c8a2f67bf7506d0bd6670cbd6216,false,ps2 textures\HAS ALPHA\bp_remade\no_mip_fixes\ui,false,false,0,none,5,true,false,false
00357be9,5da52fb559a94e09fcf862408505fed2126003f3,8f27fb0c4351c65f0fcec0f42e0a6f501a6af4fa,false,ps2 textures\HAS ALPHA\bp_remade\no_mip_fixes\ui,false,false,0,none,5,true,false,false
00357be9_1409304ce76718d9a5126ad56628869a,c355cee4cf6a90aee59fe418929db921778dcd86,75a71c02944357a15de71c53b0813df478c7728a,false,ps2 textures\HAS ALPHA\bp_remade\no_mip_fixes\ui,false,false,0,none,5,true,false,false
00357c69,b4b7ad2ddb02a13ef76f9f08934528f89a85fd9a,afcd72bba09e9e1749de636d92e0f3dd908d2b19,false,ps2 textures\HAS ALPHA\bp_remade\no_mip_fixes\ui,false,false,0,none,5,true,false,false
00357ce9,0344e660f278370442b914c33f7e3780761144eb,5f2f8fd3d0951415dba13544a0a454949f5900f4,false,ps2 textures\HAS ALPHA\bp_remade\no_mip_fixes\ui,false,false,0,none,5,true,false,false
00358be9,6b927bba7977fa3c6b2fabb0ac91cf617470a111,6bbf7387bc7643ff3bd2788136b00d638926b6ce,false,ps2 textures\HAS ALPHA\bp_remade\no_mip_fixes\ui,false,false,0,none,5,true,false,false
00358c69,c49c5c5d1e8ef9e9e6713ec97028f06ccbe29457,6f8df7dde4d54bd625d92ceef9746a011a37daa4,false,ps2 textures\HAS ALPHA\bp_remade\no_mip_fixes\ui,false,false,0,none,5,true,false,false
0035bc69,c3711a485efeeeb80f185b98db9eb7568e7310bf,4a5ea8d871d291b28eb4844873cafe645cf03316,false,ps2 textures\HAS ALPHA\bp_remade\no_mip_fixes\ui,false,false,0,none,5,true,false,false
0035cada,2fdacf0fb84304267bffe44aca5d10fcec651385,597b241129b4c466f4a820f5fbf9a7c4cafe10ed,false,ps2 textures\opaque\bp_remade\no_mip_fixes\ui,true,false,0,none,5,true,false,false
0035cbe9,21b1a72104f80e1d2acbb4d4157100689f89dca0,dad5dceeec93794fc62d76b2519cbe1b91772ec0,false,ps2 textures\HAS ALPHA\bp_remade\no_mip_fixes\ui,false,false,0,none,5,true,false,false
0035cc69,b2fafff6ddcdd605f9afd9771de102c3b8fa494f,9b6882dfaf99d84b178ce20b289fb47e74a8cbfa,false,ps2 textures\HAS ALPHA\bp_remade\no_mip_fixes\ui,false,false,0,none,5,true,false,false
0035cce9,58b6fa11fd329bd2024be18d14f73465937f73d2,c950be3d11a97f6ffd2339f7ece0b5bedfe6d2d6,false,ps2 textures\HAS ALPHA\bp_remade\no_mip_fixes\ui,false,false,0,none,5,true,false,false
0035ce0b,3a90da1084cd964d8fed9818725dcd574149086f,b9231c201ac5d8c3458e144b4c787c9e091b07e6,false,ps2 textures\HAS ALPHA\bp_remade\no_mip_fixes\ui,false,false,0,none,5,true,false,false
0035dbe9,1de0a24a4e27936d389f7ada2542905a871525f0,fb21a7ce0b9b6c2facd8a73583da304704951460,false,ps2 textures\HAS ALPHA\bp_remade\no_mip_fixes\ui,false,false,0,none,5,true,false,false
0035ded2.img,70596ad19ec1661d2abd28eee37e7b57c7f888ad,e0b834fc63eb73601b310b722f28b7639a3763e9,true,ps2 textures\HAS ALPHA\bp_remade\no_mip_fixes\ui,false,true,5,remarci_4x,0,false,false,false
0035ebe9,ab4ffac00800986f0dcd33872d15c52f78c0cccb,c8319124d168b83ec0fbc65df60cd42c24950cb0,false,ps2 textures\HAS ALPHA\bp_remade\no_mip_fixes\ui,false,false,0,none,5,true,false,false
0035ec69,b108fc0f4846f315e979ee9b2c531e0437a672c2,451adff386c2a7372141baa9bf98dcedfcc13891,false,ps2 textures\HAS ALPHA\bp_remade\no_mip_fixes\ui,false,false,0,none,5,true,false,false
0035ece9,23ee3876cce7eaea38219cf3a7faf4cef4abdcb6,3245897e066a955cceba2bf731cb6a0804d274e0,false,ps2 textures\HAS ALPHA\bp_remade\no_mip_fixes\ui,false,false,0,none,5,true,false,false
0035fbe9,d82ca4d42fc9e12fec1a6e3ff61904605d3ca065,5f1495b5974bd9fab1b014d22dde57caf506ffdb,false,ps2 textures\HAS ALPHA\bp_remade\no_mip_fixes\ui,false,false,0,none,5,true,false,false
0035fc69,56100157b9bbe6bb500323dd441b95ec167e4416,597d3e5ef4bc0464104d7f01ec9084d66c04bf63,false,ps2 textures\HAS ALPHA\bp_remade\no_mip_fixes\ui,false,false,0,none,5,true,false,false
00360eea,63db8ae9d8a8c17ef2ca04b51f054837e934c08e,0e4699255e5c656c7304dc2a93d5f6248c51055f,true,ps2 textures\HAS ALPHA\bp_remade\no_mip_fixes\ui,false,true,5,remarci_4x,0,false,false,false
00366be9,2ec6ac566dd48b38a917ccb8e2b084c1df77af3e,dee5444d7963edd5d561849f16e5ad5591223a91,false,ps2 textures\HAS ALPHA\bp_remade\no_mip_fixes\ui,false,false,0,none,5,true,false,false
00367be9,6bc54d4361d429a6083450a3951b667fbec0b441,fe70d26721e2cd738daacad0a8d2591a2bb35d88,false,ps2 textures\HAS ALPHA\bp_remade\no_mip_fixes\ui,false,false,0,none,5,true,false,false
00367c69,1e2319ba417d20b767bf4d4e3d2a700851646be7,ab3d13b60b5b066f009ba67a06e381c65d09ab7c,false,ps2 textures\HAS ALPHA\bp_remade\no_mip_fixes\ui,false,false,0,none,5,true,false,false
00367ce9,58dbdb10854275b14c04ee7e7f3e55677f443e2c,40b3ae4d8deeb443f74cbc8d92a8d78247787551,false,ps2 textures\HAS ALPHA\bp_remade\no_mip_fixes\ui,false,false,0,none,5,true,false,false
00368be9,e1a4dff929e91a0d7d77265d5fbc55c474d8640d,ad212b7073cb13849aedabddd29eb7fe1a210c9d,false,ps2 textures\HAS ALPHA\bp_remade\no_mip_fixes\ui,false,false,0,none,5,true,false,false
00368c69,1a27ce5b792906d22dbdd99c0cb8a74a687f244b,18e2b946409d3a3724b15a26daad79f203d569f8,false,ps2 textures\HAS ALPHA\bp_remade\no_mip_fixes\ui,false,false,0,none,5,true,false,false
0036a317,cd81f5a35ab048bd672a16be58ddd92265cfcb58,3fbd5d4115eb131f5dec64ed394edc9c8f8a7872,true,ps2 textures\HAS ALPHA\bp_remade\no_mip_fixes\ui,false,true,5,remarci_4x,0,false,false,false
0036bbe9,9ced999d99b638511b3d0c06694e9531c320975b,353808dac3c0c14df8f046218237f955a5fbb191,false,ps2 textures\HAS ALPHA\bp_remade\no_mip_fixes\ui,false,false,0,none,5,true,false,false
0036bc69,84b842582ff2c6dec2f56a8b060de4e5f27f1c55,55044637e7b1a21ca5f599e420716487de89e9cc,false,ps2 textures\HAS ALPHA\bp_remade\no_mip_fixes\ui,false,false,0,none,5,true,false,false
0036bd68,64c69bf8ef24aa9f6b770a78ec6e4ca2abe3e42d,91c91ed1a0b6beba5b11d5cb437d646f736c25ab,false,ps2 textures\HAS ALPHA\bp_remade\no_mip_fixes\ui,false,false,0,none,5,true,false,false
0036cbe9,c40d6e8e5ee1a2a3ea23af1db3159e836b38c8ee,73940b5edc9a2d86001609068977d06fef4263ba,false,ps2 textures\HAS ALPHA\bp_remade\no_mip_fixes\ui,false,false,0,none,5,true,false,false
0036cc69,05fda120caf628a5583f727f80e412310b11fa31,480a8e1a6c9f68672e148b77fd395ef8bdb61f57,false,ps2 textures\HAS ALPHA\bp_remade\no_mip_fixes\ui,false,false,0,none,5,true,false,false
0036cce9,5ab8b7fec6548655a1200102f3016fe9d73ee8a8,35ebff2a29a4219f0a8349f52fd4b0e0431238d0,false,ps2 textures\HAS ALPHA\bp_remade\no_mip_fixes\ui,false,false,0,none,5,true,false,false
0036dbe9,93a35e4c8cfd6f384cba8dca116734110d1b2477,1f531dab5dfbe2ea0606bb78930a70977de8cc52,false,ps2 textures\HAS ALPHA\bp_remade\no_mip_fixes\ui,false,false,0,none,5,true,false,false
0036ebe9,c7fc6b6c162737c61005a295b602469b25c074b1,79b5d19c4a156ff2956afdd8dce80831c5fa531e,false,ps2 textures\HAS ALPHA\bp_remade\no_mip_fixes\ui,false,false,0,none,5,true,false,false
0036ec69,aecbb0346a45c301c1e522de75b6b37cad0d207a,77ac672b40fa5e391fee176dcf204af33a6eb3e8,false,ps2 textures\HAS ALPHA\bp_remade\no_mip_fixes\ui,false,false,0,none,5,true,false,false
0036ece9,042e073e19d5ae0e891176127c24807b3ffc6f1b,3de4a92a252d4e55869a6fb648828046a0d3a2f7,false,ps2 textures\HAS ALPHA\bp_remade\no_mip_fixes\ui,false,false,0,none,5,true,false,false
0036fbe9,8fbb2a89c3e00a0d811f16f693560519274c995c,559cc230135e04d7cf9789b06615a260c494cace,false,ps2 textures\HAS ALPHA\bp_remade\no_mip_fixes\ui,false,false,0,none,5,true,false,false
0036fc69,16614cfb1e670fed7f8a823ead7f83d27d286b62,e5623733d69d1cd197291f9406f5f5a58f4fdde4,false,ps2 textures\HAS ALPHA\bp_remade\no_mip_fixes\ui,false,false,0,none,5,true,false,false
00377be9,9f112f1b37d8c48ae41260ccf41a5c262cc7f4c6,8a274df9638389d95f6e406f991d9176df560c93,false,ps2 textures\HAS ALPHA\bp_remade\no_mip_fixes\ui,false,false,0,none,5,true,false,false
003797aa,beab7d9c0fe2754a66f079b3855f8abbff5dc0b5,f8dda4192b7f90de2d11830985936ae1dbd47092,true,ps2 textures\HAS ALPHA\bp_remade\no_mip_fixes\ui,false,true,5,remarci_4x,0,false,false,false
0037aa3e,369568be9df989159fb1e25492142f9707efceee,dbabfa978263070ca19ab3650e23bff53c35d72f,false,ps2 textures\opaque\bp_remade\no_mip_fixes\ui,true,false,0,none,5,true,false,false
003807d3,e7f7f7bdbeaf039db425f2fdaff143242aec5970,892bd2a77e6e077da1633f339ded3c537c59d3aa,false,ps2 textures\HAS ALPHA\bp_remade\no_mip_fixes\ui,false,false,0,none,5,true,false,false
00386be9,a5501c6044bb72ae79818f9fb303b4f3569392fe,03a02df348f57b833c6eedf2fe760e259b0bcc64,false,ps2 textures\HAS ALPHA\bp_remade\no_mip_fixes\ui,false,false,0,none,5,true,false,false
00387be9,61c08bf2af80e1918f1d65b4e2dab330b6639c51,079c5f81ba801ba86bfc57f6898646b0b157ad78,false,ps2 textures\HAS ALPHA\bp_remade\no_mip_fixes\ui,false,false,0,none,5,true,false,false
003886e9,f2341f519731664a4fb097684f7e604be5321f09,e9ff90bbe1130173abeee4b6ce8d2423b682c1f2,true,ps2 textures\HAS ALPHA\bp_remade\no_mip_fixes\ui,false,true,5,remarci_4x,0,false,false,false
0038c9cf.img,bd1c220d73e35ffa0dd1d1f950f188e7ae2cbb79,80e8fce8b243c520c8e6efcc43bb6aa4b0aaf9d8,false,ps2 textures\HAS ALPHA\bp_remade\no_mip_fixes\ui,false,false,0,none,5,true,false,false
0038c9d3.img,044db658a68a47011859c04e96adb6bbe90eae11,9eea955176c2c14963ed4094fb027e557deec13a,false,ps2 textures\HAS ALPHA\bp_remade\no_mip_fixes\ui,false,false,0,none,5,true,false,false
0038c9d7.img,97388d3b074154d9ef3b28140a33a025e9267f15,dc0d3fd31d7991d164f08d3635951083936e84f7,false,ps2 textures\HAS ALPHA\bp_remade\no_mip_fixes\ui,false,false,0,none,5,true,false,false
0038c9db.img,ae570a0ccfbbdd38c44b6c12ae1129d73d793cc5,6148010d74f725965535727534870704283ed30d,false,ps2 textures\HAS ALPHA\bp_remade\no_mip_fixes\ui,false,false,0,none,5,true,false,false
0038c9df.img,98b457759e66bfcdb6dc52402ef80f863d9ed411,a6e731c77664bb4d92240ef9d1fbfa1c2760be81,false,ps2 textures\HAS ALPHA\bp_remade\no_mip_fixes\ui,false,false,0,none,5,true,false,false
0038c9e3.img,95f4a93177d686284634510585bab091ca971bdd,6b40f739d8cbbe034f19c3c8e4fe261f6bec381a,false,ps2 textures\HAS ALPHA\bp_remade\no_mip_fixes\ui,false,false,0,none,5,true,false,false
0038c9e7.img,770cf994029053026067ac02a7f76d39e3512a55,0c1b195008840dcbd9aaba6e41f72eb0a8e6bb5f,false,ps2 textures\HAS ALPHA\bp_remade\no_mip_fixes\ui,false,false,0,none,5,true,false,false
0038c9eb.img,e0550ebd42da5b16f16a75666b7e5aa12be69997,481191c7d3548d3b2e9b8e95e1f318fa777b3d0b,false,ps2 textures\HAS ALPHA\bp_remade\no_mip_fixes\ui,false,false,0,none,5,true,false,false
0038c9f3.img,bac706cd2718797e7249d94b064483c5f5771a89,3a8ab8b1a5007178e8d61d5bda0046bdf6802e53,false,ps2 textures\HAS ALPHA\bp_remade\no_mip_fixes\ui,false,false,0,none,5,true,false,false
0038ca53.img,d6ec1c00f491b0951e2c81fee171758549654fb6,42adad5289bbb865cfeea7f646b1c1fd9ce27733,false,ps2 textures\HAS ALPHA\bp_remade\no_mip_fixes\ui,false,false,0,none,5,true,false,false
0038ca57.img,3c93a24044e977ab198893b0197d59ab965d12e6,fadcb4b1d6536eb4ba9be00ff51e3825d30cb880,false,ps2 textures\HAS ALPHA\bp_remade\no_mip_fixes\ui,false,false,0,none,5,true,false,false
0038ca63.img,315810b287db5cd4d267979aa262ab6d49f1dfea,503579edc5680014166657fa715b861d66b13ec3,false,ps2 textures\HAS ALPHA\bp_remade\no_mip_fixes\ui,false,false,0,none,5,true,false,false
0038ca67.img,353e1e3e0d409b05433c153c4bc4786bf62b7fdf,f05eb996329b04ef9ec9a75e10844edc2a4ef116,false,ps2 textures\HAS ALPHA\bp_remade\no_mip_fixes\ui,false,false,0,none,5,true,false,false
0038ca6f.img,2529f9f36ff4bdbbf8fd37c154b58c6c283ce584,0c02bfbf26765e53f7813d65fbc29d55b26f2b75,false,ps2 textures\HAS ALPHA\bp_remade\no_mip_fixes\ui,false,false,0,none,5,true,false,false
0038ca73.img,280b5576ee05c2531cceec94a06d54b2056f2766,f4b8d6ab9b7810a3592465489bddbcf89eac323a,false,ps2 textures\HAS ALPHA\bp_remade\no_mip_fixes\ui,false,false,0,none,5,true,false,false
0038f2a7,412e0576fd62960fddc48a124516aa24df13e671,d3b36e7714e6855f148e5b9e9a57a73d6ca40c9a,true,ps2 textures\HAS ALPHA\bp_remade\no_mip_fixes\ui,false,true,5,remarci_4x,0,false,false,false
0038f2a7_5def0cd149f56d9b37bda645a51e60c5,a169ffa897491765c704c646e4ac4a4b012a8425,b5067d67a39cce9d31d7332d44d4023359873501,true,ps2 textures\HAS ALPHA\bp_remade\no_mip_fixes\ui,false,true,5,remarci_4x,0,false,false,false
00392f42,664f55911459f120ec83a71ff222864da40cc84b,c276e9e0c774d4707585357f200d898dd57d7c3b,false,ps2 textures\opaque\bp_remade\no_mip_fixes\ui,true,false,0,none,5,true,false,false
00393ebb,e4bb34bdf9e904a0826cb0faaf9f65739db7d7cf,74c61f56d4bddcb2e7bfdcf4fd9dc069687d26aa,false,ps2 textures\HAS ALPHA\bp_remade\no_mip_fixes\ui,false,false,0,none,5,true,false,false
003987a9,efa2111ddcb94eab490005f73dab9885b814c59f,034a128ddfb6a2d6751753271e83f5cf23423490,true,ps2 textures\HAS ALPHA\bp_remade\no_mip_fixes\ui,false,true,5,remarci_4x,0,false,false,false
0039a697,173de93b1bfb2bedff2974b7552745a1edc24f3c,60002fc924e80629fa054e617af0b18965ccbda6,true,ps2 textures\HAS ALPHA\bp_remade\no_mip_fixes\ui,false,true,5,remarci_4x,0,false,false,false
0039b4db,b6de2c84d211d5c74c78f32dd326aba512eda4f9,34bab06742ff3245ae0857921dde8db74af38ca3,true,ps2 textures\HAS ALPHA\bp_remade\no_mip_fixes\ui,false,true,5,remarci_4x,0,false,false,false
0039c5e8,99d25bc460899bae719a19a1ddd5bf4b2f42603e,0b668e8beeabae3618776cbae31bc7c345ef8c13,false,ps2 textures\HAS ALPHA\bp_remade\no_mip_fixes\ui,false,false,0,none,5,true,false,false
0039c9e3.img,c5e8b051456829e416fac0a70cf635558031003a,6fb33e23c28f7a5ce93d7b08900005d2ca65d71f,false,ps2 textures\HAS ALPHA\bp_remade\no_mip_fixes\ui,false,false,0,none,5,true,false,false
003a437d,8beed39ebfcc2487073ef0be7042955bf94772bb,09f0ef78172fc459765fe0eac9e77bb745fb4ada,true,ps2 textures\opaque\bp_remade\no_mip_fixes\ui,true,true,5,remarci_4x,0,false,false,false
003a52ae,81460f40d23beddd476e94c7552210232feb2732,984bafb4482afcdee6e7aef3cf5c1491244e9757,true,ps2 textures\HAS ALPHA\bp_remade\no_mip_fixes\ui,false,true,5,remarci_4x,0,false,false,false
003a7c61,61bbb1c283fc83e22f51137153e35d440335a6a3,f169e461cb88a0353235a9d29cfb6f556afccbeb,false,ps2 textures\opaque\bp_remade\no_mip_fixes\ui,true,false,0,none,5,true,false,false
003ab5aa,8523b25228073d19aacf6185eb3f0a5cf80e023f,4e5f06af8295a4d5ce25481940ffa2ec4dbd75cd,true,ps2 textures\HAS ALPHA\bp_remade\no_mip_fixes\ui,false,true,5,remarci_4x,0,false,false,false
003aba2b,821d83f5ea575052404ad6c39b38ed0ecda30beb,328960aa41393e330c30de43a7ef82378d576957,false,ps2 textures\opaque\bp_remade\no_mip_fixes\ui,true,false,0,none,5,true,false,false
003aba31,c2d1850b0bfd337c5fc9ee1e0d8398df97ec08ca,160267a4faf9a7d46816500808772b82f1f94463,false,ps2 textures\opaque\bp_remade\no_mip_fixes\ui,true,false,0,none,5,true,false,false
003abe0b,11f878feb18b0a2a410cd3a5dcf9c06e67edd0ad,0f69f45c6dfea86bc2fe75a5c0a435051047a303,false,ps2 textures\HAS ALPHA\bp_remade\no_mip_fixes\ui,false,false,0,none,5,true,false,false
003b1537,6928ad09e1b31edeba9905ede4979ad3e714a42e,4538a1dc1f0143e38455387ba0311154a44563d6,false,ps2 textures\HAS ALPHA\bp_remade\no_mip_fixes\ui,false,false,0,none,5,true,false,false
003b6d6f,e20e2cdec42bb43bc6bb8ae674317cb3e26adf7d,f0e347e4836f34c7521d4d5bb4cb4e22c23ed34d,true,ps2 textures\HAS ALPHA\bp_remade\no_mip_fixes\ui,false,true,5,remarci_4x,0,false,false,false
003b6f66,465dcd70b23a5148a3611852ed8ea2e32e783bd9,c568117a50044e93775892e8851d98faece9c15a,true,ps2 textures\HAS ALPHA\bp_remade\no_mip_fixes\ui,false,true,5,remarci_4x,0,false,false,false
003b9652,9a2e096fc0e8d93f2f11b3e389ca6c7ac592435d,7694bdd27839c378a6058d4271206e145ec93c67,true,ps2 textures\opaque\bp_remade\no_mip_fixes\ui,true,true,5,remarci_4x,0,false,false,false
003ba5d1,73a1cf9759b1d0e92e99888ceffd97ce3a515a9c,58821f9470f8d2dff3f3d10a7556eab06137de76,false,ps2 textures\opaque\bp_remade\no_mip_fixes\ui,true,false,0,none,5,true,false,false
003bcaaa,e85020e6fc3c204f978e5eec844333fe5a25c314,1ee5183746507175415bc84d68a9c9f0694e7ccc,true,ps2 textures\HAS ALPHA\bp_remade\no_mip_fixes\ui,false,true,5,remarci_4x,0,false,false,false
003bd3e7,7be8b55f4fe2e1cc535da92cc38731afd04be6b2,496d8c0303f2a89c8a7c377c448db65078ab90ca,true,ps2 textures\opaque\bp_remade\no_mip_fixes\ui,true,true,5,remarci_4x,0,false,false,false
003cba6b,dc3ad344a88e7870fedede0909274512e3237b5a,bb5553e05bf4d7511ea1490e3adc77a197ed916d,false,ps2 textures\opaque\bp_remade\no_mip_fixes\ui,true,false,0,none,5,true,false,false
003d06bf,f23b08ffe15490a1444da0b576dbcb71a339ddb5,0ab09b42a6e50ea00ee3fed59aa7e879bb20865b,true,ps2 textures\HAS ALPHA\bp_remade\no_mip_fixes\ui,false,true,5,remarci_4x,0,false,false,false
003d0d74,c12b30af201273605a141924bf065d41fb1bdba3,852284fce93403e05c6a52e56c1ab76410b695fd,true,ps2 textures\opaque\bp_remade\no_mip_fixes\ui,true,true,5,remarci_4x,0,false,false,false
003d6be9.img,18dfd58911133e9398353731ebfa11ad7da8c961,c08134c32dc420d70723aa45ce392299b6802a38,false,ps2 textures\HAS ALPHA\bp_remade\no_mip_fixes\ui,false,false,0,none,5,true,false,false
003d6c69.img,21ef019cb6d216eb52a048d886be1766fc0e0380,8aee877f275474ca687faf9062a3d15ab830d8e0,false,ps2 textures\HAS ALPHA\bp_remade\no_mip_fixes\ui,false,false,0,none,5,true,false,false
003d6ce9.img,55678f091e1306c1aa937bddb1200273959779c3,617660925616dbff925f7365157545b15fac39ac,false,ps2 textures\HAS ALPHA\bp_remade\no_mip_fixes\ui,false,false,0,none,5,true,false,false
003d6d69.img,7f42f7e55583cbbab7be6ea9c9d44f00217b9b5b,2320d93a82605a80c3ab2d0849d84f0f2e22640e,false,ps2 textures\HAS ALPHA\bp_remade\no_mip_fixes\ui,false,false,0,none,5,true,false,false
003d6de9.img,d08b8b10087c3f16e89717d4ee0ad8ccc75b683c,4893bc9e85715fd44a8aeb50c78cac555c434f97,false,ps2 textures\HAS ALPHA\bp_remade\no_mip_fixes\ui,false,false,0,none,5,true,false,false
003d6e69.img,c7293c9f46ff3a8d1aa35f043d3caed562b983a2,fe919e68677e972beb8a2ed43012a86e95e5808e,false,ps2 textures\HAS ALPHA\bp_remade\no_mip_fixes\ui,false,false,0,none,5,true,false,false
003d6ee9.img,9f5bd568d1a01a0336e71dbf7cbe18c6598a8b18,7058dcca8df33c06f66a362ef8a49c100657f32f,false,ps2 textures\HAS ALPHA\bp_remade\no_mip_fixes\ui,false,false,0,none,5,true,false,false
003d7020,fb0ace091a83d6ffb59741425bc5e7a8f805a801,ae1afeace6fefc365e2f4c5c762e044b6d7b0017,false,ps2 textures\opaque\bp_remade\no_mip_fixes\ui,true,false,0,none,5,true,false,false
003d7c69.img,030814734d5842f73afffb778d95ddea6cb96746,561457288dd486ba3262fb093236b3991a7ba77d,false,ps2 textures\HAS ALPHA\bp_remade\no_mip_fixes\ui,false,false,0,none,5,true,false,false
003d8be9.img,b24cb2ad1fda103e05b95f33f12a882d3e5b99c0,3b8d04a4c76d3c808abe0012f789950bcfa2fedc,false,ps2 textures\HAS ALPHA\bp_remade\no_mip_fixes\ui,false,false,0,none,5,true,false,false
003d8c69.img,6cc05b7f29d6380e7cd5cd7258d24641453e4987,f94eacff2d52ed4f8e050511312a41ef5c077e2d,false,ps2 textures\HAS ALPHA\bp_remade\no_mip_fixes\ui,false,false,0,none,5,true,false,false
003d8ce9.img,9aa23287c948707ea19160350dd5c64816314723,dd2353c77a09b130a6d04ca0e383146e7c971812,false,ps2 textures\HAS ALPHA\bp_remade\no_mip_fixes\ui,false,false,0,none,5,true,false,false
003d9a2e,38331abd7f9244f57d6b85911183dc130921fbe9,8d5fac12e7e74a01ed0d7f5927fe74b490cb2342,false,ps2 textures\opaque\bp_remade\no_mip_fixes\ui,true,false,0,none,5,true,false,false
003d9a34,8fbf6edad236f7feda171dc50af5a63f94e9acf4,aec8255c598ad216fff03b116cbf81e3e1bc16bd,false,ps2 textures\opaque\bp_remade\no_mip_fixes\ui,true,false,0,none,5,true,false,false
003d9be9.img,e319157f18599b34cfa85bb89f567d221677ced9,ae5ef7d9a9bc8d43daa5df380561d6f749fb2a77,false,ps2 textures\HAS ALPHA\bp_remade\no_mip_fixes\ui,false,false,0,none,5,true,false,false
003d9c69.img,35001fd60b699ad9035e5db52795618c106e4f7a,7235798f6ef4ce18915d0315fc8e41790216a363,false,ps2 textures\HAS ALPHA\bp_remade\no_mip_fixes\ui,false,false,0,none,5,true,false,false
003d9ce9.img,bb1cd3ed4917d280e6358a61f8600a41e725aea0,40521bb910d77d0e1a3001b5607b52d1ead480fa,false,ps2 textures\HAS ALPHA\bp_remade\no_mip_fixes\ui,false,false,0,none,5,true,false,false
003dabe9.img,01a670c62069cae22a6d1080f95b5832fe1206db,18a9897590673cc4954f03a649e32c8913dacc72,false,ps2 textures\HAS ALPHA\bp_remade\no_mip_fixes\ui,false,false,0,none,5,true,false,false
003dac69.img,249d7d2156595d46a880db040f10216422690923,eed329b0f7d199dd5ca79b8784441824e4b0928d,false,ps2 textures\HAS ALPHA\bp_remade\no_mip_fixes\ui,false,false,0,none,5,true,false,false
003dace9.img,f095734ba12311c96d3415a7b8711f21df75147c,57055291aa9107cfa2ef64ed981671cc1001de8d,false,ps2 textures\HAS ALPHA\bp_remade\no_mip_fixes\ui,false,false,0,none,5,true,false,false
003dad69.img,6fbbb92b3ad3d27c5224924da6aa55b33a0f0f9b,f2e3836f3f96d6bc8d24749f097362f9fdfe9998,false,ps2 textures\HAS ALPHA\bp_remade\no_mip_fixes\ui,false,false,0,none,5,true,false,false
003dade9.img,516382394eb577d53bcfb9b12d8372833c8b9a20,a5514e59533956db6de6ed1b4f075554e6524102,false,ps2 textures\HAS ALPHA\bp_remade\no_mip_fixes\ui,false,false,0,none,5,true,false,false
003dbbe9.img,d900c4106aa1c38d415b98adbd0dacdf9c5bebab,bc8e0112e9bb46d3b3ec80cec3af4e5a1033ebcf,false,ps2 textures\HAS ALPHA\bp_remade\no_mip_fixes\ui,false,false,0,none,5,true,false,false
003dbc69.img,c81f0e6a5b3b105edbe45417fbe9582a65fc9bb1,258fca0a2b3cc2af8a4ad1728a41b4c248b83e2e,false,ps2 textures\HAS ALPHA\bp_remade\no_mip_fixes\ui,false,false,0,none,5,true,false,false
003dbc6d.img,994924cc4ad214086e17628e9fcfbb065830386b,3f8197810c7832650a02c623df777af3e9c85c36,false,ps2 textures\HAS ALPHA\bp_remade\no_mip_fixes\ui,false,false,0,none,5,true,false,false
003dbde9.img,03323d9daf6c94357b68cb3f5024ff4a235064d6,626c3735136a57bddda31ac0879d44bd0dda6a3b,false,ps2 textures\HAS ALPHA\bp_remade\no_mip_fixes\ui,false,false,0,none,5,true,false,false
003dbe69.img,cb443c3d4dea62b2539da3979318927838b1b661,cb8dd21d0451d3a89cff57d1ec23c7bcd9a5e079,false,ps2 textures\HAS ALPHA\bp_remade\no_mip_fixes\ui,false,false,0,none,5,true,false,false
003dcbe9.img,f5ab5621b153946f45bb162f79fddc6ff78e36c7,688f5996d1ccb5af228e55658468c0d9c6b181d5,false,ps2 textures\HAS ALPHA\bp_remade\no_mip_fixes\ui,false,false,0,none,5,true,false,false
003dcc69.img,e5e62ee5c7bba9323c26d9e38a6ddeec1112f9c3,e6034990acb7c7a5bfd0c4f105f0d4a2ce5c6872,false,ps2 textures\HAS ALPHA\bp_remade\no_mip_fixes\ui,false,false,0,none,5,true,false,false
003dcce9.img,4e9a74882830782e0a105f73b80281612e8eceed,f78512cf70bd45bfe3286e239e75f613bd3d4855,false,ps2 textures\HAS ALPHA\bp_remade\no_mip_fixes\ui,false,false,0,none,5,true,false,false
003dcd69.img,060d461efa7ac42fa63f51a8f8083299935a79a5,a87dc4ff4a5779db128bfaced715d5569314dc89,false,ps2 textures\HAS ALPHA\bp_remade\no_mip_fixes\ui,false,false,0,none,5,true,false,false
003dcde9.img,14a295f5dbfaa8e9d55eab1324ab926b6a9b510b,7bfc4caf6575c820744d8dd507a20bf4adb712a4,false,ps2 textures\HAS ALPHA\bp_remade\no_mip_fixes\ui,false,false,0,none,5,true,false,false
003dce69.img,0d17a1a0d6ec802abd8d8a6d7bb0ff7dbcf5b2af,cfb893ec76741e4985a2eaf03fab44fd08ac9270,false,ps2 textures\HAS ALPHA\bp_remade\no_mip_fixes\ui,false,false,0,none,5,true,false,false
003ddbe9.img,4375a5e2296cda1cacbc7b81bc2062423c204df0,d2887422ddb9524d3b7c58f9796fd83576559ed5,false,ps2 textures\HAS ALPHA\bp_remade\no_mip_fixes\ui,false,false,0,none,5,true,false,false
003ddc69.img,c7e6c8dc37dc465736884de446bd2dafe489a4cb,b6bc0d9da62b0f44f055e93422b30f8585a982ee,false,ps2 textures\HAS ALPHA\bp_remade\no_mip_fixes\ui,false,false,0,none,5,true,false,false
003ddce9.img,a0fb32133f2eedf22514874ec311f879638f4608,3515515ea8e3885831479e82d92338e41abb2d32,false,ps2 textures\HAS ALPHA\bp_remade\no_mip_fixes\ui,false,false,0,none,5,true,false,false
003ddd69.img,c2a5db59458f133697fe8ef905ee0b7f83954f49,8098a96b4e227d9af1cda24e243487341eda3adc,false,ps2 textures\HAS ALPHA\bp_remade\no_mip_fixes\ui,false,false,0,none,5,true,false,false
003ddde9.img,46ab52fda426bb8e7ca570f594900498dc3e8562,43e756ad99a79dcda1334497aa3848181e837075,false,ps2 textures\HAS ALPHA\bp_remade\no_mip_fixes\ui,false,false,0,none,5,true,false,false
003debe9.img,7b4096717edbed3e9c86de46d54f8b903a1d489e,6c33575d10067c3d44c56e6727b0a4ae8943def8,false,ps2 textures\HAS ALPHA\bp_remade\no_mip_fixes\ui,false,false,0,none,5,true,false,false
003dfbe9.img,a089223643f6b97eccc84bc0344f68a8ab73a313,3f23fc0a0908d841d70189e157d143c1c6a0315a,false,ps2 textures\HAS ALPHA\bp_remade\no_mip_fixes\ui,false,false,0,none,5,true,false,false
003dfc69.img,d489d487f778e2f36f7d19f4f460805b36c4874e,76a51509e7bf5dc8c9a4ebafed38c48481d76096,false,ps2 textures\HAS ALPHA\bp_remade\no_mip_fixes\ui,false,false,0,none,5,true,false,false
003dfce9.img,d7dbd0aa28c4618d119e298f408ac9216e65a75c,2b0f47b4e454663ed7c4e384bce27c3a0c957a8d,false,ps2 textures\HAS ALPHA\bp_remade\no_mip_fixes\ui,false,false,0,none,5,true,false,false
003dfd69.img,96384016d8a95381626f4f6b5bf68ac03e1f1674,9983900a531a76501be7eb4fea732ab3b7be24d2,false,ps2 textures\HAS ALPHA\bp_remade\no_mip_fixes\ui,false,false,0,none,5,true,false,false
003e1f7a,ac6b84f54312e6d18fb7a06e4374ae5ae56b884a,c7d2a9ae97120744974c8ffc399c85f15857ad2a,true,ps2 textures\HAS ALPHA\bp_remade\no_mip_fixes\ui,false,true,5,remarci_4x,0,false,false,false
003e24e2,010ed5241450c624b1f498a41920df5232a15349,bfb9e62b3b7831117b6e60cb7eefbb00ad5c8c88,true,ps2 textures\HAS ALPHA\bp_remade\no_mip_fixes\ui,false,true,5,remarci_4x,0,false,false,false
003e43b2,7980cc51acd88475409aba466957d981853ca75c,04c3a4fc13a46665601b4d3d7ebabc796a54dc03,true,ps2 textures\opaque\bp_remade\no_mip_fixes\ui,true,true,5,remarci_4x,0,false,false,false
003e5218,98a7ae55c85b9d831fadd8a0b4f0e96ee8f143e7,a6fe410880c05c903378c721fb22f75c2cd4f659,false,ps2 textures\opaque\bp_remade\no_mip_fixes\ui,true,false,0,none,5,true,false,false
003e5e9f,b840afd3c7f9973c27617a64be70f0bd802254e3,cd9073cd0302f6fe36ccaa9b67b34d14b8c568c9,false,ps2 textures\opaque\bp_remade\no_mip_fixes\ui,true,false,0,none,5,true,false,false
003e965a,23288311cdc2c9ed0f9eaccf138269743bb9cd18,9ca5c7f980d4e90c5c1fbe64f6310817c7394254,false,ps2 textures\opaque\bp_remade\no_mip_fixes\ui,true,false,0,none,5,true,false,false
003f5002,cddebd8588bd8d908361079b668eb5d18f05b979,12b99f3c114b2eca39c17ea41438b7420aebdaa4,false,ps2 textures\opaque\bp_remade\no_mip_fixes\ui,true,false,0,none,5,true,false,false
003f6be9.img,75a45e2e760fe95e732271726f22306057e62a68,aed1b0ac5d541569c2754612c147c8c8a9cb8e40,false,ps2 textures\HAS ALPHA\bp_remade\no_mip_fixes\ui,false,false,0,none,5,true,false,false
003f6fad,0c3b42e03862ef2fda043f784d8d643f8d9d8516,bf96a6f6971a8803b9036bb18d13211a1fd1489e,true,ps2 textures\HAS ALPHA\bp_remade\no_mip_fixes\ui,false,true,5,remarci_4x,0,false,false,false
003f7be9.img,6c07582271a6b90c0bc9ad635e621090c65cc116,62755f92e0cd806f0a7fc963f34970e251218616,false,ps2 textures\HAS ALPHA\bp_remade\no_mip_fixes\ui,false,false,0,none,5,true,false,false
003f7c69.img,fc50e2c7590fcca61c9dbddbdf6ecc0265c8aa0f,08ddecd737e55a8c8c64e1f1c288c9076d6cfaf5,false,ps2 textures\HAS ALPHA\bp_remade\no_mip_fixes\ui,false,false,0,none,5,true,false,false
003f7ce9.img,2cd0fd8a3ce5833efaa55f24e4f4a5d5df4fc7f6,d925337db7d03dd27965ba8abd7eef07e56450da,false,ps2 textures\HAS ALPHA\bp_remade\no_mip_fixes\ui,false,false,0,none,5,true,false,false
003f8be9.img,ff70e9dc5d06d0264d3c4435ff9ace64b1436b91,60c2524823099f8e27cf83943f266d24e0addb36,false,ps2 textures\HAS ALPHA\bp_remade\no_mip_fixes\ui,false,false,0,none,5,true,false,false
003f8c69.img,9b71227ec8ee91d0fefcddb476ff2342ce3ad26d,842488578725fe6fda7cafc2016e92a7c6881262,false,ps2 textures\HAS ALPHA\bp_remade\no_mip_fixes\ui,false,false,0,none,5,true,false,false
003fa520,886e6685964d6151bf0c0726324e131974691a4f,2e727b4c95724c56707e36ee99df5aa982a5a534,false,ps2 textures\HAS ALPHA\bp_remade\no_mip_fixes\ui,false,false,0,none,5,true,false,false
003fb5c0,52beec11ee91e9017e2020a9936c2c058ea27098,06ed28dda2c6dd024b10c2c7ed2148c20e368d5c,false,ps2 textures\opaque\bp_remade\no_mip_fixes\ui,true,false,0,none,5,true,false,false
003fbbe9.img,c186f397183f5f60b333bbccd98e7acc8a0f6363,63a703667c23a0236bb433f1cf0b6e5d17de4831,false,ps2 textures\HAS ALPHA\bp_remade\no_mip_fixes\ui,false,false,0,none,5,true,false,false
003fbc69.img,0b68dde44f15daf2437fc76e6ea5e3f18aa8792f,00e5c6cad69eeb14b5132813225d9d28b4b9d5db,false,ps2 textures\HAS ALPHA\bp_remade\no_mip_fixes\ui,false,false,0,none,5,true,false,false
003fcbe9.img,c04aab45a233d5df4c02dcdfc0a2ddfeb56d0bbd,b8a0ed5ca3b3efce741d36f5ed7bdec8f5dc8199,false,ps2 textures\HAS ALPHA\bp_remade\no_mip_fixes\ui,false,false,0,none,5,true,false,false
003fcc69.img,5f5b08255c4b5347b9da4763b1bcfa221243c586,118f84756ddd26cd2ab325afde6646878770b775,false,ps2 textures\HAS ALPHA\bp_remade\no_mip_fixes\ui,false,false,0,none,5,true,false,false
003fcce9.img,225a876304198c577274f1661912d8b1fcf03dab,d30a04d5dd2bd0ccf6a0b71d5b110ccdc9f77e41,false,ps2 textures\HAS ALPHA\bp_remade\no_mip_fixes\ui,false,false,0,none,5,true,false,false
003fdbe9.img,88e55ad33f1cc906c884dde202a4d5bad51549d3,8ff720af72e6442f6ffd7b961eff610c320476f5,false,ps2 textures\HAS ALPHA\bp_remade\no_mip_fixes\ui,false,false,0,none,5,true,false,false
003febe9.img,07a478870967cf873c899ea555e3f5fc202447d2,569a1ab346979c6cccc8208a08ace66ac215ed3e,false,ps2 textures\HAS ALPHA\bp_remade\no_mip_fixes\ui,false,false,0,none,5,true,false,false
003fec69.img,b7e8a5f9cb5b005e5afa2fe650156cb47ca98e6f,282c2fe7f1eec18f2ed8a071fd9fc8cd619b9744,false,ps2 textures\HAS ALPHA\bp_remade\no_mip_fixes\ui,false,false,0,none,5,true,false,false
003fece9.img,acc1f2876e38f348f101cd58c1f8601477bb28fd,3d91ca32f530bf739a869220ae64188132d8ac8b,false,ps2 textures\HAS ALPHA\bp_remade\no_mip_fixes\ui,false,false,0,none,5,true,false,false
003ffbe9.img,7e2a3dffdd31b50077324157fc774fc8b7022918,bada3f7c4f69f8bccb8c51b0e58a3cde118a8854,false,ps2 textures\HAS ALPHA\bp_remade\no_mip_fixes\ui,false,false,0,none,5,true,false,false
003ffc69.img,877089e759f21ad9d0891f71a7cd42e72e6b4148,6647782ef5790c96ccae6151199bac4a8ecbefa9,false,ps2 textures\HAS ALPHA\bp_remade\no_mip_fixes\ui,false,false,0,none,5,true,false,false
00401158,89ddb443c4c66281c7417d16c14a67bae1582bbd,dbcf6303b886ffdaac689f9554d998a72fd946a8,false,ps2 textures\opaque\bp_remade\no_mip_fixes\ui,true,false,0,none,5,true,false,false
004043a9,4cac461083095ab5ba149f3024fffc10bbc1bd94,5680c76e8036b3997f91984bf2820cb6201a9304,true,ps2 textures\opaque\bp_remade\no_mip_fixes\ui,true,true,5,remarci_4x,0,false,false,false
0040482e,371fe69388345105786524945dad1157bbe0533c,751a4f543c368821513734dc17211db168808c9c,false,ps2 textures\opaque\bp_remade\no_mip_fixes\ui,true,false,0,none,5,true,false,false
00406fad,523b97302b49c5ba670781226c082083e764b1b2,d4efb8da3f488a2819c6b97f28d9e20c92927ffb,true,ps2 textures\HAS ALPHA\bp_remade\no_mip_fixes\ui,false,true,5,remarci_4x,0,false,false,false
00409eec,5a484acb6905e34d83914154eeb8404493913d64,21439bbb293d4b62e476729785da9c0fac3f1de7,true,ps2 textures\HAS ALPHA\bp_remade\no_mip_fixes\ui,false,true,5,remarci_4x,0,false,false,false
0040d89d,ad8750b462632f41b04a639c45f9f7213b453a13,f5efd91bcefd95c345abc29eb32450b3df3a2352,true,ps2 textures\HAS ALPHA\bp_remade\no_mip_fixes\ui,false,true,5,remarci_4x,0,false,false,false
00412434,475a06a5c14ed3534228935a8c5cf4dc87663e69,164ebbcf962bf0dd02053b81a9020f922df80aed,false,ps2 textures\opaque\bp_remade\no_mip_fixes\ui,true,false,0,none,5,true,false,false
00413d7a,b436fad1738cc1ffe1886b9e43a1beda13d78bf4,9f8a6d8b43601722f3195678977a42da624b629e,true,ps2 textures\HAS ALPHA\bp_remade\no_mip_fixes\ui,false,true,5,remarci_4x,0,false,false,false
0041435e,e1429b58b5551278d7be69f7e32adb3af1b9b874,dd2dbe0d80a011cb379d92671f810d0a7bbe5288,true,ps2 textures\HAS ALPHA\bp_remade\no_mip_fixes\ui,false,true,5,remarci_4x,0,false,false,false
00414361,a5dc6d3686616b9bd75960028fdcac512216fd17,67590b520f5b4742b1ca0112bcbd6c462f591cf0,true,ps2 textures\HAS ALPHA\bp_remade\no_mip_fixes\ui,false,true,5,remarci_4x,0,false,false,false
00414362,6e700a9eba77c9d76814f906e6ac5d1982e19400,729035eac49b0b7fcf9ebdbbee52cfcb4c18e591,true,ps2 textures\HAS ALPHA\bp_remade\no_mip_fixes\ui,false,true,5,remarci_4x,0,false,false,false
00414365,841af0c003435f036145c9d0838c8912bd569ed7,67f263e80c18ea9adb9a89cd54c3cf17c5b48bf1,true,ps2 textures\HAS ALPHA\bp_remade\no_mip_fixes\ui,false,true,5,remarci_4x,0,false,false,false
00414366,c91a93efcdd62c17b8bae66107b8bf7287b60f04,3a4fded6c76e6f658d8be93d24bba5c35a321d14,true,ps2 textures\HAS ALPHA\bp_remade\no_mip_fixes\ui,false,true,5,remarci_4x,0,false,false,false
00414369,177dcf6bfb2439dbd5fd7757e39c2d78dd817f79,d8d5032454190b1374e67420a1014c889c934cc5,true,ps2 textures\HAS ALPHA\bp_remade\no_mip_fixes\ui,false,true,5,remarci_4x,0,false,false,false
00416be9.img,dc2574626ea0323161520cc5cc4694bbfca2e9e2,2299200e721ab812272d554927f66247ca6376e1,false,ps2 textures\HAS ALPHA\bp_remade\no_mip_fixes\ui,false,false,0,none,5,true,false,false
00417be9.img,31c012eacb5698383097d523a793eeaddf638742,9cbd6f743aa625d8d396efa1cd9d4f6781b8acb8,false,ps2 textures\HAS ALPHA\bp_remade\no_mip_fixes\ui,false,false,0,none,5,true,false,false
0042367f,9c097414f1a6cdd342de8754ab25723cff9a6907,91d8062b31b91302491e0216e81c18e4574d2259,true,ps2 textures\opaque\bp_remade\no_mip_fixes\ui,true,true,5,remarci_4x,0,false,false,false
004244b2,8631bba12fe3d08f94a6607be6ccbf6242dbb401,6d569b5f70ce5dab99145be6ffea6051e162e430,false,ps2 textures\HAS ALPHA\bp_remade\no_mip_fixes\ui,false,false,0,none,5,true,false,false
0042527a,0ba597d9f744ef4f8d6c13503677f15c963c7eeb,95d2e6278f89887af7356e253212a1847486de52,true,ps2 textures\HAS ALPHA\bp_remade\no_mip_fixes\ui,false,true,5,remarci_4x,0,false,false,false
00425555,ca6cd32cb02ae914c19d93ee915c4e6ce31a3439,8c5889aeebe12fdd88b291dc3a589ce8002cc7a5,false,ps2 textures\HAS ALPHA\bp_remade\no_mip_fixes\ui,false,false,0,none,5,true,false,false
00429728,60ed5a21ce0474e27f50f6e3001d0967c38cf174,90b68c7459e8e5c4ba5d4f939d33cb277808248d,false,ps2 textures\HAS ALPHA\bp_remade\no_mip_fixes\ui,false,false,0,none,5,true,false,false
004327cc,c6cbec0d447bce975fdba55aec1ec4d92decdce8,704d9cca69bbf41d6dde038fa10171d1c51b8b6a,true,ps2 textures\HAS ALPHA\bp_remade\no_mip_fixes\ui,false,true,5,remarci_4x,0,false,false,false
00438b80,084e30dd79e0bd1d2abb84a9dd81dea419c7dd75,278715dca5173d4be03ef03c17adf5b7fe3ad20e,false,ps2 textures\HAS ALPHA\bp_remade\no_mip_fixes\ui,false,false,0,none,5,true,false,false
0043945f,884aea952a5a6c346fb9a019ec65dbfb6e55fc71,65b4b90ca8f0cb26c0509f708c8a8cd51d80aaf3,false,ps2 textures\opaque\bp_remade\no_mip_fixes\ui,true,false,0,none,5,true,false,false
0043e5cf,c2f13002bd7930de0e9763e78cf983dce9351f39,a5ff9ac34fffab1e689c34bbf0656fbeae168041,true,ps2 textures\HAS ALPHA\bp_remade\no_mip_fixes\ui,false,true,5,remarci_4x,0,false,false,false
00442539,fa4ae2cf9882359937443d4f03e5b6222896f9ea,267b89713b423be03926135e4b1afed8425fc95c,true,ps2 textures\opaque\bp_remade\no_mip_fixes\ui,true,true,5,remarci_4x,0,false,false,false
00447c28,623aca4e25cba31a1abf1758f37273ba96810b53,5c9910cc7bda13db242e492bb8725b5a65c27407,false,ps2 textures\HAS ALPHA\bp_remade\no_mip_fixes\ui,false,false,0,none,5,true,false,false
0044df5c,4542e271e65793ff1a5914e68bd9b3070be64edc,f28beac32964318d555e8bb4a52bf107255f4862,false,ps2 textures\HAS ALPHA\bp_remade\no_mip_fixes\ui,false,false,0,none,5,true,false,false
0044e6cb,cb3aa1c5443982027c60ef152b94db64e9679d3d,7011e51103f77ef0c244f76add8b9000876c1223,true,ps2 textures\HAS ALPHA\bp_remade\no_mip_fixes\ui,false,true,5,remarci_4x,0,false,false,false
0044f17c,14e8e2d1bac8c5e790a134f55310722cb22063cb,a60f30bae1aae05c55d434c731af3507e4f682b5,false,ps2 textures\HAS ALPHA\bp_remade\no_mip_fixes\ui,false,false,0,none,5,true,false,false
004535e0,1bbd0659858c440a2825be2e38a87d4940e0fac7,c74a5a1bf832b3d03d8261d73b89d6192297532d,false,ps2 textures\opaque\bp_remade\no_mip_fixes\ui,true,false,0,none,5,true,false,false
00454202,b5cb202704e28adb251a39b02aaf1e2b07639826,e499bb0f94b5993829c3c3dea273c03e769f4491,false,ps2 textures\HAS ALPHA\bp_remade\no_mip_fixes\ui,false,false,0,none,5,true,false,false
00455164,e9a84941eaff706c72919670eb6bb9381e39218f,20430eeb5aac4f990e757af99623fb86bc4f92e0,true,ps2 textures\HAS ALPHA\bp_remade\no_mip_fixes\ui,false,true,5,remarci_4x,0,false,false,false
00456bf2,3fbdc6c8e7b7e514a30c2fad19770528d89522f5,ca8b1e951db43eb4898349354e711c87f9b14827,true,ps2 textures\HAS ALPHA\bp_remade\no_mip_fixes\ui,false,true,5,remarci_4x,0,false,false,false
00457663,7a7366dc4e05aee18c0c9ccc3d2bd586ddee3abe,9ed6c274e8e2ef97949d498f65a16383a785c058,true,ps2 textures\HAS ALPHA\bp_remade\no_mip_fixes\ui,false,true,5,remarci_4x,0,false,false,false
00459c02,76e0b4b3359b8af1bedad7589a8e240800cdc7e9,701afccd9706ea605b3d9e5d4b866ef12788c152,true,ps2 textures\HAS ALPHA\bp_remade\no_mip_fixes\ui,false,true,5,remarci_4x,0,false,false,false
0045cada,cdc77c8646c9f82d3741af6f24b7bb4cd4655f9a,9046763d5538487146670569ada00bb07203c813,false,ps2 textures\opaque\bp_remade\no_mip_fixes\ui,true,false,0,none,5,true,false,false
0045d890,d3846b36561475400cebc66c147d64e586dbcbf3,00962c1d04fc7d9fd83469709c6a77ca8223a42d,true,ps2 textures\HAS ALPHA\bp_remade\no_mip_fixes\ui,false,true,5,remarci_4x,0,false,false,false
0045e6cb,38412b40796fc435d981c18ecef4b8b1d7312dc3,1e597e7de5238e89da2e8da04fdd7f22d678327d,true,ps2 textures\HAS ALPHA\bp_remade\no_mip_fixes\ui,false,true,5,remarci_4x,0,false,false,false
00461c15.img,1e16a0651677032622583b101c563d197f9f2f50,cb0d74f8b0da8086b31efe27b7025eeaf05448b0,true,ps2 textures\HAS ALPHA\bp_remade\no_mip_fixes\ui,false,true,5,remarci_4x,0,false,false,false
00466f52,34b2ae353940d46d29623f58567c2a1c3182c746,455bf111dbba5dbf5d655d8660c2a951bd1a678b,false,ps2 textures\HAS ALPHA\bp_remade\no_mip_fixes\ui,false,false,0,none,5,true,false,false
00466f56,a4324a7a72ebaf01a74c080a63a42f5078ee813d,a3d7b61c397fdd1ab179a6e969f0cd9f91f965eb,false,ps2 textures\HAS ALPHA\bp_remade\no_mip_fixes\ui,false,false,0,none,5,true,false,false
00469a02,eff28cc657046a01d86bb5849d7352e3e439add6,16fd1e7d0479547b5ed14fc1405fbf639bcd23ba,false,ps2 textures\opaque\bp_remade\no_mip_fixes\ui,true,false,0,none,5,true,false,false
0047048a,6a9203f1996702bb4d575089ef45c2f2c22b1b0d,01c8adf76b5ec280cd05fd603d5101155d0d6030,false,ps2 textures\HAS ALPHA\bp_remade\no_mip_fixes\ui,false,false,0,none,5,true,false,false
004733d7.img,e6308f5014287ebb655554d85d632128e0b5ec84,ac260451da865bb9997e86240ced134b115d6f4f,true,ps2 textures\HAS ALPHA\bp_remade\no_mip_fixes\ui,false,true,5,remarci_4x,0,false,false,false
00475e90,24500be3f9cd1ee46fb2eb049826a575c64ca1d4,17cef04661beae02357ee4262908ba24177a0e4d,true,ps2 textures\HAS ALPHA\bp_remade\no_mip_fixes\ui,false,true,5,remarci_4x,0,false,false,false
00476f52,19a89aaf0ab68c93b6a28dfd9ae861367e886092,3cb3735fad224bc40693ffe425021ee38b6a1f13,false,ps2 textures\HAS ALPHA\bp_remade\no_mip_fixes\ui,false,false,0,none,5,true,false,false
00476f56,5ea707feb401343596f94ef6f8ddb6fd103a6cf1,3d9fbb515bc60f18b4cbec3053535716b74d0973,false,ps2 textures\HAS ALPHA\bp_remade\no_mip_fixes\ui,false,false,0,none,5,true,false,false
0047de97.img,f5491c7288ee89a9d2a30aef188df293bb2a0f6e,001729b83ae800e7a0dc5b9ba7c024b27cf6cd96,true,ps2 textures\HAS ALPHA\bp_remade\no_mip_fixes\ui,false,true,5,remarci_4x,0,false,false,false
00487b73,0920c343be26964369c219ed472645597450422f,9be1857b1f36d0f451f180575c7645780d6d99a0,false,ps2 textures\opaque\bp_remade\no_mip_fixes\ui,true,false,0,none,5,true,false,false
00488d27,0b8d05c2db73396bf110f32b3692262d15fe0a62,8ea7a0013a31b721a753aeeb077550e53313d76d,false,ps2 textures\HAS ALPHA\bp_remade\no_mip_fixes\ui,false,false,0,none,5,true,false,false
0048c0c3,f5017f3f3829d67d96c2de0ce0f9d5c3db56fbb8,832503fefcda797f08431a1931daeef891b8350b,true,ps2 textures\opaque\bp_remade\no_mip_fixes\ui,true,true,5,remarci_4x,0,false,false,false
0048c0f8,adb770f7b86e59ca7c9ef57434bd81d878a6a8b3,d046ec34e404163342abe9f944fea1002617a8eb,true,ps2 textures\opaque\bp_remade\no_mip_fixes\ui,true,true,5,remarci_4x,0,false,false,false
0048d6e3,d1e66a7ed368f06cbafe32b7d154fbec3764f10d,540917ca06febe56d077da1ab6f69a8460bdd60b,false,ps2 textures\opaque\bp_remade\no_mip_fixes\ui,true,false,0,none,5,true,false,false
0049437a,9ea0739b2c258d35c31ba9b80f63c25a6663d1ec,caca08f0248b5d010e6545e752142ca9e9113ac8,true,ps2 textures\opaque\bp_remade\no_mip_fixes\ui,true,true,5,remarci_4x,0,false,false,false
00496f52,6e2f777710cac002e832f10bac943e2c3572c876,bf580979cc178af3f33ad9295f34c27ac3a15bcf,false,ps2 textures\HAS ALPHA\bp_remade\no_mip_fixes\ui,false,false,0,none,5,true,false,false
00496f56,7dba79c23eb0701b3e4ec764e04359c18a2914be,9773cdb1d0d0f8fa69d90652794986e9305929df,false,ps2 textures\HAS ALPHA\bp_remade\no_mip_fixes\ui,false,false,0,none,5,true,false,false
0049b9cb,5290099b49c686ce1fa5ed42b84b0a26938d485d,d50d9d23ecca1b3e5f6da9ad12fda5a1b949fbb4,true,ps2 textures\HAS ALPHA\bp_remade\no_mip_fixes\ui,false,true,5,remarci_4x,0,false,false,false
004a230b,66de8d6dec7ccb8724ca2d6e8a2117c3822b0957,79e7bd42daf8dfa48bda3f1adac1db53dbc0a13c,true,ps2 textures\HAS ALPHA\bp_remade\no_mip_fixes\ui,false,true,5,remarci_4x,0,false,false,false
004a2c6b,a7b95eb3cfd8f0d31b18351ec0717847a46c7c43,020ec0b565dba6d88b6fdd2609ed597fff0a6ab2,false,ps2 textures\opaque\bp_remade\no_mip_fixes\ui,true,false,0,none,5,true,false,false
004a2c6c,a0b3a4aa6a95746c1371bf5cd922a4ea29cae228,81e73328fdf7f3c084572c8d653ab1c166dfa2a6,false,ps2 textures\opaque\bp_remade\no_mip_fixes\ui,true,false,0,none,5,true,false,false
004a2c6d,b7d7bc3ffcf74f9444bcef88a25c110dd5fbd579,25d4200d8d18186ae8b460c2666c95d522e5163f,false,ps2 textures\opaque\bp_remade\no_mip_fixes\ui,true,false,0,none,5,true,false,false
004a2c6e,500ed68b027e1ab5026e29ce627c3a4450f9e542,90ad6c37707ee98ab0496815b29add8eb497b0d3,false,ps2 textures\opaque\bp_remade\no_mip_fixes\ui,true,false,0,none,5,true,false,false
004a2c6f,6063fa85db223a4869ff9af74cfd795af9310087,69fd2a27d8d6a2d53d7e81b1a7541e2d0900ead8,false,ps2 textures\opaque\bp_remade\no_mip_fixes\ui,true,false,0,none,5,true,false,false
004a2c70,b24de4af73b67802456e348f126f3d195ef43910,d3e1ff9baad6ed15ae3b2aa41b37675e300a6d0e,false,ps2 textures\opaque\bp_remade\no_mip_fixes\ui,true,false,0,none,5,true,false,false
004a2c71,cf9d7ed08d24010268eb9f9ae30e64697fa97fd2,db1c5c46668cc83f99f7222a1fd13f3244f34f3a,false,ps2 textures\opaque\bp_remade\no_mip_fixes\ui,true,false,0,none,5,true,false,false
004a2c72,207c8b9114a20f2fb4ab6e685986e37366b4a332,3f5549969e21a2d0f847b15e2f3154bc793d8cfd,false,ps2 textures\opaque\bp_remade\no_mip_fixes\ui,true,false,0,none,5,true,false,false
004a2c73,7f4ad63135019c9738667c8010e1983131540ce6,981d91bc221aa6e19df5d482a81a31b4e19cfe92,false,ps2 textures\opaque\bp_remade\no_mip_fixes\ui,true,false,0,none,5,true,false,false
004a2c8a,2f6e8c12cd456ce4778ddb4bdcadc9415a26fdcc,1b8ae0a6f0a7c35709fe7875464171af2092a8a9,false,ps2 textures\opaque\bp_remade\no_mip_fixes\ui,true,false,0,none,5,true,false,false
004a2c8b,e8c654b978c76994302beb22930ce76a9a3e35a1,8a872753a786bace16c00c8ca576a3fbcd9bcc76,false,ps2 textures\opaque\bp_remade\no_mip_fixes\ui,true,false,0,none,5,true,false,false
004a2c8c,9faaa3b9beff53ca812592e45cfec3e2f1044472,d71f5935331d951289bc3b96acadeb761d26aa1d,false,ps2 textures\opaque\bp_remade\no_mip_fixes\ui,true,false,0,none,5,true,false,false
004a2c8d,8b94926756c5709fcd0882556cde098b9530a954,cd7a6ebfdd1074dbc6e18786de5bb292e48de6c9,false,ps2 textures\opaque\bp_remade\no_mip_fixes\ui,true,false,0,none,5,true,false,false
004a5fe3,e0706a13a9f2de46a7b2476edda5bcf82ab7231b,068e3fa5860bfd3ad4571195be45f9717b25b250,false,ps2 textures\HAS ALPHA\bp_remade\no_mip_fixes\ui,false,false,0,none,5,true,false,false
004a6f52,1b1ddfb23a41281971f9cc9cbae306bab206fe0e,db1e81c185e7891cfa784269ad0f581c2023df60,false,ps2 textures\HAS ALPHA\bp_remade\no_mip_fixes\ui,false,false,0,none,5,true,false,false
004a6f56,5eedc2de17a435460e9fd0d682a0166146e01d06,3727ced8390e017128f352ee6383f15f47305049,false,ps2 textures\HAS ALPHA\bp_remade\no_mip_fixes\ui,false,false,0,none,5,true,false,false
004a86e8,4a6e03d2c5fea02186ed9aeecd0d2a869c313568,fe93de1c1938abe8da3fb9464be716b816cbad1f,true,ps2 textures\HAS ALPHA\bp_remade\no_mip_fixes\ui,false,true,5,remarci_4x,0,false,false,false
004aaff4,832458b5b82e30ddaec13deae4141285232e6ffb,0b3eff092f2d744f41807881a6f70fe68d855b4d,true,ps2 textures\HAS ALPHA\bp_remade\no_mip_fixes\ui,false,true,5,remarci_4x,0,false,false,false
004ab5f7,7c6f74619041f830abd12a8dde097b3535d64db1,709cf9f6463c18a8df87366d70e1419465dae657,true,ps2 textures\HAS ALPHA\bp_remade\no_mip_fixes\ui,false,true,5,remarci_4x,0,false,false,false
004ad4bc,7c7639c5dad2cf1b5322f8de77a0eab2ff95f3a8,3719a87ca6cc364a4cf41e097dc8ee9c92387b96,false,ps2 textures\HAS ALPHA\bp_remade\no_mip_fixes\ui,false,false,0,none,5,true,false,false
004b43bd,cde1e5ca6c4318913b71149d0b4538f7c4b9e27d,f50312d682676e6f782ab175ccea011ee4dab4df,true,ps2 textures\opaque\bp_remade\no_mip_fixes\ui,true,true,5,remarci_4x,0,false,false,false
004ba845,2ab001f8eb0e0ba2be5737fc65a61bd2517ad861,2cbb12bf0bba9c493597a4f28b2732f5e0ce5e04,true,ps2 textures\HAS ALPHA\bp_remade\no_mip_fixes\ui,false,true,5,remarci_4x,0,false,false,false
004ba8a0,f9685e3b4e39faf7e623761da1c8cf1402b5b3df,cd9b4c86f0dc55e5286ca4652fac8bc23fdd8ff6,false,ps2 textures\opaque\bp_remade\no_mip_fixes\ui,true,false,0,none,5,true,false,false
004baff4,d5bd29dfbe4a5693b7a82bf69de24ac8a0ce1594,6f14e14286064ddf73694e1c4e71fea5fa6f8c3b,true,ps2 textures\HAS ALPHA\bp_remade\no_mip_fixes\ui,false,true,5,remarci_4x,0,false,false,false
004c3656,4e3b3a603399cd14c9f69b14c4e9dfaef6b77cc5,782a69aa1f4a7e3d8e6b19b78caebc842263db4e,true,ps2 textures\opaque\bp_remade\no_mip_fixes\ui,true,true,5,remarci_4x,0,false,false,false
004c43af,c3add7a886807a4cd9be1d279abcf331e3516345,ae13a04b9052739ce94024609c2984c3951046b0,true,ps2 textures\opaque\bp_remade\no_mip_fixes\ui,true,true,5,remarci_4x,0,false,false,false
004c7484,d8a6d369c342299a8e2a634534090b5e1ff1ebfb,f2a508c72c5a0f2fec8093af98a90ddb9e8c0d3c,true,ps2 textures\opaque\bp_remade\no_mip_fixes\ui,true,true,5,remarci_4x,0,false,false,false
004c8a2b,a9113762451cccee52af5ad56972e832e56f8769,72b4a8b93599918ca8dbd4df27d6ec2961cf662f,false,ps2 textures\opaque\bp_remade\no_mip_fixes\ui,true,false,0,none,5,true,false,false
004c8a31,bdbc2fddade1ab1bfac7cec9c5471e947469145b,409e36f0c0c3bd7eb85b074ea377ca2c3c9c7017,false,ps2 textures\opaque\bp_remade\no_mip_fixes\ui,true,false,0,none,5,true,false,false
004cec39.img,a46b65164f7085f5082b9e9417f16cf1952c6e47,7ead24b194f326a0e56966046152d9133229ce0d,true,ps2 textures\HAS ALPHA\bp_remade\no_mip_fixes\ui,false,true,5,remarci_4x,0,false,false,false
004cee8c,35675de02960e869ae2fe14dca73da716a2ac6b1,9aa1e5fe0754424a0dba0e2fe0fad95222a93066,false,ps2 textures\opaque\bp_remade\no_mip_fixes\ui,true,false,0,none,5,true,false,false
004ceea8,3cc21480b53718cc42efc24df40a85bf47c09c69,5997d7fedc37278527ed0f1789342bcefa564a86,false,ps2 textures\opaque\bp_remade\no_mip_fixes\ui,true,false,0,none,5,true,false,false
004d66f6,176468b44a6f1373fd37b5b3624dd37837738f47,13eb485f1bffabc471f8fca0833354531204cf19,true,ps2 textures\opaque\bp_remade\no_mip_fixes\ui,true,true,5,remarci_4x,0,false,false,false
004d847b,38178a71ef5da0d0cc0c020091c015300454e12d,9367659d0a62eeec903d7700bbbe33cbfb655e3a,false,ps2 textures\HAS ALPHA\bp_remade\no_mip_fixes\ui,false,false,0,none,5,true,false,false
004d9628,1b75301c7153f424d95dd68c6b4e47adddba6ffc,ef43b38ab6d55acd46462d3d0b37e03939787677,true,ps2 textures\opaque\bp_remade\no_mip_fixes\ui,true,true,5,remarci_4x,0,false,false,false
004d9c02,d0e60b6afdf3bfff599e27466e548c27c043b21d,9fe75f61561faf37db65c65c082e87c5af93af7e,true,ps2 textures\HAS ALPHA\bp_remade\no_mip_fixes\ui,false,true,5,remarci_4x,0,false,false,false
004dc129,451f7776ef047ec5429fa957596e18b7881847bd,93c181b646f7132d6922a2f82bef4968512a36a6,false,ps2 textures\opaque\bp_remade\no_mip_fixes\ui,true,false,0,none,5,true,false,false
004e0fb2,20128264c5bbc127e35606c838057ebf666ae964,72b4dc9e482fb6748b338ae2df06d39043eb5d22,true,ps2 textures\opaque\bp_remade\no_mip_fixes\ui,true,true,5,remarci_4x,0,false,false,false
004e591a,2e0daca94f8528789d3e5ab6bd49f5f2ab05e7ec,49283b6b5c87db2abba72673abc6560f05c30fca,true,ps2 textures\HAS ALPHA\bp_remade\no_mip_fixes\ui,false,true,5,remarci_4x,0,false,false,false
004e72af,9c5bb3322dabe0f2571e1a306d17b4221894f0af,dd6b386e2891e558442c9c6d05897100db9f355f,false,ps2 textures\HAS ALPHA\bp_remade\no_mip_fixes\ui,false,false,0,none,5,true,false,false
004ecb45.img,09acc63a9e8d82a644cdc1cb59072329969041a9,a5df0032d7b4fd1ebf48e13edbb7a90fa0c2001a,true,ps2 textures\HAS ALPHA\bp_remade\no_mip_fixes\ui,false,true,5,remarci_4x,0,false,false,false
004eeb8d,4a4898c954b0fb4daa3a48065d2e840757f06671,759ff5bff7319d91185bd37e4c831e2abb5e8b9b,true,ps2 textures\opaque\bp_remade\no_mip_fixes\ui,true,true,5,remarci_4x,0,false,false,false
004f11be,10f1cb6326f899a57cb670c0e55e22b54d0b9926,5149a491ef104b0c92b390ce7250c1c8d785d0bf,true,ps2 textures\HAS ALPHA\bp_remade\no_mip_fixes\ui,false,true,5,remarci_4x,0,false,false,false
004f22a5,e5a16bf3cfaff40be701a57d5c1ab04db2bdb11e,a1ffff9a3a9cee17238d622db4dab2e2ae059ab7,false,ps2 textures\opaque\bp_remade\no_mip_fixes\ui,true,false,0,none,5,true,false,false
004f72af,275f0ca1143a71a9118fcec11e3d545442291f7b,ebb13ddf8a08f399300655bfea53ae920ae10ccf,false,ps2 textures\HAS ALPHA\bp_remade\no_mip_fixes\ui,false,false,0,none,5,true,false,false
004f81ad,351ca063cba8d2d8123fdb65b655a2481cb9c894,4236c12710f0a329bb016db5cc6b8bd3cbe5ba2f,false,ps2 textures\HAS ALPHA\bp_remade\no_mip_fixes\ui,false,false,0,none,5,true,false,false
004fa1ad,73258ab4a7add054baef266eb8a14cdf2112dfc7,ad31091b6243f7913d5cbb13a9b4823ebb3ecbba,false,ps2 textures\HAS ALPHA\bp_remade\no_mip_fixes\ui,false,false,0,none,5,true,false,false
004faaab.img,3ef2787840f32f97c85ca3610a5973c11d83f51a,8a8a54335ec8a99e5244519280483eae125bb1e4,true,ps2 textures\HAS ALPHA\bp_remade\no_mip_fixes\ui,false,true,5,remarci_4x,0,false,false,false
004fd156,b4d703d37a1675f0d3efd452bc380bd85360788a,0142f067d16e050be5a2a57c4b5cadf8d13f880a,false,ps2 textures\opaque\bp_remade\no_mip_fixes\ui,true,false,0,none,5,true,false,false
004fd15c,ba9710611d5eefa1fe54adaad5162134ac675768,641be4f3095323e9d67907b428a00208078448bb,false,ps2 textures\opaque\bp_remade\no_mip_fixes\ui,true,false,0,none,5,true,false,false
00500fb2,da39e5b76a1f043163103612183c2759f53ec85c,6343e676d19dce53d52770f471aa41d529ab7d3f,true,ps2 textures\opaque\bp_remade\no_mip_fixes\ui,true,true,5,remarci_4x,0,false,false,false
005072af,95dade487ee4f623f5cf6c5c0ebf95883fbaf59b,e2b584b41332b6c53ca17ba7438e7d6285249145,false,ps2 textures\HAS ALPHA\bp_remade\no_mip_fixes\ui,false,false,0,none,5,true,false,false
005079aa,903fc170d9db0e56650de083e63cb5063f5fc9f3,9bde4d7d9525cae6f952254bddd3dc0771f1e3f5,true,ps2 textures\HAS ALPHA\bp_remade\no_mip_fixes\ui,false,true,5,remarci_4x,0,false,false,false
00508876,850d83da5edb4e1654b3f478b4cbf23e21181415,c7909fdf20b7268c8544ed2856b93ed9443f9d4e,true,ps2 textures\HAS ALPHA\bp_remade\no_mip_fixes\ui,false,true,5,remarci_4x,0,false,false,false
0051079c,d5e1e2723a33c207da4b5c5c973362aae5820d5f,b1880f11f832e95dd34809b01fcca66b09a26df5,true,ps2 textures\HAS ALPHA\bp_remade\no_mip_fixes\ui,false,true,5,remarci_4x,0,false,false,false
00511551,609f1039a59c79e85221f1af5df34403778cefb6,f68b563286f7ad1504870fe0c3732fffb51989a9,true,ps2 textures\opaque\bp_remade\no_mip_fixes\ui,true,true,5,remarci_4x,0,false,false,false
00512935,1af8fbfba3e8282dfab29d4de43d8e15afa756be,f1346ab7c5efb592e2392cd9bf170fbcac06b970,true,ps2 textures\HAS ALPHA\bp_remade\no_mip_fixes\ui,false,true,5,remarci_4x,0,false,false,false
00513ee9,643293b52beb18bedc13011997ea32b323a537eb,1d292d78d3633a7041a32ae0f3dedbd616b3eb89,true,ps2 textures\HAS ALPHA\bp_remade\no_mip_fixes\ui,false,true,5,remarci_4x,0,false,false,false
005172af,e9a5d87e9c16bdd771f0f23248136865dd9ddb4f,74888a71c17ae304a5601c0279687c0a08cc79b1,false,ps2 textures\HAS ALPHA\bp_remade\no_mip_fixes\ui,false,false,0,none,5,true,false,false
0051e8ce,61be318948438e601305f47568c25a4ad7a0a616,e2474805ee0bdf1e994431796bfb12ebe2e00249,false,ps2 textures\opaque\bp_remade\no_mip_fixes\ui,true,false,0,none,5,true,false,false
0051e8cf,d63f3e0279a16905c5fa592f04ed94130fad9883,fb585bb6091ab035f68b43d4ab0c55497c4130ef,false,ps2 textures\opaque\bp_remade\no_mip_fixes\ui,true,false,0,none,5,true,false,false
0051e8d0,73151cc2148832b7d5428c31353874861a764f16,21bce8ffafcc97f8fb367532929e139894c5c8f2,false,ps2 textures\opaque\bp_remade\no_mip_fixes\ui,true,false,0,none,5,true,false,false
0051ebb8,81030f921eac79cf364bca97a2ae2e6d2ea0c891,da532e889856873c5994948c79a45772324f2cb0,true,ps2 textures\opaque\bp_remade\no_mip_fixes\ui,true,true,5,remarci_4x,0,false,false,false
0051ed70,1754e0d1321e7210625a0851ca5779cc82874aee,5e8b43b6c2380281189071ab53696691d8116783,false,ps2 textures\HAS ALPHA\bp_remade\no_mip_fixes\ui,false,false,0,none,5,true,false,false
0051f158,2c1904e5cb7dd118373d5f5c73c5c1290d11c4e8,b06a7bf52a5fb41162928a72ae9370cead3d0b2f,false,ps2 textures\HAS ALPHA\bp_remade\no_mip_fixes\ui,false,false,0,none,5,true,false,false
0051fd77,1346feff1feed7b68e55fedc1bf2e68fe012ab04,5e630603b051845c2e6d2b8e907acafc8c48018a,true,ps2 textures\opaque\bp_remade\no_mip_fixes\ui,true,true,5,remarci_4x,0,false,false,false
005204ba,1259ac8d0b6bf685bfdb8214b21cde9f334fa05c,029cada5267f2b666df50dcc86a53c8a22481644,true,ps2 textures\HAS ALPHA\bp_remade\no_mip_fixes\ui,false,true,5,remarci_4x,0,false,false,false
005206bf,7262607f051aa10307049a38674584adead09b12,080866104bf40a4970ab7235c72d37a3d6f0a1fd,true,ps2 textures\HAS ALPHA\bp_remade\no_mip_fixes\ui,false,true,5,remarci_4x,0,false,false,false
00523ae9,e6de08b8862945aba7281a4b269fcf38f5a5abe0,99dbc92d89db660429323ff7d0882a10d54b2160,true,ps2 textures\HAS ALPHA\bp_remade\no_mip_fixes\ui,false,true,5,remarci_4x,0,false,false,false
005342b9,30202b4cdbabde1034e5a9053d88abaabb1d91e8,4845ce8542294403aae19de18d9f769fe8e77581,true,ps2 textures\HAS ALPHA\bp_remade\no_mip_fixes\ui,false,true,5,remarci_4x,0,false,false,false
00535c20,fccffbe2082d1d15b65cfc6a73c9c835bd6ac90d,a93737d43263efb900f0edb2c131e7551118a71b,true,ps2 textures\HAS ALPHA\bp_remade\no_mip_fixes\ui,false,true,5,remarci_4x,0,false,false,false
00536f52.img,ba16db3bc34661f4f4945b2ada70ec48d834c78b,fb40b6b95858e5b8bd8061be6a56d0559d4da395,false,ps2 textures\HAS ALPHA\bp_remade\no_mip_fixes\ui,false,false,0,none,5,true,false,false
00536f56.img,c599a03fc16044080914f5b9ad5908112cbfbe79,75b63eaa0fe4b438e339aa3917b957392119954a,false,ps2 textures\HAS ALPHA\bp_remade\no_mip_fixes\ui,false,false,0,none,5,true,false,false
00539bcb,00ea247350eda5d7750fe7bb0db761d659cfea77,19c743a08d82e6f0bd9f27433689d22e6b9f131b,true,ps2 textures\HAS ALPHA\bp_remade\no_mip_fixes\ui,false,true,5,remarci_4x,0,false,false,false
00539c02,9070a77490160acef0b7b826d7e80e52f354bb4a,1a3f8cac496188b4a627b3bb118fd526cc698c2a,true,ps2 textures\HAS ALPHA\bp_remade\no_mip_fixes\ui,false,true,5,remarci_4x,0,false,false,false
0053a47f,4b33766bf62da52b961329056515aaafff3f8775,26b3d73b4d82d624898d1da85cfbdd95ad25d10d,true,ps2 textures\HAS ALPHA\bp_remade\no_mip_fixes\ui,false,true,5,remarci_4x,0,false,false,false
0053c115,b8b909e0599cbfb0664838d213ff517432697eb0,a92425f3ae5c67de5456e16a95d77be0893974a0,true,ps2 textures\HAS ALPHA\bp_remade\no_mip_fixes\ui,false,true,5,remarci_4x,0,false,false,false
0053c115_9f95f70cef32ef75b86013222bba08e9,b32d203157a4e36ed7a08a8f9f0291313d844d09,b091c189a8b426a9a524d41372be760d96ceec4f,true,ps2 textures\HAS ALPHA\bp_remade\no_mip_fixes\ui,false,true,5,remarci_4x,0,false,false,false
0053d847,ee8be30e8a4b461bf75349d348b1bfd90d7098b7,dbf22cc00ea9669c709354487d9d649d996e63fb,true,ps2 textures\HAS ALPHA\bp_remade\no_mip_fixes\ui,false,true,5,remarci_4x,0,false,false,false
0053e470,46f4ba79ece55d675c8ec735edd693570f943ab5,8713fd0b310348edc62afa490edaf408ca806fcd,false,ps2 textures\HAS ALPHA\bp_remade\no_mip_fixes\ui,false,false,0,none,5,true,false,false
00541073,a42d3448dec24d4982070fca1f9bc759a7705b28,55d776058e14ad6e2477eb27545c14d0b667dfad,false,ps2 textures\opaque\bp_remade\no_mip_fixes\ui,true,false,0,none,5,true,false,false
00545a2d,db63ca99e6a8401b504767f65103625845e97bc4,2424fea3b8dfaef305d0c0419c8ca2cfb2da81ef,false,ps2 textures\opaque\bp_remade\no_mip_fixes\ui,true,false,0,none,5,true,false,false
00545a33,d14b088b0be5a73f67805430ec01e0aea5939c01,3e6fa7b1d45726c0c854871d1509747a2528e637,false,ps2 textures\opaque\bp_remade\no_mip_fixes\ui,true,false,0,none,5,true,false,false
00547491,982fed1fc5408100612c03814038d66fa2e3ced1,43d3dceb057cf6b23e3caf9b9bb697ae4c4609be,false,ps2 textures\opaque\bp_remade\no_mip_fixes\ui,true,false,0,none,5,true,false,false
0054a42f,27a3740246ffa627cfabc3feaea968454ca84d59,65e87114a0a0ecbbd60ee8529fd0761e4096b767,true,ps2 textures\HAS ALPHA\bp_remade\no_mip_fixes\ui,false,true,5,remarci_4x,0,false,false,false
0054adda,7ab91edd9e26a0fd32c0ca0330318e69b45b706e,f9abc3e76b705a27805f3bd57cba549aaddf699e,true,ps2 textures\HAS ALPHA\bp_remade\no_mip_fixes\ui,false,true,5,remarci_4x,0,false,false,false
0054f60c,d9aebbe021c94a194015bb8c8fd5c3f594c4a019,2d2cc03b878dda01013ed8beaeff9cce02691bdc,false,ps2 textures\HAS ALPHA\bp_remade\no_mip_fixes\ui,false,false,0,none,5,true,false,false
00554e27,17c1033a886939a91e0f4125e99292518142515a,f4b34988ca81e0caed0082cd7878fa6b124b07dc,true,ps2 textures\HAS ALPHA\bp_remade\no_mip_fixes\ui,false,true,5,remarci_4x,0,false,false,false
00554e2f,64ca2b9833e8d1b86f394252eedb85c16c1b86a9,beda443795caa133b3b1efa92a1d9b972a5a96a6,true,ps2 textures\HAS ALPHA\bp_remade\no_mip_fixes\ui,false,true,5,remarci_4x,0,false,false,false
0055f8f0,2fb04e6cc7427f8a4ae684bb4c1d1dd70295cbb0,61503f42e778a488ef3bbc4098af0ad4698e0584,false,ps2 textures\opaque\bp_remade\no_mip_fixes\ui,true,false,0,none,5,true,false,false
005617ad,30aaf0120ba8091010e2c30898c6a1a048336cba,a62fe5a4a8334d15834791cf13852289f269a7e8,false,ps2 textures\opaque\bp_remade\no_mip_fixes\ui,true,false,0,none,5,true,false,false
0056594d,bf6e9537dc530ddbc42e47e5f091499344f7f85c,ec4a2406316075f1c652b8557578e1a9af6d6789,false,ps2 textures\HAS ALPHA\bp_remade\no_mip_fixes\ui,false,false,0,none,5,true,false,false
0056694d,5d0974536bd835b0807bd78e186275b62dd74581,faf9617be4e0985d3f7751ab37cea0ce581c08a4,false,ps2 textures\HAS ALPHA\bp_remade\no_mip_fixes\ui,false,false,0,none,5,true,false,false
0056794d,f99cc02f1c2d67808430e628b3b6bd119d9de539,3da26e026fdc6e31e33a8ccbcd676558654efdf7,false,ps2 textures\HAS ALPHA\bp_remade\no_mip_fixes\ui,false,false,0,none,5,true,false,false
00569c02,0e83bb1286f37ac62eaf756cc840a244ff958678,ddda67aa2b50cfb516a467d6721eb5dbd4cac8c6,true,ps2 textures\HAS ALPHA\bp_remade\no_mip_fixes\ui,false,true,5,remarci_4x,0,false,false,false
00569e92,30b4bd83b7199dfb1aa3d50310290b5ef8968447,1c9a7b6461774ddb422d25366ce18fce2f16ecf9,false,ps2 textures\opaque\bp_remade\no_mip_fixes\ui,true,false,0,none,5,true,false,false
005737d5,6949166c7601d5e924e914b480a5cae637b31e07,6f4c560d549736582852c18a32865eaf8e48fc85,false,ps2 textures\opaque\bp_remade\no_mip_fixes\ui,true,false,0,none,5,true,false,false
005764f7,7acbc27a377ff0dcd6598477391ee1e2a82bef32,2654b3eda75b8c89203f1a0a160d5dc26396f928,false,ps2 textures\HAS ALPHA\bp_remade\no_mip_fixes\ui,false,false,0,none,5,true,false,false
00576dc0,283b44422366b637d4956bee31c214513b213a77,43d9f962f616db605cf010c955668f21ee996ccd,true,ps2 textures\HAS ALPHA\bp_remade\no_mip_fixes\ui,false,true,5,remarci_4x,0,false,false,false
00579fa7,529ee84b1b391a52c7a27de5a337a17928021d53,35a43df9a2458cfadffc8def8cb11d4ca6c42569,false,ps2 textures\HAS ALPHA\bp_remade\no_mip_fixes\ui,false,false,0,none,5,true,false,false
00581d5d,5ebb2c32069afc186c159940bb252d537e951e2a,9695a3451d222feaa3a5dfb1fc4e200fd74b8df8,false,ps2 textures\HAS ALPHA\bp_remade\no_mip_fixes\ui,false,false,0,none,5,true,false,false
00582d5d,658a1a7a63eba96c6d420fff9c448aa271a261f3,c703d32b8fd45fe244ec4fb9c84236e1b4f543fb,false,ps2 textures\HAS ALPHA\bp_remade\no_mip_fixes\ui,false,false,0,none,5,true,false,false
00583c39.img,864a9a224441f8616aa89b4ec97781337c490132,3f8fb249597d48227ec8ce718b9083b77faf9597,true,ps2 textures\HAS ALPHA\bp_remade\no_mip_fixes\ui,false,true,5,remarci_4x,0,false,false,false
00583d5d,ca0c0ca203a25f25ca25ebe4145e826845c134b1,a857d3455ba4746a01a5b6b65731b728a8a8fb43,false,ps2 textures\HAS ALPHA\bp_remade\no_mip_fixes\ui,false,false,0,none,5,true,false,false
00585db8,42f7dddf3a2f298669946638cb77e2c9ed4f8c40,14196551593fe2585f4755299e20a2b50d43e013,true,ps2 textures\opaque\bp_remade\no_mip_fixes\ui,true,true,5,remarci_4x,0,false,false,false
00588888,048e6a96e68011812c82b33e7c1b018c8a396430,3a6133bbf16375a25ad1e9f92e9d3cd0be91172d,true,ps2 textures\HAS ALPHA\bp_remade\no_mip_fixes\ui,false,true,5,remarci_4x,0,false,false,false
0058c9cf.img,43d20ac5dbe49753814ac3036ddbde0b9cdfc33c,03a72c13000099577bfeb36a85fd3b3a00114ffe,false,ps2 textures\HAS ALPHA\bp_remade\no_mip_fixes\ui,false,false,0,none,5,true,false,false
0058c9d7.img,d08ad9004e4d0b3aefa3daa1000bc2e22cfaa51b,6c0cd432d848e0126f052f58c2bd9213fef53f2c,false,ps2 textures\HAS ALPHA\bp_remade\no_mip_fixes\ui,false,false,0,none,5,true,false,false
0058c9db.img,534c653532abc9d5fbe8d189598dcd5e72b852d8,05f09096007dd588302cf592e96ef18cd46226cd,false,ps2 textures\HAS ALPHA\bp_remade\no_mip_fixes\ui,false,false,0,none,5,true,false,false
0058c9df.img,afe0fec2e5d68fb9362880ed11ef8607daac0287,f92e1ae1681a7a880284e5efb816ff7bfd53bea7,false,ps2 textures\HAS ALPHA\bp_remade\no_mip_fixes\ui,false,false,0,none,5,true,false,false
0058c9e7.img,f421ee29fccfa6c4f408b35d24abd917544d3ade,42901e98bf32b15b9c81854df1bca0fc38c895af,false,ps2 textures\HAS ALPHA\bp_remade\no_mip_fixes\ui,false,false,0,none,5,true,false,false
0058c9eb.img,de42bc4ff3e5dc47ec4e66d82025ccfa17e7bacc,def68da76eaa8e4fd54c606ac55837496bb58e93,false,ps2 textures\HAS ALPHA\bp_remade\no_mip_fixes\ui,false,false,0,none,5,true,false,false
0058c9f3.img,16090aaa516eb5e3feba8e9b00beeaba9146de61,ac251d498d167f429c4318f39e7435498e713a3b,false,ps2 textures\HAS ALPHA\bp_remade\no_mip_fixes\ui,false,false,0,none,5,true,false,false
0058ca53.img,a55071f83e369d6468e1cf8ef912eba2c2117a17,cb876e5de638a0ccd571c13a6c0cac7bf7e658df,false,ps2 textures\HAS ALPHA\bp_remade\no_mip_fixes\ui,false,false,0,none,5,true,false,false
0058ca67.img,cc548182839ec1622975d2ffc98e66c7b4380d2e,e837792b1206c3dc77300676833318cc658d612f,false,ps2 textures\HAS ALPHA\bp_remade\no_mip_fixes\ui,false,false,0,none,5,true,false,false
0058ca6f.img,66b1816534956243452a353b8f5b4ba4d9dcc65c,a9fd01c876a874d60847bb5d62bba40fe5db40f5,false,ps2 textures\HAS ALPHA\bp_remade\no_mip_fixes\ui,false,false,0,none,5,true,false,false
0058d68f,f32ac7140556c623de916799979e6f5f25909184,fec06d2c17a9c1a1be5683484b7ba04462896479,false,ps2 textures\opaque\bp_remade\no_mip_fixes\ui,true,false,0,none,5,true,false,false
0058db82,741f6b4f0afa3cd23eb0faea95b92eb20dd9ddf6,d59a3dca338c12d4a29a6e2f340c8ef778011a18,false,ps2 textures\opaque\bp_remade\no_mip_fixes\ui,true,false,0,none,5,true,false,false
0059277f,43ba06423a7c7167d552ce8879779bb85c00bbab,a6fb1d0e28fc8262011f22c3fdad87bfe5341003,true,ps2 textures\HAS ALPHA\bp_remade\no_mip_fixes\ui,false,true,5,remarci_4x,0,false,false,false
00593bc6,58fa7ab30dd1a71799f15e1660e8cb4f9ad8c371,3922c6dfc285028dbdda0cac3362aebe1d290c09,true,ps2 textures\HAS ALPHA\bp_remade\no_mip_fixes\ui,false,true,5,remarci_4x,0,false,false,false
005a7d91,2af62f5a4b6086e8e013d376a94da956a5e455ad,e06134f2bb36083e0de90ff67115db4078beea1f,true,ps2 textures\HAS ALPHA\bp_remade\no_mip_fixes\ui,false,true,5,remarci_4x,0,false,false,false
005b44ed,8012c5f2887859eddc6249d07f28e1f806b02151,25979850ed2f4f6e13e132eaaf492eeff74ab28b,false,ps2 textures\HAS ALPHA\bp_remade\no_mip_fixes\ui,false,false,0,none,5,true,false,false
005b966f,8f8b6672bce807ee7408147cdcf1b75d5b43d369,03205afaba875be8627572ce301912607a954ce1,true,ps2 textures\opaque\bp_remade\no_mip_fixes\ui,true,true,5,remarci_4x,0,false,false,false
005bf83c,ccd41c05e92695ad649db5345c0fa18451520e7c,049752b43629b892b483ab30d4adeb29f1e8dab1,false,ps2 textures\opaque\bp_remade\no_mip_fixes\ui,true,false,0,none,5,true,false,false
005bf8ec,b08de5106690c97a7f1db22008892a28ff8c2d3f,99dbe004cca721da94fe916cc59172754c0712df,false,ps2 textures\HAS ALPHA\bp_remade\no_mip_fixes\ui,false,false,0,none,5,true,false,false
005bf8f4,7eeec90fe7bf69c4f7656714ab29c2310473e9b8,89820eb87ebe7e706c2c87a8c0ab5ddf4ed5b79a,false,ps2 textures\HAS ALPHA\bp_remade\no_mip_fixes\ui,false,false,0,none,5,true,false,false
005bf8fc,88b5968ac14498e5b22cb032cffd90399182387a,b2100391b95c76b8f93ec452af08edfe3d7980db,false,ps2 textures\HAS ALPHA\bp_remade\no_mip_fixes\ui,false,false,0,none,5,true,false,false
005bf904,80dcf8f897dd5169aa629bf0d451bd2427dc1266,7db4b034f1b8184812381d954ea1cbd0e542caf1,false,ps2 textures\HAS ALPHA\bp_remade\no_mip_fixes\ui,false,false,0,none,5,true,false,false
005bf90c,1e77bdc72c26d2463ce27e1e18de5e662d27dced,61c80c8cdad7ed9703d0b4ebfe916db9a40066cd,false,ps2 textures\HAS ALPHA\bp_remade\no_mip_fixes\ui,false,false,0,none,5,true,false,false
005bf91d,bcb572c69b4d62de780f76108a50b72c9aa9bf52,59ff99e84567f38a41aeb60a3c32ed726d8af7e5,false,ps2 textures\HAS ALPHA\bp_remade\no_mip_fixes\ui,false,false,0,none,5,true,false,false
005bf924,e06af25a58fa0675c2669d611bc3f33cce2557d1,054cd1ed5f421d3f514f9e60708839f35781c76f,false,ps2 textures\HAS ALPHA\bp_remade\no_mip_fixes\ui,false,false,0,none,5,true,false,false
005bfa14,21deffbe5d01143e174d510809d4c5b06b7eb0fe,1307a997388f72e0553c5293dc5327bca627fc33,false,ps2 textures\HAS ALPHA\bp_remade\no_mip_fixes\ui,false,false,0,none,5,true,false,false
005bfa34,46e428e5bc88a0a79a3a3f926e8e241bceaef069,ea462874ef2b83f83ff1ab3435fdfc9758be40ae,false,ps2 textures\HAS ALPHA\bp_remade\no_mip_fixes\ui,false,false,0,none,5,true,false,false
005c43b3,f79a15a32c98ffafd675f3afa41139b1d9d46bef,73dc41d0b3376867459971e6a86b7f708a67f543,true,ps2 textures\opaque\bp_remade\no_mip_fixes\ui,true,true,5,remarci_4x,0,false,false,false
005ce186,d5338c281b3f0d9940f6e4a0e5c8b1a43530010f,a767b8351beccbebb179d70f5875091da52d1f7e,false,ps2 textures\HAS ALPHA\bp_remade\no_mip_fixes\ui,false,false,0,none,5,true,false,false
005ceaf7,473dfcaf974d851636ea0143c4514deb372dfe44,6356eee7eed63673f71de8126a1058da760ab31f,true,ps2 textures\opaque\bp_remade\no_mip_fixes\ui,true,true,5,remarci_4x,0,false,false,false
005cf186,af86c3a724ed3ff15b44b44c7e453b1f9d39eb00,f8621f7072a76ac621c95a8681aa30a7de735331,false,ps2 textures\HAS ALPHA\bp_remade\no_mip_fixes\ui,false,false,0,none,5,true,false,false
005d0186,9bf11df1e609dbb404a2a1c81f11aba599c364ac,6179a40f0824634de4970c8cf070735cf6f73341,false,ps2 textures\HAS ALPHA\bp_remade\no_mip_fixes\ui,false,false,0,none,5,true,false,false
005d7862,9fa6a023e470a1933e31886395ec7010d90c26e2,cc18fbb8e924ceaa81e140b16951b602299b6270,false,ps2 textures\opaque\bp_remade\no_mip_fixes\ui,true,false,0,none,5,true,false,false
005d7993.img,5b0ba78c03a4bcef7abd62946967d231d224d728,ae2230a50280f6a9c0cf651e7c84b6e29e276f79,true,ps2 textures\HAS ALPHA\bp_remade\no_mip_fixes\ui,false,true,5,remarci_4x,0,false,false,false
005d965e,16840f508888c24912b88c8349f3844abc352beb,4ca2fcde96eb2bb56bd446ea59e3f818a7c8e510,true,ps2 textures\opaque\bp_remade\no_mip_fixes\ui,true,true,5,remarci_4x,0,false,false,false
005df444,1a8cc65489845ecb2dfb9d447f5ecc0474efa7b7,6e0d8e1a2b8f74f9a0ee40be2eaa65ddbb392d79,true,ps2 textures\HAS ALPHA\bp_remade\no_mip_fixes\ui,false,true,5,remarci_4x,0,false,false,false
005e568e,ae4e38f3677506ed1e87a8fe707c79c651161efb,38a7e913fee30daa19b1498d5b8bf695382ed75f,false,ps2 textures\HAS ALPHA\bp_remade\no_mip_fixes\ui,false,false,0,none,5,true,false,false
005e668e,f150fb73ea054a18e6f7a19aac9922c62c27de8a,3b1226a32d5958d589decd73862c3de1eb6f7f32,false,ps2 textures\HAS ALPHA\bp_remade\no_mip_fixes\ui,false,false,0,none,5,true,false,false
005e768e,6e8cc86324c1fde1681b6384ef46ae4d638ed6b6,aa2d3d95725d1d8ed067bf0c225a01937fd898ec,false,ps2 textures\HAS ALPHA\bp_remade\no_mip_fixes\ui,false,false,0,none,5,true,false,false
005eb9cb,0f395ac96b218a7d0f49c54453f9faa83eecf43c,4bdab2cbfbf2e2f0cfa9a4a9e4cbe6a0bb890c11,true,ps2 textures\HAS ALPHA\bp_remade\no_mip_fixes\ui,false,true,5,remarci_4x,0,false,false,false
005ed1e5.img,8d147f699b3435a36e8c2e82b3fab89256015ed7,3bce2ec97b9a93c0f3aab70e24c231ccf47c4f33,true,ps2 textures\HAS ALPHA\bp_remade\no_mip_fixes\ui,false,true,5,remarci_4x,0,false,false,false
005ee3c5.img,b5b72eaa8188b3c2c00841107e616b7ba63a038c,ab0002ac5cf3b979c1fe30494aa046658458283f,true,ps2 textures\HAS ALPHA\bp_remade\no_mip_fixes\ui,false,true,5,remarci_4x,0,false,false,false
005f3365,28e1fe87d95538dfe432fec355fa22c9b2761f78,2d1bffbe642760d842ed46a3aee3c5a048dde51c,false,ps2 textures\opaque\bp_remade\no_mip_fixes\ui,true,false,0,none,5,true,false,false
005f366f,bdeac980f7464f8711d967510f3dd6b908b08605,73eb3fb382df391ea5cdfb8aaad2779962007c14,true,ps2 textures\opaque\bp_remade\no_mip_fixes\ui,true,true,5,remarci_4x,0,false,false,false
005f73b4.img,f0f43c57f95354cb02dc73dece48a123a775d820,9f2b010d31d72cc9005afaacbfda50590245d938,true,ps2 textures\HAS ALPHA\bp_remade\no_mip_fixes\ui,false,true,5,remarci_4x,0,false,false,false
005fcebb,e8ca35aa78dac602e3d7437817adcb0644138d06,473dc3b5a0284a445d395722252c5965fda8b922,true,ps2 textures\HAS ALPHA\bp_remade\no_mip_fixes\ui,false,true,5,remarci_4x,0,false,false,false
005fe3c5.img,34d8ab44080018025f5d8ed0e1d800962872e2a5,3d58eb21ec531f5a052f6cab7e4330bb2734e5dd,true,ps2 textures\HAS ALPHA\bp_remade\no_mip_fixes\ui,false,true,5,remarci_4x,0,false,false,false
005feda9,d82e0a5be57fc7b207420d60cd6c4d0beb84f8ab,91dae2f1d0ebcb6c5a18617f072d090d21886915,false,ps2 textures\HAS ALPHA\bp_remade\no_mip_fixes\ui,false,false,0,none,5,true,false,false
0060327e,8f2edea6a77eefeed74d6040342930f7820f4409,4c48b5a0a7c36ebc73a27d4e3185ef4e16ed6f1a,true,ps2 textures\HAS ALPHA\bp_remade\no_mip_fixes\ui,false,true,5,remarci_4x,0,false,false,false
006092c2,0704b8c273b9241e58e017572a43aabdb02ed5fc,bc9e7f8d6b2e7e67838ea1feb980c84d61e7cb79,true,ps2 textures\HAS ALPHA\bp_remade\no_mip_fixes\ui,false,true,5,remarci_4x,0,false,false,false
0060a8e0,cdc7272bceacd98ace5404517876213a2be101f8,9c1920ab321413b942f35f4e304744dc22442ece,true,ps2 textures\HAS ALPHA\bp_remade\no_mip_fixes\ui,false,true,5,remarci_4x,0,false,false,false
0060def0.img,85ca767e31f22ce7e919e7b1cb21954d9790b2cb,89c92053f53ea0f1a8362b740555d10e91f555dd,true,ps2 textures\HAS ALPHA\bp_remade\no_mip_fixes\ui,false,true,5,remarci_4x,0,false,false,false
0060e3c5.img,291924f144e6490021ffc195eb9f77ba1f92afa5,699908818bdd50df04ef95eacbc17770952f77e8,true,ps2 textures\HAS ALPHA\bp_remade\no_mip_fixes\ui,false,true,5,remarci_4x,0,false,false,false
0061435d,3ef231dcbe056c8575d9d3f41482c8fa7157cd9f,60312e79cb5e0feda671a3d6b1169ed0acc605ba,true,ps2 textures\HAS ALPHA\bp_remade\no_mip_fixes\ui,false,true,5,remarci_4x,0,false,false,false
0061435e,20d5d874d7bc6c6a10cafeb2a3b23037159e6e61,0c0a8661240b64c6be2341ef110338ed401af3a8,true,ps2 textures\HAS ALPHA\bp_remade\no_mip_fixes\ui,false,true,5,remarci_4x,0,false,false,false
00614361,80e445932c1c7d5265a2c345c043eee884ab0ef0,cb6ef2b66cfcd0b9287cc477772ebcc9eaab7028,true,ps2 textures\HAS ALPHA\bp_remade\no_mip_fixes\ui,false,true,5,remarci_4x,0,false,false,false
00614362,7c160a3a8c49502d6c8d90ddbce1580cca4ec8da,d453024748f0b14a85dcd6719c399b7d2e23e285,true,ps2 textures\HAS ALPHA\bp_remade\no_mip_fixes\ui,false,true,5,remarci_4x,0,false,false,false
00614365,29fc55a806f82bbc69525f5dd5b2cac9953be738,c163e973667b8ba9e2ff0a54bdf2a26b9a7eee20,true,ps2 textures\HAS ALPHA\bp_remade\no_mip_fixes\ui,false,true,5,remarci_4x,0,false,false,false
00614366,79d400edd2f7fb63305150f01ced4573b00831cb,09ac9efd11710a44cb891fb78c1ea22837c1a6d4,true,ps2 textures\HAS ALPHA\bp_remade\no_mip_fixes\ui,false,true,5,remarci_4x,0,false,false,false
00614369,22561597fcf5f24a62d977c945217815011ac49c,a1332307b67ab614b4e0eca71c0b21e34b40403b,true,ps2 textures\HAS ALPHA\bp_remade\no_mip_fixes\ui,false,true,5,remarci_4x,0,false,false,false
00619b5e,28d4af8eeb9c79aa4c92807cd08c8a72baeba54c,4576d77792c78d56447d0a8f68b1b3831db7ab2f,true,ps2 textures\HAS ALPHA\bp_remade\no_mip_fixes\ui,false,true,5,remarci_4x,0,false,false,false
0061b17c,c47efab8df7fa0e1c5314ff499142301ffe2bb6c,fbcaddf3005aade164fad6fc26894630ed6f712e,true,ps2 textures\HAS ALPHA\bp_remade\no_mip_fixes\ui,false,true,5,remarci_4x,0,false,false,false
0061e658,6d04678c72112b4e25c0e49f8c8fc59b25b598f7,a1f2639b64e2aa9c78a17c009bffab82127f2866,false,ps2 textures\HAS ALPHA\bp_remade\no_mip_fixes\ui,false,false,0,none,5,true,false,false
00621968,955d3c4068b3ca28c9dacac0ea3d650b0ee996aa,9c1d73792581cec748eecb5fdf4ed952e5aeb24f,false,ps2 textures\opaque\bp_remade\no_mip_fixes\ui,true,false,0,none,5,true,false,false
00625e97,4d855200b601abfcc94136667293f923e082526c,9fa0fa5879b61e99acac4c142c9aacfd45e4d7e1,false,ps2 textures\opaque\bp_remade\no_mip_fixes\ui,true,false,0,none,5,true,false,false
00626458,ed104d2c6ea1d653a1d865975aaa104ec8fbdd97,52c1dbe5363babe9e4a1e2759a66eb05fc5c80aa,false,ps2 textures\HAS ALPHA\bp_remade\no_mip_fixes\ui,false,false,0,none,5,true,false,false
0062a258,93778a5fea83c7db6e163c975cd4663ca84e7937,aeb028967854dafc25925049bbdba39c293b689a,false,ps2 textures\HAS ALPHA\bp_remade\no_mip_fixes\ui,false,false,0,none,5,true,false,false
0062ded9.img,84baef0ae282728557d288f2f0b1b8a468680c61,553cc694f42395de98ecd52d94bfd59df5e4f41b,true,ps2 textures\HAS ALPHA\bp_remade\no_mip_fixes\ui,false,true,5,remarci_4x,0,false,false,false
0063051d,49b40b95535915c42d22443cfb7d5a0373fbf335,17b7a2350a08b484102a829fe30b9efdcc591df4,true,ps2 textures\HAS ALPHA\bp_remade\no_mip_fixes\ui,false,true,5,remarci_4x,0,false,false,false
006377aa.img,8ae38f4eb2b2dc5e24f23e8f5f2042f5345db5b9,56e5a988585fce8ecd1bfbb212ec969258f91380,true,ps2 textures\HAS ALPHA\bp_remade\no_mip_fixes\ui,false,true,5,remarci_4x,0,false,false,false
006385b8,a6da47fc599ad18676ba5298e52660b6f32f62cb,3f3a909db93f3cb4741d2537d35906be3d2a2483,true,ps2 textures\HAS ALPHA\bp_remade\no_mip_fixes\ui,false,true,5,remarci_4x,0,false,false,false
0063a8f6,09263e6fba2051024d46977084d6e31a78856507,7759c6932310c3de9c1fa5bcf40a5daa7cd0262d,false,ps2 textures\HAS ALPHA\bp_remade\no_mip_fixes\ui,false,false,0,none,5,true,false,false
0063b8f6,fad967b4af3b4813050b7d0f2ea7952f7393e4fb,b8619e223bde671876e3aabe22e388d48318665f,false,ps2 textures\HAS ALPHA\bp_remade\no_mip_fixes\ui,false,false,0,none,5,true,false,false
0063ed20,3e9af27529633062ba9f7a1d6ef490a15d2928c9,d2492f7fff602727dfaa773c53ec19754bbe7c77,true,ps2 textures\HAS ALPHA\bp_remade\no_mip_fixes\ui,false,true,5,remarci_4x,0,false,false,false
00646cce,f22f7996467952b531b32c2db0758cdb2219589a,a933cb87da918b2ef449dd5b2a957241aab6ecfe,true,ps2 textures\HAS ALPHA\bp_remade\no_mip_fixes\ui,false,true,5,remarci_4x,0,false,false,false
0064867c,555ebfbc64a4f8a20a5065b504ac6e00544f017e,16e46d13ec98ce23e150675e30e436be4a2c506b,true,ps2 textures\HAS ALPHA\bp_remade\no_mip_fixes\ui,false,true,5,remarci_4x,0,false,false,false
0064867c_e9984c62c496c194988723f7822d1546,d333e488a4d3767fdb767d5c816addb083bce532,c0464738c413a2adfc2821475b8e6eae432f48ff,true,ps2 textures\HAS ALPHA\bp_remade\no_mip_fixes\ui,false,true,5,remarci_4x,0,false,false,false
00652f51,2e0e53b599c8b9a2849a3c7eba1f1314a6b7b510,721c76f8ffcdf98048584a65b75fc97de70b0d1e,true,ps2 textures\HAS ALPHA\bp_remade\no_mip_fixes\ui,false,true,5,remarci_4x,0,false,false,false
0065305e,908ba500ed447e3e35850ed5a5b0f6f67ce3ec42,08a34c15ef90975ad8eb99589c83bc5cc1f967ed,false,ps2 textures\opaque\bp_remade\no_mip_fixes\ui,true,false,0,none,5,true,false,false
00659f16,f911b35b47a6b0c9b3c4f6e58df60dd40b7a3b59,582112260d619a39e815fdf3f398070002a0569c,true,ps2 textures\HAS ALPHA\bp_remade\no_mip_fixes\ui,false,true,5,remarci_4x,0,false,false,false
0065a5e5,abd00d3c0aa5c48f8d069ea312ba7815e92a2f1a,69ecbc1ded4fd5b9bdc5c90bce3048a80d46f1a1,false,ps2 textures\opaque\bp_remade\no_mip_fixes\ui,true,false,0,none,5,true,false,false
0065a602,c786340b260c1c5a068ae356fa8edb71aba478fa,b383c2d1577adc6a466ed5166bdf7d467f22db28,false,ps2 textures\opaque\bp_remade\no_mip_fixes\ui,true,false,0,none,5,true,false,false
0065c249,7ddce99404384df5a62c2c22ef57850e21de7c2c,2d8cd077ceb4513722c031f85f7d9f55d7681363,false,ps2 textures\opaque\bp_remade\no_mip_fixes\ui,true,false,0,none,5,true,false,false
0065fadb.img,8a858df91a3b663cc1f0383efc13a3389161dab0,5d992739408b563c2be92c1a1125553bc1373938,true,ps2 textures\HAS ALPHA\bp_remade\no_mip_fixes\ui,false,true,5,remarci_4x,0,false,false,false
00669f16,c2af3226ca8437048786eca1aa4066e22530b5cc,6fa54c0c2e3332e05569399657b2f954cb31b112,true,ps2 textures\HAS ALPHA\bp_remade\no_mip_fixes\ui,false,true,5,remarci_4x,0,false,false,false
0066c2b0,593d1dfd6aff50b5c05d864e6b42df59965d1a4c,71eb50fc6ce005898a8c64de377d981d69293b17,true,ps2 textures\HAS ALPHA\bp_remade\no_mip_fixes\ui,false,true,5,remarci_4x,0,false,false,false
0066ce01,68f02ab68d7e5bb39ebb0cb378bb0b2d9fffc67f,560643d52d8d544d2d7c6b5eaacec1114ef3b690,false,ps2 textures\HAS ALPHA\bp_remade\no_mip_fixes\ui,false,false,0,none,5,true,false,false
0066dafa,eb2a6e2e6f91ddcce174b30182c3a7db369d162c,683f226ab58a32fe142fa172601dac8d055dd1cb,true,ps2 textures\HAS ALPHA\bp_remade\no_mip_fixes\ui,false,true,5,remarci_4x,0,false,false,false
0067605a,8e07823bb0313cfd910040fb906f675d5cb49001,0242792ffbda126280e7b6391c3129a4bf831fc7,false,ps2 textures\HAS ALPHA\bp_remade\no_mip_fixes\ui,false,false,0,none,5,true,false,false
00676681,b119c5c15453953b6dd7bb01e8f7c19c27dfe778,ef5bcc3e31c7afd07871816612652d5a6944b8dc,false,ps2 textures\opaque\bp_remade\no_mip_fixes\ui,true,false,0,none,5,true,false,false
00679f16,6232e08975115007d25830ed3c3e872158551520,1a8ecfaa1b58d8eb9a9634db8c6aafd6e389b81c,true,ps2 textures\HAS ALPHA\bp_remade\no_mip_fixes\ui,false,true,5,remarci_4x,0,false,false,false
0067bd5e,0343cdfec560bfdcd7fe13a4279b134fe967abda,df1debd8313a553dc3dd926d3d2bec95d3137543,false,ps2 textures\HAS ALPHA\bp_remade\no_mip_fixes\ui,false,false,0,none,5,true,false,false
006801cd,81d64b00b3f93662374767d2cbd100cb160d91b9,c2516fd8284a154b4a08260de58829947953570b,true,ps2 textures\HAS ALPHA\bp_remade\no_mip_fixes\ui,false,true,5,remarci_4x,0,false,false,false
00680273,31815964d1ea3de3704b44c660961e8caaa0b097,492b85729e1c34dd4d07e57bd55e57dbe76ab324,true,ps2 textures\HAS ALPHA\bp_remade\no_mip_fixes\ui,false,true,5,remarci_4x,0,false,false,false
00680d3b,d90f6761b9d4d5b1794b7460640ea904c835bfdf,06d521611f92a842f8f946dda88ba6bf76f4be9a,false,ps2 textures\opaque\bp_remade\no_mip_fixes\ui,true,false,0,none,5,true,false,false
00682404,632c79bc91d38a8b72ca082170a6481eea668701,e282b26b54c164fc951f7016ab3c45b4cf528cfa,false,ps2 textures\opaque\bp_remade\no_mip_fixes\ui,true,false,0,none,5,true,false,false
00683e7a,18e607af56f1133c67c998a79c841a96da09cefb,71156c72ccb77721f4713da3d90e117cf810ff13,false,ps2 textures\opaque\bp_remade\no_mip_fixes\ui,true,false,0,none,5,true,false,false
00683f5f,eee62ad96e8acd5c2833a422ab019ee8a9396634,7b2f951ef82401209c62899d70af2f9d75669c8e,true,ps2 textures\HAS ALPHA\bp_remade\no_mip_fixes\ui,false,true,5,remarci_4x,0,false,false,false
00684366,bff9f2f579a2d65098d882d010e860d8e9d33a19,16186236511e516369f0854f38bb84dd7b6142e7,false,ps2 textures\opaque\bp_remade\no_mip_fixes\ui,true,false,0,none,5,true,false,false
00684cce,2da6be6297a3260bba1fd1dc1e2dde7b02ddad5d,e8a333d8bd7a56b2d5929df22f4c8e100a7ac764,false,ps2 textures\opaque\bp_remade\no_mip_fixes\ui,true,false,0,none,5,true,false,false
00684d2a,0e934f748ce954d0532a90e2666394d4a33483c0,f910cf43abd5a4002bc7f151c32d9c33d93e94d1,false,ps2 textures\opaque\bp_remade\no_mip_fixes\ui,true,false,0,none,5,true,false,false
006853a6,51a273b36e618fc62549e685869f1acaafa51f71,9221ddd62c7a6b8df25501ea3251de6f25b322a1,true,ps2 textures\HAS ALPHA\bp_remade\no_mip_fixes\ui,false,true,5,remarci_4x,0,false,false,false
006853ba,abb68742993fd279747b187cda4791e66e6a345f,80cc5b21335e08915556e95f3ce037c90e67359d,false,ps2 textures\opaque\bp_remade\no_mip_fixes\ui,true,false,0,none,5,true,false,false
0068595e,44796c0fcfc69d981092546d2efab0f6da59e75b,77f281afebda3124cf9aa4c5a706b93ea3432932,false,ps2 textures\opaque\bp_remade\no_mip_fixes\ui,true,false,0,none,5,true,false,false
00686ab8,b5d6729b4322121c5db4047a2e4b6567a9d12f26,990408e5be99ef633448d6f418154a9578508d99,false,ps2 textures\opaque\bp_remade\no_mip_fixes\ui,true,false,0,none,5,true,false,false
00686b2d,31a5b019bbaec57c14f36f7f6f8d598188b6b3fd,a8286e3b4475254bc82e744a27b2333bcdc520a7,false,ps2 textures\opaque\bp_remade\no_mip_fixes\ui,true,false,0,none,5,true,false,false
00686c51,b3bfd564be7ec3de877ffd91d5c30132a2a5d996,896b9013189d1ee16d3d9b003db211d9aa1b2b8a,true,ps2 textures\HAS ALPHA\bp_remade\no_mip_fixes\ui,false,true,5,remarci_4x,0,false,false,false
00686d5b,3b0db62430470ab9139610b9af42fdda93e14976,4d78c897b27c6bc52dbec72576d77ecfdf18e4ae,false,ps2 textures\opaque\bp_remade\no_mip_fixes\ui,true,false,0,none,5,true,false,false
0068706b,1de8cec29745faf08f6dc424756c3a4482e97024,b0eba36e90552f889074488736180acc9cfe94f4,false,ps2 textures\opaque\bp_remade\no_mip_fixes\ui,true,false,0,none,5,true,false,false
00687332,153ccf07768e58dd5644b164473e9d5cc27b328f,1683ae288e6922fd5016ddb602177d87a4ba1556,false,ps2 textures\opaque\bp_remade\no_mip_fixes\ui,true,false,0,none,5,true,false,false
0068803c,49805579cea9db9d72be1d86bb7ddc530a1815b4,ab1d6248dd408308e254c2375fe6d4658fb07b2f,true,ps2 textures\HAS ALPHA\bp_remade\no_mip_fixes\ui,false,true,5,remarci_4x,0,false,false,false
00689f16,16658deceb97f20da8a841074d3db3e75c8ffc2c,ee5b33a2b1a03e0f6c62077ff1302893dd058062,true,ps2 textures\HAS ALPHA\bp_remade\no_mip_fixes\ui,false,true,5,remarci_4x,0,false,false,false
0068f463,0b69f286e31010ceddc38912e5fc4a24fc2012d5,960d0b98c6c59378810cfc56dcd372633a018092,true,ps2 textures\HAS ALPHA\bp_remade\no_mip_fixes\ui,false,true,5,remarci_4x,0,false,false,false
006907c9,d531a82f9b13e5a27417307e1dfe84c585537f20,b09b621172aae22c568794dd5000ea65c26ee70c,false,ps2 textures\HAS ALPHA\bp_remade\no_mip_fixes\ui,false,false,0,none,5,true,false,false
0069966f,43c89bbe45be45b7c9e03126b618a40d19a1a5f3,999f1e5df8db7beaea644bd12c76ca05dc143d4c,true,ps2 textures\opaque\bp_remade\no_mip_fixes\ui,true,true,5,remarci_4x,0,false,false,false
0069969b,3a7520f6f470f3b8e716c0faf263f25c4509d217,9742bb1381e43fe7eb8aa1960591374e0ec17aba,true,ps2 textures\HAS ALPHA\bp_remade\no_mip_fixes\ui,false,true,5,remarci_4x,0,false,false,false
00699f16,4fd4aa3e4012f3b15c06f80391a261e9e14e019e,6b29595e54a583e60a4464a39abccf7da5820950,true,ps2 textures\HAS ALPHA\bp_remade\no_mip_fixes\ui,false,true,5,remarci_4x,0,false,false,false
0069adda,ad3a4090dac148424af9c63dfe95efd8b11d9b9d,2110d455d9843b733988d1fd921eccb79e5e8798,true,ps2 textures\HAS ALPHA\bp_remade\no_mip_fixes\ui,false,true,5,remarci_4x,0,false,false,false
0069ce6a,659cadacf168581e811dc50bc95a4aa85a6f3b90,c79df657a1d82c49dff26be040f859fc297f04f8,false,ps2 textures\opaque\bp_remade\no_mip_fixes\ui,true,false,0,none,5,true,false,false
0069d7ca,5dfcbb320a0f2e952c48261308f5ab9f6ea480e9,7501b3f2bb8f866ad75100f07ce65130d95985a7,false,ps2 textures\opaque\bp_remade\no_mip_fixes\ui,true,false,0,none,5,true,false,false
006a2db0,c2be0cd3a5b906d5f9724e3eb794006a5a2a7ea0,d9647f2f5ba0e7feb9edc4a3d0727c67764618b5,false,ps2 textures\opaque\bp_remade\no_mip_fixes\ui,true,false,0,none,5,true,false,false
006a366f,d941177623d22cbd49b3b15b17b9e30ad96a03f3,faa78a1f32ff013290be4f2462dac635085c7efb,true,ps2 textures\opaque\bp_remade\no_mip_fixes\ui,true,true,5,remarci_4x,0,false,false,false
006a9f16,038b66f319597566535ff495664faec166e375ea,4648054c9a5dbf8732f49bc0720d26a8fa934b3f,true,ps2 textures\HAS ALPHA\bp_remade\no_mip_fixes\ui,false,true,5,remarci_4x,0,false,false,false
006aaff3,914ea7ac7685ad95ddaaa37e7da70ce1d5dea48a,cd9326de60bf1388adf9d74b4447c856525cd458,true,ps2 textures\HAS ALPHA\bp_remade\no_mip_fixes\ui,false,true,5,remarci_4x,0,false,false,false
006aaff4,1c00990d8deaba10de876c0813829488220eda28,5889ed6b3cdc6d7816d1da5ff53cf17862cc15aa,true,ps2 textures\HAS ALPHA\bp_remade\no_mip_fixes\ui,false,true,5,remarci_4x,0,false,false,false
006ac0e0,34d85a356015438707b9211a0d7dcff5549a9a65,04cecf7ec3db2d305176400a04ef8cecb177c30d,true,ps2 textures\opaque\bp_remade\no_mip_fixes\ui,true,true,5,remarci_4x,0,false,false,false
006adf8b,50757ff621744f334e7976d6b8f09290e76754dd,68ea678dac72349980e850d948500e074cbd29f8,false,ps2 textures\HAS ALPHA\bp_remade\no_mip_fixes\ui,false,false,0,none,5,true,false,false
006aef8b,cd281021d56cc436a3a30141dec38f005075bd43,cd46479410eba1f284efaa95395350b3b03cb21a,false,ps2 textures\HAS ALPHA\bp_remade\no_mip_fixes\ui,false,false,0,none,5,true,false,false
006aff8b,ec318c10a2ffeb8ac13be6c628103c254f4c1ed1,7df5b52962eb526d88c87a6446657738537e86a4,false,ps2 textures\HAS ALPHA\bp_remade\no_mip_fixes\ui,false,false,0,none,5,true,false,false
006b1eae,05cd1abacb2c1464e74ac33055c6bac88b6dd378,186ef168cddcfd6d2f89580ab3c6c7b4688d8fd8,true,ps2 textures\HAS ALPHA\bp_remade\no_mip_fixes\ui,false,true,5,remarci_4x,0,false,false,false
006b9b8c,105821c8bcf8921910d7460bb761a369a5490f47,6627e116da202e7cab54c9eef442180c1a575182,true,ps2 textures\opaque\bp_remade\no_mip_fixes\ui,true,true,5,remarci_4x,0,false,false,false
006b9f16,6f45958d96ad6cff34a15a527df59b66b0a02fec,4d0fe971c3422a1554f9b9eec3601f5cdf92f95d,true,ps2 textures\HAS ALPHA\bp_remade\no_mip_fixes\ui,false,true,5,remarci_4x,0,false,false,false
006baff3,93aeb37860a61809c08f88e5060d9f4333461983,35a7cfab439e89115d0da459a280b7a6be4c47ff,true,ps2 textures\HAS ALPHA\bp_remade\no_mip_fixes\ui,false,true,5,remarci_4x,0,false,false,false
006baff4,27113141d0b9e5a9edbd21d56347a5b7da737537,879d681d5c1e174ef77039340c136f84f2d58f97,true,ps2 textures\HAS ALPHA\bp_remade\no_mip_fixes\ui,false,true,5,remarci_4x,0,false,false,false
006c364b,5ce8adca0c7f5402448eea23446f27efacc73ce6,3f8dee8e25fbb6a7be0f2b0a9e4c3ad9b15b95d7,true,ps2 textures\opaque\bp_remade\no_mip_fixes\ui,true,true,5,remarci_4x,0,false,false,false
006c64f0,4112ae1c6afd1828eb49cf68d3d6a10533374a62,681c81987ea2ff9b8dae5a33f1bf05dc0edbf6a0,false,ps2 textures\HAS ALPHA\bp_remade\no_mip_fixes\ui,false,false,0,none,5,true,false,false
006c8bcc,7b3fe4761277f0e958ab725d824479aed75ffd12,8140208c21591f8c245da39a3dc6299e76815fd9,true,ps2 textures\opaque\bp_remade\no_mip_fixes\ui,true,true,5,remarci_4x,0,false,false,false
006c9f16,db195c8f00f4d8befbc2691fc45c2c7300f44e96,2e888bfc1ba0ed0651cefccc4ad39254c6f2bd34,true,ps2 textures\HAS ALPHA\bp_remade\no_mip_fixes\ui,false,true,5,remarci_4x,0,false,false,false
006caff4,7447badc4f17fbc573d6619c32cfd7d5034fe542,e38163ea25af39f778a6a34116b6bd661e187b7b,true,ps2 textures\HAS ALPHA\bp_remade\no_mip_fixes\ui,false,true,5,remarci_4x,0,false,false,false
006cc973,0b8faa27015bca15edef1f3fffdd8e78b6ac5656,75fe066131a326175e6d0330652d64d948d2ffc5,true,ps2 textures\HAS ALPHA\bp_remade\no_mip_fixes\ui,false,true,5,remarci_4x,0,false,false,false
006ccf7c,d2433ff6197f11d2e1a2f8269c78e126dca201a0,485e78bef6905da338fdd53559a50cfdd08bb5d4,false,ps2 textures\opaque\bp_remade\no_mip_fixes\ui,true,false,0,none,5,true,false,false
006ce263,890bd7e3b1abb387d9b8aea55c6a9d53465f3d5c,807c799aafb8618e2a4d0b593953d0e607107cf0,true,ps2 textures\HAS ALPHA\bp_remade\no_mip_fixes\ui,false,true,5,remarci_4x,0,false,false,false
006ceb0b,f60906200c54409a6c3d3809feac87c086d1f362,d7be1f88107d5521bd28e34e36809c6ebe50b1db,true,ps2 textures\HAS ALPHA\bp_remade\no_mip_fixes\ui,false,true,5,remarci_4x,0,false,false,false
006cf5d4,1bf407aa2508f9a53c5dee99fcd169d51e4aec7f,2f1eb2426f8795338438f3c79c7b6cc523ce3c4c,false,ps2 textures\HAS ALPHA\bp_remade\no_mip_fixes\ui,false,false,0,none,5,true,false,false
006cf5e4,bd7e3ba6322dfeff96d737cf7816d805a70da445,c0e1551f77b31963727f0cfdeed17a4db48cfc22,false,ps2 textures\HAS ALPHA\bp_remade\no_mip_fixes\ui,false,false,0,none,5,true,false,false
006cf5ec,c39c32aaddfb20db914f2d1764c9facf3fcc5713,35e3d2be46e3e40d8af975ed08a66e86feec4d91,false,ps2 textures\HAS ALPHA\bp_remade\no_mip_fixes\ui,false,false,0,none,5,true,false,false
006cf5f4,34185f93354336f7e6926a2f7e89993d3beb6c46,d632465d283f31df450151228539520cd17510ea,false,ps2 textures\HAS ALPHA\bp_remade\no_mip_fixes\ui,false,false,0,none,5,true,false,false
006cf604,214df62a75c08a63858c8e3081e3f7d0edfa63f6,3933c912ab391dc8f1e011146df60f80d3d61099,false,ps2 textures\HAS ALPHA\bp_remade\no_mip_fixes\ui,false,false,0,none,5,true,false,false
006cf60c,55b167bba21a3249dcd34d2277f89c46dd87f5db,b1064912e9ad6680b0a933cda265141c49833140,false,ps2 textures\HAS ALPHA\bp_remade\no_mip_fixes\ui,false,false,0,none,5,true,false,false
006cf6dc,d1bd38df123a1bd4ca20e317df97596e9f4566b7,3706c1fef190a40bf583d73665e2e5d5824610ac,false,ps2 textures\HAS ALPHA\bp_remade\no_mip_fixes\ui,false,false,0,none,5,true,false,false
006cfd2a,89aed8a5d5b905cb8adf193ef5df703c265f929f,b18415a01c38370326c3de1f591a475baaed7954,true,ps2 textures\opaque\bp_remade\no_mip_fixes\ui,true,true,5,remarci_4x,0,false,false,false
006d2ebe,4d684448e630429d4f37fab071d2085bd3259c67,25947f31691bf43b6964d05c1e4a9a41fd6e27e4,false,ps2 textures\HAS ALPHA\bp_remade\no_mip_fixes\ui,false,false,0,none,5,true,false,false
006d8448,ae3a4db614868fcb5fbe1c2ec175cc5019c00132,4a8d6194086bc75fa7439861e30f06f47dbe64d0,true,ps2 textures\HAS ALPHA\bp_remade\no_mip_fixes\ui,false,true,5,remarci_4x,0,false,false,false
006d86e8,6a50dc296c8f2fe716b53356b197077f0b6be5bf,f9c8b832a4f1440869f36cfc1eca47aeafe75e32,true,ps2 textures\HAS ALPHA\bp_remade\no_mip_fixes\ui,false,true,5,remarci_4x,0,false,false,false
006d9448,e342e4c9566cab67177a638d8b73b0926c634f14,d6e26da2080a939bebe29d9d7945f1cd28d81666,true,ps2 textures\HAS ALPHA\bp_remade\no_mip_fixes\ui,false,true,5,remarci_4x,0,false,false,false
006d9f16,a4216a9202470af53c32781e3a2f669e8603f342,9ee58724232a8d57afa1f175ed727559d08a264c,true,ps2 textures\HAS ALPHA\bp_remade\no_mip_fixes\ui,false,true,5,remarci_4x,0,false,false,false
006da448,c4b286436c79d53982386e77bf7fc14396103a4c,546d979c87ef795b5315188398f1952f6fc7f4ee,true,ps2 textures\HAS ALPHA\bp_remade\no_mip_fixes\ui,false,true,5,remarci_4x,0,false,false,false
006db448,2a685195e6c34ea5d118bf94137ca33b6181eea3,9739b293592c52d699341c0834e849695e180c39,true,ps2 textures\HAS ALPHA\bp_remade\no_mip_fixes\ui,false,true,5,remarci_4x,0,false,false,false
006dc448,1eccc363f74189dbccd91ea9e8e3ea9695d87f79,232cd361b4003ac5c2514181b350aa5d47013cc5,true,ps2 textures\HAS ALPHA\bp_remade\no_mip_fixes\ui,false,true,5,remarci_4x,0,false,false,false
006dd448,4a79046412df7949d8556b2a6a35aa5bf60f3dba,cf438c788776e273b975f2eb3814063054bfcf28,true,ps2 textures\HAS ALPHA\bp_remade\no_mip_fixes\ui,false,true,5,remarci_4x,0,false,false,false
006de448,0c9de3492857116d6c6c3b91853089ce3aeba35b,807952bcf1d916feedcd59cb46432dbc458d5068,true,ps2 textures\HAS ALPHA\bp_remade\no_mip_fixes\ui,false,true,5,remarci_4x,0,false,false,false
006df448,e430cdff33f1d768a99ec6c9b3a58fcc98daac69,f76421df1e2c10f1f0e9f7bd522d77f30ce22447,true,ps2 textures\HAS ALPHA\bp_remade\no_mip_fixes\ui,false,true,5,remarci_4x,0,false,false,false
006e277f,945352f2b85f661b89389d55723b30da5424019a,bbf59c7d4e5c32118dd544f2e6a31a5b878cd7bc,true,ps2 textures\HAS ALPHA\bp_remade\no_mip_fixes\ui,false,true,5,remarci_4x,0,false,false,false
006e3849,a7cc91e5680d6756d1b5f7de9eaca0b1eb6eafb8,0c9ecf815bfd11be5b25b88127ae3f7bbca5d24a,false,ps2 textures\opaque\bp_remade\no_mip_fixes\ui,true,false,0,none,5,true,false,false
006e3bc6,400ad4de3fdbe87e180fb648860840449a7f2c30,2c16a7d4fc0cefd0d72210b085a2a669fc69bd7f,true,ps2 textures\HAS ALPHA\bp_remade\no_mip_fixes\ui,false,true,5,remarci_4x,0,false,false,false
006e4cdd,a5be5aba54e109fc4dc52f3d09dcf363fcf085f5,4c2f5ec42449afe04d15dfab4b0258a3c1be1094,false,ps2 textures\opaque\bp_remade\no_mip_fixes\ui,true,false,0,none,5,true,false,false
006e72af,2885fb60dd54c93beca05e789a032675b2df1ede,f9f750ff2aa4057ac3cf7cb21e7d2b7c730b9741,false,ps2 textures\HAS ALPHA\bp_remade\no_mip_fixes\ui,false,false,0,none,5,true,false,false
006e86e8,7304b6e7bbbf12045b1008fba1cadfab5a8e171f,016d663c4778655ee31a1730ff0d9d3b5510258d,true,ps2 textures\HAS ALPHA\bp_remade\no_mip_fixes\ui,false,true,5,remarci_4x,0,false,false,false
006ec4d4,1198a4afc946cc582e711a5c2dd591ae017ea844,d4f5089d26bce04da8576971e32718389ddf4073,false,ps2 textures\HAS ALPHA\bp_remade\no_mip_fixes\ui,false,false,0,none,5,true,false,false
006f6448,e2b2598c1c7d015318bdb98b4190f0bf5d68dd09,be078db8ddeca1fbce23500280eee55acc3b6816,true,ps2 textures\HAS ALPHA\bp_remade\no_mip_fixes\ui,false,true,5,remarci_4x,0,false,false,false
006f66bf,c8a64045007e9c77f664d6613b505ae9f29e3efa,6d1d30a07f59cc809d6c288538d254f6ce243250,false,ps2 textures\opaque\bp_remade\no_mip_fixes\ui,true,false,0,none,5,true,false,false
006f66d8,d9a3705377da8a77de126de09ab9980e4260d713,131330213eca51527bc4513ab87936e7a5580232,true,ps2 textures\HAS ALPHA\bp_remade\no_mip_fixes\ui,false,true,5,remarci_4x,0,false,false,false
006f6b33,fbb03d891c27b337a9d780d3dc421dc5cc73635c,c42000d69f6529f709278525b647cdf6cbc0f88e,false,ps2 textures\opaque\bp_remade\no_mip_fixes\ui,true,false,0,none,5,true,false,false
006f72af,b6771413a40c7477f88ac06e2735af7aefe15b84,080bbcf2cea86127421fca2263de5203bba641a5,false,ps2 textures\HAS ALPHA\bp_remade\no_mip_fixes\ui,false,false,0,none,5,true,false,false
006f7448,aef8b2a0fb553968d1de3b4f7cf11fcb17455af9,1451449bb15a0b140d2112d2aba305f1beead3f6,true,ps2 textures\HAS ALPHA\bp_remade\no_mip_fixes\ui,false,true,5,remarci_4x,0,false,false,false
006f8063,7888949316a9ffdd3b4bd9e882ca2253a53ace68,76c93ef0c42d680163d54a0d9ab280a4ea8b39ae,false,ps2 textures\opaque\bp_remade\no_mip_fixes\ui,true,false,0,none,5,true,false,false
006f8448,3bfe125871e923e00da1e1edeb694c7ef32620c8,b812f4e9b49ac21271453638f512380f2411957e,true,ps2 textures\HAS ALPHA\bp_remade\no_mip_fixes\ui,false,true,5,remarci_4x,0,false,false,false
006f9448,0295e894f19a1ffc91165c747de0cc5911f16005,1110fa3fa31a79df94b4dff05d3ac4dea13ac67f,true,ps2 textures\HAS ALPHA\bp_remade\no_mip_fixes\ui,false,true,5,remarci_4x,0,false,false,false
006fa448,3b8fd95aa58e5ee4006ee14d6c65901c1c49caf3,17b00d4c869f349db73bcf2df0de7b50c3d908e0,true,ps2 textures\HAS ALPHA\bp_remade\no_mip_fixes\ui,false,true,5,remarci_4x,0,false,false,false
006fb448,39a64cb0a649a20ea2dc49e1d9c8be94128e7ab2,98b200fa89a5ffc40378b4a68ed86c91eaf7b584,true,ps2 textures\HAS ALPHA\bp_remade\no_mip_fixes\ui,false,true,5,remarci_4x,0,false,false,false
006fbc21,425dc104c54d18a6c581524b5cb49031aacba5d8,df685f2c261615ba607fc4ab2f9e1788eb9c87fa,false,ps2 textures\opaque\bp_remade\no_mip_fixes\ui,true,false,0,none,5,true,false,false
006fbeff,be742980b5078d7db13ceea987cc66e840ce2b17,ed447cf747e3e9af1f922e475b5bb9a6e3ca67aa,true,ps2 textures\HAS ALPHA\bp_remade\no_mip_fixes\ui,false,true,5,remarci_4x,0,false,false,false
006fc448,a4b5425fd03c7149c2e220ac61e8b8f3b7f6a074,80368af543fbfc8781f1a3edf041092546055e67,true,ps2 textures\HAS ALPHA\bp_remade\no_mip_fixes\ui,false,true,5,remarci_4x,0,false,false,false
006fd448,aa669be8f25d056be3f7455c1c46a370f897941e,108da8976e39fdf75c49a523d902f2a7c93ae60e,true,ps2 textures\HAS ALPHA\bp_remade\no_mip_fixes\ui,false,true,5,remarci_4x,0,false,false,false
006fe448,cc1d2ecddb86a16efc750b392acd52e8b58fba3a,7a1fe27a3dbfc994455ffda48fdee4fdfb154665,true,ps2 textures\HAS ALPHA\bp_remade\no_mip_fixes\ui,false,true,5,remarci_4x,0,false,false,false
006fed27,6c0b075a5a125fadfaf25b27eb7f6f4b4e0ed59e,d4bc5d213e4711b7dc697eb2ff5173e44f7e1c71,false,ps2 textures\opaque\bp_remade\no_mip_fixes\ui,true,false,0,none,5,true,false,false
006ff448,fec195d08b5dd4904ccf3178bbcf2415c22f5163,f3250365443d4dfabc00eef282c951f07c5d669e,true,ps2 textures\HAS ALPHA\bp_remade\no_mip_fixes\ui,false,true,5,remarci_4x,0,false,false,false
00702777,5fcf04743f5ec9b619bdb08278b263003911b261,1d73006183f997449d98a9f817d109b8337b3414,false,ps2 textures\opaque\bp_remade\no_mip_fixes\ui,true,false,0,none,5,true,false,false
007044e6,23d9cc07dc24df0698d12fd300f1f4fa772ce5c0,ead2a250262ba123fa5ab2465282ca8f031d1c70,false,ps2 textures\HAS ALPHA\bp_remade\no_mip_fixes\ui,false,false,0,none,5,true,false,false
007055ec,9d7caba2c459b306e039171948134c2fe6a5af44,3bd08c3587e08f1a015411dbecc67a5f44cd627f,false,ps2 textures\opaque\bp_remade\no_mip_fixes\ui,true,false,0,none,5,true,false,false
007072af,bf1e9ad1be4120691d42876c53a35fa7c0cefca7,779b9d762e646db5f61342836395127286043d8e,false,ps2 textures\HAS ALPHA\bp_remade\no_mip_fixes\ui,false,false,0,none,5,true,false,false
0070a516,4fe0efaa4e932eb1500defff51e76a268b044ad2,5f2fcbd6807975a0ee0b3267eb32a4a57828a222,false,ps2 textures\HAS ALPHA\bp_remade\no_mip_fixes\ui,false,false,0,none,5,true,false,false
00713c60,d6598019adf6b92a2c3411cf4ef1e623b0300440,34952ac3a2e9f32cfc258dd06f1e150a3810f3e9,true,ps2 textures\HAS ALPHA\bp_remade\no_mip_fixes\ui,false,true,5,remarci_4x,0,false,false,false
00713f17,d9fc96b4773007d338b107bff03433a63f4ab378,615f300f7e7baf3fdf205f22f7008eb3b5423795,true,ps2 textures\HAS ALPHA\bp_remade\no_mip_fixes\ui,false,true,5,remarci_4x,0,false,false,false
00714c18,fbcc482731f316c31c456654ce4e293b1ebf49a7,99f00d8e2f02676cf23c1e40757aabcb23a85636,true,ps2 textures\HAS ALPHA\bp_remade\no_mip_fixes\ui,false,true,5,remarci_4x,0,false,false,false
00715ecd,d66cdb1d29cdb873e668307842db03f46b4ffd8d,f4d33979d65aa48843518547a7e8c03b983fd7a5,true,ps2 textures\HAS ALPHA\bp_remade\no_mip_fixes\ui,false,true,5,remarci_4x,0,false,false,false
00716448,4bae052db847226ba2eb4d5129e90b3d9346f46a,48e885e9dc2ea91f5e4f368b26b9a4f8c0d91f22,true,ps2 textures\HAS ALPHA\bp_remade\no_mip_fixes\ui,false,true,5,remarci_4x,0,false,false,false
007169a0,880370ef3818147763ac3fc5994e015684728b6e,b3c474bdfc9b9e87ff854805df6397ef08265e7c,false,ps2 textures\opaque\bp_remade\no_mip_fixes\ui,true,false,0,none,5,true,false,false
007172af,cbc71980b930f9253817479615556e2f29e8ac95,16fe5d9ff9131ef6565d261119f78b166ca24b68,false,ps2 textures\HAS ALPHA\bp_remade\no_mip_fixes\ui,false,false,0,none,5,true,false,false
00717448,9d2070b9f88aec3e45909e5386ee701783dd6862,e7a08a2f02adcf22dd145e2a2e486fca053c5138,true,ps2 textures\HAS ALPHA\bp_remade\no_mip_fixes\ui,false,true,5,remarci_4x,0,false,false,false
00718448,4023a597759779c1a0a65fdaba6f40f53465fbac,a77bf1ce375a205a09e3dd1722262a20bcee6322,true,ps2 textures\HAS ALPHA\bp_remade\no_mip_fixes\ui,false,true,5,remarci_4x,0,false,false,false
00719448,b4e63b86efbc6ced28cd5c9e1f2cdd0b867d5054,0395e32167a9d270c297190fa559353565ff8e90,true,ps2 textures\HAS ALPHA\bp_remade\no_mip_fixes\ui,false,true,5,remarci_4x,0,false,false,false
0071a448,e56f106446178a19b1ba1ace8e7241b16252a052,1ff81a6364b46c176059a5c944ca68776a41a224,true,ps2 textures\HAS ALPHA\bp_remade\no_mip_fixes\ui,false,true,5,remarci_4x,0,false,false,false
0071b304,2e5f6ea31dec6fb7eb705a14a9d10af74cb8954b,5bff95eded672dc66d211982b1a65f6cf71ee445,false,ps2 textures\HAS ALPHA\bp_remade\no_mip_fixes\ui,false,false,0,none,5,true,false,false
0071b448,76516e9fb60b1c255c5039ff2fa8e12735a26abd,2635f7703f9dec1c0cb8005641d48526b927fa3f,true,ps2 textures\HAS ALPHA\bp_remade\no_mip_fixes\ui,false,true,5,remarci_4x,0,false,false,false
0071c448,15e9aea02a4cbd3c06bc3b6dc0d5aa035ba1b69b,e1bc5aca2a54dec1d8ce6bc67f0f457e4f29444b,true,ps2 textures\HAS ALPHA\bp_remade\no_mip_fixes\ui,false,true,5,remarci_4x,0,false,false,false
0071cb83,985bccf30580532ee9695ad8101d75348a1cc677,34cf1d67724c3d7101a2c2522d38f3ee623fce9e,true,ps2 textures\HAS ALPHA\bp_remade\no_mip_fixes\ui,false,true,5,remarci_4x,0,false,false,false
0071d448,01584850ddaccf7ad9670c51a2bdce723c38541b,038b5d485dc339d68a6793dca0cf5bf004d0f5f9,true,ps2 textures\HAS ALPHA\bp_remade\no_mip_fixes\ui,false,true,5,remarci_4x,0,false,false,false
0071d6c8,6c57624a30c477396d97815acd06a572d0df21e0,b30457e2d8fc50686fa191c6931476de3e45cbc2,true,ps2 textures\HAS ALPHA\bp_remade\no_mip_fixes\ui,false,true,5,remarci_4x,0,false,false,false
0071e448,5042ddaa719df18341023ed698e6f01fca501172,838f9be3435556f3b3a04b76e70d76b8e57218cb,true,ps2 textures\HAS ALPHA\bp_remade\no_mip_fixes\ui,false,true,5,remarci_4x,0,false,false,false
0071f448,147d96661e4288878e2719e997eb484507cf74bb,93b0a1d5b514751a1862bbcb909141388d7f80ea,true,ps2 textures\HAS ALPHA\bp_remade\no_mip_fixes\ui,false,true,5,remarci_4x,0,false,false,false
00723f17,ba310e981f6f890eee84d75950b0986ee6da3189,827cd3fde447a0ff6b10ccde43d834a6cacd6029,true,ps2 textures\HAS ALPHA\bp_remade\no_mip_fixes\ui,false,true,5,remarci_4x,0,false,false,false
00726920,016a45fdab4b6b90d2f9dac589a9c9db8523208b,c86638413c44288177a8dc88481d4b07cc3ec148,false,ps2 textures\opaque\bp_remade\no_mip_fixes\ui,true,false,0,none,5,true,false,false
00733f17,aae6a9b458a3c9680420c2eb052e76fdedfdc238,478cca3be8bc600ce72321f2b8ebfe8715a49ff2,true,ps2 textures\HAS ALPHA\bp_remade\no_mip_fixes\ui,false,true,5,remarci_4x,0,false,false,false
00736448,24105209480822179c3371654ba630527d08445d,590f13ecf4ed897edd66178258edb82267f67d0a,true,ps2 textures\HAS ALPHA\bp_remade\no_mip_fixes\ui,false,true,5,remarci_4x,0,false,false,false
00737448,99e3eeadbeeadc2dbb5a2b9f513a65bd90adc2e9,ac9917243324e1720411d29fc82baf132aa2fa44,true,ps2 textures\HAS ALPHA\bp_remade\no_mip_fixes\ui,false,true,5,remarci_4x,0,false,false,false
00738448,04b84d9374d51bd3405746e44af5c942edeec408,dbf5847d62e08b5c97cf9c7a965775b4ac0e8f3c,true,ps2 textures\HAS ALPHA\bp_remade\no_mip_fixes\ui,false,true,5,remarci_4x,0,false,false,false
00739448,33ddf0ed473a2dddccac75bfca5cd0d2b625d507,d5fefc6d8944b57906ae0e7fa2be3ce1a32cbc73,true,ps2 textures\HAS ALPHA\bp_remade\no_mip_fixes\ui,false,true,5,remarci_4x,0,false,false,false
0073b5c3,c20a98fdf37bdeee8dff2bc508306fb75f726f3b,b3645859c79aa396813135af0df6c18e9a63aa14,true,ps2 textures\HAS ALPHA\bp_remade\no_mip_fixes\ui,false,true,5,remarci_4x,0,false,false,false
0073b90a,29e62055ac35bcff41201477cf45251651a5c116,7789d92c1cb1657b60fe3224f4aab9c3e3d654cf,true,ps2 textures\HAS ALPHA\bp_remade\no_mip_fixes\ui,false,true,5,remarci_4x,0,false,false,false
0073c448,c841764c4bf54bed4e66bae0193237c20ef0cba7,2806f9a7ec299934de2a406df9c394e08e9a5bd9,true,ps2 textures\HAS ALPHA\bp_remade\no_mip_fixes\ui,false,true,5,remarci_4x,0,false,false,false
00743f17,22725ae81660667cf0064075966fb06faabf1f19,71e802e5ad62ff7e19aa50873f28d72465b0db7c,true,ps2 textures\HAS ALPHA\bp_remade\no_mip_fixes\ui,false,true,5,remarci_4x,0,false,false,false
007456b2,f36ef84c726850f1841ff4866268ca6ed8499a7f,94b6dd8d33e10099bb2aa1345605ebbb8e76f7db,true,ps2 textures\HAS ALPHA\bp_remade\no_mip_fixes\ui,false,true,5,remarci_4x,0,false,false,false
00746cd0,f1d8cf5bc82019ddd289457cb3fc22f2a76bca2d,766101606b93c71e0577a1b4162f1bb4d3a885d0,true,ps2 textures\HAS ALPHA\bp_remade\no_mip_fixes\ui,false,true,5,remarci_4x,0,false,false,false
0074b5c3,034d4b7fc1d182771ffa612f0698a3e13f7f884e,cc84dcbb4e18a10466fe8bb1d1d95747fc11e970,true,ps2 textures\HAS ALPHA\bp_remade\no_mip_fixes\ui,false,true,5,remarci_4x,0,false,false,false
00753f17,9547b93b84ff3583a12b291615c7a83ad61a6791,3fec388b162e8db09a2afd1f9eba41500453be30,true,ps2 textures\HAS ALPHA\bp_remade\no_mip_fixes\ui,false,true,5,remarci_4x,0,false,false,false
00754e27,eba1c0ddbddd6cd068d548236da471cb5e75893d,05f5586266584a8276a110dc1e4c3f1c9dab1010,true,ps2 textures\HAS ALPHA\bp_remade\no_mip_fixes\ui,false,true,5,remarci_4x,0,false,false,false
00754e2b,634a4e55543705f6dfc8437fd4df214b0cd9582a,49c32ea7e9b3f48ca81a8afba9ee90fa56fcdf1a,true,ps2 textures\HAS ALPHA\bp_remade\no_mip_fixes\ui,false,true,5,remarci_4x,0,false,false,false
00754e2f,468954cfeab6136e8e04ef66fc59e679cb063006,e9ef7e9c3ac132c866f002c70dce0726b5584821,true,ps2 textures\HAS ALPHA\bp_remade\no_mip_fixes\ui,false,true,5,remarci_4x,0,false,false,false
007592c2,4c8cb3b05d0b571972c48ffb5211446f2284f0b7,fd932a6a21859e469988d2e35ef8f78bf8cfe4c1,true,ps2 textures\HAS ALPHA\bp_remade\no_mip_fixes\ui,false,true,5,remarci_4x,0,false,false,false
0075a8e0,330e1ed8b792c2e8c6e6912e57ec7b90cfcc7145,457c2685b5b189783f38b207194ea9ed665557ac,true,ps2 textures\HAS ALPHA\bp_remade\no_mip_fixes\ui,false,true,5,remarci_4x,0,false,false,false
0075d04f,cf52c4c048c1cc9c428f0e9b4f816da0b13c7a94,91f5fcbdb902a67278b84c1078e90668009993d2,true,ps2 textures\HAS ALPHA\bp_remade\no_mip_fixes\ui,false,true,5,remarci_4x,0,false,false,false
0075dece,0036bfe5ceeaa0c2780311aeb5440aaf21ff0a10,c318783725d65954aa3c9afecc2dbfc5dbd06b9a,false,ps2 textures\HAS ALPHA\bp_remade\no_mip_fixes\ui,false,false,0,none,5,true,false,false
0075e05b,9ab46fbc384b2ad2179e99c7140963ee505013f9,047efd60a64c3e1813f267a55f339f191e3b1ca5,true,ps2 textures\HAS ALPHA\bp_remade\no_mip_fixes\ui,false,true,5,remarci_4x,0,false,false,false
0075eece,18158029dd54a9040d522d578b8de61c79b43341,e81a335344b40d0abaad3f650ce078c1dff1aee1,false,ps2 textures\HAS ALPHA\bp_remade\no_mip_fixes\ui,false,false,0,none,5,true,false,false
0075fece,e865c93053309cbde85e4d319ed8654e27e501fc,3f2c4fd54edcb3cf93be1ffefc8d76586e28ebdd,false,ps2 textures\HAS ALPHA\bp_remade\no_mip_fixes\ui,false,false,0,none,5,true,false,false
00763f17,3ef349a14981fa29d689c7d4172e6baf6d9c7a24,cef1d614c3d04bf69a28e706fdb1ada0def460d5,true,ps2 textures\HAS ALPHA\bp_remade\no_mip_fixes\ui,false,true,5,remarci_4x,0,false,false,false
00764570,2fe2505d79412360252c63134705a8c702761484,53afb8eaf90c372c079bab19684c9a559ea5929a,false,ps2 textures\opaque\bp_remade\no_mip_fixes\ui,true,false,0,none,5,true,false,false
00769b5e,09f6c77b1484051bc589a71aec7619c4f6629605,e37f1c0be87f642cff80cea0c546425ac8e8bf96,true,ps2 textures\HAS ALPHA\bp_remade\no_mip_fixes\ui,false,true,5,remarci_4x,0,false,false,false
0076b17c,cd9e18d35e0f502262ec177e0060fff44b2f7725,bb5d0370cb1371bd0a9d3a4a2828b78d6fc34801,true,ps2 textures\HAS ALPHA\bp_remade\no_mip_fixes\ui,false,true,5,remarci_4x,0,false,false,false
0076c0b0,53d17d217ad3317edbfa0bce99b8d92aaceac22f,22142f2667e9cf213f01db891597739ad2a2a547,true,ps2 textures\opaque\bp_remade\no_mip_fixes\ui,true,true,5,remarci_4x,0,false,false,false
0076cfa5,cdde4e8fa58539e470f0ba9e278222c671e357de,286478b8730c357409ba4b9f93db4d1218c0725e,true,ps2 textures\HAS ALPHA\bp_remade\no_mip_fixes\ui,false,true,5,remarci_4x,0,false,false,false
0076ded2.img,1c2977d94e7133017b996b4ba5e509f1f94d65bc,9860c28b44e01e2ab953f87af4ccc78ff951f1f0,true,ps2 textures\HAS ALPHA\bp_remade\no_mip_fixes\ui,false,true,5,remarci_4x,0,false,false,false
0076f4d8,26892d9072b180a3fba18553db8a6101651156be,6c944469905a9e27e4c17fa469dcb66059ff2fa7,true,ps2 textures\opaque\bp_remade\no_mip_fixes\ui,true,true,5,remarci_4x,0,false,false,false
0076f9b2,9a7d126ad1edd321e78b3aa98cf4eacadb9015b3,815dfec7e64dab5e3c664b62bff959c485492f69,true,ps2 textures\HAS ALPHA\bp_remade\no_mip_fixes\ui,false,true,5,remarci_4x,0,false,false,false
0077309b,bd7ebfd01779477f9f49936857fe27c95da03fa7,c40f8b89f12b7855b71517ea96628190dee5a299,true,ps2 textures\HAS ALPHA\bp_remade\no_mip_fixes\ui,false,true,5,remarci_4x,0,false,false,false
00773f17,2c4f3c9652b8aa4dcbb42037c365747dad3bbddb,e1abacac49ca47e9007982b898eee9c41c839112,true,ps2 textures\HAS ALPHA\bp_remade\no_mip_fixes\ui,false,true,5,remarci_4x,0,false,false,false
007753ca,0454af97e9b6c43855b85624a68c644811f4a690,47303c14478759d804ecb1fa9017019ca397defd,true,ps2 textures\HAS ALPHA\bp_remade\no_mip_fixes\ui,false,true,5,remarci_4x,0,false,false,false
0077fd76,154379890b2f0e03ae1fbcf8153ea709aa9742c0,e31d17243ae6f469abf093983250dc7a07a042ea,true,ps2 textures\HAS ALPHA\bp_remade\no_mip_fixes\ui,false,true,5,remarci_4x,0,false,false,false
00783f17,e27ff44dc592dc98ffb4615b6935ef4a8f9e3a36,ddacd7da0cb179c446212cd05b8b3bfc92402db3,true,ps2 textures\HAS ALPHA\bp_remade\no_mip_fixes\ui,false,true,5,remarci_4x,0,false,false,false
0078c9cf.img,391aa82c2d090c5653a4b40fbfb554f5b4293600,3301a7c00d06f5550cd1524e409e8412a28da4ef,false,ps2 textures\HAS ALPHA\bp_remade\no_mip_fixes\ui,false,false,0,none,5,true,false,false
0078c9df.img,f6f0818898a92b26fea9083fa43e247a0d7d88c4,a6589f9b0f26c598fc6be3ba0af86fb1fd29bfdb,false,ps2 textures\HAS ALPHA\bp_remade\no_mip_fixes\ui,false,false,0,none,5,true,false,false
0078c9e7.img,f975ca6c97cee7b6db478f3c573a5df0248b2caa,d0f22767a8f929f9c190dd188e9d948ef306e602,false,ps2 textures\HAS ALPHA\bp_remade\no_mip_fixes\ui,false,false,0,none,5,true,false,false
0078c9eb.img,9bd9a842bac434ea9fc799d8ac380632707c545f,fdae60036dd996636513ae8bebf1471f99ccd42b,false,ps2 textures\HAS ALPHA\bp_remade\no_mip_fixes\ui,false,false,0,none,5,true,false,false
0078c9f3.img,822f2062fa8bcd7d96107bfa05a266265c9bd006,f04e5eb471a00ae03380ace27a3a776c9c8de9db,false,ps2 textures\HAS ALPHA\bp_remade\no_mip_fixes\ui,false,false,0,none,5,true,false,false
0078c9fe,251d945ced53189746303b6fae13ce293521213f,dccb0b674e7d65a603d8c88eb0d818397cd91f40,false,ps2 textures\HAS ALPHA\bp_remade\no_mip_fixes\ui,false,false,0,none,5,true,false,false
0078f880,230e8ce0c565af25f3bab1bbc3f18b4cebd81706,a150999942812067abcd74a44e5244cc3bf7762a,false,ps2 textures\opaque\bp_remade\no_mip_fixes\ui,true,false,0,none,5,true,false,false
00793f17,03c659851e81f5f03ec6302b51b08aecedbc5ba1,c54ef927715f7ec8d5626830139c8ff27fbfcc9d,true,ps2 textures\HAS ALPHA\bp_remade\no_mip_fixes\ui,false,true,5,remarci_4x,0,false,false,false
0079c69e,206d415cff47f2829eee8e144ebdb6c570260b98,6e8ff575f9f2409498e73cea18df4b94789ba97e,false,ps2 textures\opaque\bp_remade\no_mip_fixes\ui,true,false,0,none,5,true,false,false
007a0eb6,2cd970689c9011c2959240f1759b4ec88de9ebde,de5e388f4edd9205dd0faa3fee22f3e1ddc7f42f,true,ps2 textures\HAS ALPHA\bp_remade\no_mip_fixes\ui,false,true,5,remarci_4x,0,false,false,false
007a861b,fce655dde9af632ddf107347321343db9bd6fb60,b3f7f962c6ea6c1953adee5030dc1477db007410,true,ps2 textures\HAS ALPHA\bp_remade\no_mip_fixes\ui,false,true,5,remarci_4x,0,false,false,false
007b1536,00bc37aa7b2748be04f0f0e4044ddc31089e30a4,c15ba5b52959fe27053a58d9c2ffa4ec3ef0c936,false,ps2 textures\opaque\bp_remade\no_mip_fixes\ui,true,false,0,none,5,true,false,false
007b153e,200b41968377bed30c47da5b67c7846464d28387,c02dd7dfc656bc6efb85a5e519c5903c93a76b79,false,ps2 textures\opaque\bp_remade\no_mip_fixes\ui,true,false,0,none,5,true,false,false
007b1542,ccc93d535de5830c337c474d67e3fea12d8d1a3a,f7fc6d04ce5a5dfee5039ef8c83b58229c5bfa4c,false,ps2 textures\opaque\bp_remade\no_mip_fixes\ui,true,false,0,none,5,true,false,false
007b1546,99de5439da59e2f5ec2860a01613325c78f23968,3910cd1ffca9c0d010859d9c1d74b58881093d44,false,ps2 textures\opaque\bp_remade\no_mip_fixes\ui,true,false,0,none,5,true,false,false
007b154a,57839446a12067157be20192a66f2fc01538a45e,33412351a994b20e3b429bd67261cbfa0e298322,false,ps2 textures\opaque\bp_remade\no_mip_fixes\ui,true,false,0,none,5,true,false,false
007b154e,5f0c4d14d232a94e5d569bfb9da4d19bbc3f69a5,7f9a8490aa17528acd1e5a0e5169227d57a4cbf6,false,ps2 textures\opaque\bp_remade\no_mip_fixes\ui,true,false,0,none,5,true,false,false
007b1552,e9584cdaca37b0114c0879570433bbd730298df3,74ce5554953f68be3a5b922a139f095ab0b6c64a,false,ps2 textures\opaque\bp_remade\no_mip_fixes\ui,true,false,0,none,5,true,false,false
007b1556,c68cce27f4e20109d67d5d443cbbe76bece5ad3a,6826ff1793ca76e75a8210b15c0ee11515416a05,false,ps2 textures\opaque\bp_remade\no_mip_fixes\ui,true,false,0,none,5,true,false,false
007b15ca,08f701a7d9fe9170be26ca5f45f048b1d1f87fa2,4a220f483fabe5e566cbe60de53378ef19021f54,false,ps2 textures\opaque\bp_remade\no_mip_fixes\ui,true,false,0,none,5,true,false,false
007b15d2,7c577d243ea2476764a526ca4e19be79d83a4772,f86bf69c7a73d3885cb55b92ac17a2643342c156,false,ps2 textures\opaque\bp_remade\no_mip_fixes\ui,true,false,0,none,5,true,false,false
007b15da,437c02f50c3e548b6fb11e726936b788148ee382,6102255579d2ead49f468da5ccc14710125ff9d9,false,ps2 textures\opaque\bp_remade\no_mip_fixes\ui,true,false,0,none,5,true,false,false
007b1636,b3e4d53cf515a36f39602d44a85ec2660df65a6a,f85850f1f17616b274db6c4871c35c7eb914bd97,false,ps2 textures\opaque\bp_remade\no_mip_fixes\ui,true,false,0,none,5,true,false,false
007b439a,e69ad0b6e1defe42cc79f9371077a0072050a8ae,b3c818a5a79dbff82b1f29bbcfd4747e67aefb3e,true,ps2 textures\opaque\bp_remade\no_mip_fixes\ui,true,true,5,remarci_4x,0,false,false,false
007b8516,ea631acd2b650b2a35c6b2d93b469d650e10faf3,9c2d083489971aa250bb7cde584ea392bb748c1c,false,ps2 textures\HAS ALPHA\bp_remade\no_mip_fixes\ui,false,false,0,none,5,true,false,false
007b9516,d72f6099d642434b34a759aa317a759bff589e56,da1877811b579f6ca8328f935c3969e8f76a3254,false,ps2 textures\HAS ALPHA\bp_remade\no_mip_fixes\ui,false,false,0,none,5,true,false,false
007ba516,fa2c478afd8e9b402806eec712c65c6f3554b455,c9a6b034bdbd4abed8915cccd83b991475bc1c8a,false,ps2 textures\HAS ALPHA\bp_remade\no_mip_fixes\ui,false,false,0,none,5,true,false,false
007bcdfa,bb577ac7286a465b763e5e52f9f8e52614c0c5ec,6da818b475175aac786669985a0a43db338e7f3d,false,ps2 textures\HAS ALPHA\bp_remade\no_mip_fixes\ui,false,false,0,none,5,true,false,false
007bdf08,fe641d692822fc096e91c8c14caced1919856e1b,ace99c0f44be7b585698e321ab1795a28d66c9cb,false,ps2 textures\opaque\bp_remade\no_mip_fixes\ui,true,false,0,none,5,true,false,false
007becbf,85fe96652670c201410048a86e87200aace12d8a,9d21a7642e490b84e83bff565cd7dd492856e0d4,true,ps2 textures\HAS ALPHA\bp_remade\no_mip_fixes\ui,false,true,5,remarci_4x,0,false,false,false
007becbf_d76a24c266a9cb2e6b846847c1e131b3,701da397784b262df3a043549f96fb25c303d0b0,871460374890300eb7f3987f3b6289f6f9f53fe6,true,ps2 textures\HAS ALPHA\bp_remade\no_mip_fixes\ui,false,true,5,remarci_4x,0,false,false,false
007cab39,ebd10b788eb943c3d493440036373ba81b3b7b4d,ea897d80f7fcf052010fa2e4bbdfc32bfba998b4,true,ps2 textures\HAS ALPHA\bp_remade\no_mip_fixes\ui,false,true,5,remarci_4x,0,false,false,false
007cbd57,676d13dc939591180ecca4d9d19a1c84b2c443a5,9c3b7afa0dad1ab82308d68335603b7eabfc8943,false,ps2 textures\HAS ALPHA\bp_remade\no_mip_fixes\ui,false,false,0,none,5,true,false,false
007d3f5f,d9a42361ca2d7d432caaaf299aa9e8f49ccd2684,8c798f4af9c74b32c3b3917e65cd12759be2b516,true,ps2 textures\HAS ALPHA\bp_remade\no_mip_fixes\ui,false,true,5,remarci_4x,0,false,false,false
007d53a6,a252ab11ef60a9b1ea897681145e9348531d4de3,3c59f2c07cc21c9f07c929be90fe58138b2256f4,true,ps2 textures\HAS ALPHA\bp_remade\no_mip_fixes\ui,false,true,5,remarci_4x,0,false,false,false
007d6feb,8f05861c41d63ea8ae781094cd1435a070f28efd,57c7cb996188d4ec78581badd0b6b57ed23e4aaa,true,ps2 textures\HAS ALPHA\bp_remade\no_mip_fixes\ui,false,true,5,remarci_4x,0,false,false,false
007db4a7,901e809f35ef0df020becbd8eca17e34858b898c,9f5c1ca6c69bea582b56339d11bff7538f9e8467,true,ps2 textures\HAS ALPHA\bp_remade\no_mip_fixes\ui,false,true,5,remarci_4x,0,false,false,false
007dd821,1bb5e876d2d5e5cf9ac36090dbe77cd4c052f5bc,d7bc19ffa965ed4f0cc15de913cb8afd7a5ecf15,true,ps2 textures\HAS ALPHA\bp_remade\no_mip_fixes\ui,false,true,5,remarci_4x,0,false,false,false
007de57a,bac6ddd8eb00561d684cd0ffe4e258c5489bd71c,cc598b458da0796275de08cad46aa7d573d62a58,false,ps2 textures\HAS ALPHA\bp_remade\no_mip_fixes\ui,false,false,0,none,5,true,false,false
007e07c2,1b6a3c403db08e5d9abdcf4ffa81c5215bca22b1,7a0b459c35a0528b5d3293e551d79802725e9655,false,ps2 textures\HAS ALPHA\bp_remade\no_mip_fixes\ui,false,false,0,none,5,true,false,false
007e44be,6cfee722d4044c2b0be73a0600a9c69078899e40,ac50003af51c42bf86d0f8f73b9fab6c39c54462,false,ps2 textures\HAS ALPHA\bp_remade\no_mip_fixes\ui,false,false,0,none,5,true,false,false
007e6d5e,7b71c8d93f40c213087096a956527b4fb8e7f2e6,bfb1f6d26bf4494fc207bfec7dd368d968c16e92,true,ps2 textures\opaque\bp_remade\no_mip_fixes\ui,true,true,5,remarci_4x,0,false,false,false
007ebdd7,eb6ea50c2e908ac6f7ba33164c187c6c9078c9c7,3302c4f5ddf0cc7ba35583a039b79f91ff47f544,false,ps2 textures\HAS ALPHA\bp_remade\no_mip_fixes\ui,false,false,0,none,5,true,false,false
007f2d9b,740753ec8ece89296e2dad4a24a984a3958fb356,9dcf6b3a520e3597b3f3ab8c26202b13d09898bd,true,ps2 textures\HAS ALPHA\bp_remade\no_mip_fixes\ui,false,true,5,remarci_4x,0,false,false,false
007f4fc0,95aa96c9168522e8c19d6409364055789de2f91f,98b47becb18ce7af91d26846983cbbebc4441abc,true,ps2 textures\opaque\bp_remade\no_mip_fixes\ui,true,true,5,remarci_4x,0,false,false,false
007f59aa.img,6a0a5906cda913303a40950775e1d64d59476f4a,1a5b350dceca9ddec2240489f7e6b38beba1b2a4,true,ps2 textures\HAS ALPHA\bp_remade\no_mip_fixes\ui,false,true,5,remarci_4x,0,false,false,false
007fdca5,174382df113216d314fdc79ff6f922e1e02b9bcb,791101f055ce1def2a496e15ad2887fd3630da32,true,ps2 textures\HAS ALPHA\bp_remade\no_mip_fixes\ui,false,true,5,remarci_4x,0,false,false,false
007fdca5_bc59118cc4ca795763c430049771b11e,0c7727480612ce206eca79dfc2a334a184dbe34e,b00f5ad6894379e779231ab48e851abfcbf89775,true,ps2 textures\HAS ALPHA\bp_remade\no_mip_fixes\ui,false,true,5,remarci_4x,0,false,false,false
0080364d,f0c51b88bdd699a44a7309e189af0947e7ee1fd0,b3deb7bb0e56a17e40f68ef9dcf2fd7756561d39,true,ps2 textures\opaque\bp_remade\no_mip_fixes\ui,true,true,5,remarci_4x,0,false,false,false
008043ad,e4e603478dbf35cee45d049f3a81fed83585ff8e,1949e143725a8bf58da37620e76f330a4d5e3e4a,true,ps2 textures\opaque\bp_remade\no_mip_fixes\ui,true,true,5,remarci_4x,0,false,false,false
00807c34,3461bea43a6a3331a32baca0866368a652a83de5,7cefb484fbbb909e06515a00f8f8bb075fdb7be4,false,ps2 textures\HAS ALPHA\bp_remade\no_mip_fixes\ui,false,false,0,none,5,true,false,false
008126b0,7814f80429029b56e379084e59d5e395d1262b41,4e02e8d6c147333e6b61c55436d98a1c7b5fab4a,true,ps2 textures\HAS ALPHA\bp_remade\no_mip_fixes\ui,false,true,5,remarci_4x,0,false,false,false
00812743,6fc9f05ed09fc77d0879d256ec9b1102b28b5c84,1c6a831d45caf0105dfe397e49e9dbbbd03ca1e9,false,ps2 textures\HAS ALPHA\bp_remade\no_mip_fixes\ui,false,false,0,none,5,true,false,false
00813743,df07e94af6348ccc3c4dd990ee286db1a820621f,4009d4f5b8394ac2a43f43e70439b0ed757173f8,false,ps2 textures\HAS ALPHA\bp_remade\no_mip_fixes\ui,false,false,0,none,5,true,false,false
0081435d,fa7fdd6b4b7bfdd872537770cb2cd0907ddc1625,0ca06d3a5a555ef63aed3ba85ad26d02ea1df722,true,ps2 textures\HAS ALPHA\bp_remade\no_mip_fixes\ui,false,true,5,remarci_4x,0,false,false,false
00814361,89d6f709aa5fdd3f3d0e5d1c663ddfedd36aa265,f06b4a5ee65f4bf0daebffbed1770da898a6d9d6,true,ps2 textures\HAS ALPHA\bp_remade\no_mip_fixes\ui,false,true,5,remarci_4x,0,false,false,false
00814365,f77bd63416e3c4df0d94ed992bac1921c4e05331,4ccdf14eb6c9e03c318edaae4d26be9823cf1c58,true,ps2 textures\HAS ALPHA\bp_remade\no_mip_fixes\ui,false,true,5,remarci_4x,0,false,false,false
00814369,739359fd32593aa22d45ff731c494d1b99998843,56cc53293690719af02e94b321e77442c89d11f1,true,ps2 textures\HAS ALPHA\bp_remade\no_mip_fixes\ui,false,true,5,remarci_4x,0,false,false,false
00814743,dca459f6c980c06b15f3ca226d734f7d37802bed,a5cede1b318aab4ce289968839cbcef7c0fbb7cf,false,ps2 textures\HAS ALPHA\bp_remade\no_mip_fixes\ui,false,false,0,none,5,true,false,false
00822d1b,326629a0e1611c563f2ce8ddcb3d395d5b422624,a1f407d95ea8987983d1d24c23801f099517dc3f,false,ps2 textures\HAS ALPHA\bp_remade\no_mip_fixes\ui,false,false,0,none,5,true,false,false
008287b5.img,c05195c11b1339fb5e1e1016e9db5f8972819fb0,b1e1cb88ff98b914bfa55567bac71b927532338f,true,ps2 textures\HAS ALPHA\bp_remade\no_mip_fixes\ui,false,true,5,remarci_4x,0,false,false,false
00829969,b4ac9e5b2d4291d99b66d5300e075f972cabd02e,adcd56f8ae02b903d415d8f9e829913290731fed,true,ps2 textures\opaque\bp_remade\no_mip_fixes\ui,true,true,5,remarci_4x,0,false,false,false
00830496,2be9f1fc9a93245f8d731268e0161b52d93a17a0,3b890ac290e91869bbb3c1d7758d61f51e7fd820,false,ps2 textures\HAS ALPHA\bp_remade\no_mip_fixes\ui,false,false,0,none,5,true,false,false
008341ad,a35eb4d279043512c4d00cba792962a82d7ab5d1,0b234933377d1b6c7a18b057ea3ef16d4a98e12d,true,ps2 textures\HAS ALPHA\bp_remade\no_mip_fixes\ui,false,true,5,remarci_4x,0,false,false,false
00836a9a,74ef77751c5f5c3e92d331a7d42ccd144bd1fdec,f88b30b93e41400812075ea4bf09b619de3237f1,false,ps2 textures\opaque\bp_remade\no_mip_fixes\ui,true,false,0,none,5,true,false,false
00837206,3910fde85903c297ca955315c64ad88c7cde73f4,21d5a7d0e1f8b3c0a6c4f88e022968e23c41d3c5,true,ps2 textures\HAS ALPHA\bp_remade\no_mip_fixes\ui,false,true,5,remarci_4x,0,false,false,false
0083f924,a9f0630782ef3edefd783d3044b69e7c6b2d1089,d95c605eb2e58598fe5e3c3677f7fa408e351ed1,false,ps2 textures\HAS ALPHA\bp_remade\no_mip_fixes\ui,false,false,0,none,5,true,false,false
00847978,05831ffc0bc92d0eae9a656d3b329cfb495252f3,790cbbe997849fe4aff8c39417e715ce867d180e,false,ps2 textures\opaque\bp_remade\no_mip_fixes\ui,true,false,0,none,5,true,false,false
00848d33,b3e3a56d76d54ad8b27e2a05c2646cac08f595b7,5c56400ce12c9489e7c8f4c9c485f33bcac39b14,false,ps2 textures\HAS ALPHA\bp_remade\no_mip_fixes\ui,false,false,0,none,5,true,false,false
0084cf43,747e4e5ea1aed73cf82c690b8e3762a1e1562e84,c7a6234385b031841540df3fc24a1da7a2fd6b8d,true,ps2 textures\HAS ALPHA\bp_remade\no_mip_fixes\ui,false,true,5,remarci_4x,0,false,false,false
0085a50f,bbd3c60c4404bfd4364f00365ce482b9f6f41992,0975c433f960134a57b1a259e4d7c1ea3c5b355f,false,ps2 textures\HAS ALPHA\bp_remade\no_mip_fixes\ui,false,false,0,none,5,true,false,false
0085c59b,052256128ca64293e5ce19995df331f21e6fbc07,be0f18b246f6e08e2eb3e93142c19677b23f01e1,true,ps2 textures\HAS ALPHA\bp_remade\no_mip_fixes\ui,false,true,5,remarci_4x,0,false,false,false
008601d0,75662377a7f00b83c072689dcd8b9fc224c8503f,8a550f8ea6baf1172b40bdcf6e606a84e9084557,true,ps2 textures\HAS ALPHA\bp_remade\no_mip_fixes\ui,false,true,5,remarci_4x,0,false,false,false
0086962f,562262bedb5b45298c5654f2aff3dd0c8c5b92b1,884cc2356ce5392321c14d84be1d54a247985509,true,ps2 textures\opaque\bp_remade\no_mip_fixes\ui,true,true,5,remarci_4x,0,false,false,false
008696f4,973bd49ff7bb8788f4c43a9187443d80c687a4db,74a69830c673c824836c3d8025a2a7f3ef6d7fb0,false,ps2 textures\HAS ALPHA\bp_remade\no_mip_fixes\ui,false,false,0,none,5,true,false,false
00872bbb,8c4c712b6e0bbacbd5b06474f507aefd5742aa4d,d5163a1cee6c6d9f5f098d75ab74a15728b61095,false,ps2 textures\opaque\bp_remade\no_mip_fixes\ui,true,false,0,none,5,true,false,false
0087ae80,0019c76007a5e27dbfe479fc735be0a074b22e68,aad0d6c94f2dde924f88d8f65a6b717e13e89d50,true,ps2 textures\HAS ALPHA\bp_remade\no_mip_fixes\ui,false,true,5,remarci_4x,0,false,false,false
00880b64,4ad3f067b588f664c93e6a15027556512747e34f,78d63d8e7f904b0d2bac62c45d70e3237d326330,false,ps2 textures\opaque\bp_remade\no_mip_fixes\ui,true,false,0,none,5,true,false,false
00880b65,f800fddf632e8d071de0e0ed1fd9ada45eb5e5fb,1c053fd8d478d03a08dff2d0843c31e0470f18e6,false,ps2 textures\opaque\bp_remade\no_mip_fixes\ui,true,false,0,none,5,true,false,false
00880b66,2fc63666b7557dc612411cb6c6003496757607c1,0d59624c0a590439d39e998cc9306d7afe956259,false,ps2 textures\opaque\bp_remade\no_mip_fixes\ui,true,false,0,none,5,true,false,false
00882820,7e8f3ae135d10487d6fb1ee045901214cfa23052,089151daff2891421bd6b70360d4cb107336f84c,true,ps2 textures\HAS ALPHA\bp_remade\no_mip_fixes\ui,false,true,5,remarci_4x,0,false,false,false
00889643,d6bac493dee8e966aabbf486492360a4789c0738,224a494ddf167170ad525c991afdc9c5def99aee,true,ps2 textures\opaque\bp_remade\no_mip_fixes\ui,true,true,5,remarci_4x,0,false,false,false
0088df28,d552b449559b1f8872a2a18c1d174334315a9d05,29e464ac49939a6754aeacefc37b5237a2cc51a4,false,ps2 textures\HAS ALPHA\bp_remade\no_mip_fixes\ui,false,false,0,none,5,true,false,false
0088f148,a445a0e544e834438014bf1614290357a05b30c5,7b4cbf391df403bdcff1e1e1b1fef4a3ef5ae0f0,false,ps2 textures\HAS ALPHA\bp_remade\no_mip_fixes\ui,false,false,0,none,5,true,false,false
008956b2,94d4c739e243d6cd196f7c33a7ab4baf41c767b3,ac552dd8f13908a61468b6357cecae037a795d3c,true,ps2 textures\HAS ALPHA\bp_remade\no_mip_fixes\ui,false,true,5,remarci_4x,0,false,false,false
00896943,9bbd046ea4f417c5c147b5bcd0322d320e90cb3e,25a4f8806fa6ac18e94d45029924ae1a997281fa,false,ps2 textures\HAS ALPHA\bp_remade\no_mip_fixes\ui,false,false,0,none,5,true,false,false
00896cd0,4f207a13884a749942231c637a6082432e80efb7,64780c11d9f55ec10f4dc89699e92b22285f4d90,true,ps2 textures\HAS ALPHA\bp_remade\no_mip_fixes\ui,false,true,5,remarci_4x,0,false,false,false
008a417d,46d3e44ff7e13d6e2e8fdf2a46dc712f53edfd25,1199b207b456b4998250c102afb29a51ebb74131,true,ps2 textures\HAS ALPHA\bp_remade\no_mip_fixes\ui,false,true,5,remarci_4x,0,false,false,false
008a85bb,602199ecf5b0160026a37d1153301d15f829f547,ea4ebfae47c5d16a5d4f8d464f45c45a5e766453,false,ps2 textures\HAS ALPHA\bp_remade\no_mip_fixes\ui,false,false,0,none,5,true,false,false
008aa5bb,21a4e2a9a5ab5371b84ee8c12e4d4d6c5ce18c91,0779b5ced31a1ef35580f97c12d15b33a6393d1d,false,ps2 textures\HAS ALPHA\bp_remade\no_mip_fixes\ui,false,false,0,none,5,true,false,false
008aac24,317a24fb6705ee2b429e97e858a3e90e22fe5fb4,4ead9958d11eadd742639f4d52c7cdf0015852bf,true,ps2 textures\HAS ALPHA\bp_remade\no_mip_fixes\ui,false,true,5,remarci_4x,0,false,false,false
008b4fc1,6fe5873d278b78d7eef122207e7acf75acbaaba3,2f7519def18822b3215af3150bb515d4818485fe,true,ps2 textures\opaque\bp_remade\no_mip_fixes\ui,true,true,5,remarci_4x,0,false,false,false
008bcd10,fe37a9d3e041823061edf1d26b491052873aa8e3,ff2e7b44366abbab57f1ec773a12e8d5f1c4621f,true,ps2 textures\opaque\bp_remade\no_mip_fixes\ui,true,true,5,remarci_4x,0,false,false,false
008c59bd.img,e626dd2307703510ec7952748d2feb2e1a2e0b65,806278e02db272ef395dd3278f9261351f7ac8dd,true,ps2 textures\HAS ALPHA\bp_remade\no_mip_fixes\ui,false,true,5,remarci_4x,0,false,false,false
008c9895,94bf5efeb31db24d6b259b7358448a78f5027ed4,3ac1e2b08733e3348e4c83cde35219e347569e19,false,ps2 textures\opaque\bp_remade\no_mip_fixes\ui,true,false,0,none,5,true,false,false
008caa88,fe8b1ca7545135ac627d5d7301deec1d2c9bc98f,496ca58078381169f08031b4f8504077522e9e53,true,ps2 textures\HAS ALPHA\bp_remade\no_mip_fixes\ui,false,true,5,remarci_4x,0,false,false,false
008cae7c,4f360482b94accf53b8f530c126ce20143921d92,535ad647e2c00748f5c44fe21c962c11ae0a5d25,true,ps2 textures\HAS ALPHA\bp_remade\no_mip_fixes\ui,false,true,5,remarci_4x,0,false,false,false
008ccd9c,29caa52e80c2104e7ba40bfd3f2a0fd376ec32dd,92df69a700d230d26ed21eb485d92c2937348339,false,ps2 textures\opaque\bp_remade\no_mip_fixes\ui,true,false,0,none,5,true,false,false
008d9657,4aee3b51c97e233427f2fec411efc9ebafef0abf,fea044cf4710658519e92f0b83bce5ca6f090d66,true,ps2 textures\opaque\bp_remade\no_mip_fixes\ui,true,true,5,remarci_4x,0,false,false,false
008dab1c,a0ef06207d0c08d90cd4b52de674138fec051111,2ad53c8eda57a1b0f64cf0f38d0ec8f228b30f37,true,ps2 textures\opaque\bp_remade\no_mip_fixes\ui,true,true,5,remarci_4x,0,false,false,false
008e5121.img,495caf1d9c58a8916f45622f3fc3c946d10baefd,890b1938e07ed409e45813d8933a304fd382df5c,true,ps2 textures\HAS ALPHA\bp_remade\no_mip_fixes\ui,false,true,5,remarci_4x,0,false,false,false
008e72af,ca08d31a23bc10e71683093363666237778a4f66,1e37be09e6a4483b053b63f8bb60c04e5203e0ad,false,ps2 textures\HAS ALPHA\bp_remade\no_mip_fixes\ui,false,false,0,none,5,true,false,false
008e9d03.img,baf8a71299f949124c2d9cca64c86204c0b150ab,8c542f1c1a2f795bf824c34320ef453a1cdabbe4,true,ps2 textures\HAS ALPHA\bp_remade\no_mip_fixes\ui,false,true,5,remarci_4x,0,false,false,false
008ed488,708ca0eb4c6fbbf3521c27a33ec5328473089cca,31d7dda9016f4fe82ef39e5c5ae8c55c6c0686cb,false,ps2 textures\HAS ALPHA\bp_remade\no_mip_fixes\ui,false,false,0,none,5,true,false,false
008f6f6a,c0335d862cdacb0f1a796b4c2539e0c67d58f599,0e1d68137afde17dca7e2b8e77387ac20ba48ac8,true,ps2 textures\HAS ALPHA\bp_remade\no_mip_fixes\ui,false,true,5,remarci_4x,0,false,false,false
008f72af,14ee4600160bfcfa62ea8973a1686ad17e956c48,86eca7104dbfdd4803a0ae63bbf57ccc2a1e352b,false,ps2 textures\HAS ALPHA\bp_remade\no_mip_fixes\ui,false,false,0,none,5,true,false,false
008fe4a2,2a571bf666c6443fc8e18a3fe718ad5a7787395f,c688ca3522e8170f3b4d9a7d9c122886a5595aa6,true,ps2 textures\HAS ALPHA\bp_remade\no_mip_fixes\ui,false,true,5,remarci_4x,0,false,false,false
0090422c,9fee54cdb9037a07d13c3b54c1d04b2a9e3837fa,6e7b365de22e53e86ffc654195432aa8efc4032a,false,ps2 textures\opaque\bp_remade\no_mip_fixes\ui,true,false,0,none,5,true,false,false
00904232,8a6ebb2d0c6a1fa49c34f9b92b8e43399dfbdcf3,4cc1b51d3d9f9f7396fbe5a7372c9b43822b50be,false,ps2 textures\opaque\bp_remade\no_mip_fixes\ui,true,false,0,none,5,true,false,false
009072af,12ef809df703ca6f6cc09acb4a9c3015a9eb4bde,1a642b1574dd4d2b98fe9297fe6a302406ee887b,false,ps2 textures\HAS ALPHA\bp_remade\no_mip_fixes\ui,false,false,0,none,5,true,false,false
0091381e,89b170069a09a72423ba0429df068694a8c172cc,3e3fd721db2e83fdfd60d0b6f2ba3dc8a191da98,true,ps2 textures\HAS ALPHA\bp_remade\no_mip_fixes\ui,false,true,5,remarci_4x,0,false,false,false
009172af,cb637d8e11d230be4bdf0bf9e8d7a00d66831911,bbb75aa25af42fb3b9e74683a6e62f7f2d0b0dac,false,ps2 textures\HAS ALPHA\bp_remade\no_mip_fixes\ui,false,false,0,none,5,true,false,false
00918b6e,70c75761152b7bddde0511778c394360558ff258,be57307e5f38b20de8215c0ca71ff8c4b8f1d7a9,false,ps2 textures\opaque\bp_remade\no_mip_fixes\ui,true,false,0,none,5,true,false,false
0091a37d,bd2b91d2635e6e5b0d64b13d44dd707cdfd4536f,077e07df7d6711502172ee01b4dac4bceed7b072,true,ps2 textures\HAS ALPHA\bp_remade\no_mip_fixes\ui,false,true,5,remarci_4x,0,false,false,false
0091ab39,836f1a8118431b9d8842c38fdf45fb84bb87e44f,a1eb0f79bd83410dff904ecbadb0c751fe66644b,true,ps2 textures\HAS ALPHA\bp_remade\no_mip_fixes\ui,false,true,5,remarci_4x,0,false,false,false
00920bfe,d8a3b9bf02d135d8927b3b82f2edaa65b1cf503c,828e9b6cccbc4c17985bfbe97c4508151b0a568a,true,ps2 textures\HAS ALPHA\bp_remade\no_mip_fixes\ui,false,true,5,remarci_4x,0,false,false,false
00920bfe_19838aaf95614e645b864c4e8898359c,596bb36faac00234abe289f23a44be17f7a1b6dd,2eee0a2fa71f9efa3f8fc0a90bb887e82e2853d5,true,ps2 textures\HAS ALPHA\bp_remade\no_mip_fixes\ui,false,true,5,remarci_4x,0,false,false,false
009214e6,9efb2ad531632d6377ae7652ec254922f44d169a,02f08987cb72ceb282bb1877958aa52d1485e206,true,ps2 textures\HAS ALPHA\bp_remade\no_mip_fixes\ui,false,true,5,remarci_4x,0,false,false,false
0092367d,948f54c453b5e79c886dfd940978003ee45344c1,389ff878dfad20c8df9cbaec160471f0449a3b0c,true,ps2 textures\opaque\bp_remade\no_mip_fixes\ui,true,true,5,remarci_4x,0,false,false,false
00928c9e,631d92055ce1b31b37806e58821a9b9fd27c0fc8,d3b3cf4990b0d2b6554f75afe98d291f45354007,true,ps2 textures\opaque\bp_remade\no_mip_fixes\ui,true,true,5,remarci_4x,0,false,false,false
0092f800,0083e15a0875ce44b787ca4b74c04bd7439e3de1,458f6c0c7b494e86c38a50b9898a89c548b90b93,true,ps2 textures\HAS ALPHA\bp_remade\no_mip_fixes\ui,false,true,5,remarci_4x,0,false,false,false
00932d1b,f51caa6bd0b3b97cab3f8807302a73bb19a8fcc4,dea0c0032641f46c8ab7ff7d01209d35da24c3c2,false,ps2 textures\HAS ALPHA\bp_remade\no_mip_fixes\ui,false,false,0,none,5,true,false,false
00938e79,820e4f3b3249e6954670999a925434e35512f8fb,4000dc17b021c1ae453872e601d79bf4474c45d1,true,ps2 textures\HAS ALPHA\bp_remade\no_mip_fixes\ui,false,true,5,remarci_4x,0,false,false,false
0093adbb,17307c4fc0f883445357fa4eac82cfed0efb5642,7139fcc2d3a6f112464b2cfca893672740f00f66,false,ps2 textures\opaque\bp_remade\no_mip_fixes\ui,true,false,0,none,5,true,false,false
00944f72.img,4616c13d39d8cfcd728d941710884775878fc8ad,b63f319430c0bf7fba09cdfedcbf0c0b7c62f93c,true,ps2 textures\HAS ALPHA\bp_remade\no_mip_fixes\ui,false,true,5,remarci_4x,0,false,false,false
0094530d,a4dae4d698617bc8fe05033c653b8a3a44d0fe9e,8d1dc6fa93b0a8049741e6a0859ac2971fd930d1,false,ps2 textures\opaque\bp_remade\no_mip_fixes\ui,true,false,0,none,5,true,false,false
00945eda,f86b538e6358e1a74b02e20533f84d29a1be0e8a,2283fbfc8707f45c658848022f680d368325a831,false,ps2 textures\opaque\bp_remade\no_mip_fixes\ui,true,false,0,none,5,true,false,false
0094ce84,f4cf909a2ea1e2566a4323819609193b90bbc2a0,963ff48f5a5e02fd039881850ec090aa95caca98,true,ps2 textures\opaque\bp_remade\no_mip_fixes\ui,true,true,5,remarci_4x,0,false,false,false
009517e8,6c65013ca4c939275b490709c3ec784757242745,96e59f38b7fe698a987f08b1de666e202a7c5a7d,true,ps2 textures\HAS ALPHA\bp_remade\no_mip_fixes\ui,false,true,5,remarci_4x,0,false,false,false
009517e8_05c2f6d5f4a45fc6c9ac1d1e4d84eb84,15d2fd2ae395700a584c9e498c03186d4b3e182c,1a919a77e4d60e2a2a78914d8fa54c344cda291d,true,ps2 textures\HAS ALPHA\bp_remade\no_mip_fixes\ui,false,true,5,remarci_4x,0,false,false,false
00954e27,f5503b26de8d36a2ae32f944b889729025f068d5,ee2a1467046d3107cce26350d585e0752d6ff01b,true,ps2 textures\HAS ALPHA\bp_remade\no_mip_fixes\ui,false,true,5,remarci_4x,0,false,false,false
00954e2b,6ce6104db1d235a3fee32bc9218f1eba8551db5a,c8548633dd041fd14c8d12f670a1bdc3e22a3760,true,ps2 textures\HAS ALPHA\bp_remade\no_mip_fixes\ui,false,true,5,remarci_4x,0,false,false,false
00954e2f,e5bafdc6a241c60b3e36ab00fdf1a3f1e7badcd6,b84561b22a58ff05d7184bbd17ab63579cf4c3d9,true,ps2 textures\HAS ALPHA\bp_remade\no_mip_fixes\ui,false,true,5,remarci_4x,0,false,false,false
0095e6bd,9079f88451fde34bfb36864d69849918a237cd07,b6567582f97dd0a9141a25b1787b21611f924298,false,ps2 textures\opaque\bp_remade\no_mip_fixes\ui,true,false,0,none,5,true,false,false
009636d8,d68e749e5657b4017a8d57866c19ab0068ee4d0d,5c74df9f01b1a068818db0e07861e4baf932ccb9,true,ps2 textures\HAS ALPHA\bp_remade\no_mip_fixes\ui,false,true,5,remarci_4x,0,false,false,false
00966bce,b56aff5bf6f93cf24c95afd2c3e738cd7e8a7cf2,ef115ee94160db1ae66755d0d4918d6b96e1c090,true,ps2 textures\HAS ALPHA\bp_remade\no_mip_fixes\ui,false,true,5,remarci_4x,0,false,false,false
00968eff,051b22d12b46a7eb5262cb0470a79c12b54923c8,72eee793984e6ffa8602f7acd458cc1d9b9fb2e0,true,ps2 textures\HAS ALPHA\bp_remade\no_mip_fixes\ui,false,true,5,remarci_4x,0,false,false,false
0096fe43,5c8a7747e40e471ad3ff94f111af785e20a7fb07,ebc1b58fb02010d7c5961519a7cd202188768e4b,true,ps2 textures\HAS ALPHA\bp_remade\no_mip_fixes\ui,false,true,5,remarci_4x,0,false,false,false
00971f1b,9779059cb20f81f6fe5f33bd2f4356a0c2c94fd9,a6c5d47ceb27e6b2b8962f8d4e2af6e59ed1d3ee,true,ps2 textures\HAS ALPHA\bp_remade\no_mip_fixes\ui,false,true,5,remarci_4x,0,false,false,false
00973d39,94cec7cc48d0772d99c76317c345ddd9727852b6,c2384e5da33eecf4aff1c731e547234109cefac0,true,ps2 textures\HAS ALPHA\bp_remade\no_mip_fixes\ui,false,true,5,remarci_4x,0,false,false,false
00978e55,f3988a3d26c7646e0dbbded88232f129a99e4777,68bbdaecfbad294b494e7df79cadca6edde745a6,true,ps2 textures\HAS ALPHA\bp_remade\no_mip_fixes\ui,false,true,5,remarci_4x,0,false,false,false
0098a2dd,ed675afc23f10304518624801b8ad8c6b36f40f7,365ca4359bcae0cdee94bb7c85cdee9a1f78a1e9,false,ps2 textures\opaque\bp_remade\no_mip_fixes\ui,true,false,0,none,5,true,false,false
0098c9cf.img,9f6afeec117cbb00406440e1f35f165b165e6870,e355d1022d16cbd96ba2445ab5246e01b1829249,false,ps2 textures\HAS ALPHA\bp_remade\no_mip_fixes\ui,false,false,0,none,5,true,false,false
0098c9df.img,e4a14b7d5e38355f73811e072f747236ea701f1d,d8527221ca1d3459865bc01774b516cbd66207ff,false,ps2 textures\HAS ALPHA\bp_remade\no_mip_fixes\ui,false,false,0,none,5,true,false,false
0098c9e3.img,7f0de88f34b37c22e00043c72008962eb89045cc,73fe631d70717307591bd88fae83fd85f11d3196,false,ps2 textures\HAS ALPHA\bp_remade\no_mip_fixes\ui,false,false,0,none,5,true,false,false
0098c9e7.img,47fbf5433d5ad5b845d2d162c46efae6404c4f1d,e01794b48e7a33ced4009ddab6c543f4a4a4631d,false,ps2 textures\HAS ALPHA\bp_remade\no_mip_fixes\ui,false,false,0,none,5,true,false,false
0098c9eb.img,4253a0f782a05bbc78bd390cd63a37e7066a6433,49cc605205fae6010d8e9e77ca733a68ed82f22f,false,ps2 textures\HAS ALPHA\bp_remade\no_mip_fixes\ui,false,false,0,none,5,true,false,false
0098d8bf,4e2877caaa85aa765b595b5e1769099ef79d79eb,81c723011eb694eb1a988cd1de80b2aa262bc1da,false,ps2 textures\opaque\bp_remade\no_mip_fixes\ui,true,false,0,none,5,true,false,false
009927c1,26c6ba5bc7dc0a052b533f542aab26b75cbdbb64,360d26476d396c587b817185b079fd3b1529e482,true,ps2 textures\HAS ALPHA\bp_remade\no_mip_fixes\ui,false,true,5,remarci_4x,0,false,false,false
00993439,6d7edfe87a0eb90b2a141c073e3aca57b52dd5fa,1b626e50e9efcd7021923b8d23cf702af8982833,true,ps2 textures\HAS ALPHA\bp_remade\no_mip_fixes\ui,false,true,5,remarci_4x,0,false,false,false
0099388d,02c23f0c57ecd2b8db51a8e28a2efa821f9df727,dcc88cba7d4aee1fb9ee7e4944e3767cb68a18b9,true,ps2 textures\HAS ALPHA\bp_remade\no_mip_fixes\ui,false,true,5,remarci_4x,0,false,false,false
00993afd,2693a87322972dda0ccd27ba257da87af358d0c4,de9ca19ef043d652a351f2332db448fc1ac2f105,true,ps2 textures\HAS ALPHA\bp_remade\no_mip_fixes\ui,false,true,5,remarci_4x,0,false,false,false
00994666,9c36072050510f48c28ff1aad0f5f2e36083e922,8cd09a79d99804679718a3582bfcb47dc4116df5,false,ps2 textures\opaque\bp_remade\no_mip_fixes\ui,true,false,0,none,5,true,false,false
00999367.img,f8f9d10b4d8a818013b182e0582b7fda8312328c,372953e80b5c81b990deb05e4ecdb4ab44ff5cca,true,ps2 textures\HAS ALPHA\bp_remade\no_mip_fixes\ui,false,true,5,remarci_4x,0,false,false,false
0099b5be,09167192b2ad1b2a7a0fd113a942923416d5d475,c6d32cb29c3f49d9e0f61bcde30e02be711b6ba5,true,ps2 textures\HAS ALPHA\bp_remade\no_mip_fixes\ui,false,true,5,remarci_4x,0,false,false,false
0099d09b,8aa26217ba67bf6bcb78f2bbe4daa66142aaa190,0978d5ecd801c270996f1dfde1a99c400d5ccf8e,true,ps2 textures\HAS ALPHA\bp_remade\no_mip_fixes\ui,false,true,5,remarci_4x,0,false,false,false
009a703f,c5d8fc3e93fccedcfe63924080a33dc08104f708,dcdc8b9a41470e9e183de5c3984b74d8b9db75f8,true,ps2 textures\HAS ALPHA\bp_remade\no_mip_fixes\ui,false,true,5,remarci_4x,0,false,false,false
009a89e1,7c3388388876958affd3b4f17c1e34a3a79e14cc,3626d24327c2154e9ec63220b528e03f8e7208dd,true,ps2 textures\opaque\bp_remade\no_mip_fixes\ui,true,true,5,remarci_4x,0,false,false,false
009ab5be,9de7b6cd604745df4d0f1a3b07c01a82d859bb06,1c747666b7a44befc7a5a2b446eb22a3b931a2fb,true,ps2 textures\HAS ALPHA\bp_remade\no_mip_fixes\ui,false,true,5,remarci_4x,0,false,false,false
009ac59b,a4c63738b2665887e1668dcc9ee82032ee1edd63,a88e11d58d12293b5953c6bf78523557347d666c,true,ps2 textures\HAS ALPHA\bp_remade\no_mip_fixes\ui,false,true,5,remarci_4x,0,false,false,false
009b01d1,918b9781a20b9217b7a120aace1247c85991293d,8da28d98d71b4a7d0d907eadcc06a9dd53fe9fa1,true,ps2 textures\HAS ALPHA\bp_remade\no_mip_fixes\ui,false,true,5,remarci_4x,0,false,false,false
009b1536,bab6d1b3b223676a0339a87fa6c86e07a34edf15,f3feb4b2ed7ab7e877e5f5dc3211ee465e21358c,false,ps2 textures\opaque\bp_remade\no_mip_fixes\ui,true,false,0,none,5,true,false,false
009b153a,d99358e6eeb4fb3bd58ff2258db81efa1448ca58,946182ac670bdcd81a2e5be6614d90c182e0020d,false,ps2 textures\opaque\bp_remade\no_mip_fixes\ui,true,false,0,none,5,true,false,false
009b153e,55c8fdb032dec8d95df7de81efa19a0c70653962,6f2c40a66859a6526c9cc622f63370a2fea34999,false,ps2 textures\opaque\bp_remade\no_mip_fixes\ui,true,false,0,none,5,true,false,false
009b1542,0455d3054b116c3f0a970255a3869d9ea4515432,7ee9b3b9c7244a0521426202068e6a92b5b8d529,false,ps2 textures\opaque\bp_remade\no_mip_fixes\ui,true,false,0,none,5,true,false,false
009b1546,45d5d04a5c714be5f7a00667ffb3967314f9bc94,a1d684a6bb0dc6ad66db117b06718e359e171829,false,ps2 textures\opaque\bp_remade\no_mip_fixes\ui,true,false,0,none,5,true,false,false
009b154e,e9b1f8c0c82fe44998328bcc5df80d0459036415,34cfabce9939c2d4d809f4718f259a1117ac52dd,false,ps2 textures\opaque\bp_remade\no_mip_fixes\ui,true,false,0,none,5,true,false,false
009b154e_c5eb704073d34e07aa3839fc0d1db265,5f6875007114fd1b7b4d803c48592efc8944daee,0e7f7ca2ff71c8722c81e817e0b04107b256014b,false,ps2 textures\opaque\bp_remade\no_mip_fixes\ui,true,false,0,none,5,true,false,false
009b1552,8950e850312b9671775231787f4640f586653411,d4c4f901826ff2fffa42f3bd402c6b3ff8392c00,false,ps2 textures\opaque\bp_remade\no_mip_fixes\ui,true,false,0,none,5,true,false,false
009b15ca,7812617f81f1aa9dd9de5897546c4efeccc07e72,976fa054716ad6957324364b8a21e01ac66999aa,false,ps2 textures\opaque\bp_remade\no_mip_fixes\ui,true,false,0,none,5,true,false,false
009b15da,6757440dae83ce33666047272733fc19c16c1f9d,cacbddcea7fa8f0d503446e9d89f69e419fce235,false,ps2 textures\opaque\bp_remade\no_mip_fixes\ui,true,false,0,none,5,true,false,false
009b1eaf,9d9340254855507a838b7078724fad9d20be8c9a,7ede71d0397dc8e60245b8b5efa2a63a18c876c9,false,ps2 textures\opaque\bp_remade\no_mip_fixes\ui,true,false,0,none,5,true,false,false
009b2164.img,e6888fa8ddfd33edc53bf43b1101a5d293cb8268,ce6ec95c1eb8007c71a7d7b6adf1824cc433064c,true,ps2 textures\HAS ALPHA\bp_remade\no_mip_fixes\ui,false,true,5,remarci_4x,0,false,false,false
009b7f32,a709428c730b181ea7fd3de2c6c6ccf4df6717f2,359c2baf9ebe86bd8f3372a7dd73d785091fa6d7,false,ps2 textures\opaque\bp_remade\no_mip_fixes\ui,true,false,0,none,5,true,false,false
009b98f4,a67c81008d7fae74ce8c1db85c83eb5ec7a0e092,d90e2ce4cb328faae7361053b4a2aebf82ffb41f,true,ps2 textures\HAS ALPHA\bp_remade\no_mip_fixes\ui,false,true,5,remarci_4x,0,false,false,false
009b9f73,197a99bdf33cdae2274d4d7c481a5a1fea17c226,17b58316e3a68e2f98183f59c844abe4f6247fe1,false,ps2 textures\HAS ALPHA\bp_remade\no_mip_fixes\ui,false,false,0,none,5,true,false,false
009bc7ce,77b99b9485fd5e5ec307d8ec9156bc2d601b9daa,aab3bdd37b93f67f38ad316f23b29f8d2eb1457d,true,ps2 textures\HAS ALPHA\bp_remade\no_mip_fixes\ui,false,true,5,remarci_4x,0,false,false,false
009bcb56,2e62d20f4e092ce580c237d42f596cec31903a25,21c3a9d4d0c2e6ef2f04b381285dc503b2ae2790,true,ps2 textures\opaque\bp_remade\no_mip_fixes\ui,true,true,5,remarci_4x,0,false,false,false
009bcfc6,e2e6f9a20284ed4714f0c14a1c94c13d3121353a,c09515a99223594976fd7201b9fc5174fb681938,true,ps2 textures\opaque\bp_remade\no_mip_fixes\ui,true,true,5,remarci_4x,0,false,false,false
009bd5c6,3966ea9ebe654ed8adc3d3c5a809df0b5822d7e6,1baed7280bda41c4745c721fe30f88ef80af92c6,true,ps2 textures\opaque\bp_remade\no_mip_fixes\ui,true,true,5,remarci_4x,0,false,false,false
009be091,a3c800390e06199efae6df299aceb7414729cf08,e3c10b07cd6c58356e6542c393332d858cca4d65,true,ps2 textures\HAS ALPHA\bp_remade\no_mip_fixes\ui,false,true,5,remarci_4x,0,false,false,false
009bedb5,6f07a70d479881f7004fb57caaaeae1d6f186aee,5c92752332977ea6665d22119305835e85da84e6,false,ps2 textures\HAS ALPHA\bp_remade\no_mip_fixes\ui,false,false,0,none,5,true,false,false
009bf8ec,af7a077fc57b0ce9cdb489dd3678063635929e0a,70d13922eedba96fde006efb7b0a81b5ca1272ca,false,ps2 textures\HAS ALPHA\bp_remade\no_mip_fixes\ui,false,false,0,none,5,true,false,false
009bf8ed,6bd65f5dd79cde5a497c87a4bceb6b1bc1d7c66d,942d78dbfc2966bb053ab7eef19f82f08a6f6479,false,ps2 textures\HAS ALPHA\bp_remade\no_mip_fixes\ui,false,false,0,none,5,true,false,false
009bf8fc,4a587d6c07e86e6f71aa139d9ed052e9eeeb06d3,495a5517925aeba2aad409980c166c083be08e13,false,ps2 textures\HAS ALPHA\bp_remade\no_mip_fixes\ui,false,false,0,none,5,true,false,false
009bf904,e35ddcd1fd8e7c0e5158984280f12aaf68444f83,e9f61c444c78c1d9b4fcc8266075522a7c4f6bf6,false,ps2 textures\HAS ALPHA\bp_remade\no_mip_fixes\ui,false,false,0,none,5,true,false,false
009bf90c,adf900bfd542154e755908df1abec5a3252b40f1,5f12424712810b31ed17d319695821b84698c8ba,false,ps2 textures\HAS ALPHA\bp_remade\no_mip_fixes\ui,false,false,0,none,5,true,false,false
009bf91c,1f1415ce8a5708912d16f5ef7fb1b7b84faeb089,e320631e024d55c3131ee43ab57dd84e9f9b714c,false,ps2 textures\HAS ALPHA\bp_remade\no_mip_fixes\ui,false,false,0,none,5,true,false,false
009bf924,7acd7664ead920c9b119224f3b5114640aaf8c36,c396c539e69f0849a995027c2caefe9ea8852e62,false,ps2 textures\HAS ALPHA\bp_remade\no_mip_fixes\ui,false,false,0,none,5,true,false,false
009bf9f4,8f48b5936abb8244025247fd0543dcae76469cd7,49ea3f85b6d1ac6b09e58e71dfc3d4e9c66c7429,false,ps2 textures\HAS ALPHA\bp_remade\no_mip_fixes\ui,false,false,0,none,5,true,false,false
009cd168,b95493137a22533be6c527d44df914ea4c765ae3,02197ab6cdca8073010982a18c0412a8aff07fb0,false,ps2 textures\HAS ALPHA\bp_remade\no_mip_fixes\ui,false,false,0,none,5,true,false,false
009cf889,1796720a9ce32700a4778456c564aa2f4f899245,de4e6e430786f688cddaf9b33473085ef12b9b35,true,ps2 textures\HAS ALPHA\bp_remade\no_mip_fixes\ui,false,true,5,remarci_4x,0,false,false,false
009d3823,b0a290293d776342fb108912feca6a58e0f3fead,9dc5d61e8e79938abac6ecdfaf3efa8b35413650,true,ps2 textures\HAS ALPHA\bp_remade\no_mip_fixes\ui,false,true,5,remarci_4x,0,false,false,false
009d8ea8,8b2f26e700ac67c05c01d74c8a1b6a712c439bdc,597627b13f27b658cfeded66f06a211c60b31f1f,true,ps2 textures\opaque\bp_remade\no_mip_fixes\ui,true,true,5,remarci_4x,0,false,false,false
009db5b5,0c345b7cdf4a430de9d346998fab75f47246bf7c,7d664f0b7389e177077a71b6ef334beeeebe7553,true,ps2 textures\HAS ALPHA\bp_remade\no_mip_fixes\ui,false,true,5,remarci_4x,0,false,false,false
009df0eb,d26d20d33a4dc2c7809b62c14d96adf7d3060b72,6fcbfb1f1970a7d32ffb3b36ef3a1d2ab187308e,false,ps2 textures\HAS ALPHA\bp_remade\no_mip_fixes\ui,false,false,0,none,5,true,false,false
009e48dc,3453f8f17fa6e54470856fd597026428a0471a29,fb41c48a4f44fac5a12a1fd983ded969793184be,false,ps2 textures\HAS ALPHA\bp_remade\no_mip_fixes\ui,false,false,0,none,5,true,false,false
009e9674,0003eb221999e25228d0d168a1dd58e541ca6909,be9a79d1bc19f1b0c67480e3f5c600e412a466d9,true,ps2 textures\opaque\bp_remade\no_mip_fixes\ui,true,true,5,remarci_4x,0,false,false,false
009eb5b5,d09ff1001bcd5a2a792fbf49c44196f1a7f5a21a,b62c329a7cd67895a325648afc9be366da975c85,true,ps2 textures\HAS ALPHA\bp_remade\no_mip_fixes\ui,false,true,5,remarci_4x,0,false,false,false
009efda8,742fdd7da3ec231ea2241a2296ca56ef44d273f9,b77980bb59f9aaf02a8ddbe98d1d7b3a5125d0ef,false,ps2 textures\opaque\bp_remade\no_mip_fixes\ui,true,false,0,none,5,true,false,false
009f15eb,608cd75ec7570f46e7ed916350e9ef4046a643f7,ef2f9528f523fc2c458414c8f29ee6a3e307d0ef,true,ps2 textures\HAS ALPHA\bp_remade\no_mip_fixes\ui,false,true,5,remarci_4x,0,false,false,false
009f7fc0,7dbc53be4b03cd7a5c9b019eb7e5aae6bf9b5128,9dad6f5b9cbededdc6c0908323e042af19bff60b,true,ps2 textures\HAS ALPHA\bp_remade\no_mip_fixes\ui,false,true,5,remarci_4x,0,false,false,false
009f9588,367e5dc6fd695dbfc8d962ed0d163148b8839a8a,802761553a41a90aac9515db22e94bf557bbf642,false,ps2 textures\opaque\bp_remade\no_mip_fixes\ui,true,false,0,none,5,true,false,false
009f9589,a06800a39f920a1964e2eeb7e24c949ccbf73165,65caca7d67e5c7fe9eaebb0d413128c27560dc4c,false,ps2 textures\opaque\bp_remade\no_mip_fixes\ui,true,false,0,none,5,true,false,false
009f958a,94024f1e24309817355275d9ace41922ab751ed4,756531fac4743bce53f4ad8e790a0f46706b5ad9,false,ps2 textures\opaque\bp_remade\no_mip_fixes\ui,true,false,0,none,5,true,false,false
009fc1bb,95787a8df76a387ad9b89b7128c103b3fbe28b1f,56b3bcc76a01280d9223fabb54235ec1219d82ef,true,ps2 textures\HAS ALPHA\bp_remade\no_mip_fixes\ui,false,true,5,remarci_4x,0,false,false,false
009fc4ca,3540eb6974106ed7e76b9afad18ddb32d107cdd8,bdfeb7347816963e8425d8c7988ecb8b520d77d1,false,ps2 textures\HAS ALPHA\bp_remade\no_mip_fixes\ui,false,false,0,none,5,true,false,false
009fff0c,d78edd90a272de83d1f6147864448846f3518ee8,1893cad166322b17b5cd88a96220b63693fd0da3,true,ps2 textures\HAS ALPHA\bp_remade\no_mip_fixes\ui,false,true,5,remarci_4x,0,false,false,false
00a0009b,c5fcb20be63f6b191791876360380a2c37f43845,bd767c26a3786dae45b9a0401253aefda2a4ab31,true,ps2 textures\HAS ALPHA\bp_remade\no_mip_fixes\ui,false,true,5,remarci_4x,0,false,false,false
00a07821,364c0033f0734e567b6ff27cc0d22cfd07ba13b4,b788c3b728d50541b6a0d5e0466d3df1c1c885eb,true,ps2 textures\HAS ALPHA\bp_remade\no_mip_fixes\ui,false,true,5,remarci_4x,0,false,false,false
00a0e2e2,fb4ec02c2367ed6c27c093ec0e88857546dd1e7b,071e2892b0f2ec5c225afd258ef927e2e41ddb00,true,ps2 textures\HAS ALPHA\bp_remade\no_mip_fixes\ui,false,true,5,remarci_4x,0,false,false,false
00a1435d,6e0b188341551dd9a5180c824517e02f206b7d14,654c364140cc8f00ed7527f1280e6b2d457e968f,true,ps2 textures\HAS ALPHA\bp_remade\no_mip_fixes\ui,false,true,5,remarci_4x,0,false,false,false
00a14361,475d3c793e4a25b5723ad42b73b9bc4d8dd53438,4eb8040cb4a6da45efb90fa6a716ad8c4e472bbc,true,ps2 textures\HAS ALPHA\bp_remade\no_mip_fixes\ui,false,true,5,remarci_4x,0,false,false,false
00a14365,7fba7f3bb6d5206cbb957c99385743eb0e08d6a1,f3f532d7d256c984a7efe72fecd914100f727cd2,true,ps2 textures\HAS ALPHA\bp_remade\no_mip_fixes\ui,false,true,5,remarci_4x,0,false,false,false
00a14369,142e2193d11638108fd5b7eff8bb5fe37eb9cd35,0c4e4313e499dddf512619b282746921ca51dd3a,true,ps2 textures\HAS ALPHA\bp_remade\no_mip_fixes\ui,false,true,5,remarci_4x,0,false,false,false
00a148dc,4ffbe4b0ba2bb9190155408af6226618bbc6e9a2,cfe032f6cc31e309e9787c00e6a9df90ed8b2ce0,false,ps2 textures\HAS ALPHA\bp_remade\no_mip_fixes\ui,false,false,0,none,5,true,false,false
00a14a2b,30f486705436c781f0e20144335abe73bf5adf18,8100de4e78c514b3b844267ed013edcc3c30809a,false,ps2 textures\opaque\bp_remade\no_mip_fixes\ui,true,false,0,none,5,true,false,false
00a1aa88,1e431a074f885171500b50613ccda0e05b977af4,12b1573ecb29b8e54578fb700fdcb2479604ecda,true,ps2 textures\HAS ALPHA\bp_remade\no_mip_fixes\ui,false,true,5,remarci_4x,0,false,false,false
00a1adce,dc61cbd474ba383fa8603a3994af7bbb686e5ec1,a9ace59c8a19ac448244a471f6a9246d90da930b,true,ps2 textures\HAS ALPHA\bp_remade\no_mip_fixes\ui,false,true,5,remarci_4x,0,false,false,false
00a1ae7c,2ff9ee6801e6974732a6f36e7480d497b5a7116f,f5c64346afb31dfe3c45c3a5ff9f08625a18c0f6,true,ps2 textures\HAS ALPHA\bp_remade\no_mip_fixes\ui,false,true,5,remarci_4x,0,false,false,false
00a1e658,b1e4b544d68eaaa9f6b8b07809cb5c754da98bc5,a59815d0b0aac0df6e6fb7c77015c1eeca1e827a,false,ps2 textures\HAS ALPHA\bp_remade\no_mip_fixes\ui,false,false,0,none,5,true,false,false
00a1f410,0b2493744a8d66e4e58885d1bc55fd8e6f013712,3192ae46d7c4481080c6f7b62d68b0635d265afc,true,ps2 textures\HAS ALPHA\bp_remade\no_mip_fixes\ui,false,true,5,remarci_4x,0,false,false,false
00a20e08,b835aeca68bd8a0057b6cc2b20a2a4a54a39e4e1,cfe125aee57343de302a892f7531984fded73f3c,true,ps2 textures\HAS ALPHA\bp_remade\no_mip_fixes\ui,false,true,5,remarci_4x,0,false,false,false
00a2437a,f76f0f7b66b2091c8017acb9f766d7d7253c0775,8866c08faf0c85333e1501fa5dd000ade69dfd32,true,ps2 textures\opaque\bp_remade\no_mip_fixes\ui,true,true,5,remarci_4x,0,false,false,false
00a243d4,1645d05dddae670295657ddb3314bb735e0fa1ad,abdba92eb1743c0441b711edc574560904799f07,false,ps2 textures\opaque\bp_remade\no_mip_fixes\ui,true,false,0,none,5,true,false,false
00a248dc,61bafea4909e0d40984982b8f165d4a2db0e03ad,93cd0857f46978daaa1aab5c41669bb8a6e8e1dc,false,ps2 textures\HAS ALPHA\bp_remade\no_mip_fixes\ui,false,false,0,none,5,true,false,false
00a26458,14f5b3762e50737007003410a164df042b00db1f,d92369f6b865f4810c18b7bdf22a96ab8f5a2edc,false,ps2 textures\HAS ALPHA\bp_remade\no_mip_fixes\ui,false,false,0,none,5,true,false,false
00a28358,3f632fce0f8f27993e13a7514f6a316fe058945b,02e1403c825da320aae102c79464eb1123f40cb2,false,ps2 textures\HAS ALPHA\bp_remade\no_mip_fixes\ui,false,false,0,none,5,true,false,false
00a2a258,e45d46582573114b0061f0300c98371cc500ad08,ebb7f517be31aa6bc3cb347de5055eadadd83a3a,false,ps2 textures\HAS ALPHA\bp_remade\no_mip_fixes\ui,false,false,0,none,5,true,false,false
00a2aa3e.img,055172f973330959da8e761ae5f41c27f1fbe702,89bb92637057c5076ed7fa085928a61f9991ca8f,true,ps2 textures\HAS ALPHA\bp_remade\no_mip_fixes\ui,false,true,5,remarci_4x,0,false,false,false
00a2be98,53bdfcc2c10b3fe8ba30c2c942194bbbb187a510,acec5db57a1ead075da52913a725ce095ac8c6bb,true,ps2 textures\HAS ALPHA\bp_remade\no_mip_fixes\ui,false,true,5,remarci_4x,0,false,false,false
00a2c2b6,ad893c0408b89d063b3fc7e2331e597e36395b5d,0ef9bce11d8c1f9e2131962a582e7b3718a837fa,true,ps2 textures\HAS ALPHA\bp_remade\no_mip_fixes\ui,false,true,5,remarci_4x,0,false,false,false
00a3363b,cae43c53051e0ccfbbf8c2f3845f702245e1c3ed,a8c9e443bd5406306749647ba36cabb7e9fea533,true,ps2 textures\opaque\bp_remade\no_mip_fixes\ui,true,true,5,remarci_4x,0,false,false,false
00a3966f,69ef7f8826a260b8d1d6fcd8d68b24bbc7b43de3,32cf84f5e70a81a48cd6448e5fdf3cd38eb6c27a,true,ps2 textures\opaque\bp_remade\no_mip_fixes\ui,true,true,5,remarci_4x,0,false,false,false
00a3a885.img,ca8f4e1bdad9a6d125e2822fdefa6e4d183490c6,a1e635aa711daedaad592cbe2c6121abf1a04bdf,true,ps2 textures\HAS ALPHA\bp_remade\no_mip_fixes\ui,false,true,5,remarci_4x,0,false,false,false
00a3be99,4b86ee94828a1c606a12ad2973d03aa99d0be19d,bf1a1f8b6860810a4d9e2592af84d48d2f38fbe1,true,ps2 textures\HAS ALPHA\bp_remade\no_mip_fixes\ui,false,true,5,remarci_4x,0,false,false,false
00a434c6,5d0a4af727fa6cfaf496ad79c6134a8784712d09,2ef883158366187bc31cbdd47639888c3609fa9d,false,ps2 textures\opaque\bp_remade\no_mip_fixes\ui,true,false,0,none,5,true,false,false
00a4aedb.img,d4ff09c161f3245276113af24a0cff4757f0f7f6,d18d22e344525147f7a664ed6c6d3480c5618f4d,true,ps2 textures\HAS ALPHA\bp_remade\no_mip_fixes\ui,false,true,5,remarci_4x,0,false,false,false
00a54397,17a03d7bd371fed97e9cf3e10aed5e6acdab9b26,5eec763fa5d4b98a1d69eb01ae1040f1082a6a27,true,ps2 textures\opaque\bp_remade\no_mip_fixes\ui,true,true,5,remarci_4x,0,false,false,false
00a56fe2,fadb825c679e663d3c8a6e55c505c9a3da0bdaf7,3d4bea6900070c8c1b195313fb3135a6eeaef7cd,true,ps2 textures\HAS ALPHA\bp_remade\no_mip_fixes\ui,false,true,5,remarci_4x,0,false,false,false
00a5c857,ee7317d103548a100ec40bc63c8b97e60ef4cd80,1c46c8a48d86a161620379d2c092867098ab30a7,true,ps2 textures\opaque\bp_remade\no_mip_fixes\ui,true,true,5,remarci_4x,0,false,false,false
00a648dc,efcdf8b376ee91a9612bab3a8ac59cf713c36514,a6c568050bacaea1462871b6f6627eda0ce123c9,false,ps2 textures\HAS ALPHA\bp_remade\no_mip_fixes\ui,false,false,0,none,5,true,false,false
00a66528,c1b524d1689f4171db4ac53c66521300eecd211c,d275654b2ad67eba5e7a52b58de5c2407ab8e68f,false,ps2 textures\HAS ALPHA\bp_remade\no_mip_fixes\ui,false,false,0,none,5,true,false,false
00a6966f,44e38a9f18dde1482c655c12c9845f8db1105907,03090784425e9565b121c2eeee5ea9ef03a493c7,true,ps2 textures\opaque\bp_remade\no_mip_fixes\ui,true,true,5,remarci_4x,0,false,false,false
00a6d9ed,d1c8fbb151d6b68db35ccb0263fd0553036467b0,1bfc7e6bdb42a0fe033dae129763e314ea9a9113,true,ps2 textures\HAS ALPHA\bp_remade\no_mip_fixes\ui,false,true,5,remarci_4x,0,false,false,false
00a7962b,564a15f66499b7df1be6c7653ac2efb9b05bc178,9b7e108d208ff6e623fe744f8fe014beecfd2fd9,true,ps2 textures\opaque\bp_remade\no_mip_fixes\ui,true,true,5,remarci_4x,0,false,false,false
00a7cdba,cdd113fbf10d5dafdf183f0380a3f24f3ed7c7fd,cb12c105ad712a50fd73d605fc1ca17ec4d8fbf5,false,ps2 textures\opaque\bp_remade\no_mip_fixes\ui,true,false,0,none,5,true,false,false
00a7e822,dd2f30d981a8e23724e2c246335e1f6bfcf434a9,973e587a576639c00016ac9e5dba077fc83ad449,true,ps2 textures\HAS ALPHA\bp_remade\no_mip_fixes\ui,false,true,5,remarci_4x,0,false,false,false
00a7ed04,c824c9e44b1130a90c1378ff5b4c0316e39eff45,6eca0d86989d8595e7d73f6d2844d1bc11d2743c,true,ps2 textures\opaque\bp_remade\no_mip_fixes\ui,true,true,5,remarci_4x,0,false,false,false
00a81154,6246edeb6505b99a17b4ba6df31f9ccf847f1df2,79e2b69fed56ee28cb6c82c7df8ed1127c0ea66f,false,ps2 textures\opaque\bp_remade\no_mip_fixes\ui,true,false,0,none,5,true,false,false
00a8ea0c,ed790e284b5c22f9242100b18ab3d7a24dd9a654,e76460ab8f6a0e8f2c130831cb1a0a05634fcd49,true,ps2 textures\HAS ALPHA\bp_remade\no_mip_fixes\ui,false,true,5,remarci_4x,0,false,false,false
00a92894,254376cf236f7c5e59f47b93cacc63395e5bd3e5,910a23edbe7b9cd3f805809fbc29b0087aa175f4,true,ps2 textures\opaque\bp_remade\no_mip_fixes\ui,true,true,5,remarci_4x,0,false,false,false
00a94f5e,c959eb1b43d0cb6ff4698223031a322a23e81156,5ce4fb69ce0fd5c3cdd5a7a0c37647b60237c8d7,true,ps2 textures\HAS ALPHA\bp_remade\no_mip_fixes\ui,false,true,5,remarci_4x,0,false,false,false
00a94f5e_f6cff5cddca8988f1ba264b290df94fe,88232cf38927853b4f9620b9c77d94af0937f6da,4dd04e4936843ab3eaf4bad1d3fd45e429d5a2c5,true,ps2 textures\HAS ALPHA\bp_remade\no_mip_fixes\ui,false,true,5,remarci_4x,0,false,false,false
00a9962e,182e68ad045db0bff85fc6e17477c033afa21bb9,be4d2621d3e691f5ae1087647aad9d4e8438e7fc,true,ps2 textures\opaque\bp_remade\no_mip_fixes\ui,true,true,5,remarci_4x,0,false,false,false
00aa0f17,5037ea349b4a89355037e9732fca2d38ac2ed8b5,8bd7f5ab1c5a9c4ea844268273b88b76969f5f33,true,ps2 textures\HAS ALPHA\bp_remade\no_mip_fixes\ui,false,true,5,remarci_4x,0,false,false,false
00aa451e,1e37f27143cf5a69d26c5125c54753a275cea562,3ae9f75b53dabae6de9a9ea7df1071e97769e33c,false,ps2 textures\HAS ALPHA\bp_remade\no_mip_fixes\ui,false,false,0,none,5,true,false,false
00aa48dc,0ac7eb81252cd46f174e8a9cd78239308577d4cd,f0ad04bb38a51a1206e29cd309ff39845b7ce85f,false,ps2 textures\HAS ALPHA\bp_remade\no_mip_fixes\ui,false,false,0,none,5,true,false,false
00aaaff3,65bd7d080ca6250cde5aa41a049d97ba4edbc2c9,b4a266ea0be533312d409728bba5e2689807aae5,true,ps2 textures\HAS ALPHA\bp_remade\no_mip_fixes\ui,false,true,5,remarci_4x,0,false,false,false
00aafcd1,0282b73872a165bdd9668b88c047d42884002abf,b6d443344a38fcb82ee349104d626b4ac7ab8642,false,ps2 textures\HAS ALPHA\bp_remade\no_mip_fixes\ui,false,false,0,none,5,true,false,false
00ab0f17,d3dfc435af287543e827e5aae2045a9f093541a9,86b45518afa4d8ed1747d32c0ee948de717a2bfe,true,ps2 textures\HAS ALPHA\bp_remade\no_mip_fixes\ui,false,true,5,remarci_4x,0,false,false,false
00ab26db,8173be3e866e8a13292b12a92a55b13086098007,7ef13ac96750709af885dc5bd56783cc8f30a1fc,true,ps2 textures\HAS ALPHA\bp_remade\no_mip_fixes\ui,false,true,5,remarci_4x,0,false,false,false
00ab4483,9643857aefa714f7fb81a41a90b863bef26581ee,ccd957c89f46cc31b4e949d74c2b3b67bd956eee,false,ps2 textures\opaque\bp_remade\no_mip_fixes\ui,true,false,0,none,5,true,false,false
00ab6026,aca96926e56453fe59356811fc80c49c6aee1c0a,4b88d5c49bb6ac03cbbc4760dc22c385f4840692,false,ps2 textures\HAS ALPHA\bp_remade\no_mip_fixes\ui,false,false,0,none,5,true,false,false
00ab7f02,81fcfaf49cf1d6778e480e4c645929a7b8f7f4b8,2eca29f7f58c4680166e07a8ea6b3168cbd97679,true,ps2 textures\HAS ALPHA\bp_remade\no_mip_fixes\ui,false,true,5,remarci_4x,0,false,false,false
00ac0f17,0e47fd25b4d19d3d9bbba914d0234631b1955745,e89e004877ed8a2574827a14aa9eef697cdf9509,true,ps2 textures\HAS ALPHA\bp_remade\no_mip_fixes\ui,false,true,5,remarci_4x,0,false,false,false
00ac2806,c01ba33a66a6acdfe7504a55ff62f828c4f5320e,3c63a7b6a3379446c48a9d04547ce4bb13ba8eef,false,ps2 textures\opaque\bp_remade\no_mip_fixes\ui,true,false,0,none,5,true,false,false
00ac298f,edc2ee77eef067e6cd9a3746f0b32f0856c999cf,0e47a1ae90852d2d15ef85f2e118853ce91ab7e1,true,ps2 textures\opaque\bp_remade\no_mip_fixes\ui,true,true,5,remarci_4x,0,false,false,false
00ac362b,9621a8ce7335759ca38ffd7911e29a446921c2ea,0d3f8b721e188ccce78765bd2f9baf85928a0a16,true,ps2 textures\opaque\bp_remade\no_mip_fixes\ui,true,true,5,remarci_4x,0,false,false,false
00ac363f,6bf5c300bd458700dc2e25cddfa7286ebd2a2002,6927b94858adfcc1180c23c4cf1d6d5e006fbcd8,true,ps2 textures\opaque\bp_remade\no_mip_fixes\ui,true,true,5,remarci_4x,0,false,false,false
00ac48dc,bb04eae8237d906f31d527c05d5bd2241bff2eb5,bd338a7b09f308d87970160f310440de0d79bf83,false,ps2 textures\HAS ALPHA\bp_remade\no_mip_fixes\ui,false,false,0,none,5,true,false,false
00ac8348,3bae169a0686f3ac0c7641ac87c1ccf0d83aeaf5,8771a1f71b69ac0aeba2f8e75dea35d3f136efae,false,ps2 textures\opaque\bp_remade\no_mip_fixes\ui,true,false,0,none,5,true,false,false
00ac966f,b8f7223fc4283fd6d91af740d10a8ec084b860b2,8b7cecdc03a812c00792cbd3dedaca19e79704bf,true,ps2 textures\opaque\bp_remade\no_mip_fixes\ui,true,true,5,remarci_4x,0,false,false,false
00accd51,87eaed01828bd3bdae2a17206049d43e049076a3,0f195e00ad8d57d8900b5236f8e6e3f9b12c7fb4,true,ps2 textures\opaque\bp_remade\no_mip_fixes\ui,true,true,5,remarci_4x,0,false,false,false
00accd52,2b225ef77a1ece5ce853f5a08e2ba384b5e634a6,4421f8d161934068f5ae85aaac368a1dcac015ad,true,ps2 textures\opaque\bp_remade\no_mip_fixes\ui,true,true,5,remarci_4x,0,false,false,false
00accd53,f0f839b3d42f8208ab324aacc7d3eac21ffa0254,d0ba523b3c673d310cf00cb663025edf0b5fd3e8,true,ps2 textures\opaque\bp_remade\no_mip_fixes\ui,true,true,5,remarci_4x,0,false,false,false
00accd54,b20d05eb495d041f598b923db981e589e7f2aef8,f59bde7663dddc2c93933727ba9814aa6e8cc882,true,ps2 textures\opaque\bp_remade\no_mip_fixes\ui,true,true,5,remarci_4x,0,false,false,false
00accd55,99aec74e79f1b68ce12c4bb28585491b20834dbb,4eebed4b13d30d2edb7cb814b91854441e8770b8,true,ps2 textures\opaque\bp_remade\no_mip_fixes\ui,true,true,5,remarci_4x,0,false,false,false
00accd56,9409f1b1a6fcc16b5256036e68cb91cf9f5bfbd5,5f9e0d41ac30ed7a09a4a19e61a4e51f26f6f5cd,true,ps2 textures\opaque\bp_remade\no_mip_fixes\ui,true,true,5,remarci_4x,0,false,false,false
00accd57,c88ceb5adceadde75b28e1abee6e29a949a595be,42f8ac74776fd2b64ef41043c0124e97c9af0f2d,true,ps2 textures\opaque\bp_remade\no_mip_fixes\ui,true,true,5,remarci_4x,0,false,false,false
00accd58,fecd0840fb60202a3d1bbec11cbb1abedd30255c,497ba0f5ee52668c4928bd31383e53d22f18d62f,true,ps2 textures\opaque\bp_remade\no_mip_fixes\ui,true,true,5,remarci_4x,0,false,false,false
00accd59,340b9f88d6f19d1473bde42534d4aa08551a9ff5,4c10cadaadfe03bf56cc83c15d16cf5450cbde63,true,ps2 textures\opaque\bp_remade\no_mip_fixes\ui,true,true,5,remarci_4x,0,false,false,false
00accd70,9b13e3d3d579572e20f4f582cdf624ef4729576a,21c1a73b0314c11fcce06062d6d9789e6e46dad7,true,ps2 textures\opaque\bp_remade\no_mip_fixes\ui,true,true,5,remarci_4x,0,false,false,false
00accd71,125dd566fda6152b1fdfeea2f33f34b0121350f7,19d35239a67bef0daead248630ab782a3c50ea44,true,ps2 textures\opaque\bp_remade\no_mip_fixes\ui,true,true,5,remarci_4x,0,false,false,false
00accd72,d14b359ddb0105bca896cd00e45faf9f0d118cad,a5c65934f638e8882b9f2f915c49f9ddde98e4eb,true,ps2 textures\opaque\bp_remade\no_mip_fixes\ui,true,true,5,remarci_4x,0,false,false,false
00accd73,32f4545dcd70b7459f93b698b0eecb68bfe5b9b6,c492c4898ce7111f37a15e600895187796016818,true,ps2 textures\opaque\bp_remade\no_mip_fixes\ui,true,true,5,remarci_4x,0,false,false,false
00accd74,f87df7f8662570a2a9ff5fd148730d65355e87cd,df04dfe07ab9abd8ae72b356473b018e42b3f817,true,ps2 textures\opaque\bp_remade\no_mip_fixes\ui,true,true,5,remarci_4x,0,false,false,false
00accd75,9019d444e704d8ccb9f44073a904a0e1b00068c9,87b2527233a9eeb143e2a119ed2f986aab6af5fb,true,ps2 textures\opaque\bp_remade\no_mip_fixes\ui,true,true,5,remarci_4x,0,false,false,false
00accd76,26ba04f29d5331929df0bba40f58a94119efa6a3,ee92ef2d52c7c9ebb556685a68b3fe4779df3666,true,ps2 textures\opaque\bp_remade\no_mip_fixes\ui,true,true,5,remarci_4x,0,false,false,false
00accd77,cdc8408cd3ee2013d385e20f6172eef4aac0adc7,89deb2df21dce32f18fb65e3581343fb98b1853f,true,ps2 textures\opaque\bp_remade\no_mip_fixes\ui,true,true,5,remarci_4x,0,false,false,false
00acdea9.img,5dbe7441c1476f5dfe17395bd30232a4882eaebd,a25e5d449adade379dbe8ec95abc5ebdaec8057b,true,ps2 textures\HAS ALPHA\bp_remade\no_mip_fixes\ui,false,true,5,remarci_4x,0,false,false,false
00ace892,299c3f2016cacfe47a39845122c2a577c85ec222,4f95544e2602c5022c020873113bd2ff70362de7,false,ps2 textures\HAS ALPHA\bp_remade\no_mip_fixes\ui,false,false,0,none,5,true,false,false
00acf5d4,846714cb7c28117bbec52e9765c9f12e50277d39,f2d200175e117a96279c44962834098af04b3df9,false,ps2 textures\HAS ALPHA\bp_remade\no_mip_fixes\ui,false,false,0,none,5,true,false,false
00acf604,56eb6bdc2f7f7ae4e56ef4124104265a491638a4,8c611137a116117c70dc8984f4c40b7f97f80bf3,false,ps2 textures\HAS ALPHA\bp_remade\no_mip_fixes\ui,false,false,0,none,5,true,false,false
00ad0f17,b4d5fa7d5041ab0d07a41e0ec3b1aa91a9605752,01f7662baa51105cd89fb56ca1da33d6b26d368c,true,ps2 textures\HAS ALPHA\bp_remade\no_mip_fixes\ui,false,true,5,remarci_4x,0,false,false,false
00ad439e,b568543dedd79bdad01bcd67c11bdab00ac3ff7a,4af86f34df0cfab659c844b1e9c07186048407ae,true,ps2 textures\opaque\bp_remade\no_mip_fixes\ui,true,true,5,remarci_4x,0,false,false,false
00ad48dc,5f96ad8163874086f78b765edff4e178ecefee34,f45dbb91311525a80dcd3a571d7c9416b4726cba,false,ps2 textures\HAS ALPHA\bp_remade\no_mip_fixes\ui,false,false,0,none,5,true,false,false
00ad7f16,5cc832ced4bc1b200de8f52c2c8728a1f625745e,9e1a91d5cf70066dad246be36d53c606dbe7d7ec,true,ps2 textures\HAS ALPHA\bp_remade\no_mip_fixes\ui,false,true,5,remarci_4x,0,false,false,false
00adf648,3845ba4f9f3e07aa3cde69c3fe4b1fd557c69a1b,6729306d28dad929aa95614aa06d1b5ba99b4abc,false,ps2 textures\opaque\bp_remade\no_mip_fixes\ui,true,false,0,none,5,true,false,false
00ae0f17,c8d0316bdc184d847f3edb6819f043f921718c7a,8c9b9a253ae9db2e8353ff245051f9d2a6b98d7d,true,ps2 textures\HAS ALPHA\bp_remade\no_mip_fixes\ui,false,true,5,remarci_4x,0,false,false,false
00ae4f05,5eeb975a7ac1e73a4c61ecd69d4e3eeeb913b203,5347e32629aa4b7dc79fda977effae4adae9c6e8,true,ps2 textures\opaque\bp_remade\no_mip_fixes\ui,true,true,5,remarci_4x,0,false,false,false
00ae69df,96afb49863575f75a3e7118ed8da651e40d47772,a45becd865923589fff59da984ab0d807f8d358c,true,ps2 textures\HAS ALPHA\bp_remade\no_mip_fixes\ui,false,true,5,remarci_4x,0,false,false,false
00ae72af,5eb61d86e4be386994a9bc3cdfa734ad5df99a3a,d2b9dcd786703f26b58ef91b44be4fd8d16301ba,false,ps2 textures\HAS ALPHA\bp_remade\no_mip_fixes\ui,false,false,0,none,5,true,false,false
00ae72b2,740d7b7418ca35cd7ac0a51c551ea5de1c4b6767,a3f98f2abb278bb33915ad893d06a0dc6bf7e89b,false,ps2 textures\HAS ALPHA\bp_remade\no_mip_fixes\ui,false,false,0,none,5,true,false,false
00ae7f16,510be2cce4e2e49108b2dbe439de144b4ccead6a,166831a2b5a40c61733bde00f70f17289e04994e,true,ps2 textures\HAS ALPHA\bp_remade\no_mip_fixes\ui,false,true,5,remarci_4x,0,false,false,false
00af0632,0e109eb05c50bebf52367f523faea6fc9bbc8c5a,08f2c392577000566a26d446f895d98062704f4c,false,ps2 textures\opaque\bp_remade\no_mip_fixes\ui,true,false,0,none,5,true,false,false
00af0f17,1f45343f0345b2131558f71e6450021f1d0e7415,1f06a545f0214a4e4174ce0c067902dbeea64f3c,true,ps2 textures\HAS ALPHA\bp_remade\no_mip_fixes\ui,false,true,5,remarci_4x,0,false,false,false
00af1552,caa0dddb17d3552fbb8ba31be4de35b1c084092e,162a1dd3ae591410463324acd1921ae79e8dcd98,false,ps2 textures\opaque\bp_remade\no_mip_fixes\ui,true,false,0,none,5,true,false,false
00af44b4,940d712fe8c8eabf3ef4ffdd8d35e2a0d74768bd,86ea72bc9d88a19de42ad64f5922cac34ab41bdb,false,ps2 textures\HAS ALPHA\bp_remade\no_mip_fixes\ui,false,false,0,none,5,true,false,false
00af48dc,1b045522194342a373227c9cd9f1a68c972df651,75bf7601f1c5e3bdbe2269143dde9449ddfa1524,false,ps2 textures\HAS ALPHA\bp_remade\no_mip_fixes\ui,false,false,0,none,5,true,false,false
00af72af,4fe9b7b845538d8164fd5761c66eed42c329ea78,c5f9d6c1cfd1f9aef56276c587a020c3591ca754,false,ps2 textures\HAS ALPHA\bp_remade\no_mip_fixes\ui,false,false,0,none,5,true,false,false
00af72b2,fbd0576a6ee184b927f96327447ad40f3aa4a23c,55cf4c43e7c465f53d9ced2920a3b4a73087e3c8,false,ps2 textures\HAS ALPHA\bp_remade\no_mip_fixes\ui,false,false,0,none,5,true,false,false
00af7f16,1f7d10c92bdc31708850df1cb17e9fcff3afe74c,fe34e661cb8782656100dc686cac808996efa6b5,true,ps2 textures\HAS ALPHA\bp_remade\no_mip_fixes\ui,false,true,5,remarci_4x,0,false,false,false
00afa380,053cb70704465bedf22f9fd0f9e314744a7ec7e5,01901323facf4d763376a0a9b3e6906b7c9fcff1,true,ps2 textures\HAS ALPHA\bp_remade\no_mip_fixes\ui,false,true,5,remarci_4x,0,false,false,false
00afe4b4,c035019674f573ac283e72f85df7272e60952021,11168fa54a18c80f7b36a783a8f224b7d53f0a34,true,ps2 textures\HAS ALPHA\bp_remade\no_mip_fixes\ui,false,true,5,remarci_4x,0,false,false,false
00b00f17,b0ab2bf7f778b5ccade58425bdd68161a12c9f4e,f543e2ed5dab09c0083641b2870a9a9232fdbd92,true,ps2 textures\HAS ALPHA\bp_remade\no_mip_fixes\ui,false,true,5,remarci_4x,0,false,false,false
00b072af,f117424424e0874c17aee297d6290d1bad8f1f84,51725af1c79e7915ba2ba9ea2d6ebeaf4a5df732,false,ps2 textures\HAS ALPHA\bp_remade\no_mip_fixes\ui,false,false,0,none,5,true,false,false
00b072b2,6b22222e9c6c0ef7fb0cfbf40eeb3d0d7add6f92,ecf21e81fba5b870784182977243a61017eafb1d,false,ps2 textures\HAS ALPHA\bp_remade\no_mip_fixes\ui,false,false,0,none,5,true,false,false
00b07f16,a6314ccb916d8c3885e05caa9bc02e77cbd9a459,489eb81d059fb990369ccf374460a0ac0c0d1f82,true,ps2 textures\HAS ALPHA\bp_remade\no_mip_fixes\ui,false,true,5,remarci_4x,0,false,false,false
00b0c1e3,1a20bcb506a67a35c50fea2aca7e00a23272b5f8,d1b3027fed30b0c2b362d75422eacba20bb7d347,true,ps2 textures\HAS ALPHA\bp_remade\no_mip_fixes\ui,false,true,5,remarci_4x,0,false,false,false
00b10f17,53efcb8ea900d0cfe93381d0e5109080fb8a4264,7e5bf731df7b0e40149b9c995f0e2dd2d83947b5,true,ps2 textures\HAS ALPHA\bp_remade\no_mip_fixes\ui,false,true,5,remarci_4x,0,false,false,false
00b148dc,cda3c7e3d5023051a9f4f312f07930f8e08b18d9,4ae6b1e70a9a70e4cb991699da7454bdd340e38f,false,ps2 textures\HAS ALPHA\bp_remade\no_mip_fixes\ui,false,false,0,none,5,true,false,false
00b14bb4,9243a70ee8bc64a75082be4547ec572588d34fa5,95496c7f605d31c055d7694f544fed9257fcacdb,true,ps2 textures\HAS ALPHA\bp_remade\no_mip_fixes\ui,false,true,5,remarci_4x,0,false,false,false
00b172af,a30b296b8d2f9b4a36bddd9eaaccf6c1f31fcd50,14a63f05393a4c0ef1e4137a753eb33dc8c0c9d1,false,ps2 textures\HAS ALPHA\bp_remade\no_mip_fixes\ui,false,false,0,none,5,true,false,false
00b172b2,9b97826edb4c046bfcc8bdb7ba74494a24db3190,ed79c1a07ed31bfbbeb1416fb6b46ef9038ad2bf,false,ps2 textures\HAS ALPHA\bp_remade\no_mip_fixes\ui,false,false,0,none,5,true,false,false
00b17c2a,84c040a54835c8ecb0816031ccb8b1df37933e6f,e68e5b32da191f98e576e8f8b8e45e7cd3dd7ceb,false,ps2 textures\HAS ALPHA\bp_remade\no_mip_fixes\ui,false,false,0,none,5,true,false,false
00b17f16,56c4f57b0030d1fdbbaaa378496971bf53830a8e,d123a6998e936b823aa14b243dcb0c2f78066826,true,ps2 textures\HAS ALPHA\bp_remade\no_mip_fixes\ui,false,true,5,remarci_4x,0,false,false,false
00b189a7,09bd2f0328ef150da8f9e16abb2530b9ae23e219,2ae6b4c4aed65438d412821dc023ffbad591e81a,true,ps2 textures\opaque\bp_remade\no_mip_fixes\ui,true,true,5,remarci_4x,0,false,false,false
00b1c671,00b6b3103ef7c1f9c99e09150dc52c5abfc5ab0f,e68c55fba63f74fe0f1ec2f861062fac0ac0d2e5,true,ps2 textures\HAS ALPHA\bp_remade\no_mip_fixes\ui,false,true,5,remarci_4x,0,false,false,false
00b1c854,11f58f5af53a4811703c539fa51ee7c0a98976cd,1ba733fb66283f5a5c0977a30de0b6817d80b8a7,false,ps2 textures\opaque\bp_remade\no_mip_fixes\ui,true,false,0,none,5,true,false,false
00b1e5e1,95ca8c29472ebabacfb2e64562dd5747bd1b9bb0,6c9a5c63a0484194f7ae161f8b53f3af3baf8cd3,true,ps2 textures\HAS ALPHA\bp_remade\no_mip_fixes\ui,false,true,5,remarci_4x,0,false,false,false
00b20f17,79a8c7a111996b5a4f159ea3cfdec246e5b36001,4138c2a5b4f7f81e4f282873e26715e5343b7472,true,ps2 textures\HAS ALPHA\bp_remade\no_mip_fixes\ui,false,true,5,remarci_4x,0,false,false,false
00b22233,da20ecfa943e047f8e55f19896acc64b31d1663e,15f958801233dd64a9cfff0f4db6111a13421404,false,ps2 textures\opaque\bp_remade\no_mip_fixes\ui,true,false,0,none,5,true,false,false
00b24dfd,f613c04230b375cf1386ece6ebb8877e2c554f6e,e2abbe262d4832221d02beba8136c0dbb2b6a983,true,ps2 textures\HAS ALPHA\bp_remade\no_mip_fixes\ui,false,true,5,remarci_4x,0,false,false,false
00b26c2e,a1d6f1ed3f6b7f2cc31a2caff898d22bd97d1b77,105dda61069b647a74d993cedddda64cb872bfd6,true,ps2 textures\HAS ALPHA\bp_remade\no_mip_fixes\ui,false,true,5,remarci_4x,0,false,false,false
00b27f16,57b4f580f322652e7219cb4fd7e4765801b49464,90d8ef4016e393f639ace6e49e29f72523bf72fa,true,ps2 textures\HAS ALPHA\bp_remade\no_mip_fixes\ui,false,true,5,remarci_4x,0,false,false,false
00b2cd6e,f9a151f8c57401947ab23625b4a59cbf25134f82,08f08e1c34d9e2b6c6868cc9d45f25fab8af21c9,true,ps2 textures\HAS ALPHA\bp_remade\no_mip_fixes\ui,false,true,5,remarci_4x,0,false,false,false
00b339a4,20a208236b290b2f95b991dbc7613bd4506e58f4,51a700d13fbe5211f59e06e00f7b65fcbc5d5424,false,ps2 textures\HAS ALPHA\bp_remade\no_mip_fixes\ui,false,false,0,none,5,true,false,false
00b3768c,e1c4bdc9c0e59578ae82d13acd6c5b71a49ab747,796338fa77f652be3d2afa687edcc3f516dc4300,false,ps2 textures\opaque\bp_remade\no_mip_fixes\ui,true,false,0,none,5,true,false,false
00b37f16,4be6054cfe11f7c8a8ad4c6f2800408cbf8b5dbf,916f1fe97d0b93226efec087bdaefda208bdd9c7,true,ps2 textures\HAS ALPHA\bp_remade\no_mip_fixes\ui,false,true,5,remarci_4x,0,false,false,false
00b38bf0,81ad675e7199458f1aa1d3283897833d0615faf3,9160fc9ab7de854a2de2edbde3060b975ca3a486,true,ps2 textures\HAS ALPHA\bp_remade\no_mip_fixes\ui,false,true,5,remarci_4x,0,false,false,false
00b39ba8,46d191f3fbe73675b2f77491501a7e091946a065,1d26b004924af944c292bcc9989c67e35a528de3,true,ps2 textures\HAS ALPHA\bp_remade\no_mip_fixes\ui,false,true,5,remarci_4x,0,false,false,false
00b3cf98,b1bd32c22a476886e19981d8b61c70182aab6fa5,be2b63385496e37324310ac16ddd75082f5b3465,true,ps2 textures\HAS ALPHA\bp_remade\no_mip_fixes\ui,false,true,5,remarci_4x,0,false,false,false
00b4048c,a309087a3b971c2dc4cd6a132d3ee4534cf703bd,4307675a44740e32d4019084ca3e2aecd371bbf5,false,ps2 textures\HAS ALPHA\bp_remade\no_mip_fixes\ui,false,false,0,none,5,true,false,false
00b42f82,9a037004627dcd2c116435143740018748bb1540,a7067e764bae586ae7a00750f6d37e8258abab38,true,ps2 textures\HAS ALPHA\bp_remade\no_mip_fixes\ui,false,true,5,remarci_4x,0,false,false,false
00b47f16,deeace69dd8c109a1cfd825827448f6e23c4921b,a21b954c51d1fa42131b9087e0423a08e8b76844,true,ps2 textures\HAS ALPHA\bp_remade\no_mip_fixes\ui,false,true,5,remarci_4x,0,false,false,false
00b4c4c3,1f2017b40fac0c7b681adeaaf156561843e01d1a,e271d0f433f606228e05070cdff2f395a6b179bd,false,ps2 textures\HAS ALPHA\bp_remade\no_mip_fixes\ui,false,false,0,none,5,true,false,false
00b4ca0a,8aa26233f92498d08c096e2597a1fa02c254ac55,3a6f7db8f857725c14e3f6b54315e47f21747739,false,ps2 textures\HAS ALPHA\bp_remade\no_mip_fixes\ui,false,false,0,none,5,true,false,false
00b548dc,2f150f3d49f6e808236b1e8b6f18f05df3feb77e,ca1868c7fcc41b6419f5239845376a9ae0b77577,false,ps2 textures\HAS ALPHA\bp_remade\no_mip_fixes\ui,false,false,0,none,5,true,false,false
00b54e27,60087aade29edcc68b18513abc54e5b4d6d96f99,3e4edae2d6a0f35e5a92ce77e84ef0746eee1019,true,ps2 textures\HAS ALPHA\bp_remade\no_mip_fixes\ui,false,true,5,remarci_4x,0,false,false,false
00b54e2a,2d8e869bcb14162ed7cd706426e9f28c5fd725b2,5c0b40bc45ad4a269da5985e5f461b51660e2e54,true,ps2 textures\HAS ALPHA\bp_remade\no_mip_fixes\ui,false,true,5,remarci_4x,0,false,false,false
00b54e2b,e69eb0ec5dab9c2d7afe0bfdf9c84e19835e4f67,e2fda5b9e7f7d27597a18997b502b201ff29db39,true,ps2 textures\HAS ALPHA\bp_remade\no_mip_fixes\ui,false,true,5,remarci_4x,0,false,false,false
00b54e2f,becdc0432e855479e5eea5e0fae5b21b74cf1aa6,1c989b75be6eaaac7129f8c4811e2272a7602df6,true,ps2 textures\HAS ALPHA\bp_remade\no_mip_fixes\ui,false,true,5,remarci_4x,0,false,false,false
00b54e32,3bf79e7acaa3f1563e84f24814391f7c51806a45,3eded3df5f32bcbeb1ac74390502bb12fb7548a6,true,ps2 textures\HAS ALPHA\bp_remade\no_mip_fixes\ui,false,true,5,remarci_4x,0,false,false,false
00b55e99,ede4112a7797fe09250d3b953b8d1fcf0967d8b8,b8da3294e8f23d890ee52d96be3f1b24ad40ea4f,true,ps2 textures\HAS ALPHA\bp_remade\no_mip_fixes\ui,false,true,5,remarci_4x,0,false,false,false
00b57f16,382ad6bad928d56b8ed96b0aff6f0fcaf2dc420c,71af05f0340a1af8f7d5fe65ee55c3c6687be7e9,true,ps2 textures\HAS ALPHA\bp_remade\no_mip_fixes\ui,false,true,5,remarci_4x,0,false,false,false
00b584ee,c0bfbc9da1f7c8691558a090cc6762e71a682507,ad5e054b53988c84654fcabb431d40ab2855a30f,true,ps2 textures\HAS ALPHA\bp_remade\no_mip_fixes\ui,false,true,5,remarci_4x,0,false,false,false
00b58d29,b074844f00825e816aa11678d5211d0b68b38762,5b3ab0c5436ff247e4e6d6c9b64c107a009cda98,false,ps2 textures\HAS ALPHA\bp_remade\no_mip_fixes\ui,false,false,0,none,5,true,false,false
00b59496,c5a4228f4635c107c577241692ce19703e233305,b037c765820449d2e47419687a726f4987d0a747,true,ps2 textures\HAS ALPHA\bp_remade\no_mip_fixes\ui,false,true,5,remarci_4x,0,false,false,false
00b5ce32,1b9bf4dfffcd918b4eb2d56af34405f7909a752c,5fa4f4eaaa8853d5463e5c819a787846c8452cc1,false,ps2 textures\HAS ALPHA\bp_remade\no_mip_fixes\ui,false,false,0,none,5,true,false,false
00b5f981,6fd736edef60b5acee8d9cf82f8f7276af6dc17a,bc78a3f93602bdd63ec57e3a63f87387c00027f9,false,ps2 textures\opaque\bp_remade\no_mip_fixes\ui,true,false,0,none,5,true,false,false
00b60ec2,9146b0f2c19769f10ce50d7d5923c80ab8016edf,5214e5bf0f87c36dc5653c9fe873bb4084165593,true,ps2 textures\HAS ALPHA\bp_remade\no_mip_fixes\ui,false,true,5,remarci_4x,0,false,false,false
00b6209a,09542d9acabaca84504adbf3c5c866762e345e5d,e7df236bf2099dd6ee60a9332f2b7ec35117bef6,false,ps2 textures\opaque\bp_remade\no_mip_fixes\ui,true,false,0,none,5,true,false,false
00b63474,014643b22b4faf06519f965eea76f8a34e7b6b3e,6fba3c1e8bbec94898e101f18620c897557c1224,false,ps2 textures\opaque\bp_remade\no_mip_fixes\ui,true,false,0,none,5,true,false,false
00b6462a,a7eb09022d15e3e105df8180dffe68faeace91ac,910408789d6be9fd9f293f25c553777da348d9da,false,ps2 textures\opaque\bp_remade\no_mip_fixes\ui,true,false,0,none,5,true,false,false
00b64f59,f195c378cec6e983e3aa3b35e4a88abde323b8f5,81e0bffd6e9ef97b7002692b3d591397f10d1c5b,false,ps2 textures\opaque\bp_remade\no_mip_fixes\ui,true,false,0,none,5,true,false,false
00b6bd8f,1f2936e1585b183636b3d928dde2f76d6ce4b13e,99bc8f6af99115e0f21df20539a0d51553f3c95d,false,ps2 textures\HAS ALPHA\bp_remade\no_mip_fixes\ui,false,false,0,none,5,true,false,false
00b6e4a9,26977a508ba532677453478b3793c476bb782e57,fe009506a0779e070ea799000e2a9cd04bc52cd8,false,ps2 textures\opaque\bp_remade\no_mip_fixes\ui,true,false,0,none,5,true,false,false
00b72ecd_d1749c8ccf566f0fb26619f642d10fef,14fe6cc6af2845f8be8acb2620138030c0a0e8e6,7931a5afad74bdc3b447fb2af8f5737cc2459dc1,true,ps2 textures\HAS ALPHA\bp_remade\no_mip_fixes\ui,false,true,5,remarci_4x,0,false,false,false
00b74807.img,fcf3f145c849e26a31217fd018f1cec32e6750fa,22d8139a5110ae46b2114a674a964bf12b333dba,true,ps2 textures\HAS ALPHA\bp_remade\no_mip_fixes\ui,false,true,5,remarci_4x,0,false,false,false
00b76895,76a3a9136ff962521783c1fc5a8d56636377b230,63ededad9674e0e23a5b7ce904b92a0f1e2fe0b8,false,ps2 textures\opaque\bp_remade\no_mip_fixes\ui,true,false,0,none,5,true,false,false
00b784ee,c348767928112814b49ed10f86214237a823dbee,ba3da018712e71a6ecd9bac7afed3ab62fae6a40,true,ps2 textures\HAS ALPHA\bp_remade\no_mip_fixes\ui,false,true,5,remarci_4x,0,false,false,false
00b807fa,81d25cdfb6096e98fa92776e19eca054688a4a2f,a53490bd57f84be3c6bdc1c674bd0db1a844a5f6,false,ps2 textures\HAS ALPHA\bp_remade\no_mip_fixes\ui,false,false,0,none,5,true,false,false
00b84391,fbb27c376177a03d24975ddc55ad9fb6545558f2,ed2b6d2cbbfa817daeaafae6aadcea5962d0b783,true,ps2 textures\opaque\bp_remade\no_mip_fixes\ui,true,true,5,remarci_4x,0,false,false,false
00b8c9cf.img,d22344400aedc843358e9dba1aac2d0ecb612280,96e8163cb605c34b3a262a423ffd114ad6ec0b5c,false,ps2 textures\HAS ALPHA\bp_remade\no_mip_fixes\ui,false,false,0,none,5,true,false,false
00b8c9e3.img,200e92487d4bb64fadcca2fe2a8f3591d17b594e,2bc53b2748cc784c845f77692d22befdb706bb0f,false,ps2 textures\HAS ALPHA\bp_remade\no_mip_fixes\ui,false,false,0,none,5,true,false,false
00b8c9e7.img,575ced7df2b2f61c3a048ee3b61d3d6868cc2a21,bb203eb78f346e79f8d9f9c983108b0dc452933e,false,ps2 textures\HAS ALPHA\bp_remade\no_mip_fixes\ui,false,false,0,none,5,true,false,false
00b90aa0,9ecbb88834a87412a7691b73f67ff2460dfc2bbe,488d72f0985508d59426ac29d8b30759326073b6,false,ps2 textures\opaque\bp_remade\no_mip_fixes\ui,true,false,0,none,5,true,false,false
00b98b8c,3fbc51cf93eca842c79aca30d4f3cb131c22da48,c813d65ba0a001b349fa6262530b592c46c96fdc,false,ps2 textures\opaque\bp_remade\no_mip_fixes\ui,true,false,0,none,5,true,false,false
00b9b4b3,f7a7db48b5396b130297c553ed78853f0169ecee,06ccbf38382b4e3864abfd77d0b31e10e74899c3,true,ps2 textures\HAS ALPHA\bp_remade\no_mip_fixes\ui,false,true,5,remarci_4x,0,false,false,false
00b9d01b,5a963c266ad8e51283501bfe5003b12b1a7aad9a,1c8cff0c7d87cefff271979c1d6c365ef6d072c5,true,ps2 textures\HAS ALPHA\bp_remade\no_mip_fixes\ui,false,true,5,remarci_4x,0,false,false,false
00b9e027,18c5e08fa1d5c909e14055a84209edbda2d8b4f1,be8c0bbfaca5725a50335fa3a979d1820505432a,true,ps2 textures\HAS ALPHA\bp_remade\no_mip_fixes\ui,false,true,5,remarci_4x,0,false,false,false
00b9e02b,6c7b8940fa029f602ea147590d2150d3f2bf455a,7d09f5dd3d5e621ebf639cd240c1e8a61bcaab2f,true,ps2 textures\HAS ALPHA\bp_remade\no_mip_fixes\ui,false,true,5,remarci_4x,0,false,false,false
00ba094a,6a1ebcdf3f6385d74e5c7c069c7dca0aa43ac299,9255166acb7b87dd6a94f8feee2845a08646f77e,false,ps2 textures\opaque\bp_remade\no_mip_fixes\ui,true,false,0,none,5,true,false,false
00ba6db6,0b1b9758ff5ca4fd1cae2d44ea54dc9d449007a5,c7ecd2d7ee9cc1e39ffcb301ceb09e9f137b169c,true,ps2 textures\HAS ALPHA\bp_remade\no_mip_fixes\ui,false,true,5,remarci_4x,0,false,false,false
00ba7d6e,2c76fd4f3df883515b437e80287001f983358a79,a0eabcebb56e12f0b2fdb31f1164b910d8ad9e7b,true,ps2 textures\HAS ALPHA\bp_remade\no_mip_fixes\ui,false,true,5,remarci_4x,0,false,false,false
00babde3,0470f57709d943e67e03935bb9bc299e992dea2f,bb4cd5fc6ae5d9a3475b4bcbfa85ff3e8246da64,false,ps2 textures\HAS ALPHA\bp_remade\no_mip_fixes\ui,false,false,0,none,5,true,false,false
00bac637,c28a8065334d2e39cbe840df514326289765022e,244f52afe57a6310fea2bf9546b05b821135df90,true,ps2 textures\HAS ALPHA\bp_remade\no_mip_fixes\ui,false,true,5,remarci_4x,0,false,false,false
00bb1536,ca666d9cf6f1fd0b13207f2a04ea3ff9777d88a8,bd6de1f8230f0fee86c6f24d673c62b26fd374a9,false,ps2 textures\opaque\bp_remade\no_mip_fixes\ui,true,false,0,none,5,true,false,false
00bb153e,d46d235150786d37be062dc07cad77f97697ed85,21831d5e86079eaeba03748d419408f2ce6d1f2f,false,ps2 textures\opaque\bp_remade\no_mip_fixes\ui,true,false,0,none,5,true,false,false
00bb1542,ae81ed343a1d934182f618a716cdeb504562c85a,52a2a5a413de62642e446e2083e614452d4623a5,false,ps2 textures\opaque\bp_remade\no_mip_fixes\ui,true,false,0,none,5,true,false,false
00bb1546,ee40ef69487099166b15a348e5f38ca64a48703c,c242a17942a21b2ceaaab660cac163365c633a57,false,ps2 textures\opaque\bp_remade\no_mip_fixes\ui,true,false,0,none,5,true,false,false
00bb154e,5d5cc32d9617692200165f3614bedb6a685c91ed,c558e6b23218d3e589a07cf5f36eaf92de1ff202,false,ps2 textures\opaque\bp_remade\no_mip_fixes\ui,true,false,0,none,5,true,false,false
00bb1552,a910e8bedd52dea7569787404551be441ef5d998,9e2641e373e831609129b50312d1f0264fdc7618,false,ps2 textures\opaque\bp_remade\no_mip_fixes\ui,true,false,0,none,5,true,false,false
00bb15ba,28fafa15626079d7bb1374ecc6adf5fbc7b2ddd0,6028c552cfdc8bb3839cbab64e8bcdd6e00138a0,false,ps2 textures\opaque\bp_remade\no_mip_fixes\ui,true,false,0,none,5,true,false,false
00bb35b1,8b7846e7300e0ba27dd23fd3662f9c53b9ff4e14,8b8aa3774c6e8c00162d59742d902987e09abaff,true,ps2 textures\HAS ALPHA\bp_remade\no_mip_fixes\ui,false,true,5,remarci_4x,0,false,false,false
00bb4121,3d043a7b779f3452ff36d18143a1946616f015e4,22347a24208d7eb38558c6fcd9591ffcda948bdf,false,ps2 textures\opaque\bp_remade\no_mip_fixes\ui,true,false,0,none,5,true,false,false
00bb4124,c92a503ac5e0853dc4f66ea0f5278e9a4d0b14e5,9b5617424a2d999d7bc91f499cb335537b23e2ea,false,ps2 textures\opaque\bp_remade\no_mip_fixes\ui,true,false,0,none,5,true,false,false
00bba783,7957a08bd74f1caee49f3af8f52ace40b01704a2,d8f8bf1688fea8878527bd92feae11abc0b0caaf,false,ps2 textures\opaque\bp_remade\no_mip_fixes\ui,true,false,0,none,5,true,false,false
00bbb0ad.img,3c09def5c74a3bfa7557b72ad68658f48b694194,55babc0638d275058dcfaa392d886b2c459a2e8c,true,ps2 textures\HAS ALPHA\bp_remade\no_mip_fixes\ui,false,true,5,remarci_4x,0,false,false,false
00bcb491,96d6ebec7709c72e5abdc4964c31fae0456a54a7,64a5bc7ae236226f046edc9c1e7161c46f17d970,true,ps2 textures\HAS ALPHA\bp_remade\no_mip_fixes\ui,false,true,5,remarci_4x,0,false,false,false
00bcf5a9,cc186d0fb4fb977d804cc6ece86ee19ff80e9774,6ee8e3b3c7aa22fdc609bf213ef275f728342997,true,ps2 textures\HAS ALPHA\bp_remade\no_mip_fixes\ui,false,true,5,remarci_4x,0,false,false,false
00bd49ca.img,937eb64398c0184d51257924e0b181ea13f57314,85451d57d163143706b6c729588941ab1209b485,true,ps2 textures\HAS ALPHA\bp_remade\no_mip_fixes\ui,false,true,5,remarci_4x,0,false,false,false
00bd8f40,749b367e4a4c7373e36e386fdd0092bf39893389,9a82eb0a906a08966c789aed5bfacbd9fdf785ef,true,ps2 textures\HAS ALPHA\bp_remade\no_mip_fixes\ui,false,true,5,remarci_4x,0,false,false,false
00bd963d,971fb2a4dcaa26423b50d764a0b895d59752344a,ac4655caef63e06dd920fe06a7244d8ac634117c,true,ps2 textures\opaque\bp_remade\no_mip_fixes\ui,true,true,5,remarci_4x,0,false,false,false
00bde245,3336f218437e251dcca0f802879590190a4547b8,42433b755c0d71649ff4db6b3011373935efc671,true,ps2 textures\HAS ALPHA\bp_remade\no_mip_fixes\ui,false,true,5,remarci_4x,0,false,false,false
00bea9d9,d5b358451f7a79724d3d6082aa8d12ef646e743f,75ba6d46fe8701ff18fc8f42970326c1eb7fd2ba,true,ps2 textures\HAS ALPHA\bp_remade\no_mip_fixes\ui,false,true,5,remarci_4x,0,false,false,false
00bea9dd,b7a8863298eec2987754586b75cee98ecc1c31d4,b449bcc6f61bce93e79b4fbf30791db9985ab525,true,ps2 textures\HAS ALPHA\bp_remade\no_mip_fixes\ui,false,true,5,remarci_4x,0,false,false,false
00beb3a8,ba5347afefa6c92a4112fbb9ab458ee961d814a1,6fed41565c6b8cd0abe0ac40e4ee5285bb173f3b,false,ps2 textures\opaque\bp_remade\no_mip_fixes\ui,true,false,0,none,5,true,false,false
00bf14b2,e4d6cc280a38514665f4dae352d0667a7a141ace,b2e6048c4c45e3287424bead40f342a9047b82e2,false,ps2 textures\opaque\bp_remade\no_mip_fixes\ui,true,false,0,none,5,true,false,false
00bf308b,19174ea832b765382e1683b43d77f61af6f8323e,ec15b9c491c869169a6c63f0acb082e9a5f17c44,true,ps2 textures\HAS ALPHA\bp_remade\no_mip_fixes\ui,false,true,5,remarci_4x,0,false,false,false
00bf3677,990d46f7312f2175c77a252961cb141523a0c1a6,2851109138dae53b94ad836751a0bf4ce8ad4bbb,true,ps2 textures\opaque\bp_remade\no_mip_fixes\ui,true,true,5,remarci_4x,0,false,false,false
00bfa547,aff9ced19a597456a520a669e098da9c6b42cfce,bd647c611a6cab0d2b3c10d52f8403c5694dc9f7,false,ps2 textures\HAS ALPHA\bp_remade\no_mip_fixes\ui,false,false,0,none,5,true,false,false
00bfa83f.img,2a5fc2b0060a7891e15392d7766dde7b6b9a96da,de7ce393b3a8635fbb41128102259bb41e15820d,true,ps2 textures\HAS ALPHA\bp_remade\no_mip_fixes\ui,false,true,5,remarci_4x,0,false,false,false
00c0a83f.img,f3ab7af1138681437e4896431449407101609529,04731f051afe2f557901ae0d0fe08a4873c0c81b,true,ps2 textures\HAS ALPHA\bp_remade\no_mip_fixes\ui,false,true,5,remarci_4x,0,false,false,false
00c0be86.img,543853f49bd5213dca899ba6e985950e0998202f,d1d4cfe0e482dc0b62d2e63e0c89e6ec669edd13,true,ps2 textures\HAS ALPHA\bp_remade\no_mip_fixes\ui,false,true,5,remarci_4x,0,false,false,false
00c0f873,7dadaa6937c530c287e2e7d9fe91a76d4c6a9ba5,b36787429642d530cf50adb4ef37a5d677dcac84,false,ps2 textures\opaque\bp_remade\no_mip_fixes\ui,true,false,0,none,5,true,false,false
00c0fece,65d0980718e981617024f673240afa60bd9cb88d,022b109b93888bb2fe28c7283d71007a153db126,false,ps2 textures\opaque\bp_remade\no_mip_fixes\ui,true,false,0,none,5,true,false,false
00c1435d,6dbbca7ede0b94f568e0cb3455dcaddb2c7dea59,f9728f470aad99f472173abcf8482d3448ec0f9f,true,ps2 textures\HAS ALPHA\bp_remade\no_mip_fixes\ui,false,true,5,remarci_4x,0,false,false,false
00c14361,84435ccf7c43b51d3d37d439a12fb97468819ccd,0b5d9719e09bec7914ebd4caae40006fdcebc8ce,true,ps2 textures\HAS ALPHA\bp_remade\no_mip_fixes\ui,false,true,5,remarci_4x,0,false,false,false
00c14365,efac150c2c18a0c8df98cc73ae230399f8feecc6,aa26228c5f13140bb81aa060a4fb7214b7a43f53,true,ps2 textures\HAS ALPHA\bp_remade\no_mip_fixes\ui,false,true,5,remarci_4x,0,false,false,false
00c14369,7f942c78c70abd6b1855b63cb8a3de859be7f3db,2800fb48a3906c434d3594426e7825933cb422e5,true,ps2 textures\HAS ALPHA\bp_remade\no_mip_fixes\ui,false,true,5,remarci_4x,0,false,false,false
00c19672,072adc5f80387f5515c40fc940526bd850cf384a,ec393a0d5d25240ec353eee74b539650ed72cadb,true,ps2 textures\opaque\bp_remade\no_mip_fixes\ui,true,true,5,remarci_4x,0,false,false,false
00c1a83f.img,6b66a5de32ce7573ba0c10cfa0021dc46db10205,2493be2097944ddee30b90bbb79f1082af7bda3b,true,ps2 textures\HAS ALPHA\bp_remade\no_mip_fixes\ui,false,true,5,remarci_4x,0,false,false,false
00c23269,2013590a37eb714f47be93c16832a77e242cedfc,abef2f6009ab3dcfde65d0437ab3afa28aa42489,false,ps2 textures\opaque\bp_remade\no_mip_fixes\ui,true,false,0,none,5,true,false,false
00c265ba,39982861dd10932cb051ee1c52e64e80168fa1c3,e84d4f989319951d83de3e58779993983066a270,true,ps2 textures\HAS ALPHA\bp_remade\no_mip_fixes\ui,false,true,5,remarci_4x,0,false,false,false
00c29700,c0f8fe97e38495d6f9fbd803b9f8dc34df38c9fe,df904b362bb120b3e6ac72c1441220e8b9689406,false,ps2 textures\HAS ALPHA\bp_remade\no_mip_fixes\ui,false,false,0,none,5,true,false,false
00c2986e,5f125df7e2006eece2bc29a82bb659b8718c02cb,ec21e26ce4fd0c01243087d59a41a4f24174561c,true,ps2 textures\HAS ALPHA\bp_remade\no_mip_fixes\ui,false,true,5,remarci_4x,0,false,false,false
00c29ded,f37ee2544c878eeafb0d4fde376ce321e6d79826,a27c5d6df27b69a738841a3c84843748363e7896,true,ps2 textures\HAS ALPHA\bp_remade\no_mip_fixes\ui,false,true,5,remarci_4x,0,false,false,false
00c29e1d,146e2a8f59b50982abf7eb653a34d9d938e6a27a,185c2a7bce109d38d3736683a235956df193c816,true,ps2 textures\HAS ALPHA\bp_remade\no_mip_fixes\ui,false,true,5,remarci_4x,0,false,false,false
00c29e25,9944494bdf452e1c67a6264feebe77e0f21f7c1c,20c018e89ac3c2ea32b17f8f0f7ba6df76588faf,true,ps2 textures\HAS ALPHA\bp_remade\no_mip_fixes\ui,false,true,5,remarci_4x,0,false,false,false
00c29e29,840c6e8d474ef0394c3f42a69b1c790c17603b02,6471ba7e404a83986b2d2370a1a70a4e9fb7f100,true,ps2 textures\HAS ALPHA\bp_remade\no_mip_fixes\ui,false,true,5,remarci_4x,0,false,false,false
00c2a83f.img,f3aa177ebae433bc8e34528df1e31258d2c8b857,be7796664559c162b1093c0722cb4980c422ac12,true,ps2 textures\HAS ALPHA\bp_remade\no_mip_fixes\ui,false,true,5,remarci_4x,0,false,false,false
00c310e8,8e5a603c467c4a19ea7202a3df042cb03ce9a4e1,967826d72bed71c660791c5604494bcf247e223b,false,ps2 textures\opaque\bp_remade\no_mip_fixes\ui,true,false,0,none,5,true,false,false
00c36f59,1580867b1e1537ad0782e31fd785d8d74874f170,cc4ee06031d390b26f604fa7ca52c8b8190a9ebc,true,ps2 textures\HAS ALPHA\bp_remade\no_mip_fixes\ui,false,true,5,remarci_4x,0,false,false,false
00c37d79,fcf886907658a4cd5e7c433698e29129f9acb762,2cd79e78bed0ad7c43094313c80cd9781b276fdd,true,ps2 textures\HAS ALPHA\bp_remade\no_mip_fixes\ui,false,true,5,remarci_4x,0,false,false,false
00c39669,732d1b3268d05230aabc4db3f3b411168d18f044,98abece9b2a66a920c4b28acbb2dd811e316b308,true,ps2 textures\opaque\bp_remade\no_mip_fixes\ui,true,true,5,remarci_4x,0,false,false,false
00c444ad,abe27bb24427d4ee9b85e3fae6ed0645f3e92071,f0daa1fa097502e10dd7ab5bcb214f5b43b52fb2,false,ps2 textures\HAS ALPHA\bp_remade\no_mip_fixes\ui,false,false,0,none,5,true,false,false
00c4a381,53584d003c1fe0cfdcd8d4f496094123847c3304,defd2916c37b9ace2a72410f1d0b599921996aa3,true,ps2 textures\HAS ALPHA\bp_remade\no_mip_fixes\ui,false,true,5,remarci_4x,0,false,false,false
00c4df34,955ba3c619d5957e28eafce4e4e95e9f01fa097b,18032aaaf640084c02c95fb47bc4c4310e45e9be,false,ps2 textures\HAS ALPHA\bp_remade\no_mip_fixes\ui,false,false,0,none,5,true,false,false
00c4f154,3e8ca37aa14560bfa8dd77a75b8f4fe3ee2cdd0d,d943909ec6146ddab687c6709d1f1e9b98823464,false,ps2 textures\HAS ALPHA\bp_remade\no_mip_fixes\ui,false,false,0,none,5,true,false,false
00c507d6,15ea2a3f51a738c87a4b3d58258af3688903ded4,95c1455d1ced7efc24e6fef473a8044e6f7b7798,false,ps2 textures\HAS ALPHA\bp_remade\no_mip_fixes\ui,false,false,0,none,5,true,false,false
00c507d7,15f3fd7b9ff1ae1ea6aec37498c248a16a695fd9,04f6c2f4cf3b55cff85ad862aaea38cf2a5014e5,false,ps2 textures\HAS ALPHA\bp_remade\no_mip_fixes\ui,false,false,0,none,5,true,false,false
00c5cad9,0513b6c1f4778ac0f3af073ce0401f3e6d883332,744ed7601dca15417dfd190c1b486853025520b1,false,ps2 textures\opaque\bp_remade\no_mip_fixes\ui,true,false,0,none,5,true,false,false
00c60152,a15267d3a7f0bd84ac70f9786261d726907196e3,33eca58c64260be22eb08d82282e8d06f71d280e,true,ps2 textures\HAS ALPHA\bp_remade\no_mip_fixes\ui,false,true,5,remarci_4x,0,false,false,false
00c652a8,f8c6c4ada04c3dc44edc9f57e6ba95241b7ed61c,a0eb5a82d518cbecec7e87affdaeb8dcb4f31d98,false,ps2 textures\opaque\bp_remade\no_mip_fixes\ui,true,false,0,none,5,true,false,false
00c67c23,c358bbaf712252f8007f65ddfc320cf682437dec,aa7fbd903f1f2e54f79d663958eb7080d7f55a68,false,ps2 textures\HAS ALPHA\bp_remade\no_mip_fixes\ui,false,false,0,none,5,true,false,false
00c7f919,8ff27e9de6cdcbdd09cc8a80cb83a599c586d732,8deba21275298ab8699c650db0b5e18ce598a0c2,true,ps2 textures\HAS ALPHA\bp_remade\no_mip_fixes\ui,false,true,5,remarci_4x,0,false,false,false
00c85887,3020a65506bcf27a2a2bcba3fed263dcc7d1a3be,c9c1064222fb21052fa2688525b395c81fa61b20,true,ps2 textures\HAS ALPHA\bp_remade\no_mip_fixes\ui,false,true,5,remarci_4x,0,false,false,false
00c8d783,4000ca6800b9efded4fd208e8f313332bae38c74,1eda2f59da9a8e060953487d3c74c690f3d86a56,false,ps2 textures\opaque\bp_remade\no_mip_fixes\ui,true,false,0,none,5,true,false,false
00c90485,b5149d0fc03650567c4851bc3f4d3d22ec46bb9f,920eea1736502f1858c5739558a63a29524c2a7a,false,ps2 textures\HAS ALPHA\bp_remade\no_mip_fixes\ui,false,false,0,none,5,true,false,false
00c92bba,490f4e345f438856e2b1d79dd1c8dec161e755eb,7066ba375910253dad7daf56ebbc7cba20db54fc,true,ps2 textures\HAS ALPHA\bp_remade\no_mip_fixes\ui,false,true,5,remarci_4x,0,false,false,false
00c93657,986f4b56683516c1620c792e1e3e4a7d5c9014aa,17595b645710066f7cdd167c040c83fababd7596,true,ps2 textures\opaque\bp_remade\no_mip_fixes\ui,true,true,5,remarci_4x_extra_smooth,0,false,false,false
00c99d29,6d2ee84dd00d69446a0652e42ff607d8c25a1433,256022e9e7b82ac396be8aeadc07ce80c1025b51,true,ps2 textures\HAS ALPHA\bp_remade\no_mip_fixes\ui,false,true,5,remarci_4x,0,false,false,false
00c99d2d,0c6c242d19684cdb6f98d61628a36fea378d8d99,d2a2a18ae184706ce5a84c5e86a1eb92e089fce9,true,ps2 textures\HAS ALPHA\bp_remade\no_mip_fixes\ui,false,true,5,remarci_4x,0,false,false,false
00c99d31,16d457e4cddd5cae6cbe5ba6767b333d282ad37e,c8aa29e35fcee8b1be84deb152e48914880af08c,true,ps2 textures\HAS ALPHA\bp_remade\no_mip_fixes\ui,false,true,5,remarci_4x,0,false,false,false
00c99d35,9aa25bab68bf6800eb9aa6eb6fd565d9f2ff1056,42a9c3082be99a1987ed61fd1e7165e023b00de1,true,ps2 textures\HAS ALPHA\bp_remade\no_mip_fixes\ui,false,true,5,remarci_4x,0,false,false,false
00c99d39,475b4bee9b44eb9c30f76b212b3b477e809849bf,75c14221624b162974562fe1f6f5b7a5e4b8d236,true,ps2 textures\HAS ALPHA\bp_remade\no_mip_fixes\ui,false,true,5,remarci_4x,0,false,false,false
00c99d3d,321d493cb4d8afe5876f1388a0b0bde34539a386,d93b76fe181134f600475d73638d29881d11ef18,true,ps2 textures\HAS ALPHA\bp_remade\no_mip_fixes\ui,false,true,5,remarci_4x,0,false,false,false
00c99d41,0e8b0404cefab22bd4202704c255dd47ef29cee3,a56aeaec1ec4ed73df9004eb24066fd147b6ecc8,true,ps2 textures\HAS ALPHA\bp_remade\no_mip_fixes\ui,false,true,5,remarci_4x,0,false,false,false
00c99d4d,d41c10e4547e854666488ddf323017a118c2828b,9e8b5e54a73e328110800168a94b869d7d347125,true,ps2 textures\HAS ALPHA\bp_remade\no_mip_fixes\ui,false,true,5,remarci_4x,0,false,false,false
00c99ded,10d17c7de5cb77a9e6e0518485d73af1029ca207,89f4e1d06bb93e1ca5523b51fe81b1b1b6ebd64c,true,ps2 textures\HAS ALPHA\bp_remade\no_mip_fixes\ui,false,true,5,remarci_4x,0,false,false,false
00c99df5,c64234bfad216c4bce8f8ab714001023eeee14aa,1120d338addc6f7bdf1c790ee49279531b0d6dcb,true,ps2 textures\HAS ALPHA\bp_remade\no_mip_fixes\ui,false,true,5,remarci_4x,0,false,false,false
00c99dfd,66c8155e372de8531b3ef1c31f05224b6260b34b,92c4f8ee57b1ef3c60732d1f87286e47bad812be,true,ps2 textures\HAS ALPHA\bp_remade\no_mip_fixes\ui,false,true,5,remarci_4x,0,false,false,false
00c99e05,e64c7b804375aaeb6bb0307fea7d8ee0a1e18a08,e490a4f9f931d412ee69b8f2879707141e1009c9,true,ps2 textures\HAS ALPHA\bp_remade\no_mip_fixes\ui,false,true,5,remarci_4x,0,false,false,false
00c99e0d,d8769f09d1f314589f5690dfc298aab4492bfb41,d3192da1436747380a34c998f1151310a6de7130,true,ps2 textures\HAS ALPHA\bp_remade\no_mip_fixes\ui,false,true,5,remarci_4x,0,false,false,false
00c99e15,b883ad53159aa1aaad85ae8d17a815c196253de0,a1095f7f6450d9fc862be1a222270563d315cac8,true,ps2 textures\HAS ALPHA\bp_remade\no_mip_fixes\ui,false,true,5,remarci_4x,0,false,false,false
00c99e19,c3a5c4ced75a6d343f045d80234d57de7f08f1ff,d51e6f503721b40859ce024da01eae7528969f52,true,ps2 textures\HAS ALPHA\bp_remade\no_mip_fixes\ui,false,true,5,remarci_4x,0,false,false,false
00c99e21,a61f8aa80d4ee96dff4f8a1d060923b44a7b31d4,7b8a3930c6a82bf01b98a6abf73b3bf83afdfd09,true,ps2 textures\HAS ALPHA\bp_remade\no_mip_fixes\ui,false,true,5,remarci_4x,0,false,false,false
00c99e29,79e20d60f980cdd060770712711d109dcefb1bb4,91b1dbc96a0e9a97fc48679050d65544405b363f,true,ps2 textures\HAS ALPHA\bp_remade\no_mip_fixes\ui,false,true,5,remarci_4x,0,false,false,false
00c99e31,febe5f00855d6c99d39fba2a5158a84ed6f8a9a2,71f715c8d5621ac7ec47eccc56294209f09aab3a,true,ps2 textures\HAS ALPHA\bp_remade\no_mip_fixes\ui,false,true,5,remarci_4x,0,false,false,false
00c99e35,345b9e6e1ed549d3d2e4c7cbbaab834db3dd42c1,38ac401ad74c88f642ba6b730c0e4ff06707c86a,true,ps2 textures\HAS ALPHA\bp_remade\no_mip_fixes\ui,false,true,5,remarci_4x,0,false,false,false
00c99e39,3fd18b98c39043f92dffe7d2b9680a95cdb1aeb8,a26981d1300a887a79626a6c2f24a025fa5d953a,true,ps2 textures\HAS ALPHA\bp_remade\no_mip_fixes\ui,false,true,5,remarci_4x,0,false,false,false
00c99e3d,db3f967e5d7d2df2fa49ddc0f0528e828be9769b,1a16ee513c892d289b678a8846f5b418fd2fd421,true,ps2 textures\HAS ALPHA\bp_remade\no_mip_fixes\ui,false,true,5,remarci_4x,0,false,false,false
00c99e45,107d20c56487dbab1061f77f536a95c63ceefc18,8cec70761c7f233ab862686d12d6d29e146cac98,true,ps2 textures\HAS ALPHA\bp_remade\no_mip_fixes\ui,false,true,5,remarci_4x,0,false,false,false
00c9d26e,c25929f0188ea139adfbef3186242cfd826b3038,ebcbbc8cff11675b30707a5bb2d29cd05a8080d0,false,ps2 textures\opaque\bp_remade\no_mip_fixes\ui,true,false,0,none,5,true,false,false
00ca156d,69e83a56e96725a81cdd1cd5bbcd13f992765fbd,9cb66b9d3112c5d17d94a8bbd875332cddef068e,false,ps2 textures\opaque\bp_remade\no_mip_fixes\ui,true,false,0,none,5,true,false,false
00ca156e,445c0ec58178a3323f2ea6364b51b4952c42033c,17a5fd734be4c52e24ab7dc2028a377e63346bc6,false,ps2 textures\opaque\bp_remade\no_mip_fixes\ui,true,false,0,none,5,true,false,false
00ca156f,322bb92fd2f1745f372b6e0dc2fbce46da2afa67,77eecc96d7a4b7071f763d7418ac538a6366b125,false,ps2 textures\opaque\bp_remade\no_mip_fixes\ui,true,false,0,none,5,true,false,false
00ca1ad1.img,f865116a20f8254b566003fc9e178fcf7b2592ee,53aad39285ef0e58c7af8e06f62d7ea6c6aab33f,true,ps2 textures\HAS ALPHA\bp_remade\no_mip_fixes\ui,false,true,5,remarci_4x,0,false,false,false
00ca4367,e6251f417a5fbbe3c704ad2db8ade07396fc09ec,f354fd9dfff6940f2fb63128b1ad27cc888d9bf8,true,ps2 textures\opaque\bp_remade\no_mip_fixes\ui,true,true,5,remarci_4x,0,false,false,false
00ca8477,5ca59437a3ad2cab418e532b61a61e80726eb447,b6d0982d52e94f544d181af72b26d82675b560ea,true,ps2 textures\HAS ALPHA\bp_remade\no_mip_fixes\ui,false,true,5,remarci_4x,0,false,false,false
00ca8d22,043b143b8652718e0da45914f238f191d172f9c1,5c30f5ec0e57782381b2875d2c2b23f5b61f0d4c,false,ps2 textures\HAS ALPHA\bp_remade\no_mip_fixes\ui,false,false,0,none,5,true,false,false
00caaff4,5939433c4e5e51e3fb78cc7966bc77d07aab38de,81b0ac3d55b4165fda4765104cb098530b7c8073,true,ps2 textures\HAS ALPHA\bp_remade\no_mip_fixes\ui,false,true,5,remarci_4x,0,false,false,false
00cabedc,f97b9a04d2d9e8a91edb717b000e89f9ab168495,1279f8f9269a380b1d95b404e055fbbe62a75d56,true,ps2 textures\HAS ALPHA\bp_remade\no_mip_fixes\ui,false,true,5,remarci_4x,0,false,false,false
00cad494,909cc0b91eb1d81443abecc6b26a6138ac4ed15e,3daaf925dc1bade31ae3cbfc780279bf3d6a8c14,false,ps2 textures\HAS ALPHA\bp_remade\no_mip_fixes\ui,false,false,0,none,5,true,false,false
00cb257c,202d5a161db9a015be2651da78d133f43d823c58,0719a9935245c661480d695153e8177662356f4c,false,ps2 textures\opaque\bp_remade\no_mip_fixes\ui,true,false,0,none,5,true,false,false
00cb96f1,e8a008a101473ecbfdd698383de84599c01a123c,e5714512611d2cd282a8d2c74ddd66004d1aae1f,true,ps2 textures\HAS ALPHA\bp_remade\no_mip_fixes\ui,false,true,5,remarci_4x,0,false,false,false
00cbaff4,1e4f1969ec0307632f39108231bf3a4d50edf36f,609335fb6d01e9fee07ea23bc5f6945983daa85f,true,ps2 textures\HAS ALPHA\bp_remade\no_mip_fixes\ui,false,true,5,remarci_4x,0,false,false,false
00cbedf8,7c97eb13a0cedd32adfcb3a41d52bb6d622df06a,22da3c006f745a0eb597c1112d814157258d999e,false,ps2 textures\opaque\bp_remade\no_mip_fixes\ui,true,false,0,none,5,true,false,false
00cbee11,834168cc3530f174a134aa1e97a54ef415dc9d58,19a27bb7d328874a1ecffdd265ea4cc503ed5375,true,ps2 textures\HAS ALPHA\bp_remade\no_mip_fixes\ui,false,true,5,remarci_4x,0,false,false,false
00cbee11_27d296ce65414177044e0f3611c12911,8f8ac1781dd914bc8d43c91fb1c3f79387a08b70,d0277cd0e9c279e716f7066254d995b6fa51f2e8,true,ps2 textures\HAS ALPHA\bp_remade\no_mip_fixes\ui,false,true,5,remarci_4x,0,false,false,false
00cbee11_58c763b0683aea3090309f6381b73880,9ea402e77125881c0cc2f554b3c60ea7f9e42744,5e87286935ca3353e7bc1acaa5d6c9e2648bb4bd,true,ps2 textures\HAS ALPHA\bp_remade\no_mip_fixes\ui,false,true,5,remarci_4x,0,false,false,false
00cc6191,0b5ea024ea4f68a686320915e490e592991559da,063e07a5e788d1c8fbbe922f27cd83365af270d3,true,ps2 textures\HAS ALPHA\bp_remade\no_mip_fixes\ui,false,true,5,remarci_4x,0,false,false,false
00cc963a,a987fac38301e9ee5bbab0a682151a819b030027,08506282d7567f965a0dfaec63b9f7520a3490b4,true,ps2 textures\opaque\bp_remade\no_mip_fixes\ui,true,true,5,remarci_4x,0,false,false,false
00ccc2b8,4e5f23af22383e1973364643c3a776c85a4325b7,eb5c39edbd6defd46e6b0dd1e7f426749290aa8e,true,ps2 textures\HAS ALPHA\bp_remade\no_mip_fixes\ui,false,true,5,remarci_4x,0,false,false,false
00ccedab,ec2cfb9f00365c0b988825fcdd359db0322af1d4,e058652973d1bb8d8c5d67fbaeebdf858e70a5b7,false,ps2 textures\HAS ALPHA\bp_remade\no_mip_fixes\ui,false,false,0,none,5,true,false,false
00cd347f,204b74774eb9100d942ab3f3d8688b2157d59a3e,cf8dfbdee29a1356df4b42089369b6b20d2fbbc4,false,ps2 textures\opaque\bp_remade\no_mip_fixes\ui,true,false,0,none,5,true,false,false
00cd4028,c483f543699924b344ef13785b22b33fe3c55ea9,30ab970a2b41065b630e4564841e08fdaf6b9bd8,false,ps2 textures\HAS ALPHA\bp_remade\no_mip_fixes\ui,false,false,0,none,5,true,false,false
00ce2c52,c0a99a6ed675d38f2567e0a5353bd33cd4ef28f8,6c4fe48e611be2eeb3eb8340112814bea83d4f70,true,ps2 textures\HAS ALPHA\bp_remade\no_mip_fixes\ui,false,true,5,remarci_4x,0,false,false,false
00ce72ae,70735d83a3ffb7022b09869a185de3b211e05f0a,6f5d8cc2381b81e24aebe6d4430fdc685c87158f,false,ps2 textures\HAS ALPHA\bp_remade\no_mip_fixes\ui,false,false,0,none,5,true,false,false
00ce72af,60ef62f1b23f6439961f238b6fbffdb2209f4cc1,e5f33c5b2f97486704504e019c5ad1b3dc4fff7f,false,ps2 textures\HAS ALPHA\bp_remade\no_mip_fixes\ui,false,false,0,none,5,true,false,false
00ce72b2,0b1bec8ad711ccfbe42460a518aa35fad641ac04,c43845b7bc8f60f1ab9ad00738e98bc5a66da696,false,ps2 textures\HAS ALPHA\bp_remade\no_mip_fixes\ui,false,false,0,none,5,true,false,false
00ce967d,5ea18cfe6ad6fa5a71cf4a7ba142e026e5956858,06e3df2a919be193fff6c647612171394600aab5,true,ps2 textures\opaque\bp_remade\no_mip_fixes\ui,true,true,5,remarci_4x,0,false,false,false
00cec3dc,59b774d5ea5f962f8e69128d53ab52ab5690dc0c,86567b9b01d4bc0784b7e5209073ba7c99a2015f,false,ps2 textures\opaque\bp_remade\no_mip_fixes\ui,true,false,0,none,5,true,false,false
00cf72ae,d6f358cbf58e3a426ea8cf66dbb9fa614626f28f,b076a5ed2649a4674b9bbeb9b72cbb18c9019c09,false,ps2 textures\HAS ALPHA\bp_remade\no_mip_fixes\ui,false,false,0,none,5,true,false,false
00cf72af,b41686c496f721d1ceae8f0639fdfe8489657384,261a90bbd226d47d01c1437c40e5e9d2e16e1011,false,ps2 textures\HAS ALPHA\bp_remade\no_mip_fixes\ui,false,false,0,none,5,true,false,false
00cf72b2,a188d7c811fef5291e00fda1d2aed0ba767807cf,ac27501142677b228adbeeeb1c4ae605830c1c9d,false,ps2 textures\HAS ALPHA\bp_remade\no_mip_fixes\ui,false,false,0,none,5,true,false,false
00cf966f,16436585d4dfaef3f3d65b28b4067588eb77f9c6,5f2f9aa7dd4e40ee88c8ff914cd0d4be2c9a5f80,true,ps2 textures\opaque\bp_remade\no_mip_fixes\ui,true,true,5,remarci_4x,0,false,false,false
00cfd6ea,211c27470da99cf62d6f297d434b6ad51c2d2dd6,e06c11572d36637ce700067f412050d74e691bcc,false,ps2 textures\opaque\bp_remade\no_mip_fixes\ui,true,false,0,none,5,true,false,false
00d05eb9,5a7d35d2c0f23c96488088ce541b88a741990f04,ed4d09fd4a0a9c40392d8e5c96f30ee5135b6721,false,ps2 textures\opaque\bp_remade\no_mip_fixes\ui,true,false,0,none,5,true,false,false
00d072ae,260b91ec9221fd86366e528a532e893f9988c40d,b46c6026b15291e192098ad578d367851f7523f5,false,ps2 textures\HAS ALPHA\bp_remade\no_mip_fixes\ui,false,false,0,none,5,true,false,false
00d072af,00a9424e7c173b633511fde1c58e6c70fc62edb6,7caaa91b08574a6e181b310addce9b87abae90ed,false,ps2 textures\HAS ALPHA\bp_remade\no_mip_fixes\ui,false,false,0,none,5,true,false,false
00d072b2,a25e25566a6c8f6abf08cdb9265d5cf6a271187a,e6a02defa3a72a1a1ff8b7bb51f002505453d0a3,false,ps2 textures\HAS ALPHA\bp_remade\no_mip_fixes\ui,false,false,0,none,5,true,false,false
00d0c0bb,5f247aa7f5c09803007e31a11c0ac76be897fffe,ea9a7b660fdf98587cfafaa95faeb35d9e27be42,true,ps2 textures\opaque\bp_remade\no_mip_fixes\ui,true,true,5,remarci_4x,0,false,false,false
00d13ca9,1b598abb611793e3beb8b252f8823b827da88b21,1c909514e5589abfde057f3c08603cbbc69e0bee,true,ps2 textures\HAS ALPHA\bp_remade\no_mip_fixes\ui,false,true,5,remarci_4x,0,false,false,false
00d172ae,6dfa417f65bfb552d34035884f8b2286c0d580d0,deda024865001eae11d044fee430db8a6da8c435,false,ps2 textures\HAS ALPHA\bp_remade\no_mip_fixes\ui,false,false,0,none,5,true,false,false
00d172af,acb01d48103a6df98b1a10eacf276e0b30f863fb,1f3e4bde14ff5602ba044dae1506bfce06a68d55,false,ps2 textures\HAS ALPHA\bp_remade\no_mip_fixes\ui,false,false,0,none,5,true,false,false
00d172b2,62387df734d941106a13570d75a377373be73f0e,062b282bf16e68dac5662c91f7a23e1d4f24a7ae,false,ps2 textures\HAS ALPHA\bp_remade\no_mip_fixes\ui,false,false,0,none,5,true,false,false
00d2ded2.img,b0f7ef9c9e9aa307ad28845fff4c69f0158a0d73,8b286f9331b367d603349ab33cdb89718b160dd1,true,ps2 textures\HAS ALPHA\bp_remade\no_mip_fixes\ui,false,true,5,remarci_4x,0,false,false,false
00d2e245,520c90923dad52d13a1599d436c3bce7f1d1e719,07ff6fd743d0a6b73ee6cc6b455654b9c7b041ba,true,ps2 textures\HAS ALPHA\bp_remade\no_mip_fixes\ui,false,true,5,remarci_4x,0,false,false,false
00d31745.img,70557f8fc469d482515818407a0839a38fc4bcd6,ca81ce8335d230bf2235db13a159390ecd77c5ce,true,ps2 textures\HAS ALPHA\bp_remade\no_mip_fixes\ui,false,true,5,remarci_4x,0,false,false,false
00d44f16,9bb723f57a872bee3421661651403ee0749c0f0a,ce177863d0edec6d9f4ceedc56714b86295ea502,true,ps2 textures\HAS ALPHA\bp_remade\no_mip_fixes\ui,false,true,5,remarci_4x,0,false,false,false
00d46476,a5f1ffb75df48bb371d832b957cf38699e90cfe1,d79c3915c6e05f322c87eaee6326b725ae57c1b7,true,ps2 textures\HAS ALPHA\bp_remade\no_mip_fixes\ui,false,true,5,remarci_4x,0,false,false,false
00d476d8.img,3b121752a3e9ac030f5bbbce6e74fd6e248ae234,a55fd604fd6529392df454a38333f10fa0244cbe,true,ps2 textures\HAS ALPHA\bp_remade\no_mip_fixes\ui,false,true,5,remarci_4x,0,false,false,false
00d54e27,038356eda4998f3aa3ee69652e50ae833b0e732e,b84dab8f0a48bc1e2a76f9f42b7e6f53836794aa,true,ps2 textures\HAS ALPHA\bp_remade\no_mip_fixes\ui,false,true,5,remarci_4x,0,false,false,false
00d54e2b,0cefb036b30020299732c948380e623ba9cf84ff,c984b0f68dcc4a06cc3da4370e4d7ed349017b8c,true,ps2 textures\HAS ALPHA\bp_remade\no_mip_fixes\ui,false,true,5,remarci_4x,0,false,false,false
00d54e2e,154d9e3e46ba19fe83bf3e27b8f164e9fea0cb93,1201dc765043b4b509f69d011cc958fdaba63b9b,true,ps2 textures\HAS ALPHA\bp_remade\no_mip_fixes\ui,false,true,5,remarci_4x,0,false,false,false
00d54e2f,6e4dbf33cb3f4d238ee639c0b1f8cabc6162a054,90dfe1686acdbdc599a6b68f4dd4ff0934028b50,true,ps2 textures\HAS ALPHA\bp_remade\no_mip_fixes\ui,false,true,5,remarci_4x,0,false,false,false
00d54e32,936b9542ff3f9706d8abbee2ba2b6f3963f51dea,2de13b6a3ceb7bc51046ec11150ce440e30b5043,true,ps2 textures\HAS ALPHA\bp_remade\no_mip_fixes\ui,false,true,5,remarci_4x,0,false,false,false
00d54f16,d8183f16b92ef986a44d72d5287b6b865339211c,66d59b99d9d4bc53bb5051d504be3ec954e700c1,true,ps2 textures\HAS ALPHA\bp_remade\no_mip_fixes\ui,false,true,5,remarci_4x,0,false,false,false
00d5cad9,cb59974cd40d5c63fab16ba64dcdfc5100334382,8a951ad3e6e71773b42bebd7a7bfb55ddf00566d,false,ps2 textures\opaque\bp_remade\no_mip_fixes\ui,true,false,0,none,5,true,false,false
00d5cd7d.img,6794fc79d90625de38853350ecd02cc7556ef858,60b550975aa94b6e3f24175800f95cae92b78ec4,true,ps2 textures\HAS ALPHA\bp_remade\no_mip_fixes\ui,false,true,5,remarci_4x,0,false,false,false
00d5def0.img,f158243ea874df0adc111ed0a809196a97fe4bb2,d65fb462897ba7e1b9c061c7e3add83f620ec8a5,true,ps2 textures\HAS ALPHA\bp_remade\no_mip_fixes\ui,false,true,5,remarci_4x,0,false,false,false
00d64f16,83bbb2611598978e6b1387499d90045b3063857d,b8e777c1d5a24a9de0577830c6ac4418f8d0dc14,true,ps2 textures\HAS ALPHA\bp_remade\no_mip_fixes\ui,false,true,5,remarci_4x,0,false,false,false
00d6e19b,84765d3ad5caeb4088180503abb4109364619179,26b78b33cda809d3094f9e1842f7130d121996f7,true,ps2 textures\HAS ALPHA\bp_remade\no_mip_fixes\ui,false,true,5,remarci_4x,0,false,false,false
00d6eac6.img,ecbbcddb8f55f858e2de72a077e6db000fc4639b,b6d03a0baa67932d4069d308f32008a282012c23,true,ps2 textures\HAS ALPHA\bp_remade\no_mip_fixes\ui,false,true,5,remarci_4x,0,false,false,false
00d74f16,a04deed141eacdbfd10e0d88594edf007a3317ca,1503d6ae9693cfdddd6d62cd2df3346ff27630b8,true,ps2 textures\HAS ALPHA\bp_remade\no_mip_fixes\ui,false,true,5,remarci_4x,0,false,false,false
00d79f7f,a35a18a7b757567f9ef5b7664719bc228574f856,ab0f85e6c504f664699eff030aabc16e81740bb9,false,ps2 textures\HAS ALPHA\bp_remade\no_mip_fixes\ui,false,false,0,none,5,true,false,false
00d7c479,fdd09f3eb6f23dd0a11f434962132034d0200169,565a19345b905ad29b81391671e97b9d36692693,true,ps2 textures\HAS ALPHA\bp_remade\no_mip_fixes\ui,false,true,5,remarci_4x,0,false,false,false
00d7d364,68623a0866d277bf078c3688a75f7161c5f78ff6,d49796b5653aea0a3b163d44d871d5583f41f2e9,false,ps2 textures\opaque\bp_remade\no_mip_fixes\ui,true,false,0,none,5,true,false,false
00d7e6cc,32bb240def8245069a5fe87bad8e712fd944f42e,468075d83c29fb26f3c114286d3b385ebab07069,true,ps2 textures\HAS ALPHA\bp_remade\no_mip_fixes\ui,false,true,5,remarci_4x,0,false,false,false
00d7fd75,36e3261902360e63ea8c6b43a7df44f7efbb8cfa,ee9e6407125c17656e19fb4a2a8da5788e398f01,true,ps2 textures\HAS ALPHA\bp_remade\no_mip_fixes\ui,false,true,5,remarci_4x,0,false,false,false
00d843ae,dc740eb76fd9e61ec7869947eef67101c4d28fee,92fe01990fa4d697fa27c3c180092ddf892df846,true,ps2 textures\opaque\bp_remade\no_mip_fixes\ui,true,true,5,remarci_4x,0,false,false,false
00d84f16,2ede2c89a2114dd3e51d0d03354b6b5b4a9c8d49,1f44c3d2d5ed25fa5d1f0d5adf2f03a4956f11f2,true,ps2 textures\HAS ALPHA\bp_remade\no_mip_fixes\ui,false,true,5,remarci_4x,0,false,false,false
00d89049.img,e3453ca4289f9d7b3207c67f8020bb8d8a1f242a,c1c82aefeb750444548521bd826c9e4fedc53984,true,ps2 textures\HAS ALPHA\bp_remade\no_mip_fixes\ui,false,true,5,remarci_4x,0,false,false,false
00d8a8b0,849672ac97e6b04e1989cb127d41945b0f427e93,f9f2dce48dcda295a28abd3a92500f9ceaec5687,true,ps2 textures\HAS ALPHA\bp_remade\no_mip_fixes\ui,false,true,5,remarci_4x,0,false,false,false
00d8c9cf.img,69fe657a1ba9a6c80742c89f3282f49acb952672,32435f090063428aab0d649c3f34c3b18ef93423,false,ps2 textures\HAS ALPHA\bp_remade\no_mip_fixes\ui,false,false,0,none,5,true,false,false
00d93721,2a86a781319df37e8c1ba8a2b78e56ab4cdc48b2,58ed2e9d3b845f5915d36c9b3f4d62d329da73b5,true,ps2 textures\opaque\bp_remade\no_mip_fixes\ui,true,true,5,remarci_4x,0,false,false,false
00d94f16,ef034ed8bf9bebe3297fdf0421a448a8796357aa,4b5d6cba6b69844a31362556b60c7639cbca9dbb,true,ps2 textures\HAS ALPHA\bp_remade\no_mip_fixes\ui,false,true,5,remarci_4x,0,false,false,false
00d9fd74,f6396f708fd871ab54df3bebac997725ea992541,5b7e9f63309d7b39b43cb4fda327afd769fe14fc,true,ps2 textures\opaque\bp_remade\no_mip_fixes\ui,true,true,5,remarci_4x,0,false,false,false
00da2773,7e992712f4868c45a05409eaee71b4bab9fd07f8,1385e371989e61bcba0851cc7f26b1f6f934154b,false,ps2 textures\opaque\bp_remade\no_mip_fixes\ui,true,false,0,none,5,true,false,false
00da3e27.img,909f8a58b68db81d2fddaf8a71d44e9f9842a2a9,3ebd8bfabbe2b6c9d623e448fac28a9583c1f212,true,ps2 textures\HAS ALPHA\bp_remade\no_mip_fixes\ui,false,true,5,remarci_4x,0,false,false,false
00da439d,8c8c3ffd117bc9bf8280c8b3a341a02036acda82,c4317c43c0fe03ed1f7b9c5dcd3952f052f7eadb,true,ps2 textures\opaque\bp_remade\no_mip_fixes\ui,true,true,5,remarci_4x,0,false,false,false
00da4f16,222dee1033957a0edcf4529705a952f8567372bb,c2e2ef08e8eb7a690a95e3676d88aeb40a96344b,true,ps2 textures\HAS ALPHA\bp_remade\no_mip_fixes\ui,false,true,5,remarci_4x,0,false,false,false
00da570c,5dee8926fd7eb93ecd020b6d4849e12048e06431,b2fc787680b5e774b432bc1d9ec2bf8b04f5f1ae,true,ps2 textures\HAS ALPHA\bp_remade\no_mip_fixes\ui,false,true,5,remarci_4x,0,false,false,false
00da955e,5f4d0b5e6a4bbb74e15c6ad2dce28c1d7a0cf29b,e4aad2ceb5968f607250512bf8cca5f3cbc018d3,false,ps2 textures\opaque\bp_remade\no_mip_fixes\ui,true,false,0,none,5,true,false,false
00da955f,659842a82c64fb64fed7f7fe1fe0486487d87b4c,80f10cf4a72e235171455a249e32eb45c6dce96a,false,ps2 textures\opaque\bp_remade\no_mip_fixes\ui,true,false,0,none,5,true,false,false
00da9560,10b7869d3c117d6278d3f335cf109af435a482dd,aaf27b4b6af6d18e07a2f364a455f889a82f751a,false,ps2 textures\opaque\bp_remade\no_mip_fixes\ui,true,false,0,none,5,true,false,false
00da9561,13f1b87f1293d16e2292a7379fc9385105c82759,4e0b96cc8875792f740393c4b29141b6f35f1355,false,ps2 textures\opaque\bp_remade\no_mip_fixes\ui,true,false,0,none,5,true,false,false
00daf0be,c4ccc55db532ee3299eec89c1e6a0a9110caf93c,4cb9cf0f2e4d30131ffff8d8a5f08def916dd232,true,ps2 textures\HAS ALPHA\bp_remade\no_mip_fixes\ui,false,true,5,remarci_4x,0,false,false,false
00db1536,9c47d3d6da6bd33e74dbd1abb7ed81a408af7e16,dbec7c916ec4860ae9bc44d1862f8e8438819fd0,false,ps2 textures\opaque\bp_remade\no_mip_fixes\ui,true,false,0,none,5,true,false,false
00db1546,3ec5711b373f5c6c17f04c94dd35f1eb367232a7,4c06bc9c3922e067070f90e6f584ba51718f0926,false,ps2 textures\opaque\bp_remade\no_mip_fixes\ui,true,false,0,none,5,true,false,false
00db154e,b2248cad9362b8b8451fd9d142f2d9b042158d76,052a75508d2d2a55a3da2c87ff82939ec8311790,false,ps2 textures\opaque\bp_remade\no_mip_fixes\ui,true,false,0,none,5,true,false,false
00db463c,ef17ce0cf1dee8f310bbb9ad1af213b8ff294a3a,6cd1c257a32966ea7f43f496a0bb8b6f442041c4,true,ps2 textures\HAS ALPHA\bp_remade\no_mip_fixes\ui,false,true,5,remarci_4x,0,false,false,false
00db4f16,d3d155fd4bf82a90c3503a3b2e9480303ff13459,f0d6e302a53ce7c5e9ee830656d12a2b8649d914,true,ps2 textures\HAS ALPHA\bp_remade\no_mip_fixes\ui,false,true,5,remarci_4x,0,false,false,false
00dbf8ec,efe3f01c276ee9152b9eee88bbb59ab5928fa823,117d4c13ca5b45462eaaa6e0dc175db82a5b6c29,false,ps2 textures\HAS ALPHA\bp_remade\no_mip_fixes\ui,false,false,0,none,5,true,false,false
00dbf91c,32fad963da3f5a9dbb45a676dc2e145cce545713,12ab8d6b1b1aade60c3bff8388877dbfde34e268,false,ps2 textures\HAS ALPHA\bp_remade\no_mip_fixes\ui,false,false,0,none,5,true,false,false
00dc4f16,a1a771e1f69544b6050df4a082c9068ae0ec2d1b,832a7026a5a60154604b81be0777580a1b420adc,true,ps2 textures\HAS ALPHA\bp_remade\no_mip_fixes\ui,false,true,5,remarci_4x,0,false,false,false
00dd22e1,51c41955c195da0bcac2e48c936133939164e4dd,4163a5a899bb6c42d241750e7667d8d1e1573d88,true,ps2 textures\HAS ALPHA\bp_remade\no_mip_fixes\ui,false,true,5,remarci_4x,0,false,false,false
00ddb5f6,ba3d6a92e6a8c183d339308f7ba3b09d2d9fbbed,1c9870ba9fb4cb5002bb163639a84242c72df0e5,true,ps2 textures\HAS ALPHA\bp_remade\no_mip_fixes\ui,false,true,5,remarci_4x,0,false,false,false
00ddd547,6ae98b8fd2858c682574952f3c5bb9171ae0bd18,04d126f5b66fd8b91121c3188339a14b28d1b409,true,ps2 textures\HAS ALPHA\bp_remade\no_mip_fixes\ui,false,true,5,remarci_4x,0,false,false,false
00ddf41c,a761ca7828ad303d5f1fe86bd65c43974742db13,9049fffa725c173540c702106b573c6ed91b8615,true,ps2 textures\HAS ALPHA\bp_remade\no_mip_fixes\ui,false,true,5,remarci_4x,0,false,false,false
00de666c,996dbd8dad445318b691014e6b61097a1eaab875,a80f6f652306188d42625d7056d4076926ebeaf1,true,ps2 textures\HAS ALPHA\bp_remade\no_mip_fixes\ui,false,true,5,remarci_4x,0,false,false,false
00dea8b0,9bc5b8238b62451438efb5d20f1934dabbeebd71,da1442981e8df8f13c1e683a25a05a77c16b337e,true,ps2 textures\HAS ALPHA\bp_remade\no_mip_fixes\ui,false,true,5,remarci_4x,0,false,false,false
00df214a,fbf13e65ca30ce4aa74430ae3504326987ca4c7b,f355efc329375ef547f71efc76723f466bd74581,true,ps2 textures\opaque\bp_remade\no_mip_fixes\ui,true,true,5,remarci_4x,0,false,false,false
00df3647,229d83238d73e04c58934709965004cd661d8ebf,fc59ed6cd358715e85facb39a94b63a31fe41a33,true,ps2 textures\opaque\bp_remade\no_mip_fixes\ui,true,true,5,remarci_4x,0,false,false,false
00df6a31,acfc773e9d99d1cfb3ce63857aab7dacfdc63414,879f89a7ec07baf926d27a0cbb80bcfff3104b01,false,ps2 textures\opaque\bp_remade\no_mip_fixes\ui,true,false,0,none,5,true,false,false
00df7f97.img,e9e7fdfca5c61a75a0913f4b4f488617ecb931c1,707f226d710ac3a46303a9e7e6407a589b061f34,true,ps2 textures\HAS ALPHA\bp_remade\no_mip_fixes\ui,false,true,5,remarci_4x,0,false,false,false
00df8108,b754b92d27dbba5467ace7fc5cae01bf38570dca,97413060966dec89d501f84c9099652dd015ab7f,false,ps2 textures\opaque\bp_remade\no_mip_fixes\ui,true,false,0,none,5,true,false,false
00df8109,8d472aa5f170ee8079cfec19ed1768b4fbc1d73a,98d563b3fc281945c744c84ae207f7444f35cc6d,false,ps2 textures\opaque\bp_remade\no_mip_fixes\ui,true,false,0,none,5,true,false,false
00df810a,12fab30fd8a48cfd91455135e386f1d2de1ffd67,f983096f12f053b62ccad99d9cd7fa1554999fcc,false,ps2 textures\opaque\bp_remade\no_mip_fixes\ui,true,false,0,none,5,true,false,false
00df9673,42bda86cdcbb1dd4797cfeccbd294a4c2d31a455,f96bd7abeec236f0f24063869ec57a7acd18ba2a,true,ps2 textures\opaque\bp_remade\no_mip_fixes\ui,true,true,5,remarci_4x,0,false,false,false
00dfeefb,34740c004a7b9c85f9d9be4d6904187801ce40c4,284c6b569580fab4768c5a5818711a193be9e127,true,ps2 textures\HAS ALPHA\bp_remade\no_mip_fixes\ui,false,true,5,remarci_4x,0,false,false,false
00dffedd,ca962de96f43f863512ce480a1da5ca1b07b4aa2,dd488981a3742fcda706632db2c14da6bd39d7b9,false,ps2 textures\opaque\bp_remade\no_mip_fixes\ui,true,false,0,none,5,true,false,false
00e0f3fa,9e768a3bc705c99bb40fdcd3fee77147f26cda49,b3a8c32aa31d1e55f91225e07cae552fc482cd9e,true,ps2 textures\HAS ALPHA\bp_remade\no_mip_fixes\ui,false,true,5,remarci_4x,0,false,false,false
00e11a3e,862a0e7472c39685b37d825f7dd38af628954124,870dd813d2fb47dc89ee5cfc709aa210746f6154,false,ps2 textures\HAS ALPHA\bp_remade\no_mip_fixes\ui,false,false,0,none,5,true,false,false
00e1435d,c2adca473bb244683d9dd3033ed2d7dc9515efec,425cbb01d37193287aa5dff585e4e352f4e2277a,true,ps2 textures\HAS ALPHA\bp_remade\no_mip_fixes\ui,false,true,5,remarci_4x,0,false,false,false
00e14361,35e2267b347b64d5dfe1fb503089ca6ffb6ff5be,9a0dff4ecec17ebeccf5ac7633e14dee57dc2258,true,ps2 textures\HAS ALPHA\bp_remade\no_mip_fixes\ui,false,true,5,remarci_4x,0,false,false,false
00e14365,1fee88b993c6b9917a37c7dfd6a7ddc81863f3be,879f730b87bdd230df7fd6c7e353992277c9c2a7,true,ps2 textures\HAS ALPHA\bp_remade\no_mip_fixes\ui,false,true,5,remarci_4x,0,false,false,false
00e14369,1ed5c46e33a0987a6a1fd57bcebabb0b98926daa,2f0684dad7f56c8a8332fb279bb4de555e590630,true,ps2 textures\HAS ALPHA\bp_remade\no_mip_fixes\ui,false,true,5,remarci_4x,0,false,false,false
00e1eda4,763391b2ab0a3aaada11dba45852f7c93334db4d,6b9f276f89507b15843aa19a9ee1814f36d2e5fb,false,ps2 textures\HAS ALPHA\bp_remade\no_mip_fixes\ui,false,false,0,none,5,true,false,false
00e26458,7c331bdae1b9ce77e214470fba0df9b7188f631f,d3d7df49c225c71909e7f13e0c8429acb3a66b4d,false,ps2 textures\HAS ALPHA\bp_remade\no_mip_fixes\ui,false,false,0,none,5,true,false,false
00e338a3.img,76f896a5cbed232cf8e091885d91081579ecafcd,5673a28cdb3416d77f59fd39cabbf9d5d204aed9,true,ps2 textures\HAS ALPHA\bp_remade\no_mip_fixes\ui,false,true,5,remarci_4x,0,false,false,false
00e357db,04ab9e1d1edc231b80f047c54c00f41186be780b,7a3c2eaa966179b6c99ff377d960f109fadaf6f6,true,ps2 textures\HAS ALPHA\bp_remade\no_mip_fixes\ui,false,true,5,remarci_4x,0,false,false,false
00e3e4ba.img,f99a5634a84165c0ee450aee3630c8231a62584a,3926ade3a9876dad5919db08b87761b20f7c24f0,true,ps2 textures\HAS ALPHA\bp_remade\no_mip_fixes\ui,false,true,5,remarci_4x,0,false,false,false
00e48ebe,ae8e07144115c6fc5947045d86bd3de23766f003,12f6f762ba4384b7eeab44f68144c946cded8f63,true,ps2 textures\HAS ALPHA\bp_remade\no_mip_fixes\ui,false,true,5,remarci_4x,0,false,false,false
00e4ae3a,7da51834c4e4f1473a0c9997b008da9f209685d1,b446dce5ffec5742c4421a07edcd4e6362ebe3b2,false,ps2 textures\opaque\bp_remade\no_mip_fixes\ui,true,false,0,none,5,true,false,false
00e4c0f5,550683935736f88726221cb9b7adfbb71a819544,55e277475f7865e21bec80c5937b9b94e0cf26af,true,ps2 textures\opaque\bp_remade\no_mip_fixes\ui,true,true,5,remarci_4x,0,false,false,false
00e4d7bf,7bec3a3755aad6421d99d72beb88acf9cc85f118,b7f824bdf36b56b39a4b63f899f7c22f9164a643,false,ps2 textures\opaque\bp_remade\no_mip_fixes\ui,true,false,0,none,5,true,false,false
00e50c4c,4c6bc1bdca62bbac8bbacff7aca95e695d7c7bac,cd0f1073bf0ea9d3b467c5eaa96bf443aa09fbbf,false,ps2 textures\opaque\bp_remade\no_mip_fixes\ui,true,false,0,none,5,true,false,false
00e5ca00,2af7dbf39acb14e28a07dd952efb05e6d1bf423c,b2be43744dee912ddb8a245c85a3eef9605923a0,false,ps2 textures\HAS ALPHA\bp_remade\no_mip_fixes\ui,false,false,0,none,5,true,false,false
00e5cad9,2d9dfcec5d90559eb9751ea14eeb758f1f735d71,10a2040144206064883d6791447746a020430611,false,ps2 textures\opaque\bp_remade\no_mip_fixes\ui,true,false,0,none,5,true,false,false
00e643ae,2462c341f7f50797b6a693df7d8166054aeb0e9e,59414b7e4021d8f1f4f5a3154912e0a2ecc392ae,true,ps2 textures\opaque\bp_remade\no_mip_fixes\ui,true,true,5,remarci_4x,0,false,false,false
00e6766a,21041e72bd3907daabc292b8d72d2a4558c090f0,5db9c618efa9e682302a62f90c451e72b7e9f8d5,true,ps2 textures\HAS ALPHA\bp_remade\no_mip_fixes\ui,false,true,5,remarci_4x,0,false,false,false
00e69824.img,794316b09c9807a53756265e2746b0c7978b50b3,795c821590f4f095d1098cd50202b7e3689510f5,true,ps2 textures\HAS ALPHA\bp_remade\no_mip_fixes\ui,false,true,5,remarci_4x,0,false,false,false
00e6b834,a3e72f5b3ecc318b8edb87a5a8a09eff5b937448,72985330ac7a0c073ee715d4666234e33840a3e9,false,ps2 textures\HAS ALPHA\bp_remade\no_mip_fixes\ui,false,false,0,none,5,true,false,false
00e6c056,d6458115a8524e139ae78922a4329e779a43866a,36c8ca286e827ea035d9ab9e207687b73426f785,true,ps2 textures\HAS ALPHA\bp_remade\no_mip_fixes\ui,false,true,5,remarci_4x,0,false,false,false
00e6c1f8,96ef33e03d271e1bc11ffd6172b975742e34eb84,f5bbaf342128a1df6b5b1bd90dec3bf9697d8344,false,ps2 textures\opaque\bp_remade\no_mip_fixes\ui,true,false,0,none,5,true,false,false
00e70eb8,61743b6127259d23991216e2f373239927432f76,306203a88dceac74565224f2090ff3e111697b46,true,ps2 textures\HAS ALPHA\bp_remade\no_mip_fixes\ui,false,true,5,remarci_4x,0,false,false,false
00e718ff,59e96e0d8f73cb66c90b04db3278a71c1bd6e9dd,49344fa57b4a17582722ea59d0baf7aba83bf3ac,true,ps2 textures\HAS ALPHA\bp_remade\no_mip_fixes\ui,false,true,5,remarci_4x,0,false,false,false
00e76032,f23f2d861d34d7aa2c0a96834952f2d82dadbc08,ec5643b6ad0eebd79024a2b084fbc00e7f3fd047,false,ps2 textures\HAS ALPHA\bp_remade\no_mip_fixes\ui,false,false,0,none,5,true,false,false
00e786c5.img,88d2fc70e656b61c08126c681107a1dd937faf2f,e5ada5056af4229f697ae5a19949fa9cb0d2734b,true,ps2 textures\HAS ALPHA\bp_remade\no_mip_fixes\ui,false,true,5,remarci_4x,0,false,false,false
00e79133,83732f63fa638fe5c5dbd17e1c9e778d60ca931a,a5cd0877a51e7e87d0baa0d82322161cedd9f8ed,false,ps2 textures\opaque\bp_remade\no_mip_fixes\ui,true,false,0,none,5,true,false,false
00e84efe.img,374ea18f3ad84a6fb050ff5b17afd0f957d64962,7dfe9724a7db5c486428c6e00a0195c2024d284f,true,ps2 textures\HAS ALPHA\bp_remade\no_mip_fixes\ui,false,true,5,remarci_4x,0,false,false,false
00e874d5,184688b5d87e596a4aa5260eedb35bf7fd8a75eb,f717f36c70c0b1a125ad9a02574ae6d6c4dc8deb,false,ps2 textures\opaque\bp_remade\no_mip_fixes\ui,true,false,0,none,5,true,false,false
00e87795,c4786bd4b87857010d75c1506598c93000ebcf47,21be9afed11d7c207c96f2500899b3e7bee265a5,false,ps2 textures\opaque\bp_remade\no_mip_fixes\ui,true,false,0,none,5,true,false,false
00e88014,45edbae361217c61d4e07babcf3e73c0ea753e5d,92b6b98733fdf6881209492c49eb84b6004bb218,true,ps2 textures\HAS ALPHA\bp_remade\no_mip_fixes\ui,false,true,5,remarci_4x,0,false,false,false
00e93f19,3eba5b4ff1a6ee62fdb6ecbabcae34870803dfae,137bceb14afe0e853a28fc077bff88c7cb58cff5,true,ps2 textures\HAS ALPHA\bp_remade\no_mip_fixes\ui,false,true,5,remarci_4x,0,false,false,false
00e992b7,116a5c5ce408e43d11a9f06ba1761ad5a5f0adcc,8bd06ae6cc6706cec894e67b3ffe9b59ee2e203b,true,ps2 textures\HAS ALPHA\bp_remade\no_mip_fixes\ui,false,true,5,remarci_4x,0,false,false,false
00e9d866,a3aa4064b2a4d555e72166f54e61b8fab3a6dc8b,88d54c9b7a0948eb1526ffae0023f795d3df645a,true,ps2 textures\HAS ALPHA\bp_remade\no_mip_fixes\ui,false,true,5,remarci_4x,0,false,false,false
00ea14b5,b6efabcb9c2d70bc85e1f583fdcde0cb99bb2389,e6f6f9946fba1c16928466f83a13cb8e256a20eb,false,ps2 textures\opaque\bp_remade\no_mip_fixes\ui,true,false,0,none,5,true,false,false
00ea3f19,79386de2867a80aaf012cde36a5b51a5d5efeb2c,7872b92a93430ed3d6eb9a9ddbdd63b58ff976fd,true,ps2 textures\HAS ALPHA\bp_remade\no_mip_fixes\ui,false,true,5,remarci_4x,0,false,false,false
00ea64f4,b2772e0cfef07c898734e0f982721fa91f4e1e6e,d377f612fa1a78781fe07cb14725bfc1a74d0993,false,ps2 textures\HAS ALPHA\bp_remade\no_mip_fixes\ui,false,false,0,none,5,true,false,false
00eab4a9,1a2299742d1e2b7929c0b09d381b4ed7aa982054,0859b086dd25205024213d98ece1346c5f0538e7,true,ps2 textures\HAS ALPHA\bp_remade\no_mip_fixes\ui,false,true,5,remarci_4x,0,false,false,false
00eac0fa,525e3b1b90ba8b72ee0d02f0a9b27cfe793ee437,1b88ca8d2185941b4fb2f063d4e1da50e76c2d75,true,ps2 textures\opaque\bp_remade\no_mip_fixes\ui,true,true,5,remarci_4x,0,false,false,false
00eb1ec3,a5e25e9fa3d919f767b72cb90f2857199bb01124,a567232a34c69e8f2c8245d948641de8455f1745,false,ps2 textures\HAS ALPHA\bp_remade\no_mip_fixes\ui,false,false,0,none,5,true,false,false
00eb3f19,98b56b3351c3729f14ca6a3179c2ed25aed9618f,160d1eb28e080aa4f959fc8037bd35788dd9780c,true,ps2 textures\HAS ALPHA\bp_remade\no_mip_fixes\ui,false,true,5,remarci_4x,0,false,false,false
00eb7ff2,24cb522c9d53f6deceb0a91fc08d0a6106bcadd4,626d507c2f07df10051d2c17b3926fec0cfc1348,true,ps2 textures\HAS ALPHA\bp_remade\no_mip_fixes\ui,false,true,5,remarci_4x,0,false,false,false
00ebbdd9,f0d0713248b48941f7c282463ae0429edde31d75,82ab045a4585365152d920bc3ac8d8324219ee96,false,ps2 textures\HAS ALPHA\bp_remade\no_mip_fixes\ui,false,false,0,none,5,true,false,false
00ebe19b,16c3cae8708023379bd999c840f691958d56b395,af964c9fd591a590fc84fb39a09eba74ec88af61,true,ps2 textures\HAS ALPHA\bp_remade\no_mip_fixes\ui,false,true,5,remarci_4x,0,false,false,false
00ec3f19,a910cc80a7f08645734c43918f88a7190b81cca8,f441aeaa948e9ec9d2b108708ac1b756be689b13,true,ps2 textures\HAS ALPHA\bp_remade\no_mip_fixes\ui,false,true,5,remarci_4x,0,false,false,false
00ecb97b,2ff9e26937323326d1d61db3a480908ce2e6950f,26288265301c0b550893d5b222cd9649ad92f120,false,ps2 textures\opaque\bp_remade\no_mip_fixes\ui,true,false,0,none,5,true,false,false
00ece892,1157875fb66ccfba573c498884a42e3b057d98c3,94aa0892d81a8f234e5d215441481814ed3c3893,false,ps2 textures\HAS ALPHA\bp_remade\no_mip_fixes\ui,false,false,0,none,5,true,false,false
00ecf5d3,422680f4d4e9f7278381db5af98212a4c1edcea0,a511b28cf7a815fe580277c715a9f00d133b9a4f,false,ps2 textures\HAS ALPHA\bp_remade\no_mip_fixes\ui,false,false,0,none,5,true,false,false
00ecf5d4,f0c44c5cf1708af55a9efa061fe8d38fa89b0a3a,e5d7263fe6d781e9da03db9d9bff1f0d7d21cef7,false,ps2 textures\HAS ALPHA\bp_remade\no_mip_fixes\ui,false,false,0,none,5,true,false,false
00ecf5e3,4caea6f4a15617999f897ba0b5c09ed585235a65,3da07b543cfc3cc4e26c26daf222d90d548d479a,false,ps2 textures\HAS ALPHA\bp_remade\no_mip_fixes\ui,false,false,0,none,5,true,false,false
00ecf5eb,cd77eaad72dee37234e441169de3e5020f1d5d23,56f5f893f2791344a745a54135c6b6568f191971,false,ps2 textures\HAS ALPHA\bp_remade\no_mip_fixes\ui,false,false,0,none,5,true,false,false
00ecf5f3,c1bd734f1d60db6bd55d294dc2f570cc73bb2065,bbad338ef8cde43d27cb549321b991aa3a089a65,false,ps2 textures\HAS ALPHA\bp_remade\no_mip_fixes\ui,false,false,0,none,5,true,false,false
00ecf5f4,fdf6ee80c4dee89782f64197a3f86c581045507a,ea74b249ad8061147c50f1c1e304401cf07f9ca0,false,ps2 textures\HAS ALPHA\bp_remade\no_mip_fixes\ui,false,false,0,none,5,true,false,false
00ecf5fb,444c98f25c37445105440fbeede7f21dc3296f8d,9f26697b81733229288064a53bcf7dc1324cd7cc,false,ps2 textures\HAS ALPHA\bp_remade\no_mip_fixes\ui,false,false,0,none,5,true,false,false
00ecf603,1928c2ce1780f3ba374be590b796fea6f95f20e8,ccf3d1da09434f1de9d61ff8b04decd7ccf47a58,false,ps2 textures\HAS ALPHA\bp_remade\no_mip_fixes\ui,false,false,0,none,5,true,false,false
00ecf604,778d9d41c728a2563d9c4907a283813696b76d61,544d3928371f13a9581c51eb05137e440cb7109f,false,ps2 textures\HAS ALPHA\bp_remade\no_mip_fixes\ui,false,false,0,none,5,true,false,false
00ecf60b,cb6c44b4b609aa914d79947905e1728ca60fe4ce,8eb23fb63548254493e1a1a3474663fa0110ba9e,false,ps2 textures\HAS ALPHA\bp_remade\no_mip_fixes\ui,false,false,0,none,5,true,false,false
00ecf613,261feea8fc0950d9326561fb74e136fb7ce1303d,54091f4731d575e1b11da881f776821537e6ff88,false,ps2 textures\HAS ALPHA\bp_remade\no_mip_fixes\ui,false,false,0,none,5,true,false,false
00ecf6fb,7ef7ff9884e2495965b7465bd291912bb65955e9,7ba3d21bc33a9e22d9ce0bce12f95ba5a216d421,false,ps2 textures\HAS ALPHA\bp_remade\no_mip_fixes\ui,false,false,0,none,5,true,false,false
00ecf70b,b657be0bb1a211a312cf233b00f101d24d0c8318,f9fd759822aaebf4ede0dd040802f409602cd1ab,false,ps2 textures\HAS ALPHA\bp_remade\no_mip_fixes\ui,false,false,0,none,5,true,false,false
00ecf71b,5ce01e6e5e3cceb5d1936acebaa9a1bf7aaa6f12,884efe6ac52e8e483dc850b5e1bc675f29c0d4ce,false,ps2 textures\HAS ALPHA\bp_remade\no_mip_fixes\ui,false,false,0,none,5,true,false,false
00ecf7d3,0b6ce8c99d454b644bb9b5d17ec4badbd9f35495,27f6d87745ea160890b519e17e131e3e29dc97af,false,ps2 textures\HAS ALPHA\bp_remade\no_mip_fixes\ui,false,false,0,none,5,true,false,false
00ed0675,1bda994f64718aa74d26160c102d6d6538cc8587,2b84b6104eaaafc093ed20bf2ade757323c3ae22,false,ps2 textures\opaque\bp_remade\no_mip_fixes\ui,true,false,0,none,5,true,false,false
00ed3f19,a796a2ac733787342b5b62f779047cd77251af73,9792263982c35aed38f4c8c23c0ca80e34024bc0,true,ps2 textures\HAS ALPHA\bp_remade\no_mip_fixes\ui,false,true,5,remarci_4x,0,false,false,false
00ede1ab,a470181cc2853d7ee052de56d307c60e8f48726f,368b82a09b5b67864e725d1c1158c4e48ffe394b,false,ps2 textures\HAS ALPHA\bp_remade\no_mip_fixes\ui,false,false,0,none,5,true,false,false
00edf1ab,29793c35e8f1a12eb02d7fa955bcc8c98c1447a2,945726f2a3921b6f25a31feb6c7952e77f3e4ba6,false,ps2 textures\HAS ALPHA\bp_remade\no_mip_fixes\ui,false,false,0,none,5,true,false,false
00ee01ab,27b829a4f956b81c437b1982f46a8a5cb025ec88,252fe156cda7b2758d8d24c59208501a66e617af,false,ps2 textures\HAS ALPHA\bp_remade\no_mip_fixes\ui,false,false,0,none,5,true,false,false
00ee2a62,68a9f0ec27965171478619a3b42e59080e74b01d,534ec7a3259242961ae9b00aa3dfb31d6461e4fd,true,ps2 textures\opaque\bp_remade\no_mip_fixes\ui,true,true,5,remarci_4x,0,false,false,false
00ee3f19,2a70fb0625a8403a72d428a8927d2fcfb451b763,0bc99a8909dc206a4b737926542af522f4ba3399,true,ps2 textures\HAS ALPHA\bp_remade\no_mip_fixes\ui,false,true,5,remarci_4x,0,false,false,false
00ee44ea,dd9ae55926c7e5c9ac05623a299b5f8f02193ea5,ee5314ac5fce477bd4b46082e4b4ad476cd68dd2,false,ps2 textures\HAS ALPHA\bp_remade\no_mip_fixes\ui,false,false,0,none,5,true,false,false
00ee72ae,ecb34a56d7297fe9afa9cce4df5253432b09180a,36e46b5fe039a358cd6bfba99f9ab4c36fa6ac39,false,ps2 textures\HAS ALPHA\bp_remade\no_mip_fixes\ui,false,false,0,none,5,true,false,false
00ee72b2,18f9a67c58d2cb9b3b2ea4b22f62685bf8acaf58,e4744836bdc04a6ad0e05d696e35e1435be0e404,false,ps2 textures\HAS ALPHA\bp_remade\no_mip_fixes\ui,false,false,0,none,5,true,false,false
00eec4fb,534131cdb1fe81ec4542130592ac415d8f93d169,46a80ccea8be904f0ae319ddcf8d05caf86d128d,false,ps2 textures\HAS ALPHA\bp_remade\no_mip_fixes\ui,false,false,0,none,5,true,false,false
00eeef16,b08b89b750d5e49af188a5f00031018eb8fb81dc,fca36bb596cb20a0e3ea0b7cf0b2cc4f071bbd45,false,ps2 textures\opaque\bp_remade\no_mip_fixes\ui,true,false,0,none,5,true,false,false
00ef3f19,0041b0ae3d34f9cb31d5d410fa86999a851faa97,b32c829f31658fd84939a37e0b6c4b49f0741c08,true,ps2 textures\HAS ALPHA\bp_remade\no_mip_fixes\ui,false,true,5,remarci_4x,0,false,false,false
00ef72ae,687d1933e28319a750135855d43a228b5b01aef5,40e1e9e75d510a8d604dd0aeff22bb599f5f0d3b,false,ps2 textures\HAS ALPHA\bp_remade\no_mip_fixes\ui,false,false,0,none,5,true,false,false
00efa302,4a65d66de64a3b6a368a5736ef71cba8223c25b7,8554cd175c7513cdc39a552005f1e1f998d5e04f,true,ps2 textures\HAS ALPHA\bp_remade\no_mip_fixes\ui,false,true,5,remarci_4x,0,false,false,false
00efa8aa.img,91311e4e56f006d5ef3601c882fee422398bef23,7219fcfff750570058fddddc955e8121c6b06644,true,ps2 textures\HAS ALPHA\bp_remade\no_mip_fixes\ui,false,true,5,remarci_4x,0,false,false,false
00f03f19,077a52c8f6bbeddfa84e048e4c73671c756a41d5,2c430754b48ecfb2b07595fe415c1e482a50526c,true,ps2 textures\HAS ALPHA\bp_remade\no_mip_fixes\ui,false,true,5,remarci_4x,0,false,false,false
00f072ae,93787f128a92cd864dd1544420d92ff327945e27,6e93099bb2d655d2ec3ac70747debb7d44b1c8a4,false,ps2 textures\HAS ALPHA\bp_remade\no_mip_fixes\ui,false,false,0,none,5,true,false,false
00f072b2,66b5906072a6913e2fcf4297ecc7e01169a784c7,2f80790240d7ff8cb62ddefa3ed101377b9dd02f,false,ps2 textures\HAS ALPHA\bp_remade\no_mip_fixes\ui,false,false,0,none,5,true,false,false
00f08e96,524cef1fdaa3febb9f189e84c68ef5e49502911e,c699c98b4394816ed879c14ae17e1e0223481feb,false,ps2 textures\HAS ALPHA\bp_remade\no_mip_fixes\ui,false,false,0,none,5,true,false,false
00f0a515,2d1522a0f4b875494749314b82dac6c10f925ef1,213104e2f12f83a8ab7c40bde6edabf1547f9682,true,ps2 textures\HAS ALPHA\bp_remade\no_mip_fixes\ui,false,true,5,remarci_4x,0,false,false,false
00f0c0b5,9beac2fed74206334b84eeb065cca9c8f7d7f559,2007dfcafaa7e98e17601b7c1d68140d7528c181,true,ps2 textures\opaque\bp_remade\no_mip_fixes\ui,true,true,5,remarci_4x,0,false,false,false
00f0cdf4,b82929cd9bb76f418ad0cb095af2786eb24519bf,b8faef14cd54581e0daffeb694c92a5fd4012ee0,false,ps2 textures\opaque\bp_remade\no_mip_fixes\ui,true,false,0,none,5,true,false,false
00f13840,8d0a2baaeb3d36f2cf17f20bac5b9a0435cffbce,1def86db7e7a1a2faac942af4288e204a670f4aa,false,ps2 textures\opaque\bp_remade\no_mip_fixes\ui,true,false,0,none,5,true,false,false
00f13f19,1c266d7e5709342e4a910b3eea889ea7a1378a5d,9b5f54353737d2b43b0ea04790bac1f756c25b0b,true,ps2 textures\HAS ALPHA\bp_remade\no_mip_fixes\ui,false,true,5,remarci_4x,0,false,false,false
00f141ca,0880d0ccfdc351ea0e69125a50a90a441685f4f0,1114c96675aa7e265933a5401c356bb601fde436,true,ps2 textures\HAS ALPHA\bp_remade\no_mip_fixes\ui,false,true,5,remarci_4x,0,false,false,false
00f15ea5,bf09264f07eb1ce6b86184379737f0b7927fbf96,72f2a1f50ca6d7fcc4ecbaf4e1943dba6cc62a7d,true,ps2 textures\HAS ALPHA\bp_remade\no_mip_fixes\ui,false,true,5,remarci_4x,0,false,false,false
00f172ae,3cfd20abe32daac4e0596fe825828562d99b1907,a3e377b7df72c6f0795ebd37223bb0b171bc6081,false,ps2 textures\HAS ALPHA\bp_remade\no_mip_fixes\ui,false,false,0,none,5,true,false,false
00f172b2,bc3221cf4fc72bd700833ec872c383f064172c37,26dcb9fe2fd1c2c8c5cc50f4a97367d9e3d86dff,false,ps2 textures\HAS ALPHA\bp_remade\no_mip_fixes\ui,false,false,0,none,5,true,false,false
00f1e626,5cb90dcead0cde2148172299e020ba737080b106,403a8c77a3f366452b98b16e5b0cc1c6b061e7e8,true,ps2 textures\HAS ALPHA\bp_remade\no_mip_fixes\ui,false,true,5,remarci_4x,0,false,false,false
00f25afc,e48035d50b512f8005bf9ae3af6a80ad4267574d,cba14ed54c36e3f27ff3d1dbf9c24449ce0dfa9d,false,ps2 textures\opaque\bp_remade\no_mip_fixes\ui,true,false,0,none,5,true,false,false
00f28845,3a486a260e79a90a8bf025b353784eeaca3594a2,94b56769ce0c24dbfa4ed51fd0f72734cb1213b4,false,ps2 textures\opaque\bp_remade\no_mip_fixes\ui,true,false,0,none,5,true,false,false
00f30f4f.img,cf8e8edad9608926decb3993bcd921bc10911d0b,335d4bca9be8b0ca7d9b8e13784e3b39f67ba414,false,ps2 textures\HAS ALPHA\bp_remade\no_mip_fixes\ui,false,false,0,none,5,true,false,false
00f3777d,53ab2f7a48b8086ebd9154c0d28da6c0364dc8db,f204b344a5d5bb621472ce2aca4ce509aeaf036c,true,ps2 textures\HAS ALPHA\bp_remade\no_mip_fixes\ui,false,true,5,remarci_4x,0,false,false,false
00f396f6,db8570c21fd8db03b49d412006b057a645dc52ae,55fd902c18c776e769e870cea2a6894b9470f7a3,false,ps2 textures\HAS ALPHA\bp_remade\no_mip_fixes\ui,false,false,0,none,5,true,false,false
00f39b44,0781b1ffb5400ecf8851d0824f5aea34fabeb129,e34cfee3c23ad8e4982d153525daaefe2c74a607,true,ps2 textures\HAS ALPHA\bp_remade\no_mip_fixes\ui,false,true,5,remarci_4x,0,false,false,false
00f40f4f.img,ed9e5413e3456c4e4913a698c50035a30935277e,70079565349d02330b3c2668fa4ee40fd2d4c2c4,false,ps2 textures\HAS ALPHA\bp_remade\no_mip_fixes\ui,false,false,0,none,5,true,false,false
00f43b63,c890091f493d4cee5c2217d7dd3f3a1724c295b5,1a9396d4a7540ca3be6ead3dec68c73c7f5a66d6,true,ps2 textures\HAS ALPHA\bp_remade\no_mip_fixes\ui,false,true,5,remarci_4x,0,false,false,false
00f54e26,d53717bc2eea4fcb3763315be0cfff602007f52a,36dd01c577f2805f22b3ed9a782026e7709dfb23,true,ps2 textures\HAS ALPHA\bp_remade\no_mip_fixes\ui,false,true,5,remarci_4x,0,false,false,false
00f54e2a,f47ba34c5c10eae1ed44135d8ad0c677c1592968,b47215228d0696f2c6d58b4a42a70809aa35da72,true,ps2 textures\HAS ALPHA\bp_remade\no_mip_fixes\ui,false,true,5,remarci_4x,0,false,false,false
00f54e32,d5bb97cfbad666b5daf0c58207544d53138212aa,38cf206d435d451031f35a239372ffd0ac5129bf,true,ps2 textures\HAS ALPHA\bp_remade\no_mip_fixes\ui,false,true,5,remarci_4x,0,false,false,false
00f5bdc3.img,ae8061be99e5286bf8b00a22463be11d952ba24a,34c285226ea8c8330a032019a1e65a3b05e110ee,true,ps2 textures\HAS ALPHA\bp_remade\no_mip_fixes\ui,false,true,5,remarci_4x,0,false,false,false
00f5cad9,e698aee485605b7c7382ab3850dbd6a768a8efd2,255b773469b1d9c5306431b79ea8c74961c5dc8f,false,ps2 textures\opaque\bp_remade\no_mip_fixes\ui,true,false,0,none,5,true,false,false
00f5d027,4763e1e7e7235b8ddff4b72d96a951fb3f75c047,375b0a9c683e0b31fee2f769be87f4d7a6d3a649,true,ps2 textures\HAS ALPHA\bp_remade\no_mip_fixes\ui,false,true,5,remarci_4x,0,false,false,false
00f5d860,3c8a2d2e18f630b41436feb78844a14e7d18397c,849ac49a3cc6b9a69076dad866ff6b3043b99ffa,true,ps2 textures\HAS ALPHA\bp_remade\no_mip_fixes\ui,false,true,5,remarci_4x,0,false,false,false
00f5df2a,9c8389fb114c88e3fdd0459f9f76463758792084,a89fd50f56a12aa8d6254ed7673502ad0df7c215,false,ps2 textures\HAS ALPHA\bp_remade\no_mip_fixes\ui,false,false,0,none,5,true,false,false
00f5f14a,75632fab1a32e3bb3f8a06811217c1102b2d04be,d6e9d80fba0d1857d44086c5b9c27ebe2fd4bcee,false,ps2 textures\HAS ALPHA\bp_remade\no_mip_fixes\ui,false,false,0,none,5,true,false,false
00f658a8,6064b6c088975da9e8c8e850b1caa8e32914391c,ff771a2d852d572580f8c512f56cedf2f0daf9cf,false,ps2 textures\HAS ALPHA\bp_remade\no_mip_fixes\ui,false,false,0,none,5,true,false,false
00f658a8_2910886775c958a63522f74392665f55,37bcdc8dba60753edab52fbc03c315bbb1d6f109,721510606070cd30df67fb872ab701fc7af61ad9,false,ps2 textures\HAS ALPHA\bp_remade\no_mip_fixes\ui,false,false,0,none,5,true,false,false
00f658a8_ccf2ecc57c27e55e6b678c289169d4a4,9d01e02f57575e4b46241d693b2abb4e8ca4548c,28692d7b26a2376693890d42c3751f5720c0b612,false,ps2 textures\HAS ALPHA\bp_remade\no_mip_fixes\ui,false,false,0,none,5,true,false,false
00f70816,6322a904751c21bb245c983b4829081d3056c2c4,06a80ad5e9965c09f8612c53592f5e7359ba8ef5,true,ps2 textures\HAS ALPHA\bp_remade\no_mip_fixes\ui,false,true,5,remarci_4x,0,false,false,false
00f7c0e9,b570f26b521d115988b02c778e3d84b18e557c60,7d4299970ed4a071e5765d0ada2d5749fbe70a0d,true,ps2 textures\opaque\bp_remade\no_mip_fixes\ui,true,true,5,remarci_4x,0,false,false,false
00f82f4e,1db0e0770f131f65c0795ad8d068ebb54d49560b,ef1ad4b11521b37adceb52a444e2cb7e8039146b,true,ps2 textures\HAS ALPHA\bp_remade\no_mip_fixes\ui,false,true,5,remarci_4x,0,false,false,false
00f841d0,36d3224e9973de971309e6e55357ab50c6720cec,e0425d4ea50f512fc75932e42cbbdf62615f967c,false,ps2 textures\opaque\bp_remade\no_mip_fixes\ui,true,false,0,none,5,true,false,false
00f842a1,4cfd331eafbb2f065c4ef523c4742210bb728af6,37e5c2b141c0b1d01470053661799d121d345d33,false,ps2 textures\opaque\bp_remade\no_mip_fixes\ui,true,false,0,none,5,true,false,false
00f98ebe,dd7cf351e13c6c9d1f84b9f3487ff74e013370de,8008d23bb74768641ec838ac8d13e1d80f058d35,true,ps2 textures\HAS ALPHA\bp_remade\no_mip_fixes\ui,false,true,5,remarci_4x,0,false,false,false
00f98f14,29a031675c793abc3625a886ad8c29edc663b041,e391cfacea66841335b27211305bc9acdfd61d61,true,ps2 textures\HAS ALPHA\bp_remade\no_mip_fixes\ui,false,true,5,remarci_4x,0,false,false,false
00f9cdfe,675a7581bc8b9ff053ec57a3b8732b2aa1527e7c,a3e65f3974c387a2b1f5a5dd45859eb6b7e05276,false,ps2 textures\HAS ALPHA\bp_remade\no_mip_fixes\ui,false,false,0,none,5,true,false,false
00f9d9e2,97787550ca7a2213b5a92a2d877649792821008e,10be0841d163e45f5d1078679a0a79efeb0a5839,true,ps2 textures\HAS ALPHA\bp_remade\no_mip_fixes\ui,false,true,5,remarci_4x,0,false,false,false
00fa2962.img,980660de28a91160eaf57197ff30700c0c5feffd,6514dffd980fe23e638bd268c6b95c20bd5957d5,true,ps2 textures\HAS ALPHA\bp_remade\no_mip_fixes\ui,false,true,5,remarci_4x,0,false,false,false
00fa7bc2,9b604623a1425790e3ea7474941bff2f9f964893,41532f89847754dfdd17dbdf73a73acf1fb0c2f1,true,ps2 textures\HAS ALPHA\bp_remade\no_mip_fixes\ui,false,true,5,remarci_4x,0,false,false,false
00fa7d0a,d22f1cb14448a83273b746254b1b110175fb853a,d183848b86b7ff7c959fa9ba6d247941ffa85908,true,ps2 textures\HAS ALPHA\bp_remade\no_mip_fixes\ui,false,true,5,remarci_4x,0,false,false,false
00fabd5b,3ea8985d13e490fc1a40c2d3b47fa548558f864d,db13a665e2407cbe678b92fae76f61d0284df165,false,ps2 textures\HAS ALPHA\bp_remade\no_mip_fixes\ui,false,false,0,none,5,true,false,false
00fac680,f583c7c5684891df7778d7724b21c20fc66bc36c,a484c6f6dd5c881f7b84b9d7856e7696d3396cb0,false,ps2 textures\HAS ALPHA\bp_remade\no_mip_fixes\ui,false,false,0,none,5,true,false,false
00fac9f9,962d1b490a6687f9f71da961f08c19c42f6a7de0,3dc57079e2de73f3579858bd1d52db2408a4a5c0,false,ps2 textures\HAS ALPHA\bp_remade\no_mip_fixes\ui,false,false,0,none,5,true,false,false
00fb1536,b678fa8aa74dfb26022b2879c9410922ab3e101d,d08bcb1cefedb8df20e234b17f3a675ade7697c5,false,ps2 textures\opaque\bp_remade\no_mip_fixes\ui,true,false,0,none,5,true,false,false
00fb1546,f70eacb2bbfc4babcffb815ab795674800c02b87,d9ec4ee21cc0f540ce169fe7678bd7ffa508d062,false,ps2 textures\opaque\bp_remade\no_mip_fixes\ui,true,false,0,none,5,true,false,false
00fb154e,7dc440bf353fa1a818742ffa9643b38a88518513,963477398730713f4c02276249aecc9fe9ce76bd,false,ps2 textures\opaque\bp_remade\no_mip_fixes\ui,true,false,0,none,5,true,false,false
00fb71c1,16944c5a1b6424ce4531b746540c29d0827882c8,8c8c859cc44336618c35c73182dc897057fd4f10,true,ps2 textures\opaque\bp_remade\no_mip_fixes\ui,true,true,5,remarci_4x,0,false,false,false
00fb98ac,b6ef99ce29ca9236cbe5ff10781d03efb994a6ee,59a0c9f9420732ada2eaf90f0e35b72bffcff081,false,ps2 textures\HAS ALPHA\bp_remade\no_mip_fixes\ui,false,false,0,none,5,true,false,false
00fba63b,726b5b24d82050e1b7afb9ce82a5e4e22b94235a,d7915ea54b0a7fcc8eef80db95be467e94f224ad,false,ps2 textures\opaque\bp_remade\no_mip_fixes\ui,true,false,0,none,5,true,false,false
00fba8ac,83804075f1343c9f9a72624d2749796851b363e5,e9ffe722d7ce6a4eceb544ae5c4b5a8356b89231,false,ps2 textures\HAS ALPHA\bp_remade\no_mip_fixes\ui,false,false,0,none,5,true,false,false
00fbb8ac,37d63c8504541e2603b4ff6dcc9ca36963fcc752,17235c9b5b33dc55d36a3a45a2712ae13d231876,false,ps2 textures\HAS ALPHA\bp_remade\no_mip_fixes\ui,false,false,0,none,5,true,false,false
00fbc0f9,cd13d1293cd7862d3624b53caf0d32bb772719a0,baa24c8a97abb964b782938917fce7b62e9c05e9,true,ps2 textures\opaque\bp_remade\no_mip_fixes\ui,true,true,5,remarci_4x,0,false,false,false
00fbd48a,78089e22ae0e38a9ef6424d07e8ee939a4194ec9,6942eecf12b9c1c1528b7d0e21b5ce01a5997ef1,false,ps2 textures\HAS ALPHA\bp_remade\no_mip_fixes\ui,false,false,0,none,5,true,false,false
00fc07c6,e7a8c58718abb8777bc5b3e3d6c48a1d6038527a,dbd9025cef5a466029b092e58020ae482e3602af,false,ps2 textures\HAS ALPHA\bp_remade\no_mip_fixes\ui,false,false,0,none,5,true,false,false
00fc3e9f,d8947786d3b49cdc7c2412ddefbba743a144ffe9,b186095d5fc539b9db6d92be98835e15497ed6a8,false,ps2 textures\opaque\bp_remade\no_mip_fixes\ui,true,false,0,none,5,true,false,false
00fc4b3a,24fd2bc82346cd00fae797a6376883719fdba490,a7034ac961cb6a583e6a7e4492095faf1bba5393,false,ps2 textures\opaque\bp_remade\no_mip_fixes\ui,true,false,0,none,5,true,false,false
00fc60e2,db66efe6562bda37dcb26cf3b7bbf20492366ff4,a93d74789ee9a1231dd9462fa048bac096ab1538,false,ps2 textures\HAS ALPHA\bp_remade\no_mip_fixes\ui,false,false,0,none,5,true,false,false
00fc7aa4,0381a83c476dcff4ede85554830c0b74cdf7ede1,974eac92279f07042dfee5e6dcadf4e1eb866b25,true,ps2 textures\HAS ALPHA\bp_remade\no_mip_fixes\ui,false,true,5,remarci_4x,0,false,false,false
00fc990c,65a3c15829d47919f3e55671ed026f97b8b05653,f117583cbeaba09d60298e6b8768a0df113b6233,true,ps2 textures\HAS ALPHA\bp_remade\no_mip_fixes\ui,false,true,5,remarci_4x,0,false,false,false
00fcb0f2,6de33cec09b20212b7d47679e069575f696d3122,e0077e2e99e9de8e7ed594c04ef8c6b5eb27abde,false,ps2 textures\HAS ALPHA\bp_remade\no_mip_fixes\ui,false,false,0,none,5,true,false,false
00fd2f53,0d7763157b968371b63c5a6e348633950cd1bca9,5a9954d7cbd33ff976ed276e8c21fad62db7aced,false,ps2 textures\opaque\bp_remade\no_mip_fixes\ui,true,false,0,none,5,true,false,false
00fdf8f3,86ec0e2110b706e68322042438d6d72f9928e347,69f0d71c84d90c754b10ce1670bc116162a3e2bf,false,ps2 textures\opaque\bp_remade\no_mip_fixes\ui,true,false,0,none,5,true,false,false
00fe3dac,ab574c406ebced7721fda612f3c91fe6835872a3,811b16c2a8bb3a50ce0eaba0f59f527772f9ce01,true,ps2 textures\opaque\bp_remade\no_mip_fixes\ui,true,true,5,remarci_4x,0,false,false,false
00fe44e5,6c6f825964b3f81364ec4f813ca8a9d0a11ce703,228c2b86a8078104b17a4168897aeb7c0ce4bed8,false,ps2 textures\HAS ALPHA\bp_remade\no_mip_fixes\ui,false,false,0,none,5,true,false,false
00fe965a,691e8d980d1df99226b75cb7a0fa4e068baca223,cc43bb09d32cb86bb5886a0aaa2d2078dd1f3500,true,ps2 textures\opaque\bp_remade\no_mip_fixes\ui,true,true,5,remarci_4x,0,false,false,false
00fef3d0,4f877db9431be84213be8155ff9ead08e3c7c2c3,c65b5cd97a275662eca3bc726692af2dc1ede4ab,false,ps2 textures\opaque\bp_remade\no_mip_fixes\ui,true,false,0,none,5,true,false,false
00ff5a67,bfb7f0236b4d23dd3842c3869fced02c28e6dd52,1f45a4c01fb92eda1deffeea0dad3d57df5f4764,true,ps2 textures\HAS ALPHA\bp_remade\no_mip_fixes\ui,false,true,5,remarci_4x,0,false,false,false
00ff887f,c6b75d352d799af242cdd00062e85983fbd462bb,57a0372c18de0b76a2ef83ac8267d9cabdb78e93,true,ps2 textures\HAS ALPHA\bp_remade\no_mip_fixes\ui,false,true,5,remarci_4x,0,false,false,false
00ff94d4,4b6cd00c12d46c89f35b4945be301ea953cb7551,65bf424dc91d3ee99c2b1765f20f23ce5fd91468,true,ps2 textures\HAS ALPHA\bp_remade\no_mip_fixes\ui,false,true,5,remarci_4x,0,false,false,false
bp_x_and_a_buttons,c7bfc9c0f8379cc63bc67e9337b36a0c0ccfd68a,75126c4049d7ccddd9d9e5db61cb2c1105ee9cf6,true,ps2 textures\HAS ALPHA\bp_remade\no_mip_fixes\ui,false,true,5,remarci_4x,0,false,false,false
v004a_soil01_yake_rep_mip8000.bmp,2bf60de7b8e23f938ff281b7baa39b49628d98d9,c6807d134429a7dd0ad467ad069e22b6df4123f3,false,ps2 textures\opaque\bp_remade\no_mip_fixes\ui,true,false,0,none,5,true,false,false
zro_def_eri.bmp,f5ad8388065db943b9949530bc1d1551924c2a6c,c1abf2e7d0c098caa4ad657526e853d215676002,true,ps2 textures\opaque\bp_remade\no_mip_fixes\ui,true,true,5,remarci_4x,0,false,false,false
