filename,before_hash,ctxr_hash,mipmaps,origin_folder,opacity_stripped,upscaled,upscaler_version,upscaler_type,ctxr3_converted,non_upscaled_version,npot_resized
0003a157.img,ad19bcee5657b3bc0055f5e3d0b5431977acdbf6,4e532e4ee0dd73070fbf523f116054a67dae41f0,true,ps2 textures\opaque\bp_remade,true,false,0,none,false,5,false
0003a157.img_03f17ff9395846ea5bf936552c3b988a,5389da2c30305e6b7b6e595620efe394a94ed98f,451856a32260c7527bc1e83d5e11ce68be2bb597,true,ps2 textures\opaque\bp_remade,true,false,0,none,false,5,false
0003a157.img_072734442395aa77b4dc73a300e14635,a08be4b149f95965fabc915097010497e30f775c,7c2eb517f1d0803b3af4250a6d466a612b53af23,true,ps2 textures\opaque\bp_remade,true,false,0,none,false,5,false
0003a157.img_079c21f87c2396e85d5f7c82637e7352,18ac4a8461e014f5b87ba4ce2f5a358fe5e48a25,bb782fcb265070c423cacedc0b552b79e0899b4f,true,ps2 textures\opaque\bp_remade,true,false,0,none,false,5,false
0003a157.img_185cf90c2eaa2eef3aeb870ec4834671,bbece4eaec1e3a8f47a2aa29d09fdaecfb89a7ac,b81164fadb886b1ab71ead0b2429835a2cfc8460,true,ps2 textures\opaque\bp_remade,true,false,0,none,false,5,false
0003a157.img_1ba470027dacd7c10adf661610dc04e1,e34cdb6f612d612e164067a2ddba43fda4f11a25,d57a9f41cb55f86a7273f680e93ceb0c7c8eb37b,true,ps2 textures\opaque\bp_remade,true,false,0,none,false,5,false
0003a157.img_1ece3f27cf607206241327a91b57c89d,e38d69e1f1bba3e514b0a402a2a2e7055ca568cb,1c060db949d99dfcc9bed95f3d4e5ae3ab20c8cc,true,ps2 textures\opaque\bp_remade,true,false,0,none,false,5,false
0003a157.img_2be35633bee586cebc75a438f0e6e4e2,f493418340dbf37d89c8e053a28b787cd455144c,b87f8ee2d58eeea34fe1be62fbf8f4fb21228b3a,true,ps2 textures\opaque\bp_remade,true,false,0,none,false,5,false
0003a157.img_3175e6874d78a2e57eb432e68c004751,8f373e2b5a21a433b05c6fc2bfabad656ed9aa40,3ed148d6fe87122d06b6839922fc7f112846fa67,true,ps2 textures\opaque\bp_remade,true,false,0,none,false,5,false
0003a157.img_335003ac512d622e8ff81548074823df,15643b48880abbf058fad6933d46d219fd2f58a9,8e2a8beb9a446783bc6da97384d693d2a587e4f7,true,ps2 textures\opaque\bp_remade,true,false,0,none,false,5,false
0003a157.img_40340683d6a287e2af39d3760e2162ee,f290d2dc25ec22cca386ddfbf4081ac5d42394b0,be37292641e3f08718972a2c5d0e547b211aaaf9,true,ps2 textures\opaque\bp_remade,true,false,0,none,false,5,false
0003a157.img_42c8b0bc2f3455093d90a25729ed91b4,7772b4e27e592afbb2373db5c40d5f77ba27e0d3,3bf20329a4297d244d22a640ad7df4c70585dd79,true,ps2 textures\opaque\bp_remade,true,false,0,none,false,5,false
0003a157.img_4344dd0f107c82e1ab241f4f84165e45,563fcfd92acf3a5b4d1aba8ce3a670e62bdf5bd6,68e6b6d4dc59cc0ec9a9f19e01e6179107e21b8a,true,ps2 textures\opaque\bp_remade,true,false,0,none,false,5,false
0003a157.img_4b9c199f7524b4531a399cdcae08fec1,00f3d17ea550547abfbf3cf8b0b9fb4ef53afa8c,fbea2c5ebd909656e854419aa5928450d834b73d,true,ps2 textures\opaque\bp_remade,true,false,0,none,false,5,false
0003a157.img_4ca343a31ddc4dfa5528cda5ec7f111b,5eaf569cefe9ba5c99ea300222cf413ef47c6dbc,2f1b0c30907171651cc67bbdcb107d0f3eeecf14,true,ps2 textures\opaque\bp_remade,true,false,0,none,false,5,false
0003a157.img_4f9b6c4f12bbb06f5abff743fcd1085c,4ecdfdd74e0ae73d4ae3d0ee383acd4eead84fef,ede1c89f97892fd920a16762e83307ffd140997b,true,ps2 textures\opaque\bp_remade,true,false,0,none,false,5,false
0003a157.img_5667dcc8ac21297c981a8ec40fbe8c19,1131fac61bf06e9b20759a312287b4eebf0d2047,350422cfcd482100b4ecf376345eacaa79fb1b80,true,ps2 textures\opaque\bp_remade,true,false,0,none,false,5,false
0003a157.img_56df4e5f35dee2941e00cbdcacd04fd1,d8e0020a845ceed01f123971505713ebc8b47ca6,ca77931d733831653df8c468f57f42aa78d2a70e,true,ps2 textures\opaque\bp_remade,true,false,0,none,false,5,false
0003a157.img_5aab7ee976ca7144ad954ec48d7f93a4,66d6748c264270805802633295127a08a946db0f,94d401cce268cac84060c7d2ac5a71defd7604f5,true,ps2 textures\opaque\bp_remade,true,false,0,none,false,5,false
0003a157.img_68d061fb998272c35600430d51659598,222c8a329e6a6d5805460fb8192016aa4f006782,7fcf7911dc74fc421b4231d748cc5b4b41a8df68,true,ps2 textures\opaque\bp_remade,true,false,0,none,false,5,false
0003a157.img_70d31f246558c4f580b0374defb6bdb2,c94f82712ea2ecb1c845a44d32c6ac07645f10f7,f4a7ce9674fa100bd80bbbd531953a234de71e80,true,ps2 textures\opaque\bp_remade,true,false,0,none,false,5,false
0003a157.img_7f44ac4b5710b0a4e618d21d87b63de1,90d7f852114adf3303e9a0af1be87a6ce78570ef,5465b50a5d8beceaf324c1b6bc0d41a5048724bb,true,ps2 textures\opaque\bp_remade,true,false,0,none,false,5,false
0003a157.img_89fb46309dec3e73cf0af435d75612bc,2aa4fa9c2aa0ce1bdd1e5404d8cd1c5ac74a8945,81bd815efa20f9ebdfbc851c643212e1541558c5,true,ps2 textures\opaque\bp_remade,true,false,0,none,false,5,false
0003a157.img_8a1bf389847c5277575f65a87d707776,5a2053d3f059d42b03648cb74ddc4faaba6e59b7,c7d8d33b238d94c1acf0edc78c6d4051994a6d56,true,ps2 textures\opaque\bp_remade,true,false,0,none,false,5,false
0003a157.img_8ce501972e9b7908be5585cdfc2be0a4,66315701d7ed1281fb0990405539e2ddc2bffbd8,b7a35e5245e140e5b77ae3b055b3f310bb1480ab,true,ps2 textures\opaque\bp_remade,true,false,0,none,false,5,false
0003a157.img_8e47400085fdb32a4b0d7074929174f7,b7782df583014f2020c2cdf4e5f70181446f2ed9,9bf57ef64080b70709eb3f6affa5c1fd763cc835,true,ps2 textures\opaque\bp_remade,true,false,0,none,false,5,false
0003a157.img_938598d4a616f43eebbcf7870bb3a641,9ac6aa825e23552aec187862d39867983b2aa346,d825cf11b1e88de93946a40e4f2801e5ad949ff4,true,ps2 textures\opaque\bp_remade,true,false,0,none,false,5,false
0003a157.img_b5f0a7ccc931259672c395e02daf5c4a,0917f5b24231fe168bef30708e789bd202e968ae,c67e6372c1ab9e75ff6f71c25009b4e635d13a26,true,ps2 textures\opaque\bp_remade,true,false,0,none,false,5,false
0003a157.img_b8e21cf55f0d808db1b31817da1b8d12,12dd76bdd9ce2c2a46bc56dbdb8ec1d6b4a050e6,d478c110decaed5bb5f73f773218a58a207bd219,true,ps2 textures\opaque\bp_remade,true,false,0,none,false,5,false
0003a157.img_bcf56bfe3db15abfc750268e7f5174c7,dac2f4f9bf4b7d1d9e0831daaa1f4bc7027ef501,ca831927a06216ec58c267cb80eabe1654579f01,true,ps2 textures\opaque\bp_remade,true,false,0,none,false,5,false
0003a157.img_c5891bd5da126da6f5e76224cbcd00b0,fe76dfea41079d782673bf396fce16e1e968371c,7e168234f122353e4eebe0b2bdd51593ee21cecc,true,ps2 textures\opaque\bp_remade,true,false,0,none,false,5,false
0003a157.img_cb75a58f0c068f44d888ce45e65894af,e8715f411ea0f4ed90c5d7857fe42dfcb4528dc2,e7481ee39825bae62456ff0bb2236ccab1c8095f,true,ps2 textures\opaque\bp_remade,true,false,0,none,false,5,false
0003a157.img_e24452b395efe665c10dd879c9efd649,1782029e24aff690518b72b03b4e87ef27b963f5,19bd67877227a74ef08bc12566620fec47bfc5d7,true,ps2 textures\opaque\bp_remade,true,false,0,none,false,5,false
0003a157.img_e4856e14c95d0d7d93a4ef11546df433,0b0de5d4a05f6b2d3c03db6aab309e4e60127345,da4c62d32fb4ad689aeb0451229f739fda9bc00f,true,ps2 textures\opaque\bp_remade,true,false,0,none,false,5,false
0003a157.img_e88c0cb5c7f3449120f1f1f62980cdf0,7512b5e2a214bf8c6d29cb282f7b97947b06d7d2,43ba1333f6f13f56e06ffd04b1d786baff00ef9e,true,ps2 textures\opaque\bp_remade,true,false,0,none,false,5,false
0003a157.img_f0a023edf77daaaa485f569e28b23488,46688b7c70a1b1891cac986d97315cf6143dbc23,6ea8b8d4925cb47a75c778399bc3dd58d19382c2,true,ps2 textures\opaque\bp_remade,true,false,0,none,false,5,false
0003a157.img_f327b39ad21edb1d0512ebe14c8315c5,88c6b149aaa7fae3382e1bd8952e76f8eb3f992a,88db117e0154ac1b85aab275171af86959c5cbf3,true,ps2 textures\opaque\bp_remade,true,false,0,none,false,5,false
0003a157.img_f338b1aa17146d40502eb55896857452,747b3356a2a496afa6fba3314278fd54702751dc,1c8420da7d0dd9d3fe6cb2b6019fdae37af100ea,true,ps2 textures\opaque\bp_remade,true,false,0,none,false,5,false
0003a157.img_f3a959460eba4c009e7c4033581abb86,542fad7494845077ff4c7e7f1a275836920b14ae,484962b67535d7bf27987fe3fe4c450343d4261d,true,ps2 textures\opaque\bp_remade,true,false,0,none,false,5,false
0003a157.img_f4d589d12767497bfeb21185f0ec710b,367acb439be541dde86a27ce33483fa252e53fa5,d8135382d577eb627504906ae1879ccee3b3dbf8,true,ps2 textures\opaque\bp_remade,true,false,0,none,false,5,false
0003a157.img_f86a2cbae5c969c4f37a6ef62ff21901,493d6731fd02e0e7fa93c775cd86fea6b8dea156,acc1ae178baf04932551c169b543819d68d6d748,true,ps2 textures\opaque\bp_remade,true,false,0,none,false,5,false
0003a157.img_fe7cce545d819c784fd506cca4c9d7d8,f2ff484e92bcfec20289ef60e42c6689bec8db16,da505f3b4b83941aea56c1452cb6074b21597627,true,ps2 textures\opaque\bp_remade,true,false,0,none,false,5,false
0029ee67,23cfd3692b8dc827bca4045849590df0ca3d048d,306d6c327d98df31e20fdc56837477dddb290ddb,true,ps2 textures\HAS ALPHA\bp_remade,false,false,0,none,false,5,false
005930ca,4516024fa03f8cad7cd7ebab9cce5ff28fa8f51b,171eb77e9247f596bbbf44dc604bfd69536fc9ff,true,ps2 textures\HAS ALPHA\bp_remade,false,false,0,none,false,5,false
005e4593,8e8cee37b6497c80ba07b550820aed09cbc83ebb,2d0614cdb8bf789d1f13cf9c8f602cf898a25b43,true,ps2 textures\HAS ALPHA\bp_remade,false,false,0,none,false,5,false
00765dfa-sna_def_olive~0063d2755986c53e88ca8238dcc91517,2aa7f371a16bf7b52ed0d76555c6a3a64fd92c0b,2dfc461229bbb1025dd2d8b44f3d98d2fd384463,true,ps2 textures\opaque\bp_remade,true,false,0,none,false,5,false
00765dfa-sna_def_olive~11b6c529be02c7be258feb2b9c0d765b,b79fe0c342eb5af294c0a15a61cedce1d6df797f,a8c723f0ce9168e11990d17b545a4a4bcf059423,true,ps2 textures\opaque\bp_remade,true,false,0,none,false,5,false
00765dfa-sna_def_olive~226720d60bf32248d4b2ff4d91332ff5,2cd36843dbb810bf5f95a19d728fd11507a5b0b0,bdde208cd5bc000d6a6eff321b97d977d84fe9b1,true,ps2 textures\opaque\bp_remade,true,false,0,none,false,5,false
00765dfa-sna_def_olive~25834abebf04d0988daad5bf2794029f,cfe819ece9a756d2a0144f67c667d0a6b8ecd135,9d683c48827f3114e78b139638300f4ab73037b6,true,ps2 textures\opaque\bp_remade,true,false,0,none,false,5,false
00765dfa-sna_def_olive~3899b0451a9bf3a066c06607da896be5,0ce8a749efc1b0f1d0c46de5389c917b6d6ddc11,aa55de6ce5995ffb064c2b454d488bab81484e11,true,ps2 textures\opaque\bp_remade,true,false,0,none,false,5,false
00765dfa-sna_def_olive~595bccc37f7fd4e109580710c4e05ace,dfcaced94e9851ed633c50045911b582d6ece216,fe553ddf3fccc632c294e36d9f3064b28b9228dc,true,ps2 textures\opaque\bp_remade,true,false,0,none,false,5,false
00765dfa-sna_def_olive~5b3d1598f27e95be7e3c4707df16c674,d49d9e29064471ae943a4bda6f6a9449ee660c33,fed63b661d26b00f3e55eb3618b729b024e2263d,true,ps2 textures\opaque\bp_remade,true,false,0,none,false,5,false
00765dfa-sna_def_olive~86d6763dde8ecfc17f0757fd8e4ef306,dc1468bab89b9346a147c5da3aa589ae49de0ab4,822b9ccd07473ce49c8cdcfd7397e28f40d2fe82,true,ps2 textures\opaque\bp_remade,true,false,0,none,false,5,false
00765dfa-sna_def_olive~9d26662c63d25efb0d45047f2138adde,a49981c7f6be936dc53159ad7be5d48209cbc34f,a42b83eded37a40feb77f1c86ad9fe327c390b2f,true,ps2 textures\opaque\bp_remade,true,false,0,none,false,5,false
00765dfa-sna_def_olive~a921b3a31002786d9ab96ce815775207,61385bded1afb9a53930c82be1e466d99dcd9061,79d8655f14cec219a80d27f5f4e8c399b0d718e1,true,ps2 textures\opaque\bp_remade,true,false,0,none,false,5,false
00765dfa-sna_def_olive~aa50c1cc5d6b4a104c9f98591f5fe392,cabce7a6d97ac52ca6fc048e021e11f560972c2c,3584679e12043e372e4f855360857bee21268a35,true,ps2 textures\opaque\bp_remade,true,false,0,none,false,5,false
00765dfa-sna_def_olive~bf83de4607fa1858fee936ce855f1bf2,0542e9705a97dd6457dd046de1f93e978ba6fb6c,92a14386eb1f4a272fa3aae43656d569c9115ec5,true,ps2 textures\opaque\bp_remade,true,false,0,none,false,5,false
00765dfa-sna_def_olive~cd4b56738f492778c2200038dc1286dd,f5c1f05fa199f90ff98b8bc6d4d5ea689375c449,83f98208ec09e76904b3a58f16ecf32646cd6ed2,true,ps2 textures\opaque\bp_remade,true,false,0,none,false,5,false
00765dfa-sna_def_olive~d4d384d014eaf51ba3c47999300d13b6,d100990e7158530718c40a067685a7b9fc846844,2bbd134020d2b4932ced6970a7909689ecf0a44f,true,ps2 textures\opaque\bp_remade,true,false,0,none,false,5,false
00765dfa-sna_def_olive~d911c904e6c6ec906da9f684a40302be,00a4853fcb6166a05e82283d5078995dc40792c8,fc8329192387ab7edbd652daa10acc062b5af52d,true,ps2 textures\opaque\bp_remade,true,false,0,none,false,5,false
00765dfa-sna_def_olive~e13e0de15eb8f17eb8b7cdcc907a8c73,8b887d3032fcf43083787d5c0cb5891374a7b8f3,952d720528a60ec7a12d1b2f500777bbd9aa8ad4,true,ps2 textures\opaque\bp_remade,true,false,0,none,false,5,false
00765dfa-sna_def_olive~e5992dad6ebeda010e8d35d02c628c98,40364d63f887308c50ded6430c21dd05e5bbd97e,81259ff887998a2667297ee37b3db07dc2523e8d,true,ps2 textures\opaque\bp_remade,true,false,0,none,false,5,false
00765dfa-sna_def_olive~fe6f8be43a9b674bd5151a36957fbfa8,65dea645417c2901faf64dc4418233a2ce1dd140,f50fadcb8a6dcb46549206a50d58eae7dcc09f8c,true,ps2 textures\opaque\bp_remade,true,false,0,none,false,5,false
007695e3,aeb7e81cbcdfe4245ccad9ae2fddca77cf2b9a95,8f36758192283c96815998a709d4601095d7cfcb,true,ps2 textures\HAS ALPHA\bp_remade,false,false,0,none,false,5,false
007eb2ca,75e2d8f01fb4167cd4ed7f10d4f3a32081df432d,d22c5966e2d2c4d2b289bfea1ad5391aae111b7e,true,ps2 textures\HAS ALPHA\bp_remade,false,false,0,none,false,5,false
0088205a,9ed4c0d97183d7501608471e818cfe49ad3c2c75,a0cf1f0c551c00e3bdbf08477468e7b8c8f209c7,true,ps2 textures\opaque\bp_remade,true,false,0,none,false,5,false
00883597,5298f537c3c9c37f6f6f0ffa035cb22ddb738e23,72ac2872988c7b036d461f678f5deb3f42a585a2,true,ps2 textures\HAS ALPHA\bp_remade,false,false,0,none,false,5,false
00930696,fa0baf9301d74678d1f053df86e7a75c9c613ece,8b5b9c17ae38e0e8087b2121bde5963c0cbdc390,true,ps2 textures\HAS ALPHA\bp_remade,false,false,0,none,false,5,false
00941ed9,aef203ebd64ef3baf67a7f9d25c98f9cc89dcc0a,a1392bc911f6b85ba332f14058b84bdecbd9064c,true,ps2 textures\opaque\bp_remade,true,false,0,none,false,5,false
009c249d,ac552d4cf2db324bf364d2ec6c939d49a1ca573d,00a07f7c02c38b69f9697ff58ce2be379cff482a,true,ps2 textures\HAS ALPHA\bp_remade,false,false,0,none,false,5,false
00a7dd24,a2702ee8a2cdead486338ff1a38de4e32f375876,80b4ab8db978e66442182b3c3e6dfe32a124f2e8,true,ps2 textures\HAS ALPHA\bp_remade,false,false,0,none,false,5,false
00ee6ec5,f4dcc3151ef8271b3d290435c9a7716deccaf34c,1dce477d07de43ebfe5921e47bb498dda1dfe337,true,ps2 textures\HAS ALPHA\bp_remade,false,false,0,none,false,5,false
akm_selecter.bmp,9d4c9d10012d0753c9704c7ca176a1d55d4eb709,68c3a8dc23b9a8a562c7763b8d352e56cb58f981,true,ps2 textures\opaque\bp_remade,true,false,0,none,false,5,false
akm_tex.bmp,c33cbedacf1f4a3ab2ca3b4151b639e4fbe268bb,2647f3e6d6999ad8034eb554c415268bba1e8f9c,true,ps2 textures\opaque\bp_remade,true,false,0,none,false,5,false
alarm_00.bmp,f8faf888c63fcb0697fe06b8c3513c809ceea752,2270867f838c83876191a4000212592c5f1c0d11,true,ps2 textures\opaque\bp_remade,true,false,0,none,false,5,false
alarm_02.bmp,2105c138de84e3c4ca38fa442ec13898535d2cd4,18081f8411331c3fc6b4c91f1548e47070d94cc2,true,ps2 textures\opaque\bp_remade,true,false,0,none,false,5,false
armory_boxb01.bmp_8359af8dc17ecefa969948b14c5e473c,3fa3e4e56f2b916c2b2b0d0ffb454b83ed27bb93,865dd91677dd5c664f300a907fbf97a4255f0d4c,true,ps2 textures\opaque\bp_remade,true,false,0,none,false,5,false
armory_boxc00.bmp_132f4f8b7d173ccd52bee002963287d5,f6b4530b78bdb6c4d02fcbc5519bc7ad36d3d24e,fd27c28b2d09685cdcb2c724d940716e88f67289,true,ps2 textures\opaque\bp_remade,true,false,0,none,false,5,false
armory_caution00.bmp,7a9859a80d7940cff9231cec2bc87237b7d63ab1,bd8922012dcc3fdb431185723d4fa28c82ec9c8f,true,ps2 textures\opaque\bp_remade,true,false,0,none,false,5,false
armory_door01.bmp_489b5ea5cb68b74450fec93c19a1c9e3,3af8872a9c2a8dc28ef71fa498f52e3858e6dd43,ea53031bfd618298e916ecc2d17ee71f2ef08767,true,ps2 textures\opaque\bp_remade,true,false,0,none,false,5,false
armory_doorframe01.bmp,2e1cd020ec62bdb9802054b0af7f6ceea8bd1302,5c99716805f21d0a3a3f845260048604d6c87288,true,ps2 textures\opaque\bp_remade,true,false,0,none,false,5,false
armory_hako00.bmp,d8d93856ed5c966e78a9d23c10e2015f3d13fc73,39aa4e1740de6d4670d9e34d38250176408e83a0,true,ps2 textures\opaque\bp_remade,true,false,0,none,false,5,false
armory_hako00.bmp_324baacc86fea1cd4aebafe9599140a9,e2c9f71ebb1362e468f1b37442254f9976b7be02,1a74c5849f470e812e628db2d0872c8202fac168,true,ps2 textures\opaque\bp_remade,true,false,0,none,false,5,false
armory_hako01.bmp,7900ad2a09b955f71e9c2b33cb94b445d8f35d14,35d76cbb0e3d0e8b1b7a09a8977e3052913b8f17,true,ps2 textures\opaque\bp_remade,true,false,0,none,false,5,false
armory_hako01.bmp_28f5f2428d7f2bcd200658a095c1cbba,62884a97a68df3f4e4b8c4a2d16ee5b2bbafad45,63ad9e7a0d5aae786a2d4d7b269b4d37b71ff4ce,true,ps2 textures\opaque\bp_remade,true,false,0,none,false,5,false
armory_hako02.bmp,e4e70bafc8a732527d43c384ca4a6c58aba1c05b,90aa5b728230376a01d075768322631294ae3599,true,ps2 textures\opaque\bp_remade,true,false,0,none,false,5,false
armory_hako02.bmp_bc6d6886a77e7095878fb624086cfbd4,57447d2c191dd1a2db9c51349ec4f631385065a5,5d12e8ef0f3df604c57f35ee16c0759dd41ac9e6,true,ps2 textures\opaque\bp_remade,true,false,0,none,false,5,false
armory_rack00.bmp,a0c6e2c4867495834efdfbab73da813baaf93836,c4191b804e1e50d4979928956fe26fe51fcf1815,true,ps2 textures\opaque\bp_remade,true,false,0,none,false,5,false
armory_rackdoor.bmp_0c5dfc57875cf2252a1fdf7fc97c7d77,01bfd1a439451af2d3f9659203d3b464949c05da,60587ba8a6432f2bc9f39a497765af6b56b6b963,true,ps2 textures\opaque\bp_remade,true,false,0,none,false,5,false
armory_wall01.bmp,3fa0097eeff993701d65e2053631807e92127599,5a6070ea04427306401c310d2a9baefff8d69110,true,ps2 textures\opaque\bp_remade,true,false,0,none,false,5,false
armory_wall01.bmp_42781015d7a89e3dd0162a4f9c656a7d,1563ea28ba6a2c81aa11b3eecd5cea10260fbba3,e427f752ebe80c2998fb0f6bc18a62e780d845ac,true,ps2 textures\opaque\bp_remade,true,false,0,none,false,5,false
aro_dmo.bmp,103842e2bee3298bcd7135155fbed0437939eb65,4d7c31eec77d22986c93d65d30a60d9071b78d42,true,ps2 textures\opaque\bp_remade,true,false,0,none,false,5,false
arowana_co02_eaten02.bmp,79161df6311d1d22db765d1d1bd2dc695edca6fa,60c1034ec83f764389f2d287c9d277901d9f0c6c,true,ps2 textures\opaque\bp_remade,true,false,0,none,false,5,false
ast_arm.bmp,cbb035c8617c38d93fbdab12e021ac884e7096fe,86d14f0cabdc00cd20d39c10df754749298000bf,true,ps2 textures\opaque\bp_remade,true,false,0,none,false,5,false
ast_body.bmp,20684f701b19fdc96ac853d86df010172b9a50f3,144e4c82cd5a0b4a5c13e61429e262f23455b767,true,ps2 textures\opaque\bp_remade,true,false,0,none,false,5,false
ast_eye_new.bmp,34e7c3f25f46c659104e0992734789aec750018b,e94ede9d3c31e2637f9ca9acf5472b5101b885fb,true,ps2 textures\opaque\bp_remade,true,false,0,none,false,5,false
ast_face.bmp,ead3d511a5e940026d79abbde0129aba1154ef7d,b3164aaae8ecb8c63cc0eb0fcb5e5d4ade5b327c,true,ps2 textures\opaque\bp_remade,true,false,0,none,false,5,false
ast_foot.bmp,5c46970ed9e900cf12d40dbc3158a90ec0594fd1,918861b7caace570352a452a2a08843ef8f5b7ce,true,ps2 textures\opaque\bp_remade,true,false,0,none,false,5,false
ast_grass_flame.bmp,4a842bdee720d1abf8d53a61e37215d6d9949dcd,f3628f28c3f9901fc8c7d306a0f30953fe740e08,true,ps2 textures\opaque\bp_remade,true,false,0,none,false,5,false
ast_hair_ovl_alp.bmp,301ba496d42b1e739758706e38ff8789a8720d3d,403d6407f39e7df42ff2cd43c99f67637de40b61,true,ps2 textures\HAS ALPHA\bp_remade,false,false,0,none,false,5,false
ast_idcard.bmp,051de436a872b0126fcd3af02caf9ba8cdb07d72,077c58e873b570786b25c14cff5a7719ebfe3802,true,ps2 textures\opaque\bp_remade,true,false,0,none,false,5,false
ast_item_tray_base.bmp,f3fc7cdf4251753995c8fa180e313d9bedaddbfe,eeb14649a846ed6395e07d33ba776ca837e2a802,true,ps2 textures\opaque\bp_remade,true,false,0,none,false,5,false
ast_neck.bmp,76b9f58fd9e71b675ef6149f6a5105f90e17303a,08ac597ea6a2095b88b6e6f930945c610e297813,true,ps2 textures\opaque\bp_remade,true,false,0,none,false,5,false
bee_nest_sphere04.bmp,2e8fc60990644ccf8f7dafb9b3c00e9bc1bacc91,80f7a116605689c88220ede4066468bc6d15ac95,true,ps2 textures\opaque\bp_remade,true,false,0,none,false,5,false
boat_h.bmp,81b71ade2847783a0ae169d1617330a73d6edf2f,d14503f9fa8e0c546abdcbde6e08f38de8e2c8c3,true,ps2 textures\opaque\bp_remade,true,false,0,none,false,5,false
boat_i.bmp,421728ccba79f7edd66e0297d454fe58865ed5ba,120c7777b4ab7e51c2aa2315e3e0db7306da057c,true,ps2 textures\opaque\bp_remade,true,false,0,none,false,5,false
boat_j.bmp,27f3fdf5bd4f10e99490763aa64ea18b1a7e0503,e607ec633551f3816a8c70d58a50e6d7070171b1,true,ps2 textures\opaque\bp_remade,true,false,0,none,false,5,false
boat_k.bmp,5512e705745dba5e4dc7342db3db41e0dd9022a7,c2c4b2c1cfef56719340d57774a87c8e1a3cc68c,true,ps2 textures\opaque\bp_remade,true,false,0,none,false,5,false
boat_n.bmp,60e66dd8fd335eaca0ac32e016934edcb7782706,8ac7534183e77feec291c998193c6065396f5d01,true,ps2 textures\opaque\bp_remade,true,false,0,none,false,5,false
boat_o.bmp,a72bd6f0a7aa4d938f599d22094ba8935d026db7,8897bcb5f462dc8a9cbaf7428f5121c1eef1ebab,true,ps2 textures\opaque\bp_remade,true,false,0,none,false,5,false
bonn_battery.bmp,e137a5029f384272eaf43ee649b823ddc799ab65,b2bcf001980a859afc9798f00ac5324fc736a139,true,ps2 textures\opaque\bp_remade,true,false,0,none,false,5,false
bonn_drumbra_left.bmp,daee03308078d4c9e7fed49932cdb569def40432,d4132c09d57eb3430e09746422a0382363724979,true,ps2 textures\opaque\bp_remade,true,false,0,none,false,5,false
bonn_engine.bmp,9898f843eed43e4eddf17eb3f6dfdc5896ddd1d7,fa2fa82d4b132631be5c04d45701bece4f295c25,true,ps2 textures\opaque\bp_remade,true,false,0,none,false,5,false
bonn_frame.bmp,4bcd64d3b13918c5bd02155696fc047ed497cffe,96ff94094be944d03477b39a5408a640e9d12e4a,true,ps2 textures\opaque\bp_remade,true,false,0,none,false,5,false
bonn_gearcase.bmp,305094da363734275cd89276e3289b0ea3e89755,c667e65ea252c59d41493b2e22f9d58101775cb8,true,ps2 textures\opaque\bp_remade,true,false,0,none,false,5,false
bonn_handle.bmp,a2c869081573381796def02dcfb9295bab295c1e,19542dcc21df5a5996aedca1c8515ea2ec531f17,true,ps2 textures\opaque\bp_remade,true,false,0,none,false,5,false
bonn_headlight.bmp,e665ab9115fe57a2d97f2e399836d02378c56627,b4bf3544b3d5231bd78542f0fcb2aee0741ae0a0,true,ps2 textures\opaque\bp_remade,true,false,0,none,false,5,false
bonn_knapsack.bmp,42fd8fe34458fb8c93b75944d277b858170f4c23,1b025445ba01cec1426d936e64e865b763721d32,true,ps2 textures\opaque\bp_remade,true,false,0,none,false,5,false
bonn_schlafs.bmp,330a7c7e8c2f0e6ded89bb5464fd9c8158d90f0c,f738eb85a4223a27f996c9fd15d6d86b49bf5216,true,ps2 textures\opaque\bp_remade,true,false,0,none,false,5,false
bonn_seat.bmp,b63f6275b2712ba7b5b5cb1c5fac3154bfa05e8f,666df4b3f2eeff76c65b4dbb0481a5525d03738e,true,ps2 textures\opaque\bp_remade,true,false,0,none,false,5,false
bonn_tank.bmp,ff6d756dc0962e9c7067116a77698b39cc8491a1,ec3606d4fc311524e4d293cc04b12a1873d550df,true,ps2 textures\opaque\bp_remade,true,false,0,none,false,5,false
book_256close00.bmp,86cacefec21fca931e24b607e7a2f8a46ade405b,cfe9917b23b60a4d01d32d461de47d33a09d7643,true,ps2 textures\opaque\bp_remade,true,false,0,none,false,5,false
book_case_cast00.bmp_94bd143a411ab9577d03f3e920bded2d,46cc92134e4486d5d6a2c4bf989ab71a340316ae,951464b98b7d7de9d42451539d4bbb673cdd4e64,true,ps2 textures\opaque\bp_remade,true,false,0,none,false,5,false
book_case_side.bmp_13eea8e239fb7145437028b3b92a4503,23655fdeba1f78c7d0ff12b8923aedb242a8be70,cfed8a5d107b6faefd25e3b5e0ab0b9542dc96d0,true,ps2 textures\opaque\bp_remade,true,false,0,none,false,5,false
book_casewin00_alp_ovl.bmp_d1e9ec7a5d157953cccc67a54295be46,ec7b4c9b6ca806cf6527e49628a445d5214efa2c,768c35f010c1dd9236d47d8cd084eecbfeb6ae38,true,ps2 textures\HAS ALPHA\bp_remade,false,false,0,none,false,5,false
book_cover_a00.bmp,fe7a482c0ddf943be22507382f0e8074ebaa86b0,414c9124a39edcf45372693fcb38764774fb1a62,true,ps2 textures\opaque\bp_remade,true,false,0,none,false,5,false
book_open00.bmp,f559ad057fdf620460b03ebbda2aa740593dcd99,26db43e5c00c5392d91a06a21acaa731d9ed233b,true,ps2 textures\opaque\bp_remade,true,false,0,none,false,5,false
book_side00.bmp_3f0fc15d80a6c4b3c0c29c8929f5aa30,d65ea65e3fb5e0b49ca5e909e494f00431bc149e,82e8b7b378c278da048a854ebf97c0428fc34954,true,ps2 textures\opaque\bp_remade,true,false,0,none,false,5,false
book_side00.bmp_805a7428be9afac2a6f5f5854302bdaf,eca9a155185b2f8539be71a54f81ea18a230fd39,a0dfe84236b9f9b4c4689080cdfd4762550303fb,true,ps2 textures\opaque\bp_remade,true,false,0,none,false,5,false
book_side01.bmp,0e5c897dfaa7a45d1cd2a8b34f0594d8a91fce18,d594b2b5eddb2c7307b4f7d99d8a929823bacde1,true,ps2 textures\opaque\bp_remade,true,false,0,none,false,5,false
book_side_bk.bmp,1f0d35c60b41c212695f753fe42facb5cd400e60,b355e530612008d114af5391578423b82a0c5384,true,ps2 textures\opaque\bp_remade,true,false,0,none,false,5,false
books02.bmp,ed2053409164b5919e654578e0c3d3dcaa1fc502,be1d93792f91c6b51ff699fd971df07b2b29c3aa,true,ps2 textures\opaque\bp_remade,true,false,0,none,false,5,false
bos_face_end.bmp,6fa66300e1f6ca0e4a689de5f60fc03e9c250910,5a82a2cc734d5c5fa618faa612535bbb1ac2fcaa,true,ps2 textures\opaque\bp_remade,true,false,0,none,false,5,false
bos_item_hair_ss_string_.bmp,532b8ccceb29e6f6ea3465580747f85c84249431,e8c4aa8d71636d584ee4466d4d6df84741678c39,true,ps2 textures\opaque\bp_remade,true,false,0,none,false,5,false
bos_mant_cloth.bmp,e286aedf5221ce840af67a98e99e5b48dcf2eaf5,c30d17713bb94e334157afbc699ddf254c263e36,true,ps2 textures\opaque\bp_remade,true,false,0,none,false,5,false
bos_mant_col.bmp,9d98d1046cb52b415fa6dee97a6f8b4b6a40be15,c09ac276498b6c5246264cc809397854c526b815,true,ps2 textures\opaque\bp_remade,true,false,0,none,false,5,false
bos_mant_sub_ovl_alp.bmp,f8728ac32cda05549d7d0b02d7d21f9bb84a4ce4,c61b28660fc99b849c6872c0c50df69334356d75,false,ps2 textures\HAS ALPHA\bp_remade\no_mip_fixes,false,false,0,none,false,5,false
bos_mod1120_ovl_alp_emap.bmp,db422395f721e59d5f32bc49d660656bfb6a1bf6,73ccd2de7da59a7d7d8f7f7e2b83c62d151a3484,true,ps2 textures\opaque\bp_remade,true,false,0,none,false,5,false
bos_rope_ovl_alp.bmp,41a90922a4f7692ae1b26bd630e3096aeeace1d0,9349290dfe88453a8a5c09ed90c9687605ec0d91,true,ps2 textures\HAS ALPHA\bp_remade,false,false,0,none,false,5,false
bos_ss_arm.bmp,0ca14e307ae19d46e88007db341092b55b2b161f,79c518aa5fcd7c3b0d928d6df3006e6e1de99031,true,ps2 textures\opaque\bp_remade,true,false,0,none,false,5,false
bos_ss_arm_ovl_add_alp.bmp,cba1ac2be39992e2ee2f735af43e1d8a1f680bf7,21e399b49256c0c7831760b65073237fdd54be3c,true,ps2 textures\HAS ALPHA\bp_remade,false,false,0,none,false,5,false
bos_ss_boots.bmp,2df6edaba6dc5c0bc9cb7b403fba14b0f3b99985,6a41210a39286b8adf43a743997900701af3d86a,true,ps2 textures\opaque\bp_remade,true,false,0,none,false,5,false
bos_ss_end_body_hi.bmp,bce998606daa60bd96b076221accefc947fa58dc,5ce9869f44cfb83dfc01ad3273593a99c3ca7ac7,true,ps2 textures\opaque\bp_remade,true,false,0,none,false,5,false
bos_ss_end_sling_ovl_alp.bmp,074db44118be3aa4745aeed00297f2a629aae1b9,e0ef56f24db28c798ef62e6783a0186d48219683,true,ps2 textures\HAS ALPHA\bp_remade,false,false,0,none,false,5,false
bos_ss_leg_ibl.bmp,84f6764b4705622b2e50865a87f3b862a42ddf33,95c9579bf7efe7217d551b088aab463a20c577bc,true,ps2 textures\opaque\bp_remade,true,false,0,none,false,5,false
bos_ss_leg_ibl_ovl_add_alp.bmp,87cb17ef84365f328f5eda5967bbdeca6a5caf39,7929d662aefbbc298bfd8cb17cc64e2c4cfff0e6,true,ps2 textures\HAS ALPHA\bp_remade,false,false,0,none,false,5,false
bos_ss_leg_net.bmp,7bee59c49e41e1586e2ea4de7eaeb8cf9afe7dcf,98dcd1e312b04ea16edc0d7f4201d835ee302add,true,ps2 textures\opaque\bp_remade,true,false,0,none,false,5,false
bos_ss_side_belt.bmp,5eb440f6c0a15b9ea62578770eace6ca6f709b77,f2382b411bf4ae5a61a685f477ba38757d8d33d6,true,ps2 textures\opaque\bp_remade,true,false,0,none,false,5,false
bos_ss_side_belt_ovl_add_alp.bmp,88d4e003c190bf80183577e7e8722147c1793a7b,0e7d313d3c46c24cac6bf8884f38c41767b2c2ba,true,ps2 textures\HAS ALPHA\bp_remade,false,false,0,none,false,5,false
bos_vr_arm.bmp,f20adeac6730bbf347ad5d3c5cb1d3cbad507590,63779ea4b2d4d2ecee35392510e7cb65b978ae4b,true,ps2 textures\opaque\bp_remade,true,false,0,none,false,5,false
bos_vr_arm_ovl_sub_alp.bmp,6cd40b52f4ed9c09b8151bd59dff135f8fcee10c,3ee73da3284496c06423488e6de977d0e7d7f538,false,ps2 textures\HAS ALPHA\bp_remade\no_mip_fixes,false,false,0,none,false,5,false
bos_vr_hair_back_ovl_alp.bmp,97e7318c780c82a791038a734f37257fd9468a48,b300afd0e95a6bc93a608b14e1b28aa6ba0ec8b5,true,ps2 textures\HAS ALPHA\bp_remade,false,false,0,none,false,5,false
bos_vr_hair_long_ovl_alp.bmp,41eb646117178412dc1d86def8a1e5a5a50b2883,637b88413207dc7a10cf058d2b7607060b287462,true,ps2 textures\HAS ALPHA\bp_remade,false,false,0,none,false,5,false
bos_vr_leg.bmp,c2276e9331d92670f6ba9f784e309b63b082e396,514bec4943c8a72f7c98512f1274416979b2b5df,true,ps2 textures\opaque\bp_remade,true,false,0,none,false,5,false
box_a01.bmp,8f708c09c0c9e49a28a02aebfc534414cfafbc30,7edc343e20ab67f68bb99923251c61823a122117,true,ps2 textures\opaque\bp_remade,true,false,0,none,false,5,false
box_tex.bmp,460f5028568085281452803514ab206a54597620,ce2721d4eba9193e799766370c000e23cc1b24f6,true,ps2 textures\opaque\bp_remade,true,false,0,none,false,5,false
breakset.bmp,bf04eb036ecbd0122f97c2fc996da47bff323ed1,33122e32ead9e556b570032d4f5ef0972c228f38,true,ps2 textures\opaque\bp_remade,true,false,0,none,false,5,false
btr_inpane05.bmp,f248e3a18ec5efa12e68a2f1d882acbe9febdef0,1cdd0230ab6d7b1ac81e4ac20099d5e5ede52a8e,true,ps2 textures\opaque\bp_remade,true,false,0,none,false,5,false
btr_inpane06.bmp,fe1deac1a516bf142b66f98696ff5d88cb4c23ca,125df59f0002e3e7a410e93f4dbf4bdc9a16c130,true,ps2 textures\opaque\bp_remade,true,false,0,none,false,5,false
btr_tex_a.bmp,bad074e7d77ac1452e450ee195aeea39a4c8f4f6,c1a643183fd86708e5a53f7c921fe0c337724584,true,ps2 textures\opaque\bp_remade,true,false,0,none,false,5,false
btr_tire01.bmp,801b9888f26cee409227e3342c86e75f3a182778,5fb17de9185b104d7cd13c3ccc7fc438e0e75508,true,ps2 textures\opaque\bp_remade,true,false,0,none,false,5,false
btr_tire03.bmp,7f9cf50f6efba1d7831127414c86a5f694642385,942cda6b45e9caff18c841678f0814e20fefb98c,true,ps2 textures\opaque\bp_remade,true,false,0,none,false,5,false
bullet_mark_tank.bmp,56d414d01fb02d937774c6c4390f68e5440da1d9,9e9b25e710423a1b9da0d5f755cf34038ef08859,true,ps2 textures\opaque\bp_remade,true,false,0,none,false,5,false
c3_bomb_body.bmp_97a1c6c32544f8d1619f84cde1f726c8,9d37cb3acf4e23958bf1e434621931fe2162da18,00967f519bc76ec0aa34f9d6bc01ce84b78dee40,true,ps2 textures\opaque\bp_remade,true,false,0,none,false,5,false
c3_bomb_hupack_c.bmp,73d08e2eb2738d348c08caa8a08637bf44e94532,f404cf4b2bcbf9961b8c57bf4b9057565b4d53ab,true,ps2 textures\opaque\bp_remade,true,false,0,none,false,5,false
c3_bomb_pack.bmp,24ff50baeb0b309a586d7305718b56c1bbbb5a4e,4c0dfe2ec1773d50c874ad598f0b50be8f1c8daa,true,ps2 textures\opaque\bp_remade,true,false,0,none,false,5,false
c3_bomb_panel_dmo.bmp,cccbf44d7572d50d45f068e6505ab66a09fd3de0,3d6699f722218584bee0e84d665725bb0e5a34ee,true,ps2 textures\opaque\bp_remade,true,false,0,none,false,5,false
c3_bomb_tape.bmp,44dff1c7753d746f45cc7f4d48f618e0bc18e362,c6a2ab5a8f991a87360507210d48eeee95ae931a,true,ps2 textures\opaque\bp_remade,true,false,0,none,false,5,false
c3_bomb_timer_02.bmp,5c5372d15de6af99e0c71fae2fe35389d58f5a0c,f72eb7d7c7e3161182a07556619674f9520e99a2,true,ps2 textures\opaque\bp_remade,true,false,0,none,false,5,false
c3_heart.bmp,fa0a18fdada81eb745b8a0b27b2ee85c8f43e8dc,af352600163d970671328232ec1d71481b3cd8ea,true,ps2 textures\opaque\bp_remade,true,false,0,none,false,5,false
c3_mthf.bmp,29c74611704df0a46a2dee3ee05bbf62216b2f24,10c8742ab5653b05e0387d98f969854382f201e8,true,ps2 textures\opaque\bp_remade,true,false,0,none,false,5,false
c_130_b.bmp,0fe32e1a579b8ee4d0562ac2d9b112893a054022,af04b77040d58212880e97b737a793ef1c0d8f7e,true,ps2 textures\opaque\bp_remade,true,false,0,none,false,5,false
c_130_c.bmp,b308f36383d45758dcab57b2f606c58c8f175179,e9ff2207646f1d77c5581d4f869df72d1327c6e5,true,ps2 textures\opaque\bp_remade,true,false,0,none,false,5,false
c_130_h.bmp,2184c7f0b27a0bb4af75e52e8a24ef00d00774cc,0284a1e93497027d8e2327914af3140252db3a92,true,ps2 textures\opaque\bp_remade,true,false,0,none,false,5,false
c_130_i.bmp,8ea942e87501b6978c360b22588bc7d2bfb9d065,b4594727895d797415bf8e837fcac243fb82845e,true,ps2 textures\opaque\bp_remade,true,false,0,none,false,5,false
c_130_j.bmp,9558c1828754de66ad0d290b814c0ebf5709a40d,6f14255c06d4b5b11a97fdb1a280aa08dcd164ae,true,ps2 textures\opaque\bp_remade,true,false,0,none,false,5,false
c_mag.bmp,dcd6139d48b3f7ca9460d262c98c0cc92c1b3d0d,632f478067d5b2ab1b583abd5be769dad7b38377,true,ps2 textures\opaque\bp_remade,true,false,0,none,false,5,false
caloriemate.bmp,42ff980290ef979f5b791d0f99f9d3062a51d418,59f0c4f9995231a6b6cbc42028e3535e4bd717d9,true,ps2 textures\opaque\bp_remade,true,false,0,none,false,5,false
caloriemate_back.bmp,1fa3c601312689e73ceaee6d47f8303d045c93c9,8b241640a6f85fc91f7b05691834f17fd37281ff,true,ps2 textures\opaque\bp_remade,true,false,0,none,false,5,false
cargo_drumcan.bmp,221043cef83918772af6051a01952278c5189827,34a51ce860ee651da54ec7f5445bcaebc3abebcc,true,ps2 textures\opaque\bp_remade,true,false,0,none,false,5,false
cargo_guns.bmp,91625d0f9944b42d23fc02a9cba5fda68b3b9a45,587b9f34a2e9761b8ca508ea31a073f80ed3784c,true,ps2 textures\opaque\bp_remade,true,false,0,none,false,5,false
cargo_guns_amo.bmp,c621b2379da61b385084f9546129ea51507c8f48,6cb3d6b2569f9428f72e93f01f58a93b609f8790,true,ps2 textures\opaque\bp_remade,true,false,0,none,false,5,false
cargo_room_ammunition.bmp,6de0256bd53b7bb99920b19cb714ae9def17d1d0,637e05b69cc9558df8269944023d7e5fc293e7e1,true,ps2 textures\opaque\bp_remade,true,false,0,none,false,5,false
cargo_room_box.bmp,c78b887f42216c22f791549f0fc70db14a8034b7,3e6c034663381cf4b167ce19518bb22d62c3972b,true,ps2 textures\opaque\bp_remade,true,false,0,none,false,5,false
cargo_room_console.bmp,ea385f12b15f3fd3a74188716e36275484103991,d685064610e9a33bc9d15654742f5a141639ca14,true,ps2 textures\opaque\bp_remade,true,false,0,none,false,5,false
cargo_room_pillar_e.bmp,5a9453ce1f64bdbafba2b5356df2d427a40b13e3,5ca80de67349f943852a3c794a4890e9e42112ba,true,ps2 textures\opaque\bp_remade,true,false,0,none,false,5,false
cargo_room_rear.bmp,300f205e98c078d1d4148cd5509dc86b8cac3928,dc144f6058c97a7dd10ea7440a76f44271a37164,true,ps2 textures\opaque\bp_remade,true,false,0,none,false,5,false
casecover_up_render.bmp,c598bd7699529d0cf4bc8fa43a85a2d4058063ad,5fbe2b652bcf2c6eb51c6607b92d6a2a5a0557b3,true,ps2 textures\opaque\bp_remade,true,false,0,none,false,5,false
cave_rocksfc_a34_rep.bmp,8455ef4fa14876362ea050821fb55be5f71fbcd5,30a9591fbd0b869fbe584fca92cd2932aec6f985,true,ps2 textures\opaque\bp_remade,true,false,0,none,false,5,false
chair_back_of_body.bmp_57ab258682252580476c2915c3617408,fbfac1ae9fee9f45ab1021e3f1047cbddf483478,26842106d12284ccb88e5ad71fedd95b57a389b8,true,ps2 textures\opaque\bp_remade,true,false,0,none,false,5,false
chair_red00.bmp,9fc0834db066ea47f9e4f3b5026b997ead7b5ed7,c950722c2e1fdbc251f34bccfebc9570e7364f58,true,ps2 textures\opaque\bp_remade,true,false,0,none,false,5,false
chair_red01.bmp,ad27a8d0be45ed65951742577247d5f43e41393c,b0b089a85b0221de00c21e2817bb4b661ed7526d,true,ps2 textures\opaque\bp_remade,true,false,0,none,false,5,false
chair_seat.bmp,2ca771df1478282e83b27f751c3794340e605ed7,0b682d6d5f624fa0afcc7d0c9d25870974b2fff1,true,ps2 textures\opaque\bp_remade,true,false,0,none,false,5,false
chair_seat.bmp_72aa6b10f3bfc4c765484872d9fab5bd,515e89c0d4fc34e71d308966aae59195758337fa,3e4f26e4d99462c506f1c1d34e8a8c7077e0732a,true,ps2 textures\opaque\bp_remade,true,false,0,none,false,5,false
chairb_02.bmp,ad3f79981ca76b11a481be9ba9814a61f8c5ccb2,b7f18632a0f0c77055468c49612c938caaf941ea,true,ps2 textures\opaque\bp_remade,true,false,0,none,false,5,false
cia_body.bmp,56d420b810bdbf8a9f5ac081394c61ba179210ef,920f15f5f2466a6dd48f6ca1c6f6514db935e65f,true,ps2 textures\opaque\bp_remade,true,false,0,none,false,5,false
cia_eye.bmp,673639d262df378e3494f6f71586dee98ece8eec,58543cb4726f332b31d52e5993ed0bc306d9311b,true,ps2 textures\opaque\bp_remade,true,false,0,none,false,5,false
cia_face.bmp,ee559639694e16d12a67dcc9c5fa63b4c0975043,8ff266363867deb10ca9308f0604d27b07e5c096,true,ps2 textures\opaque\bp_remade,true,false,0,none,false,5,false
cia_face_ovl_sub_alp.bmp,b0fa7b1b516e2c339bed808fa7aced1ecc9a4932,fe59db8b5f77784c634d51f39dfcbbf6fe299989,false,ps2 textures\HAS ALPHA\bp_remade\no_mip_fixes,false,false,0,none,false,5,false
cia_glass_ovl_alp.bmp,fb5afb2c10fdd0cb1938ebe9ce3b7b6a5bea8d3d,704cef2d2646fc4c86d0333affde732786bd97de,true,ps2 textures\HAS ALPHA\bp_remade,false,false,0,none,false,5,false
cia_glass_parts.bmp,0a7014469fe880a533c7daac739e7ebcc64dfdfc,50f528ff1f6438076eb3470afbfe6294503f5118,true,ps2 textures\opaque\bp_remade,true,false,0,none,false,5,false
cia_hair_ovl_alp.bmp,0d52f553950e55aa265b067e81e9b8e158c1b90e,2358d5b019a3aa0eef4cd7d44f0c9f976fff17fa,true,ps2 textures\HAS ALPHA\bp_remade,false,false,0,none,false,5,false
cia_hand_low.bmp,d89cc7e5fd9532b4a2ef4fdc5c4e9dfb73157ad1,f067d11a4eaef27a32238c713f8758ecc4b82972,true,ps2 textures\opaque\bp_remade,true,false,0,none,false,5,false
cia_me.bmp,25657712ffb06c8ea9ed81e03aa544e9ac692a18,d533507760a9ce41ed59cea644f742ce443bbb08,true,ps2 textures\opaque\bp_remade,true,false,0,none,false,5,false
cia_nekutai.bmp,a4b9d84ebe7f62f1166819d0a7d67978f5aab0c0,1952796128bc6de34537a64c3eb73bab8955c645,true,ps2 textures\opaque\bp_remade,true,false,0,none,false,5,false
cia_ovl_mod1120_alp_emap.bmp,c9fbe12681ec1deabccf57aceba884ec6c94cbcb,2f2ce98e7d17bdafdc9cc3e5d93e3d05bd5a1870,true,ps2 textures\opaque\bp_remade,true,false,0,none,false,5,false
cia_shats.bmp,53ec2038a537741cb42da9e34d62ae80854cafa3,138a61a1f42f8e3ac7b81af305d21a4a804d0f89,true,ps2 textures\opaque\bp_remade,true,false,0,none,false,5,false
cia_teeth.bmp,757c84b07644117dd0c4cea297f83130e0227925,acbdcf6d54e59bf3a0a6bd94d272d147ae1be95a,true,ps2 textures\opaque\bp_remade,true,false,0,none,false,5,false
cm_s062a_hut_wall01.bmp,3124d2f86c43de5a4b5e856120848dd103d1639c,7a1f42087f3d32ad570a443522ed2cfd5c9d6069,true,ps2 textures\opaque\bp_remade,true,false,0,none,false,5,false
colmagatex.bmp,632de60505c1167ad8ab0feb4e909cd18181bc27,a1330842d7b89971471c6107f1edd2e167175112,true,ps2 textures\opaque\bp_remade,true,false,0,none,false,5,false
colttex.bmp_38de91f1aa72a3cb2c1407a8cd778ae3,fba97ae924468f90952cb67144723eca357f9c50,486e8e88feaa42745babdfc80634a0557f78c0eb,true,ps2 textures\opaque\bp_remade,true,false,0,none,false,5,false
comic_1.bmp,cc22efc87a64c706f29b83e5c94d4f9dfa580a7f,7b9f21666b176ffd2e437139a8a77cfafc1502f4,true,ps2 textures\opaque\bp_remade,true,false,0,none,false,5,false
comic_2.bmp,5098e694a268665a0bd2ae7b4a45d6be607b903d,5d29d413f827ac15b4050382b6753ba485d56f94,true,ps2 textures\opaque\bp_remade,true,false,0,none,false,5,false
comic_3.bmp,d8726bed4aa240ad806d9c3e619b74ea25ae6d8a,8515bfe87b4109422d68d73dc0451cb6de15fc62,true,ps2 textures\opaque\bp_remade,true,false,0,none,false,5,false
comic_4.bmp,656cebce7f4ef323a7831987ec368ef5b924e530,44770d3cd90e895c6953468fd359a7a185cbb81a,true,ps2 textures\opaque\bp_remade,true,false,0,none,false,5,false
comp_a00.bmp,e106cc9f46c8b8ff2f2f8a9c9214056c7ba5a48c,613c5f2cdbc4c080ac8c31e68eec84b286b7f92f,true,ps2 textures\opaque\bp_remade,true,false,0,none,false,5,false
comp_a00.bmp_7acc2ca737f5d7b6061dc6160fd4d675,95d1b5a34ed61c184d3e9ac65fed4b8c6a318c59,58c732b1e8b524bb633c468fb6de60c0a69cb7ec,true,ps2 textures\opaque\bp_remade,true,false,0,none,false,5,false
comp_b00.bmp,c3b852a17882b899af8cf660742afae9819d965b,f8891825f674635f2dd997e83e09083b985f4c68,true,ps2 textures\opaque\bp_remade,true,false,0,none,false,5,false
comp_c00.bmp,f5efc136783bfdad8ab267cb5c485e2ccd40e8d5,4aabcbc588204bd10515fa3bc215e58a6f530fb4,true,ps2 textures\opaque\bp_remade,true,false,0,none,false,5,false
comp_e00.bmp,c115c903ce918b3166f0d2fd3e3f6ba7375477ed,f513a34d5c9a732e73977a95c9fb93526c9f03eb,true,ps2 textures\opaque\bp_remade,true,false,0,none,false,5,false
container_b00.bmp,c44380675cd8156ca5cd2bbec17cd76923c105c4,cdcbcfe7a3a5856159712db9b9a2259d5937f582,true,ps2 textures\opaque\bp_remade,true,false,0,none,false,5,false
cord_ovl_alp.bmp,7154dd4adef27ce37c3f4fe22a4ba9aba78d5d43,54fdd1bdd71ab6ae1b534da72d869e79b4ed7f6e,true,ps2 textures\HAS ALPHA\bp_remade,false,false,0,none,false,5,false
cork.bmp,91a8f7b0d4c15c1d2d9ffed1e5b3e10cd7c0fc42,875fbeb6959049456695e712ff3fca21d8565201,true,ps2 textures\opaque\bp_remade,true,false,0,none,false,5,false
cushion.bmp,c4f1e97451c3d03caad376f9e9e9a9e698ff8547,c938c275cf918e119e1a54c2500ccab645392de0,true,ps2 textures\opaque\bp_remade,true,false,0,none,false,5,false
davy_barrel.bmp,5691047555a5b875b0a7f156e4d1e6a8c165bf94,a6404079f58abc2158eab9f600294c7f8e9d4e8a,true,ps2 textures\opaque\bp_remade,true,false,0,none,false,5,false
davy_case_barrel_in01.bmp,d90248251ba6707d0fe2067cbbc27323bb574301,928719db4cceae5aa41ba7f67c7caa818fdd7eea,true,ps2 textures\opaque\bp_remade,true,false,0,none,false,5,false
davy_case_barreli.bmp,07148fe015236db0998df6ad7ccdb4c3278055c2,f5de66fd29dac0305d6111062e1ae980dd168e80,true,ps2 textures\opaque\bp_remade,true,false,0,none,false,5,false
davy_case_barrels.bmp,91839154ccb54e488e6c9bf0d216f17401346550,83002e928dc034e72d6b505a83a3ddad2a69cd31,true,ps2 textures\opaque\bp_remade,true,false,0,none,false,5,false
davy_case_barrelt.bmp,bba6e13bc31f6c5892c1d9181cb3246733613fe6,44d3201c137f548ce98ea888f0356917b39d97d8,true,ps2 textures\opaque\bp_remade,true,false,0,none,false,5,false
davy_case_barrelu.bmp,257368837014da4db7c2213a64ffec46ba2a3fd9,7214478bfabdbb14a7f6b1bddc7c861e640ebaa6,true,ps2 textures\opaque\bp_remade,true,false,0,none,false,5,false
davy_case_nuclear_in08.bmp,2943c60c22765d7dbe9402830f65844350966cd2,580369a41c7f96f6e8f811ffa46a3e962d051683,true,ps2 textures\opaque\bp_remade,true,false,0,none,false,5,false
davy_case_nuclear_in09.bmp,e5d79b4430d0aed34423e425be2dd743faf60dec,b4045aa3c149aa9e150ae5bf5e63f5b0dd116cf5,true,ps2 textures\opaque\bp_remade,true,false,0,none,false,5,false
davy_case_nuclear_in12.bmp,37dbca8a5dc4db74d5fd9d69f750da5eb73e1259,6026cec33f2f6248563406f8af7be9bf9d733de6,true,ps2 textures\opaque\bp_remade,true,false,0,none,false,5,false
davy_case_nuclearbu.bmp,0e6df0e33723f8731a32f3424f9bcb311038b372,85831529cee9c0379efe8a62e50e39fccd40d654,true,ps2 textures\opaque\bp_remade,true,false,0,none,false,5,false
davy_case_nuclears.bmp,483c99567448bab26a196d13f181d0e9142ff515,377d022275baae646c1a229fe5bceba7eec4efbe,true,ps2 textures\opaque\bp_remade,true,false,0,none,false,5,false
davy_case_nucleart.bmp,7278249416661c2dbf63a595201898deb7b32e27,f58f44061451bea99cda3d64ef9961c87a7ff3a6,true,ps2 textures\opaque\bp_remade,true,false,0,none,false,5,false
davy_grip.bmp,3a3b8360aac25e4b70e4d69889f4d2d996423ff4,5d1ef513337ee93a910c41929bfed1042ea1b71e,true,ps2 textures\opaque\bp_remade,true,false,0,none,false,5,false
dmit_newkey_a00_alp_ovl.bmp,8ef2347e6610c8f350202e1f79ed7e103645dbf0,f213eddc074351fd8c01d09ff3bc3c40487f3b21,true,ps2 textures\HAS ALPHA\bp_remade,false,false,0,none,false,5,false
dmo_gave_cus_glip_a.bmp,ef45c2509a19ab623d6b78dc538bacd03cf6d812,d64a68c80ff1b71a09fb5ec44e9c3218c2d2cab2,true,ps2 textures\opaque\bp_remade,true,false,0,none,false,5,false
dmo_gave_cus_glip_b.bmp,e43d0e432cde2ee3e566273afffb32f077197b23,b2ba7b1ac2763036c06fc4788c30f6b3fd448156,true,ps2 textures\opaque\bp_remade,true,false,0,none,false,5,false
dmo_gave_cus_hammer.bmp,6aa37278abb77c7915a4a78e25e61be3b2f06bf3,5497e01daddde5eee49fe3a6563cb01df189f0da,true,ps2 textures\opaque\bp_remade,true,false,0,none,false,5,false
dmo_gave_cus_muzzle.bmp,c5f0165a2d5c458403f03f5456a912c4303e7331,723df62f0a5ba7896721b8af0219a0d88472c52c,true,ps2 textures\opaque\bp_remade,true,false,0,none,false,5,false
dmo_gave_cus_safety.bmp,00726c6aa9981a7878261cd32b5f9cd225c57e43,d3585d9504466df264f724b51814d65d143ed385,true,ps2 textures\opaque\bp_remade,true,false,0,none,false,5,false
dmo_gave_cus_slide.bmp,39af4ab3d0554066a65a1c9b24b76e5e149961ff,71caa83464f619a68a3f90498a0039852e610920,true,ps2 textures\opaque\bp_remade,true,false,0,none,false,5,false
dmo_gave_cus_trigger.bmp,91dd7817a949ffd8622567b8ac66daa9830c33d9,8c8c0a1360387b0c183ed8b7016e9c96481493e7,true,ps2 textures\opaque\bp_remade,true,false,0,none,false,5,false
dmo_gave_safety_sub_alp_ovl.bmp,1b78ba2d4ef74b03d962fd992de4f19608a6f28a,dafd309d9f088795aa15f17098bde942f43ec4ae,false,ps2 textures\HAS ALPHA\bp_remade\no_mip_fixes,false,false,0,none,false,5,false
dmo_gave_slide_sub_alp_ovl.bmp,4b1d583661aff6fa924eefc86a8536d50a57594c,2f9a976c77a6eb0467716eac54c579c50955f871,false,ps2 textures\HAS ALPHA\bp_remade\no_mip_fixes,false,false,0,none,false,5,false
door_a00.bmp,a5f8dc664c2b6f0b8229667c7e028385727a0303,93c7dd66d67029e985929bab152a344e66966718,true,ps2 textures\opaque\bp_remade,true,false,0,none,false,5,false
door_frame00a.bmp,9c49d15d3cf12bdd0bbea0fff70e4d943d76c42b,1e2f46b2024c3b4d49aace2ed0286eb35f7f12f1,true,ps2 textures\opaque\bp_remade,true,false,0,none,false,5,false
door_frame00a.bmp_5e81ed816613855c915ebb39d7c46cb5,5b2b84f4df2773f0fa01759c7f4624df112f9803,8f0a65b417b766d59f2c1d138f6457aa52e2a469,true,ps2 textures\opaque\bp_remade,true,false,0,none,false,5,false
door_frame00a.bmp_e61140fd22b74ee5c40430ed845c6523,7c1d393ea5c8efc7e9a11669ed12007709f8de3b,21270b9d3c6c5645d3b69861588782c0012b4130,true,ps2 textures\opaque\bp_remade,true,false,0,none,false,5,false
doramom.bmp_d34dc03a8a061c56ac3df0391e726752,843352c358349aa486ad72216a60782b9de8e817,ad4ea146e59f69eb0cb30d01f253a5344f84090a,true,ps2 textures\opaque\bp_remade,true,false,0,none,false,5,false
doro.bmp,4065a625800a504b4a52784d8edfebea00d540b2,b60fd3d09cf9385665cf8e845b6f1a65cd918038,true,ps2 textures\opaque\bp_remade,true,false,0,none,false,5,false
driveshaft.bmp_430bec93808cc154ab5ad426cac145af,1ff6164c846ccb7b341c2236fd8d9d1e4ae43819,ddc3ac811e5cba87c957299c5feb0d2b9655cd00,true,ps2 textures\opaque\bp_remade,true,false,0,none,false,5,false
drone_d.bmp,8dff827792e26cd4a1a2763851abf19844fa347a,5aed7dcff2ef9d1b923dbea65697f4f2bd3d9cc8,true,ps2 textures\opaque\bp_remade,true,false,0,none,false,5,false
drone_e.bmp,d8ef5bf58a418cc12e7a98544461a9e9bf6f5975,77f1e9d173c46fe629e55d93e5e22649db916951,true,ps2 textures\opaque\bp_remade,true,false,0,none,false,5,false
drone_f.bmp,48e46e45ae5cb228d7f300652b85d8bad34aa059,9e90707f3284be70c5d48cfcbd8998dd4477d9bb,true,ps2 textures\opaque\bp_remade,true,false,0,none,false,5,false
drone_g.bmp,d1130b83cb4d2925b71dfdf281a57e16ec2cc536,983f747f15e177c09fffbf2c0001e1359c4f326c,true,ps2 textures\opaque\bp_remade,true,false,0,none,false,5,false
drumcan_exp_t1.bmp,de683f5fbd4921d9792e136aeea2aa99fc005ba5,72f12bd9b3cab2bcdbfb8208a6226667d3bbb1c2,true,ps2 textures\opaque\bp_remade,true,false,0,none,false,5,false
dshk_m01.bmp,43227f5e0f924603c0c6116eb2447cd629d65f92,68832dc72b4ccfe3487720b9c8f4415451f87f60,true,ps2 textures\opaque\bp_remade,true,false,0,none,false,5,false
dshk_m01.bmp_14cfe0ae0bcb81fb3adcb6d9d6ea2e18,b97e79dd8cfa47ea9a4c5863f4f880149fb82de4,4520275bfc9a5a9026134984dd08c8e25f4e5e03,true,ps2 textures\opaque\bp_remade,true,false,0,none,false,5,false
dshk_m02.bmp,bab9a7a8cd6fbd537837921a5b7aa7f0f6c2e3d9,f7cfcd47ea267116e5bda5ee18b52c45f015d01f,true,ps2 textures\opaque\bp_remade,true,false,0,none,false,5,false
dshk_m02.bmp_df47143a9de7d7ed9d0c42d99b2e449b,3cfd18b32a8589be007aef3cf718e1cdd84b7e4e,f48acff67df8c0da257e6460a1e51500a22d9111,true,ps2 textures\opaque\bp_remade,true,false,0,none,false,5,false
dshk_m03.bmp,27afe09099bdee512ff35609ee502bada98fb512,e2141f20dd0b371dd2e5b268346d14dd14a29868,true,ps2 textures\opaque\bp_remade,true,false,0,none,false,5,false
dshk_m04.bmp,1f1ccbb18d251f3f6d8e58a2643d34e8adccd100,7da956c826eb39580e8b1b7dbce2191c52955c03,true,ps2 textures\opaque\bp_remade,true,false,0,none,false,5,false
e00_gaju_alp_ovl.bmp,2b19bd50202e1edbcf5fdc8115ea478021f062c2,1a617fd48bc048da8a07bc47734916ac2badb437,true,ps2 textures\HAS ALPHA\bp_remade,false,false,0,none,false,5,false
e00c_flr_moss02_alp_ovl.bmp,d2852526a3e2744a38b3217cf222de278ab0e920,0d9cee2facfb6dd2f6f15647d1b4e2c42022e8b6,true,ps2 textures\HAS ALPHA\bp_remade,false,false,0,none,false,5,false
e01_1.bmp,e0311b163147d2dc3022848ad99f01cd13d59cb1,adb464b331716b5c2634d2c0046fcb1c94487f96,true,ps2 textures\opaque\bp_remade,true,false,0,none,false,5,false
e01_2.bmp_f0b63fb0ea7e68f56e4e83a511bf37e1,2a35d3dd3e72c3cc9f9ebf7c2c6ae77dc2605683,8a2b8669e6d2231fefb68b09dd94073d678c11f0,true,ps2 textures\opaque\bp_remade,true,false,0,none,false,5,false
e01_3.bmp_541acc1ad8a115247861fcf34368023d,98c63f63ac916b94073e481368438459eb972665,4466ee6d493f5abe484087b3358230d344f7f81c,true,ps2 textures\opaque\bp_remade,true,false,0,none,false,5,false
e01_4.bmp_54f96d8a29ca80b1a3feabfd6ad0ce4b,caa27fd131c67960efbae16d9fdc30b7f951f6a8,216f198b818fd8c4afac29d0a196bff23ff88a27,true,ps2 textures\opaque\bp_remade,true,false,0,none,false,5,false
e02_1.bmp,4bfcfe998231f52f7e9ecf7b2c48640eee648e9c,a796f134d71c1572368ed1962071d8884efc8cf7,true,ps2 textures\opaque\bp_remade,true,false,0,none,false,5,false
e02_2.bmp_75c18656e1070488b65f4ef3c5459c6a,189185f56325a8844fad725f83aeeb86f556efdd,d22872b13517f1a0d603956829b23b830f4f61f6,true,ps2 textures\opaque\bp_remade,true,false,0,none,false,5,false
e02_3.bmp_9f9413fdf4806383d89d42846a722a3f,866fdd8fdd5c2d544245ec949e4aea90c66338cc,70cf88962dffe0bada375e33623edbad6f28a626,true,ps2 textures\opaque\bp_remade,true,false,0,none,false,5,false
e02_4.bmp_e98df2b1939851f47c8a6c28ea1d4cda,9756c3ef3f0c2473cb005f6c3d52776e4cf0ec13,02ca3ff1b6b503979cb1a58cf3629a7f0759ba57,true,ps2 textures\opaque\bp_remade,true,false,0,none,false,5,false
e02b_bridgefl00a.bmp,09618f5a890d2c2e771a5907ee7bf97b68d9c890,8de90c3d7e0ef7ac1fc30279e81d7866abe0bc5a,true,ps2 textures\opaque\bp_remade,true,false,0,none,false,5,false
e02b_bridgefl00b.bmp,d65d8a9ee94d3c45fc144a280c231c1ac9185790,f65105cd7371e5424baf3649b28be65ff7ef21c0,true,ps2 textures\opaque\bp_remade,true,false,0,none,false,5,false
e02b_bridgefl00c.bmp,40bca44c9517a2b9aeac7e789e9e66c3eed37096,084c0d54781c64f30e6a0323f9cd6a2856ccf3d4,true,ps2 textures\opaque\bp_remade,true,false,0,none,false,5,false
e02b_bridgefl00d.bmp,b19b2e2e08e68fdd398b368943dc526c65a4059b,b9842b478c83db25a28b2419b140e5caea582c58,true,ps2 textures\opaque\bp_remade,true,false,0,none,false,5,false
e02b_bridgefl00e.bmp,42406e7dcc220a02e21ae319571095941c2b8321,65e170573bebf6cc9b84f08fd82667e2c846ed93,true,ps2 textures\opaque\bp_remade,true,false,0,none,false,5,false
e02b_bridgefl01a.bmp,17107ef1bd0ffc708d5634cd7f6fe0ee67d28777,890ea8ef35475a763462798803e885b34e8fa0c4,true,ps2 textures\opaque\bp_remade,true,false,0,none,false,5,false
e02b_bridgefl01b.bmp,dab93b68e695fcd90a6a71d83c1ce4439d7050d4,247c162b4d7f5fa97074d0981566f6ff6a2c6c1f,true,ps2 textures\opaque\bp_remade,true,false,0,none,false,5,false
e02b_drumcan00.bmp,db905de65d9c404bf4249da975f0deb5c9dc1c91,04ccec2e2068ea198a013928c08081c68512bb85,true,ps2 textures\opaque\bp_remade,true,false,0,none,false,5,false
e02b_drumcan01.bmp,de8ba1849d38eb71875b783d1fe7448339e0fe9b,2460df48894412bc5a4a82ced30fe1993d311b09,true,ps2 textures\opaque\bp_remade,true,false,0,none,false,5,false
e02b_fl04_alp_ovl.bmp,066000081327604e5b4e5fb724ab873aa7ac09d3,35797a00ead38b3c17ab721ced4cac7bd5af5082,true,ps2 textures\HAS ALPHA\bp_remade,false,false,0,none,false,5,false
e02b_sk00.bmp,9d9940ba12547283076acd1a2b27ee36771f6dee,addd29de87d8c2695f51c92875e01c77b466e88f,true,ps2 textures\opaque\bp_remade,true,false,0,none,false,5,false
e02b_sk01_alp.trans.bmp,2b43d04f9d5568a45607a9ed88ebd964afb566e9,333591a923f735ddd80bef1c33f0fcd650c2c5ee,true,ps2 textures\HAS ALPHA\bp_remade,false,false,0,none,false,5,false
e02b_wbox_s.bmp_2151fa9141185b6480190697b659af87,5df0e54575aea8c5e7f39ae2613e894b6f2d1ea0,37c5d40bc6aa653a1c07efafa1aa92f44c8bf872,true,ps2 textures\opaque\bp_remade,true,false,0,none,false,5,false
e02b_wbox_s2.bmp,d41a7b0f47ede4e0ce3011263150ea3e6da1954e,9b1389fb41187cdcc1e24c3838f6102a267eca96,true,ps2 textures\opaque\bp_remade,true,false,0,none,false,5,false
e02b_wbox_t.bmp_2ce5b3b2ac61356432ea7147967b3f25,15c51099df1a6847cc68501b38352e4e648e9d59,6e821e0383f601e93c48f212085b5433fc9b0720,true,ps2 textures\opaque\bp_remade,true,false,0,none,false,5,false
e03_1.bmp,aa1f61aaca62848da038905783a7aa6f0e9e4eac,dc0942f715e2487a1124699c22b652d17389981e,true,ps2 textures\opaque\bp_remade,true,false,0,none,false,5,false
e03_2.bmp_9dacb2c715572785a6dae28acd90e8b1,63486388722f94e2ba1fc2cb6f1bce782231cf73,5fa656e2d52371863711918825996a971faeb303,true,ps2 textures\opaque\bp_remade,true,false,0,none,false,5,false
e05_1.bmp,d8e68b43d46f166590f6cba056108feb5d8e3cae,889ff9833f76dd3c13170491799bf3b1c5bca2c9,true,ps2 textures\opaque\bp_remade,true,false,0,none,false,5,false
e05_2.bmp_82b3b58938902ff77960ab86bece7fde,0c9fdfd84077304dd77e598bb68c03fdf7261d16,4215b714cc622c3a59e0584ced8dafd9d2bde0e2,true,ps2 textures\opaque\bp_remade,true,false,0,none,false,5,false
e05_3.bmp_af67f0040e86439009598c872cff2e9d,576bd3006d38c8164e739ff10cb629323da2abc0,f60c7fb0be30c9c0abbeea0f4355a699dd413986,true,ps2 textures\opaque\bp_remade,true,false,0,none,false,5,false
e05_4.bmp_36713177f73649f66e6d12e18911a8b2,47caebc353a23dc214279b13e437cfbc9fdaca91,cc80d5256dac7e37629513ba35c835f7a8eaf09c,true,ps2 textures\opaque\bp_remade,true,false,0,none,false,5,false
e_magpo-ti.bmp,32f21f0c78795369cf3bfd327f9230c65b651fcd,efdefa4ab224c5f85893f93b4434c5f4d1a0e694,true,ps2 textures\opaque\bp_remade,true,false,0,none,false,5,false
e_makarofu.bmp,6b38ab72aee31346170ae7936c6b510d3ea1b8c4,86c37fa6158082c15a3dc18e154c6e1a84eaba44,true,ps2 textures\opaque\bp_remade,true,false,0,none,false,5,false
e_map.bmp,f43c479992a9c624e4a635af39e7728d555ca0eb,5979b5ff5b130b224e22a0bc588b3eee6842dcf7,true,ps2 textures\opaque\bp_remade,true,false,0,none,false,5,false
e_map_belt.bmp,d53f36982ab1505bcbe659af44144adf6b6cb857,d79349891baefcf938b87d69350dce8c95f829f1,true,ps2 textures\opaque\bp_remade,true,false,0,none,false,5,false
e_mizu.bmp,becc454968b8df0488c115c490eaf97e9f31be12,bfa542dfb9ccac7787753ae3a8e80ebc4bd35fe5,true,ps2 textures\opaque\bp_remade,true,false,0,none,false,5,false
e_skoppu.bmp,83010a3a67f8d4aa277bbcb63ba238142d8f34be,c108b9dcb16cd3ffc8afa29782ab23fdcaf795ee,true,ps2 textures\opaque\bp_remade,true,false,0,none,false,5,false
e_sspo-ti.bmp,b6e745449c2ff7dcf20a1a257e538ca20ba3ef36,63a069eeec38f23e61729b6307da1bb26a92e7bb,true,ps2 textures\opaque\bp_remade,true,false,0,none,false,5,false
e_tento.bmp,0a4b64a0e9647a952198635fa0ade9e683a8950a,82448500f338b3758dcc4d02736d01e43f947609,true,ps2 textures\opaque\bp_remade,true,false,0,none,false,5,false
e_tentobelto_alp_ovl.bmp,1a06cbaf3f40a8dc3cbaa10d3a73a64622543719,1d91e6e1f6b0de792fc98e7299b09163b238180a,true,ps2 textures\HAS ALPHA\bp_remade,false,false,0,none,false,5,false
end_dead_hand.bmp,7ba5f69c5898191ea4affae825d4eedd1378139c,5718edfd8cec9461c1ce72cab437d8e443707be3,true,ps2 textures\opaque\bp_remade,true,false,0,none,false,5,false
end_def_hand.bmp,89a28180486f02e8503f5d0d7b1dcecdd1a210ee,95e80b9d96a4c7267d65ef5ab34463b35ddf87a1,true,ps2 textures\opaque\bp_remade,true,false,0,none,false,5,false
end_ela01_alp_ovl.bmp,0850c3f6aceef03bad173f47eb14d74c7b6ba96e,1a16c042b55f11520af7cb5f5d2ca5b8b8b0d3c2,true,ps2 textures\HAS ALPHA\bp_remade,false,false,0,none,false,5,false
end_face_ovl_mod1120_alp_emap.bmp,a4ef3fc89be12022a47620b9db1276a6d8719d4a,f8ad50d20386c1b817dfa0f4d9e30f5ad6b00a06,true,ps2 textures\opaque\bp_remade,true,false,0,none,false,5,false
end_false_gums.bmp,13b300121ead4dd7f7c44204592f3401a4fe4571,d3523be30b3dfaba88c50c4b2cbb0e5dbba16108,true,ps2 textures\opaque\bp_remade,true,false,0,none,false,5,false
end_false_metal.bmp,54027c9348a9bbbed0f3a6fc926c2f906220af00,2895bea1fe392131baffaaf5126fa0f79b11276a,true,ps2 textures\opaque\bp_remade,true,false,0,none,false,5,false
end_false_tooth.bmp,f19e0e0106e5a0c1bbac98970579edef8cc1e97b,f6840a3cd326b0fc5eb2fdb11f53fce1bc2fb4fe,true,ps2 textures\opaque\bp_remade,true,false,0,none,false,5,false
end_ghost_foot.bmp,b4f45d4bc938e6155154d68aaae6893d350fa5af,0bc4736bd6e60376c18ad6c752156c8f451c87bc,true,ps2 textures\opaque\bp_remade,true,false,0,none,false,5,false
end_ghost_foot_under.bmp,c9391a1c3133ef139ca7dd42f1bf2e946345c368,c8461eb0fc7b9b3444f25854c212ebba9c8819ce,true,ps2 textures\opaque\bp_remade,true,false,0,none,false,5,false
end_ghost_hand.bmp,da223bd9bdf05b5026df1e5f8f55613207c921ef,c4bcb6ac40007a078f05298ce9106bbe168d3aee,true,ps2 textures\opaque\bp_remade,true,false,0,none,false,5,false
end_gr_ovl_alp.bmp,787d6b9ef0972a236184ff6d5d334407f8aca523,98a6745d727a13d1744995d42b89ac0ae1a19250,true,ps2 textures\HAS ALPHA\bp_remade,false,false,0,none,false,5,false
end_hp_ovl_mod1120_alp_emap.bmp,f4313d023b2ce10014fff9c489ac5c1df9847171,f910eb9e535f1c9c39ee2f4ec424128192fea01e,true,ps2 textures\opaque\bp_remade,true,false,0,none,false,5,false
end_item_bk.bmp,c3b757489a9fd86012ec688936a8817c1a032bd5,cbc615e5965c9c1129fe3df90cfb8505fe42c187,true,ps2 textures\opaque\bp_remade,true,false,0,none,false,5,false
end_item_bk_side.bmp,2512526d9e43fcfb10a4fa02467e33eb5f04fae7,8c7213f55d6e6dd5925889dbb0555b5a3786e737,true,ps2 textures\opaque\bp_remade,true,false,0,none,false,5,false
end_item_case_def.bmp,ffe4436f91604b45db3480f765d222bd5f1770f8,4a062f9357f75d38c0c1d5926fa8b35aa71370b9,true,ps2 textures\opaque\bp_remade,true,false,0,none,false,5,false
end_item_case_def_sub_ovl_alp.bmp,bc8d9204eb0e8645071783d2c52dd1e3ef5a6fb4,6b9df927f961995eff46eca55e089d014b1f06e3,false,ps2 textures\HAS ALPHA\bp_remade\no_mip_fixes,false,false,0,none,false,5,false
end_item_hp_coad.bmp,1c893de9d620857ace91e001d22121959a4229f6,700210f17ffaf94b1ded5d5cc8312c7fb005058b,true,ps2 textures\opaque\bp_remade,true,false,0,none,false,5,false
end_item_hp_coad_sub_ovl_alp.bmp,3bf0a5bca43bb269872f8c143ac95acf15151c7a,896ee05c201bba6f10c034f9f9ac7f752f89ba53,false,ps2 textures\HAS ALPHA\bp_remade\no_mip_fixes,false,false,0,none,false,5,false
end_item_hp_def.bmp,3ebf8a6bda4007c07c4efa2b902867051e0b6d8d,9b98cfa9b24d4931fced0d3dd1cf1060c9469eb8,true,ps2 textures\opaque\bp_remade,true,false,0,none,false,5,false
end_item_hp_def_sub_ovl_alp.bmp,6b5b87b7020105c9c3a50d29ff1b1213d50142e9,ea7f4c3d881ce6354e2c257f4d22db9d3043021f,false,ps2 textures\HAS ALPHA\bp_remade\no_mip_fixes,false,false,0,none,false,5,false
end_item_hp_mb.bmp,2f882b0f09cda98462500d400e301b560caed59a,9e9cc3a7735ca34852953ce9ca56a7f18875e86e,true,ps2 textures\opaque\bp_remade,true,false,0,none,false,5,false
end_item_hp_mc_sub_ovl_alp.bmp,78d44557aaf3a05050534a7c156a174ac89f0dee,aa1e48062f5739fcb6d1df3d8902fdc3ee19ab7e,false,ps2 textures\HAS ALPHA\bp_remade\no_mip_fixes,false,false,0,none,false,5,false
end_item_hp_md.bmp,4fab603970bb36e6fac4d8358d7ef43924135046,327e3c3e7b0a3cc721d87cbe0201ff29618a45a9,true,ps2 textures\opaque\bp_remade,true,false,0,none,false,5,false
end_item_hp_me_sub_ovl_alp.bmp,339e00902df405cffca0d33411d9503745a160ef,d0d8f16e4a6afb7cc21e834d32b6569cb2cd5e2b,false,ps2 textures\HAS ALPHA\bp_remade\no_mip_fixes,false,false,0,none,false,5,false
end_mgs3_arm_def.bmp,53833ec2b901b3096861c20e54d3471bbf8379fe,357a59f475708e6907411c8d9b7043cbe6cf20e1,true,ps2 textures\opaque\bp_remade,true,false,0,none,false,5,false
end_mgs3_arm_red.bmp,f22f246ae4a7048e57737b0abc5a780aa4de2393,6e88f20d23c22b2bebdfdf69557a8986a87a7d6b,true,ps2 textures\opaque\bp_remade,true,false,0,none,false,5,false
end_mgs3_belt.bmp,351a1d1d3111bcc6918d38e93b1c87d04c4d62f0,bc21041d7687c35b3dba7998616f2771cd88a7dc,true,ps2 textures\opaque\bp_remade,true,false,0,none,false,5,false
end_mgs3_belt_bak.bmp,5a269f4ea06948136682e62945ac756094ed8233,c3da62f15c9e9ca2868c92527b804a284f5f3c48,true,ps2 textures\opaque\bp_remade,true,false,0,none,false,5,false
end_mgs3_belt_def.bmp,c0c5d94e26db61177285efd64e5c15d21c50512a,8c19f3417753085ca5bdd9ed45192670ed356125,true,ps2 textures\opaque\bp_remade,true,false,0,none,false,5,false
end_mgs3_belt_shl.bmp,ea9f2058b6269b83338e1d1859ac07cef2ddde80,6ae9acee9860d131f3c50aecf6195bc2c067255e,true,ps2 textures\opaque\bp_remade,true,false,0,none,false,5,false
end_mgs3_body_def.bmp,cd67f89111a2a9d790b125f4aeb5b4debc1eaec7,3096af177ad475a267d97820fad4a774f2b85b99,true,ps2 textures\opaque\bp_remade,true,false,0,none,false,5,false
end_mgs3_body_gr_ovl_alp.bmp,0530c69151805492a6fb9f097674fa253c4c0ed7,9db9f33c5d521f81b5d2da64fa315a01cfdc1cff,true,ps2 textures\HAS ALPHA\bp_remade,false,false,0,none,false,5,false
end_mgs3_body_red.bmp,828da9150556c8096858a5daee3d6163e5901e30,c94194f7d045fe9a5965209ec0b8963c1ed3d676,true,ps2 textures\opaque\bp_remade,true,false,0,none,false,5,false
end_mgs3_body_red_ovl_alp.bmp,3a989ecf2cab534798acb234b0af3278aba00c31,f5869fd95d2a28133e38baa8784dc30ef1f0b936,true,ps2 textures\HAS ALPHA\bp_remade,false,false,0,none,false,5,false
end_mgs3_eye.bmp,f937685160c165844b10dbdc07f05143b4a29d0c,bfe527416a2ef1841d23af14548da5a919e41b19,true,ps2 textures\opaque\bp_remade,true,false,0,none,false,5,false
end_mgs3_eye_dead.bmp,58bb2e6e35f52ecc2e22221a2501c3cf1db2b93e,e64dec308608cfafaf89b8378ea5254d08730104,true,ps2 textures\opaque\bp_remade,true,false,0,none,false,5,false
end_mgs3_face_dead.bmp,165be2cf57dab133902678579be72f582a892dee,35e38698b75dc12c5355da7987eacbc04c962c84,true,ps2 textures\opaque\bp_remade,true,false,0,none,false,5,false
end_mgs3_face_def.bmp,6bc844cacf162d14831993aa3b2de0f32d231578,6fe0b72dbff168b87a59cc67fa82200a721a5cb8,true,ps2 textures\opaque\bp_remade,true,false,0,none,false,5,false
end_mgs3_face_def_sub_ovl_alp.bmp,17bedbcab788b2c1065d3b68253a44d9ac322cba,9edbd18f2ed8e0a3417c5e69af418b97354f8b11,false,ps2 textures\HAS ALPHA\bp_remade\no_mip_fixes,false,false,0,none,false,5,false
end_mgs3_face_wheel.bmp,8d0fa18051709f41c63d396e1f64b129addacfe4,bf83278ae701299331c07467228ac2b4cdccd778,true,ps2 textures\opaque\bp_remade,true,false,0,none,false,5,false
end_mgs3_face_young.bmp,f17ae7579420126824c5f01e3e98cbc628df0df4,b2f3fe9d86fbd8657cb87089daf53bcf69ba94f6,true,ps2 textures\opaque\bp_remade,true,false,0,none,false,5,false
end_mgs3_foot.bmp,b7160814709ababb1a6ec2ed58589c27f489a89e,76497753a5fb40446439ab4db41777292999db9e,true,ps2 textures\opaque\bp_remade,true,false,0,none,false,5,false
end_mgs3_foot_def.bmp,ef19bc4da947e23e1c0de530967bc7160b42b272,39b9a42c9c662d9e9c60606510769e35e2bc6658,true,ps2 textures\opaque\bp_remade,true,false,0,none,false,5,false
end_mgs3_foot_red.bmp,4f3346c571dd463a226f7f0aa91e8c79c11b2611,65d25b78f47f5285ec849df7d43e907cda5272e8,true,ps2 textures\opaque\bp_remade,true,false,0,none,false,5,false
end_mgs3_foot_under.bmp,634d8e59dc06eeca355eabcbadfe5b97375221ff,cb0fdd1f1a68029b02f9e06848b23bdca8da191d,true,ps2 textures\opaque\bp_remade,true,false,0,none,false,5,false
end_mgs3_gun_belt.bmp,a621d34f76e54238b643384deee9a718f20797e1,9277089369a0a6ac7d86af06e9ff8eca325d24b4,true,ps2 textures\opaque\bp_remade,true,false,0,none,false,5,false
end_mgs3_hair_f_ovl_alp.bmp,c5cd4a5c6a8487b8752167a621c227395f9493a4,b77719fd886e77741fa4c8049bf4956ca9734af4,true,ps2 textures\HAS ALPHA\bp_remade,false,false,0,none,false,5,false
end_mgs3_neck_def.bmp,a8b27a7f29db00f675553835f1698f86b3bf333a,026ec6b952c2bd43efb5e1a07da85ad389cc7587,true,ps2 textures\opaque\bp_remade,true,false,0,none,false,5,false
end_mgs3_wpl.bmp,71d1efe760389b3ef83eea4b35a9d5cd53d72b61,0244f1ced8032ebe84329074f48691cd0d013f06,true,ps2 textures\opaque\bp_remade,true,false,0,none,false,5,false
end_under_tooth.bmp,9429e5a930df4532e0470a1bbc7d8fb2940ee028,c218c619c6144fa8e095130e9eb4898714ffc4db,true,ps2 textures\opaque\bp_remade,true,false,0,none,false,5,false
end_young_hand.bmp,930cd3ab55932ee54570b27d72b5d2115fcdd52d,7c14efd3be7b2d9466a27baae41340e3c6e8f0c3,true,ps2 textures\opaque\bp_remade,true,false,0,none,false,5,false
ene_def_akmagpouch_bag.bmp,da98d674776465fea5d73b6ad749618756220502,a4f90e2482b0c08235e3eb6a0151c1fe234570be,true,ps2 textures\opaque\bp_remade,true,false,0,none,false,5,false
ene_def_arm.bmp,6cd214b7bb34204a0d3340d3911a93a8f1e59dbd,ddb8cc6b09381e29354d139d1f518cd842a58399,true,ps2 textures\opaque\bp_remade,true,false,0,none,false,5,false
ene_def_body.bmp,223fabfea3649d00643694ce9c84984570694744,1cd0b8c95f4eb651d7d2743c6ef954b0cfe189bf,true,ps2 textures\opaque\bp_remade,true,false,0,none,false,5,false
ene_def_eye.bmp,2ad6ae664a32d62454ec69574cdd3c761ecd6dbe,41155ca753ba122f83085d06aec91e5d33ccfe77,true,ps2 textures\opaque\bp_remade,true,false,0,none,false,5,false
ene_def_eye_close.bmp,7890770b7bb433f137b5d78a4f7dfb59ed284efe,81c342322c05c7bc4460b8631a4bd0f8eca5501c,true,ps2 textures\opaque\bp_remade,true,false,0,none,false,5,false
ene_def_eye_mu.bmp,d26f465134fe50dd37642a7287976460d3418bb0,37256f1d0750676c426aa072e12785003689e8a3,true,ps2 textures\opaque\bp_remade,true,false,0,none,false,5,false
ene_def_eye_open.bmp,812588f453b4deb592d9592433546501d968994c,07b5bc49aa5182584c805584ca54afeafd82c192,true,ps2 textures\opaque\bp_remade,true,false,0,none,false,5,false
ene_def_eye_pain.bmp,152a903a54060fd491313ce916253cf094af1809,88865667b0f1b672ceebce977e19eaab7960661f,true,ps2 textures\opaque\bp_remade,true,false,0,none,false,5,false
ene_def_eye_white.bmp,5ad4313384faaef40f8f18785056fc441528a383,16213b7ca045a0111c94447d42d967cd458b8619,true,ps2 textures\opaque\bp_remade,true,false,0,none,false,5,false
ene_def_headtop.bmp,8fc2cb048e623a8de57247584421c40fb1079ec9,e9b067f30eebe030c76e8587c18711c66360fda1,true,ps2 textures\opaque\bp_remade,true,false,0,none,false,5,false
ene_def_headunder.bmp,d16947f86e03c4b3ea5610f233496dfe6681b783,2f70994d0ff2107b3a38b772ceca3164f835d444,true,ps2 textures\opaque\bp_remade,true,false,0,none,false,5,false
ene_def_leg.bmp,8739f09bb2fb035203044aef9a14c329659319d5,620f8220c2ea04c83dd22f7f6273923f5f3f36fa,true,ps2 textures\opaque\bp_remade,true,false,0,none,false,5,false
ene_def_neck.bmp,14e459ad6e5c8dccf09e3aff8988c4ccff591aa8,d5ee39c27e5edd35598a816cda8e6c10241fa7bf,true,ps2 textures\opaque\bp_remade,true,false,0,none,false,5,false
ene_spe_amdmagpouch_bag.bmp,e5e93fe8ebfc9df7622fb32c9ad1de517fbead62,d1156c76376a2888df54b19ce617799c7b52abe6,true,ps2 textures\opaque\bp_remade,true,false,0,none,false,5,false
ene_spe_body.bmp,a80cf6eafd66b714925cd5d04e79bd80366838f8,3413fe571e559f3a231a06ea37b26e4821af1ef5,true,ps2 textures\opaque\bp_remade,true,false,0,none,false,5,false
ene_spe_body_belt_alp_ovl.bmp,c0c7ae06b67b0c310ef876e8d34fe42490e33d5b,f79320c4f570b054661ee335548bca8ce89ae51c,true,ps2 textures\HAS ALPHA\bp_remade,false,false,0,none,false,5,false
ene_spe_boots1.bmp,22e875e00b7755b55bc0557cc9c06154801e65d3,0a754432f7dca3376ee8e7695b5a332493d1ec0d,true,ps2 textures\opaque\bp_remade,true,false,0,none,false,5,false
ene_spe_boots1_ovl_sub_alp.bmp,dc5ea7b04bfb35a12c02389b849dad6723b631d3,df77e7c66dbfd251d13c621e5036e5fa9010e6ad,false,ps2 textures\HAS ALPHA\bp_remade\no_mip_fixes,false,false,0,none,false,5,false
ene_spe_boots2_ovl_sub_alp.bmp,59e192baa57a99ef8d9dce71d3c71be28278166e,99d2cf8dec7836fac030058d1634c3a59381c857,false,ps2 textures\HAS ALPHA\bp_remade\no_mip_fixes,false,false,0,none,false,5,false
ene_spe_boots3.bmp,8ea2bd61328f6711a6d2a24643c66bda12897e4c,ccbe2a1240f15f5e4cef5920775ed87a422fa8d0,true,ps2 textures\opaque\bp_remade,true,false,0,none,false,5,false
ene_spe_boots3_ovl_sub_alp.bmp,b97a824fcc964e6d5ca6c77644992233ff3c58ab,fc017e715c1948e66e89057c7c00e3e331fc9f23,false,ps2 textures\HAS ALPHA\bp_remade\no_mip_fixes,false,false,0,none,false,5,false
ene_spe_boots4.bmp,d9712e2125326ec758c8831c9bb22e6f36e72387,d8d810c341d9394c73c202ebe4e08a2fb10dfa9b,true,ps2 textures\opaque\bp_remade,true,false,0,none,false,5,false
ene_spe_dr_magpouch.bmp,b745861cebf9f3873014cb38ae0c6d846015c75e,6f5506a0607f79c4ea166572257c3dac6cbf66e8,true,ps2 textures\opaque\bp_remade,true,false,0,none,false,5,false
ene_spe_dr_magpouch2.bmp,c796fc4f66bcc83b303c83e8ca8ef02029ba26c2,ed0359c94e887177332a6b1234c3765209289a27,true,ps2 textures\opaque\bp_remade,true,false,0,none,false,5,false
ene_spe_eye_close.bmp,f3cc362bba26aa9f10ce5e2bfec647f81bc669b0,626a2bed3088d0256a1abcbb8b5b6bf942ad9389,true,ps2 textures\opaque\bp_remade,true,false,0,none,false,5,false
ene_spe_eye_def.bmp,973a6c486701bc68f161de2b44b4afe4405278bc,23fbfdb74e7e658ffe24ebd4d8a9fa382f000e42,true,ps2 textures\opaque\bp_remade,true,false,0,none,false,5,false
ene_spe_eye_mu.bmp,99bd6546b46e84bab11d4120d17756f60d83e9a9,7936660f634eee77a43f6f848936b56becacaf1b,true,ps2 textures\opaque\bp_remade,true,false,0,none,false,5,false
ene_spe_eye_open.bmp,22f2e75dde19d172b6ec41df1c5578ebd5fa77d5,92ec3139811db3cb9f6fdd5203a23a1c67581c94,true,ps2 textures\opaque\bp_remade,true,false,0,none,false,5,false
ene_spe_eye_pain.bmp,5607de0cf695c3d6be7a0bbdcfafec59691d7d52,fb107e5efa18a7f79fabba88e2c57cb0eed14b68,true,ps2 textures\opaque\bp_remade,true,false,0,none,false,5,false
ene_spe_eye_white.bmp,2923e41aeeb728b79dcabd2942e35bd1a5f39905,5e612638b0e622380d0072e48f3fb730ab345784,true,ps2 textures\opaque\bp_remade,true,false,0,none,false,5,false
ene_spe_hand.bmp,3e1d91b081b2c4d4e2377e5bd5919a4b8b68689d,2845a6eb59317dcf938bfc87fa479ad2df280bf7,true,ps2 textures\opaque\bp_remade,true,false,0,none,false,5,false
ene_spe_head.bmp,b3b6b97e080bad1a4e133c9cd39c74d878417f1e,c02dfd7dc77b9d33e0140169848653e80c6201e3,true,ps2 textures\opaque\bp_remade,true,false,0,none,false,5,false
ene_spe_mizu.bmp,5c413f9388741e38c0a1eeef761dd7e2e237ed60,ced3da65f7920527197808d20ab61fd9bd0700d4,true,ps2 textures\opaque\bp_remade,true,false,0,none,false,5,false
ene_spe_ovl_mod1120_alp_emap.bmp,44ce01b9632c04ceeab9c81e6897fa8fde2b9d2b,9c0df7d4d316d63b79cd5d1992e552948f4cab08,true,ps2 textures\opaque\bp_remade,true,false,0,none,false,5,false
ene_spe_pain_face.bmp,925a9191993704f3be6b7ea6ba494f31255b642d,7413afb47d396397e9d6b65722e5bb75ff759427,true,ps2 textures\opaque\bp_remade,true,false,0,none,false,5,false
ene_spe_pain_neck.bmp,99352a4950184e4ec62aa9a6b08585b650fbbb22,26fc90685cc71059221aedc6df925c25cdad162a,true,ps2 textures\opaque\bp_remade,true,false,0,none,false,5,false
ene_spe_sspo-ti.bmp,69f40ae8569bbec9f8cb0e49c8129114f19cf6f4,678dd1ff5571a26f5cc4919b1a4e5fe3c5037bdb,true,ps2 textures\opaque\bp_remade,true,false,0,none,false,5,false
ene_spe_stboxmagpouch.bmp,9f0af933922c21a0893fbcd50e45c84a64e72b08,c6b4f55ad0003a4138666b7656d0ddfe67826e48,true,ps2 textures\opaque\bp_remade,true,false,0,none,false,5,false
enjine01.bmp,e659d18a1e4ec0c283d5bdb03de300f97fb5263d,02a828a385526accf89f6e8161251a5bfa3c7549,true,ps2 textures\opaque\bp_remade,true,false,0,none,false,5,false
enjinp01.bmp,7a1d66b45267ecfdbc14ee9181f57cb83c6b8baf,ef4e0be88e76369fec26c858a1a58149d66cd208,true,ps2 textures\opaque\bp_remade,true,false,0,none,false,5,false
enjinp01.bmp_af673edb2b6d4f16ad759a50e83cf3df,ccb6ad5b78d341ea1b2e510580efd38279cf2bc6,4144451da4cef7425151c2c0844dcc9e08f930c6,true,ps2 textures\opaque\bp_remade,true,false,0,none,false,5,false
enjinp03.bmp,a2da52551420f06fd1500fb8643e74df4301e8e9,0d01747dbfd7ef1c3fa887455fb7f0bac325436f,true,ps2 textures\opaque\bp_remade,true,false,0,none,false,5,false
eve_item_branch.bmp,814b24b18b7f1f27b68f3af60fe46fb58094c157,14ec148a9584fb91de31bd29855e0faf4a31871b,true,ps2 textures\opaque\bp_remade,true,false,0,none,false,5,false
eve_item_helmet.bmp,68a4bd9ee98ee1adbfa631b30bd8d26db7558274,4c0659eb779b60da19d610d8d02b6f2f0582e4be,true,ps2 textures\opaque\bp_remade,true,false,0,none,false,5,false
f_forkuup.bmp,5f87645261036292bfb07bc39521ee86b4b31a3a,80be2283d619496ff9b18348eaba6e89b1cb1062,true,ps2 textures\opaque\bp_remade,true,false,0,none,false,5,false
fea_backpack.bmp,2461fb959275e035d1bbfd08ee14411e1054b931,bf93e15536a0c2c219dce86319174474db1ff690,true,ps2 textures\opaque\bp_remade,true,false,0,none,false,5,false
fea_body_fix.bmp,81b042978cd7e4273e26d022bcbae4e633c45756,5a4ef144398aa9085b426213e808b14ae297fab8,true,ps2 textures\opaque\bp_remade,true,false,0,none,false,5,false
fea_case.bmp,f9bbba5641160e3a476dd3cb7c8d4f1b11ecc293,625e3bc7a1df8f668fc773d85e08c7e3286fa1cc,true,ps2 textures\opaque\bp_remade,true,false,0,none,false,5,false
fea_def_boot.bmp,9abebf298cda3db5f799f166c4adef01efbfb5dc,cd433233747406858197bf3fd8760017bd39073b,true,ps2 textures\opaque\bp_remade,true,false,0,none,false,5,false
fea_def_boot_low.bmp,aaa78ce88ffbc10d46123e87c437d2353e6ec6a2,aab0c8ecd2e051906b0a3e4101a562117ad29ce9,true,ps2 textures\opaque\bp_remade,true,false,0,none,false,5,false
fea_def_dmo_hand.bmp,604af714489ebd6a4629dead837cb4cdf721d1e7,3c7f8e5e8184b93402ed1daf46388fe135a09163,true,ps2 textures\opaque\bp_remade,true,false,0,none,false,5,false
fea_def_hand_low.bmp,5ba44ca13323b3148ed599c44b613e79de02cdaa,9737960263edbf74c7605bfacd5b1cfc868413a5,true,ps2 textures\opaque\bp_remade,true,false,0,none,false,5,false
fea_face_fix.bmp,49e19e556d0643585d4a562fbe799cfd1957627c,0746b185089fd473a2765510a6a53ca3ec70d458,true,ps2 textures\opaque\bp_remade,true,false,0,none,false,5,false
fea_face_ovl_alp_mod1120_emap.bmp_20090ce542f2c5ce0babfeb8f195dd0c,7c32f2dcaf149b020e8312cdd0b3cfee2c7a6b6d,e9d56d857f52855cce72147087a738b922ed5870,true,ps2 textures\opaque\bp_remade,true,false,0,none,false,5,false
fea_face_ovl_sub_alp.bmp,427015534c25c1e5aee2f38dd4a95b02eda09533,3a4557af16372573a6d23d9fda7a18237b745278,false,ps2 textures\HAS ALPHA\bp_remade\no_mip_fixes,false,false,0,none,false,5,false
fea_hair_top_ovl_alp.bmp,e8d89625d0a0df39f706f338e1351a4c8084a80d,bd8fb19bae3c90f68250320fcaa7d3abff91b2c4,true,ps2 textures\HAS ALPHA\bp_remade,false,false,0,none,false,5,false
fea_hair_top_white_ovl_alp.bmp,56a98b9d55d8a19ef35e6fa1a77470b98baee52f,6b678f548d412213a44581895b9b269f657a4c05,true,ps2 textures\HAS ALPHA\bp_remade,false,false,0,none,false,5,false
fea_tongue.bmp,55c7dafa1d30f5d126d6851cadd03a1cfcfecaf1,793285febd8ebfb2f1a217e1e1122e4461b937c9,true,ps2 textures\opaque\bp_remade,true,false,0,none,false,5,false
fea_tongue_ovl_sub_alp.bmp,d1890f73676ecb43a558cd835e51f9ebab71d416,fad0d8b337d26684628798b654471d0e33c3deca,false,ps2 textures\HAS ALPHA\bp_remade\no_mip_fixes,false,false,0,none,false,5,false
fenjin01.bmp,e9ffdf3fae0954126dcafde7afee7580880860b3,f06def902d0e271f235ee5439e95e3171ada689a,true,ps2 textures\opaque\bp_remade,true,false,0,none,false,5,false
fenjin01.bmp_3123852a69edd7df0af2e65c4e35c8ae,ff453469e9eba46bc2667a750bc3e040a7730916,e40f7fb4902349ac9b2c412c8bc0601bd76663fc,true,ps2 textures\opaque\bp_remade,true,false,0,none,false,5,false
firewood_box_ovl_alp.bmp,8b830e7d673e81c8d0975243492ecd7e4aaed514,aa7eb38194c8075c3324e25c46b0629192f83277,true,ps2 textures\HAS ALPHA\bp_remade,false,false,0,none,false,5,false
floor_a02.bmp,9e5da8b4642d89a5a67f26e2fff3c3af636c5d8c,d482b0b117ecaf1d89015d2a98bdbaa44b485541,true,ps2 textures\opaque\bp_remade,true,false,0,none,false,5,false
fsh_mid.bmp,db3309791a3b3c4145d4ba1f5bde10bc58f1c0be,2e213a4d1db9de1763d8a739133ae522f20684a6,true,ps2 textures\opaque\bp_remade,true,false,0,none,false,5,false
gav_body.bmp,16697bc3fd0678812a544ea9c049a1e82c4b2c0f,2f712d4a9bf827e744abad4c5862d96286b8ace4,true,ps2 textures\opaque\bp_remade,true,false,0,none,false,5,false
gave_cus_sup.bmp,8ead33676155b5f69f4196c0a495e0506453308e,d64375ed2185a226c57c9d1858e7597ad7251643,true,ps2 textures\opaque\bp_remade,true,false,0,none,false,5,false
gavial_cap.bmp,00871129e8417e8486fa1504216084ea2aea9535,af2e403a9e8eb6c34dc2f2a9d7a6c7b03b190ebb,true,ps2 textures\opaque\bp_remade,true,false,0,none,false,5,false
gg_door02.bmp,29a3a84f27f2c3a317c7f48087e970f17bf9ba47,732c6a41e73bb22bbce2b9f1855ee44c97254c35,true,ps2 textures\opaque\bp_remade,true,false,0,none,false,5,false
ggbrk_fl_breakb_rep.bmp,c7ee308c04553f6eee68135b600239385129545b,b335d5142e2c212df4518c01c90f5609ed7e5815,true,ps2 textures\opaque\bp_remade,true,false,0,none,false,5,false
gpi_def_eye_open.bmp,90efcc80ce70179e080f2c34a60fd9e4bfb8b4e4,926ad7592405414ae4279bf1511671688d2ddbfa,true,ps2 textures\opaque\bp_remade,true,false,0,none,false,5,false
gpi_eyea.bmp,8717cc8a65489b2fb530f36fe3ae4ad7a485d4e3,2b0300e9679f6795764a1a17562322c7fcf86d02,true,ps2 textures\opaque\bp_remade,true,false,0,none,false,5,false
gpi_eyeb.bmp,17534cb659311be43a76a78511f7db0805c9cfd0,ef86ff264e156ded8eb8a27640a70b4c74492da9,true,ps2 textures\opaque\bp_remade,true,false,0,none,false,5,false
gpi_face_def.bmp,b71c27a8dfeecbecf30319281f1a6e543b99be73,702ee7c8b9d4cd649ba307a33b8fc7a34fce7bd3,true,ps2 textures\opaque\bp_remade,true,false,0,none,false,5,false
gpi_foot_def.bmp,18e8731082c1677d4bb8a3466a39d511dd394ea8,c5aeec9533d66d7144ee4f381d0c2a0a0c5770a5,true,ps2 textures\opaque\bp_remade,true,false,0,none,false,5,false
gpi_foot_f.bmp,1a3960848979f38909411bd8339b623d89cd0033,fe638c6b838ec76df5c7aadcf805b57cb774b2f5,true,ps2 textures\opaque\bp_remade,true,false,0,none,false,5,false
gpi_foot_r.bmp,27e92919632a39fbb3f1445c87aa2aeb4853a34c,07fcb66066be7e5608c78e93fdcf3851ad50ba14,true,ps2 textures\opaque\bp_remade,true,false,0,none,false,5,false
gpi_foot_u.bmp,97c45f2912300fd289e915e1b25d7537b080f805,5a079b0a004b762f37a4ee4ecd0191d3c513b162,true,ps2 textures\opaque\bp_remade,true,false,0,none,false,5,false
gpi_hair_def.bmp,bd8dd4e67d779db794430cca3c879e7b03a32d06,2783d50c492a125844aeaa51786651c91a190aab,true,ps2 textures\opaque\bp_remade,true,false,0,none,false,5,false
gpi_hand_def.bmp,3ac24e8afa536979293da433ea86fe47b51473e9,4cd824dae8816407d88e4a8e7afcd7470d0d4e39,true,ps2 textures\opaque\bp_remade,true,false,0,none,false,5,false
gpi_headphone.bmp,fe183e1dff083a1c70a21ea61201a70eab6d3858,14febbbb2cda6f76bf90de41eec0bcf6c19124b8,true,ps2 textures\opaque\bp_remade,true,false,0,none,false,5,false
gpi_income.bmp,d45c91ad3f989f897a83003d884b1aa91bb54fb8,db440bdde7370baf44664472caaa7c72e79a680b,true,ps2 textures\opaque\bp_remade,true,false,0,none,false,5,false
gpi_tshirt.bmp,dbef9a071441d591012adf420af09dfb7828190f,e1991943fbcc137b9511b4569bccce6dacf76e18,true,ps2 textures\opaque\bp_remade,true,false,0,none,false,5,false
gpi_ubody.bmp,c6526dbe4edb72139843908fc6493ba0efe6bc08,3b4660a6384f7ab70c6e6ffaf51bfde51a2a7e85,true,ps2 textures\opaque\bp_remade,true,false,0,none,false,5,false
gra_dead_arm.bmp,9843cebd8a163c04d42a265989d2a1eee11b6834,08eedb7b35b2f39e9c3ef06d1053d34c97af7a7a,true,ps2 textures\opaque\bp_remade,true,false,0,none,false,5,false
gra_dead_body.bmp,fe9efdd50b6cdb45da7fa8f3d1f46bfdec4c9a95,e8b077fd266def76660af4a7c6c7e8a094efcdaf,true,ps2 textures\opaque\bp_remade,true,false,0,none,false,5,false
gra_dead_body_vest.bmp,bf3aabb2662e995c8936427490fce296c76a023c,546eb6539a9d83cfcd97fa39f6e8280abcb86e53,true,ps2 textures\opaque\bp_remade,true,false,0,none,false,5,false
gra_dead_botan2_ovl_alp.bmp,2f5181f4f272a8b8e1a65bb4bfc9abc4de4c6bad,7c15814625c15509aa75c9b21a4fac22f1f531f7,true,ps2 textures\HAS ALPHA\bp_remade,false,false,0,none,false,5,false
gra_dead_botan_ovl_alp.bmp,60206b1c09e18efa7eccc2dfd3a89b30fc705b24,dcdc197859ce12e28236dc88b87bfa9d680dedfc,true,ps2 textures\HAS ALPHA\bp_remade,false,false,0,none,false,5,false
gra_dead_eye.bmp,3596a24a0a5d0d9c389d08c9b3c09336cff225c6,bb14f13f29827999431a247a908f9ff6697a749d,true,ps2 textures\opaque\bp_remade,true,false,0,none,false,5,false
gra_dead_face.bmp,492cb2e2ba720fa75344ece28686b5cae49c5e2b,65467813631948291da72cc9561059540ac67943,true,ps2 textures\opaque\bp_remade,true,false,0,none,false,5,false
gra_dead_foot.bmp,08dd11aaa64904dbb6ad85819a95ce7c7a34b9c5,e0da0b653edc8436117250d57201c19c966784f6,true,ps2 textures\opaque\bp_remade,true,false,0,none,false,5,false
gra_dead_foot_s.bmp,cbabaf1fcb263e0d5835f532aca0ddd6fc2a617e,e6c0fe15ba2da01edfdcbde48ef80df108746827,true,ps2 textures\opaque\bp_remade,true,false,0,none,false,5,false
gra_dead_foot_s2.bmp,f473d1097abfad8d8391b40aa816352f76e487c6,92f2d08da5c798dc75c77162f0f6a444a2a091b4,true,ps2 textures\opaque\bp_remade,true,false,0,none,false,5,false
gra_dead_foot_s2cap.bmp,7b6de5bea6c930c987bf9a0253085e90e24ec9f6,48c637c2b3fe08de594c8980077c52a3e661493d,true,ps2 textures\opaque\bp_remade,true,false,0,none,false,5,false
gra_dead_hand.bmp,33dd4ea88b4a96a3c5cf81841dbfd519e54534e6,6d5da5a23003f1085075725b272e2ca17a39c15f,true,ps2 textures\opaque\bp_remade,true,false,0,none,false,5,false
gra_dead_hasshinki.bmp,b85bf244c1f8a428e2be795233a214b17f7d75e8,c3c77730094043776ba10b7e13ca61c91d9f2294,true,ps2 textures\opaque\bp_remade,true,false,0,none,false,5,false
gra_dead_matuge_alp_ovl.bmp,256a88d9c859020d6ddc1f6ebf034c287dcbd4c9,c046e9d114de79144f0e7c5b45a241da4f2d75e5,true,ps2 textures\HAS ALPHA\bp_remade,false,false,0,none,false,5,false
gra_dead_med_ovl_mod1120_alp_emap.bmp,89dfeddf8846d2dbce3b94d5e22eea33133a2f77,dea56f1db33f6233516bb0ecc245b403c677c1ec,true,ps2 textures\opaque\bp_remade,true,false,0,none,false,5,false
gra_dead_medal_a.bmp,f59eeb333b77ff3052ca87b1f80981f6f938fedb,9c4e12c576e2511e5d8f77521c46e25a4fc9875e,true,ps2 textures\opaque\bp_remade,true,false,0,none,false,5,false
gra_dead_medal_b.bmp,695cb183879c3fea71c0b6d1d10a5fd484a98b84,1485eca7bf73132ebde0509a0f6e732af56295c0,true,ps2 textures\opaque\bp_remade,true,false,0,none,false,5,false
gra_dead_medal_c.bmp,e5fe61cffa6d0e5434ffcd67d64c5b0b951bf599,2c2d055e6fa7a72b1a73964087e050ddbc0cc092,true,ps2 textures\opaque\bp_remade,true,false,0,none,false,5,false
gra_dead_medal_rening.bmp,c6153317f55905dfa6d75a4be3e2306815613d4b,ab2ac28fb22213580aa917da1fa327958de90c14,true,ps2 textures\opaque\bp_remade,true,false,0,none,false,5,false
gra_dead_nekutai.bmp,bd94d33397a8f1bb7e96f2ab7f65e3b1f82c6865,6ae1d0fc437a0b7b059b2d0d9f5048c5e88f632b,true,ps2 textures\opaque\bp_remade,true,false,0,none,false,5,false
gra_dead_ovl_mod1120_alp_emap.bmp,a347e8e75d7f4a1ba1a602186b8600443eadc828,6dea60b496401ed1c7eff7b8b0894a6893994756,true,ps2 textures\opaque\bp_remade,true,false,0,none,false,5,false
gra_dead_shatu.bmp,63a258258d47511ab8764714edf4fb3ee80271ae,0f7e020ed3e1127af93ffb26d5046025b471c10d,true,ps2 textures\opaque\bp_remade,true,false,0,none,false,5,false
gra_dead_teeth.bmp,6122602e6de3e5fe73c4dee9224846824e099b55,ee5a8514c0375be721d498b66d75589c47d8ad75,true,ps2 textures\opaque\bp_remade,true,false,0,none,false,5,false
gra_def_arm.bmp,4137bb785dd0d38fa8622f717c250c593ca68751,76ee5ddb2cf682762eafad9eca444db8781079ab,true,ps2 textures\opaque\bp_remade,true,false,0,none,false,5,false
gra_def_body.bmp,c7ed3c8641b2d86610c6d7d82b0e50803fac711b,8c82c27fb9b1d3d5a0162f8e1ab4b9ae8c233fe3,true,ps2 textures\opaque\bp_remade,true,false,0,none,false,5,false
gra_def_body_vest.bmp,5a223807a514e542770a38a9090ece04f394594c,fdd21db2afd02ab596bcec4c27ff4c976dc071b0,true,ps2 textures\opaque\bp_remade,true,false,0,none,false,5,false
gra_def_botan2_ovl_alp.bmp,6dc3fc6427b3bb74aadfed478d3a879006b2811e,1a02599e5014a3bc78ca226a84d9555b6be24c3a,true,ps2 textures\HAS ALPHA\bp_remade,false,false,0,none,false,5,false
gra_def_botan_ovl_alp.bmp,0ab94d7be6f03e77ee85557ad92ff4a2db495e25,f4deed297c4366975aa7f7e4b6bc7099d886a2ee,true,ps2 textures\HAS ALPHA\bp_remade,false,false,0,none,false,5,false
gra_def_eye.bmp,df58d421337ea065414a1e870db0c8f1be14a13d,2cd3be2d0d4ad596ad1f9072f6b9cf078140420f,true,ps2 textures\opaque\bp_remade,true,false,0,none,false,5,false
gra_def_face.bmp,dbe5734531290d3b35346b1269e6c38e4b2d86ba,8bceaaeb510d91f496d8e3242bd5ac752f912ed4,true,ps2 textures\opaque\bp_remade,true,false,0,none,false,5,false
gra_def_foot.bmp,94a2d7efde82aec87224a1f5e44a5d0c65d0d58f,cb3172cf4dd68ee8744b7d4fc6870dc00ddcc6cc,true,ps2 textures\opaque\bp_remade,true,false,0,none,false,5,false
gra_def_foot_s.bmp,89a580df3849c4d7592e08eccfae33b168ccc069,dab5aa7147e06300f54b1b39eab8facb8b121f69,true,ps2 textures\opaque\bp_remade,true,false,0,none,false,5,false
gra_def_hand.bmp,e45926b25ca1ac47ab711dc9f1d8d992cecfff10,409414e1b1213352aa8546cb0518e6d8528a826a,true,ps2 textures\opaque\bp_remade,true,false,0,none,false,5,false
gra_def_liquor_ovl_alp.bmp,04c9db831904a927561b809a881d6b75d0cbc504,55da533e396d05aba331576c17defcd260d79f58,true,ps2 textures\HAS ALPHA\bp_remade,false,false,0,none,false,5,false
gra_def_liquor_ovl_mod1120_alp_emap.bmp,717bbd65c9ba34f89281060c26cf77cf55251b5f,e362015da7b97909ffda4c5077f06320068626ea,true,ps2 textures\opaque\bp_remade,true,false,0,none,false,5,false
gra_def_medal_a.bmp,0df3dd34e5784bd7cf17cfc9078151cf92d6f9e7,8b26a63c3b10f8303ef480ec5fc81dec73fe6e09,true,ps2 textures\opaque\bp_remade,true,false,0,none,false,5,false
gra_def_medal_b.bmp,ae0192a26022dd84ae7c38b4a89f0127788b7aac,ff07604d9da5aaf31dc40d1bf5ffbc5f652ad27b,true,ps2 textures\opaque\bp_remade,true,false,0,none,false,5,false
gra_def_medal_c.bmp,7f1380d4892c0edf5ad3f623825028cd8d3d14d7,700bc1966b3c1d84e0ea7fddcba2947d642abcea,true,ps2 textures\opaque\bp_remade,true,false,0,none,false,5,false
gra_def_medal_rening.bmp,d177bbfdc5079bd26f0708c35319c02aa6d39b1f,980bfd793b6b1e62efecbe51a2d264f36e36ff17,true,ps2 textures\opaque\bp_remade,true,false,0,none,false,5,false
gra_def_nekutai.bmp,a108b84926be37f35dc685802ed23edc68221b7d,b5f6cd877396bd066016a9d9239b692a5e8b4a77,true,ps2 textures\opaque\bp_remade,true,false,0,none,false,5,false
gra_def_ovl_mod1120_alp_emap.bmp,c6ea604c23a9d8eae5209c83980160e7d4e6ca41,ca50d7250fb3ef74df55b679e7992630f14d45ba,true,ps2 textures\opaque\bp_remade,true,false,0,none,false,5,false
gra_def_shatu.bmp,488e67420a37e71819c023ebdf6daba1fc817ef8,4a2e11075d8e3ff5d08cd4d6dd38a6fbb5bbfac0,true,ps2 textures\opaque\bp_remade,true,false,0,none,false,5,false
gra_med_ovl_mod1120_alp_emap.bmp,28e756fba6b4b10c9bc1dd2d10d16b2bdd9bc702,5d8a1683dbbc2382aa356db4d7bdc966c5b9ef67,true,ps2 textures\opaque\bp_remade,true,false,0,none,false,5,false
grchaira_front00.bmp_c5882cadcbb5f7d299d1d12d73c1d393,c4cc6dd5677bc4509c70df79e4999340d869a7cd,af1595a1d7ac82fd43b7029228450f30562406f3,true,ps2 textures\opaque\bp_remade,true,false,0,none,false,5,false
grchaira_pillar_under.bmp,e3ce76230e24e8688cd18915306e0d3226b43e4d,6847064767162ead94ef524ec5f26283db6d71a2,true,ps2 textures\opaque\bp_remade,true,false,0,none,false,5,false
grchaira_top01.bmp_cc58cf5bf64c7d2a8f2d2aad2097c60c,189f3fe79b1a42c4703154ae71751e61314c1cb1,64ef8bc02e1fa72bdf9927b4fa5e38f1fe5bce97,true,ps2 textures\opaque\bp_remade,true,false,0,none,false,5,false
grd_def_tex_bace.bmp,cfbaeada9e1f2fb720cb30944a2666801b058f62,7111b2415f0ff6f6905ea5d3c4569037b0d65f78,true,ps2 textures\opaque\bp_remade,true,false,0,none,false,5,false
grip.bmp,1e133b4cbabe4926dc5194b6b528ec19a1b5252a,b5b7c5c196235aeab5f810a91fb3228045e4cbff,true,ps2 textures\opaque\bp_remade,true,false,0,none,false,5,false
guns_roter02_alp.trans.bmp,7d81a8247e495d22229298e37cdda2526d3abde1,4743cd17aa857d38b75f1759693fd1ebe1ec4746,true,ps2 textures\HAS ALPHA\bp_remade,false,false,0,none,false,5,false
gunship_body.bmp,3b668b7716b9bb567dd989aa56eef9eb430e1fc7,5974cf80e93a88cc79ce4f677d8974947e071386,true,ps2 textures\opaque\bp_remade,true,false,0,none,false,5,false
gunship_engin.bmp,da4820ae771ce5789b20d3b2805400cbe5a9302e,539f46505b59d3a1c0e925a6eee336b52c9ce373,true,ps2 textures\opaque\bp_remade,true,false,0,none,false,5,false
gunship_wing.bmp,de2f7021df22642ae419b96bc6ba31bd249ced11,7f34748d52f134483a86e6dd115cd259dda2a337,true,ps2 textures\opaque\bp_remade,true,false,0,none,false,5,false
gunship_wing02.bmp,b6e57c3f3dd14f3e8fcb2cdde0142b1890840971,5262da4429fd2996b5a38ce0cc0ed2dc24ad3205,true,ps2 textures\opaque\bp_remade,true,false,0,none,false,5,false
h_bottle_label.bmp,4cd479a358324540adbe2ecb1d6a6873410c03ca,64680c1c3558a867b6dadffb9c7f33300ed97f1d,true,ps2 textures\opaque\bp_remade,true,false,0,none,false,5,false
h_bottle_ovl_alp.bmp,54a14b6f819d2d546ffdb48fc60541f0384225d2,74148cdc5fd37cbf218eb4ef1a382b1b241fa80d,true,ps2 textures\HAS ALPHA\bp_remade,false,false,0,none,false,5,false
h_handkerchief.bmp,b042f300025ff3f22f878416fcd4321d91263def,4d286c5d790c70c4909eb7fa72c31d13f7131a97,true,ps2 textures\opaque\bp_remade,true,false,0,none,false,5,false
handlebase.bmp,892eb9a871822b8888d2026fe21641392b23bc5b,d93bbd25363517bb187af0943b1899485a68a253,true,ps2 textures\opaque\bp_remade,true,false,0,none,false,5,false
handleber.bmp,6a597e157414af3afbbcd25390c818d4c9ca0514,656d9cb74a5e4594488c2019c5b9e6fe0c48c99b,true,ps2 textures\opaque\bp_remade,true,false,0,none,false,5,false
handlegrip.bmp,ff333b75ea217dde474a97dc81485c7f6d60206f,54954b7c8e5bb8dc50abf762149d47c66aeb45f8,true,ps2 textures\opaque\bp_remade,true,false,0,none,false,5,false
hbiyoku.bmp,f08f24ae99e185955b19062dc3d0dad18f87adef,1e80c3a7249e3e55583cbc942c75cce31eb61be2,true,ps2 textures\opaque\bp_remade,true,false,0,none,false,5,false
headlight02.bmp,2212496b1aca6a7b1bec73aa83f0b203a899f9df,e96c0ca51f0b608f323adc2451c9eb6d067a8654,true,ps2 textures\opaque\bp_remade,true,false,0,none,false,5,false
headtomegane.bmp,55599eac5d3e2585431d8274b2b7d3d4cd9d9bdf,a578034269ece9e4700139e45f781af7cd21213d,true,ps2 textures\opaque\bp_remade,true,false,0,none,false,5,false
hind_body_n.bmp,f7142173e9a3ad3983bde2e1998846355bf07a59,8e3b11703c2e68d874c94fdcb7a5181cbac41775,true,ps2 textures\opaque\bp_remade,true,false,0,none,false,5,false
hind_mainpro_n.bmp,08714ef23ea4998483e1d8bfbfa49f8a22884ff2,0e471ee7a49a27e5d428362ba4403d7d241978c3,true,ps2 textures\opaque\bp_remade,true,false,0,none,false,5,false
hind_missile_n.bmp,5208857367d375bc7b925b8cdd23bc2dcab96fc2,5b0ba112257ec0b8ddbdf5818ec06085a25df1b1,true,ps2 textures\opaque\bp_remade,true,false,0,none,false,5,false
hind_pod_n.bmp,9945b153d588e3ffbb995dcc6272b46d40a7ce56,d0c8904d21ece2e7d616d9ce0b3b7742e46b8314,true,ps2 textures\opaque\bp_remade,true,false,0,none,false,5,false
hind_tire_f_n.bmp,75b587c5e41723dff9d5e4ae7dc6fa217d1646c2,a21b2f10eb5edc43baffc49c2716b108586de826,true,ps2 textures\opaque\bp_remade,true,false,0,none,false,5,false
hind_tire_m.bmp,9f058c86c1084bcde61c10e3c1379f5835cca5e5,69292c163682a68d7e3ca97dfef2f3382439d2e9,true,ps2 textures\opaque\bp_remade,true,false,0,none,false,5,false
hind_tire_r_n.bmp,227ebea0a8408dfed964cb6060cc265a93baa70b,5e84f5d80bd73603f7755349a0ae6dd42f049c1c,true,ps2 textures\opaque\bp_remade,true,false,0,none,false,5,false
hind_wing_n.bmp,8892c28d1db4243eebf73d82836e7e20d63c6d0d,0fc87fe07475d1efbd4cf5bb95942286bf8f0cf8,true,ps2 textures\opaque\bp_remade,true,false,0,none,false,5,false
ice.bmp,8baba377714106e76cc65daa89c1e081803dbeac,7ff17b697a9c4d5f6a38d8809f6c88c36a425b8d,true,ps2 textures\opaque\bp_remade,true,false,0,none,false,5,false
ice_cup.bmp,89baa6694ef601797753dec1d01c61a09f218ef7,fd6a4c1c29d6e3af4eeabd3a93d96bedc056e037,true,ps2 textures\opaque\bp_remade,true,false,0,none,false,5,false
ice_cup_under.bmp,9a4715af56d920388b1c538ebb53b69511cb1f67,e4fe46cdd05f57c0e40ba094522ec5100f3122b2,true,ps2 textures\opaque\bp_remade,true,false,0,none,false,5,false
item_gr_bottle_00.bmp,23dd4bddb611139c07302c36e670796a914f6606,8337404e0e8b60b077cab19e0cf2f73102a8fc65,true,ps2 textures\opaque\bp_remade,true,false,0,none,false,5,false
item_gr_bottle_01.bmp,4a89ee24a86e79cf93d725c51e872a24c3b870b9,6be05759982bbc7b1ec86af60c27f0cd95dd5403,true,ps2 textures\opaque\bp_remade,true,false,0,none,false,5,false
item_gr_bottle_02.bmp,d4b9e9f72a4acdd08fd06f38f82fa9b231b0aeec,097b3846bd1103235d47546cd74075d96b77a7d6,true,ps2 textures\opaque\bp_remade,true,false,0,none,false,5,false
ithaca_tex.bmp,08c6afc24fe7dd8f174e7e40d41795cfb03996d7,68fc5a16549e5d3cdd172fb72ccce93420c09268,true,ps2 textures\opaque\bp_remade,true,false,0,none,false,5,false
j10_1.bmp,9da4a802ccd31c402cbc20d84fcef6498ffec644,29618d0dc2413a7db031416e30fc97d0a70d2c93,true,ps2 textures\opaque\bp_remade,true,false,0,none,false,5,false
j10_2.bmp,b4bbf4c6e340212004b0e1fd7f099fc826866f50,9b852f7a01f11684a0b933e5a1b47547cbe8e69b,true,ps2 textures\opaque\bp_remade,true,false,0,none,false,5,false
j10_3.bmp,24150af6624480ac2dbd9f066ea97d4cd204772c,cfb6506af443691874ec3552daffc694c8e20c41,true,ps2 textures\opaque\bp_remade,true,false,0,none,false,5,false
j10_4.bmp,d19a751ba10bb1a16f8a7a30c1f6fd9e0568dc94,b4873c37aabd123c73cd4550dc1b6a8528093038,true,ps2 textures\opaque\bp_remade,true,false,0,none,false,5,false
jngl_eda1_alp_ovl_mip16000.bmp,db85f06288b6b8d481f916dcc3c82fe3a4d7c7d4,152b989a4ae6f16ae4584df84540a3c97d1214ab,true,ps2 textures\HAS ALPHA\bp_remade,false,false,0,none,false,5,false
jngl_eda2_alp_ovl_mip8000.bmp,9f81c993606b9c55f19d2600bbc1399161620b2a,ac055fc3bc1af16308bdfe79ca3217f026f1033f,true,ps2 textures\HAS ALPHA\bp_remade,false,false,0,none,false,5,false
jngl_eld_tree1_large_mip8000_rep.bmp,d09d5f7e441d08bd1e045bb67ae28fc0ad937c67,ea5ea8996c9eb63c9536d5e910a63eebba00565e,true,ps2 textures\opaque\bp_remade,true,false,0,none,false,5,false
jngl_happa04_alp_ovl_mip16000.bmp,3da1872911cf993b7f002f8bb4d297733efc51e0,3da1872911cf993b7f002f8bb4d297733efc51e0,true,Self Remade\Finalized\DXT5\PS2 Source\bp_remade,false,false,0,none,false,5,false
jngl_happa04_alp_ovl_mip8000.bmp,4a7ec6a855db70ae8b75d6dec4a7390421b76d3f,4a7ec6a855db70ae8b75d6dec4a7390421b76d3f,true,Self Remade\Finalized\DXT5\PS2 Source\bp_remade,false,false,0,none,false,5,false
jngl_taki_eda_12_alp_ovl_mip8000.bmp,b4ccc660b79bfc43ea7978bce58873dfc27a9c09,b4ccc660b79bfc43ea7978bce58873dfc27a9c09,true,Self Remade\Finalized\DXT5\PS2 Source\bp_remade,false,false,0,none,false,5,false
jngl_taki_eda_17_alp_ovl_mip4000.bmp,cf055164d65cc9384846258700540863797c70fb,cf055164d65cc9384846258700540863797c70fb,true,Self Remade\Finalized\DXT5\PS2 Source\bp_remade,false,false,0,none,false,5,false
jngl_thintree01.bmp,d6946d14343de440a5d41181d111f1940ef3835a,1fa9e2806145668878e6a2a3d8d696250f39b8a7,true,ps2 textures\opaque\bp_remade,true,false,0,none,false,5,false
jngl_thintree01_ne_alp_ovl.bmp,73fb8df8fc41cd0127694a337ee19438e67720c1,d66be16f5796de66933b63b06e9240b75e510cd3,true,ps2 textures\HAS ALPHA\bp_remade,false,false,0,none,false,5,false
jngl_tree13_mid_mip8000.bmp,ebdc01de0dbf6bfab7031c00aa0815a7237c2aad,bd41d340e1085312a42f72dd3c6773c82ce6c661,true,ps2 textures\opaque\bp_remade,true,false,0,none,false,5,false
jngl_tree13_mid_mip8000.bmp_03a92a6187cb335537852926a6f11a69,af999def0870623146cb6780429341bae79ee646,ac0997b05faf156cda7851d8926de779439da146,true,ps2 textures\opaque\bp_remade,true,false,0,none,false,5,false
jngl_tree13_mid_ne_alp_ovl.bmp,9bf2cf83df9767a5c468fd6bf366648b9f6bfd25,e6462bb47148be3387f7a486cf4c23d78f046d8f,true,ps2 textures\HAS ALPHA\bp_remade,false,false,0,none,false,5,false
jngl_tsuta1_alp_ovl.bmp,65d4188ef6b4ebf068bdcf2e010db7353c92461a,e9453696b0b8da22b3e694e630abef65ec626117,true,ps2 textures\HAS ALPHA\bp_remade,false,false,0,none,false,5,false
kan_a00.bmp,44bf992232de6393b2179d0a2577fcd9afd7ba22,289932716c3c492d08269cb7ac39c4ef4eaef8e7,true,ps2 textures\opaque\bp_remade,true,false,0,none,false,5,false
kan_b00.bmp,afdd8cd875e4a70bed542980d73c9de5b978b7ef,4d0fdf899d3a5e06a0c8201ede7b5700e2575eb2,true,ps2 textures\opaque\bp_remade,true,false,0,none,false,5,false
kan_c00.bmp,9f8bb7455c04d57f6bcf753cf8158f3244d0c0e7,cc4ee016b4ac98c2d177327f6d691595be85dee6,true,ps2 textures\opaque\bp_remade,true,false,0,none,false,5,false
kankan.bmp,b33ff140bbbf235e2d80d9f57c11075b51c7e7f2,8669f2c5c092f3d0cb50c4d551437f14b25b1278,true,ps2 textures\opaque\bp_remade,true,false,0,none,false,5,false
katu_door_panel_02.bmp,4afac8bd78e157cb58ef05f765aa6a23cef0b6ec,4acb1796bee95db971f8efe463ec56ba41531a7d,true,ps2 textures\opaque\bp_remade,true,false,0,none,false,5,false
katu_door_panel_03.bmp,5ed4344472e43874f1652d3e0f52944d44f3c956,e1e1853e67d8e8b9758a215df854f1fc1ec9a3ec,true,ps2 textures\opaque\bp_remade,true,false,0,none,false,5,false
katu_door_panel_04.bmp,d1c04dd833dc109a6e0a428b43cd840ecba9cd19,bec070e427929b21b7cfae05156a8d427e081809,true,ps2 textures\opaque\bp_remade,true,false,0,none,false,5,false
koya_bed01.bmp,71809f5b1996b542df7237500f83cecb20b9a14d,720d96aef7586c9e35de9df6a34a059e978232dc,true,ps2 textures\opaque\bp_remade,true,false,0,none,false,5,false
koya_door02.bmp,03f44d1f6ac8728584f0893907beac5fadb334fe,4a60cc62bd8e8e917f9dacdca29a1bd5fca80455,true,ps2 textures\opaque\bp_remade,true,false,0,none,false,5,false
koya_hako_b02.bmp_185158c54b601976532065bcb1429931,8b00139c1d4973d2bb8512cb4ab8a2b81a4150ac,fdf6db303c45a3c3915fe2902607e37a56f67009,true,ps2 textures\opaque\bp_remade,true,false,0,none,false,5,false
koya_hako_b06.bmp_30ced34a1dc430e65e7d75b0e0ee50b5,68dbe08f54894811a63493177de55c146034c6b1,7447d0712775a2d8e98a3763ed8ecc6dc6acd68d,true,ps2 textures\opaque\bp_remade,true,false,0,none,false,5,false
koya_hasira01.bmp,14d3bb405dc02def172097b60fb01bebd6c5e5e4,816466efd9e162bb86aa355fe14267c9ff780a27,true,ps2 textures\opaque\bp_remade,true,false,0,none,false,5,false
koya_hasira03.bmp,71cb7772432711c1e508df916f9c974767ded5e3,ee04f42e8e4911c84ab93835c7c846ad2ca5f484,true,ps2 textures\opaque\bp_remade,true,false,0,none,false,5,false
koya_isu01.bmp,b129ed4fafbfdc07cb126581db51a642d9770440,157801bb08412df7dd47cc8dd656763d40f03933,true,ps2 textures\opaque\bp_remade,true,false,0,none,false,5,false
koya_yuka04.bmp,3326aac538f6d21716bbd2ff5774f7a05e3f6f9c,f89dcec134bef32ae21e1747c64031411a965089,true,ps2 textures\opaque\bp_remade,true,false,0,none,false,5,false
koya_yuka04.bmp_e0cb2418fdada0b2771d264d686a9950,7ec6067523327c1bdedcc74b30af03a01f989d0f,9bfe6dc1c5f52f467967362e684b903faa9d161b,true,ps2 textures\opaque\bp_remade,true,false,0,none,false,5,false
koya_yuka04_new.bmp,9e98d22e238f375fd7e42b94b4ca07d4e49efe33,d1fc0320ed83059ccd7b1812b9192ae087281fbb,true,ps2 textures\opaque\bp_remade,true,false,0,none,false,5,false
landgia01.bmp,12d4b3217c4b3dc893002226097b4f33d2828cfe,055f0f61fb46e227af2651240472e03121d964a6,true,ps2 textures\opaque\bp_remade,true,false,0,none,false,5,false
littele_arrow.bmp,d5d4d6907019d80d9ee9aea4793b212693f3b2c0,5d63267425b03257f048bfe4ab08275a2fbf68b0,true,ps2 textures\opaque\bp_remade,true,false,0,none,false,5,false
littlejoe_tex.bmp,40bdd13565292c9c22e5d8fdeb07543d85385b40,50f24521bb9832462a1e0f4aa70ea7236cc8e908,true,ps2 textures\opaque\bp_remade,true,false,0,none,false,5,false
littlejoe_tex02.bmp,fa5926f0e59e051143f2bee19d300fc69e9d5aab,d41b056bfb2a580f7f0909552e144405aa230d13,true,ps2 textures\opaque\bp_remade,true,false,0,none,false,5,false
m16a_kamo.bmp,f6b1c48e78d6faa282f7764b1bd34985f6728fa1,d407931e9c68d00454e397c4243be72757ad57f6,true,ps2 textures\opaque\bp_remade,true,false,0,none,false,5,false
m16a_sp.bmp,d425f037803b9bd0f908802afbcdaf48b473467a,0aafe5d765fc0ff426abed0ad12f57c68de5abd2,true,ps2 textures\opaque\bp_remade,true,false,0,none,false,5,false
m3_a.bmp,bd50d80f77f5d6d2a7f71ddd0a1cbb66a63f5555,eec60f310f2f476721ceccbc4c273b45a37c1e7a,true,ps2 textures\opaque\bp_remade,true,false,0,none,false,5,false
m3_cover.bmp,50776f10f06cdaf7a83be475ffe18646e8bc7cd6,65509573e5b5d2b0a240c57308cbd5fddadbf6ee,true,ps2 textures\opaque\bp_remade,true,false,0,none,false,5,false
m63_a.bmp,cc8294b5c9ad4358ffa7e147677a3aba1018b82d,d1c061892537aea6a2e670e4a729640be309bf6b,true,ps2 textures\opaque\bp_remade,true,false,0,none,false,5,false
m63_amo.bmp,f4fca8484241fc60349e199e7ee13446075c8668,f9420968883798f08dfba5535baa0397cfc757b7,true,ps2 textures\opaque\bp_remade,true,false,0,none,false,5,false
m63_ring.bmp,be1222f34285ab51306e178e6735bf9db09a6e22,b2f54f014c191a27f9a116b5b3e675395d295097,true,ps2 textures\opaque\bp_remade,true,false,0,none,false,5,false
m_rocksfc_a07_rep.bmp,94ec3db08a7632a51669d8dfdb435891068158f2,242b852b18f04122c5c3a266d61de996eea9ce9f,true,ps2 textures\opaque\bp_remade,true,false,0,none,false,5,false
m_rocksfc_a08_rep.bmp,876e7dd7abc33148351b2e55f2e990a3fe181168,5509ff1c0443a853c67cb6e4d7a7adc9a9e189c7,true,ps2 textures\opaque\bp_remade,true,false,0,none,false,5,false
m_rocksfc_a09_rep.bmp,39e4cddb81c17013115db06f74013ee79bd374af,54fbb9039e1c9f8bb2c68828600eae8e85920584,true,ps2 textures\opaque\bp_remade,true,false,0,none,false,5,false
mafuler03.bmp,3998f65d2c55702e326bcb55c4baf8cafe65561b,9162d6eff0a88d3184f51fbf87d5a4a593a577f9,true,ps2 textures\opaque\bp_remade,true,false,0,none,false,5,false
mark_base_tex.bmp,818ba7a2017837e80a9cfbea4288d39a4071669b,836b599cf3f0265938333fdee35081825fe1cc1a,true,ps2 textures\opaque\bp_remade,true,false,0,none,false,5,false
mauser_b.bmp_f81d25d64cdd6de514a051d5c699c2dc,0d2d32b9e07c6412a1783142bfecb982b576ab58,6568e48f2787ebd8cba2223e3d30efecdeda3b0d,true,ps2 textures\opaque\bp_remade,true,false,0,none,false,5,false
maz_532_a.bmp,f20417e1e6a2e1d056c813876a472730b340e32b,ddb5898d0f590a17792c96b62e42137e90ad5ac2,true,ps2 textures\opaque\bp_remade,true,false,0,none,false,5,false
maz_532_b.bmp,8791f0a961c91688fc97f958e87562bb08e2c51d,3817174f6b360f47b6d34def268cb88ac11b9034,true,ps2 textures\opaque\bp_remade,true,false,0,none,false,5,false
meater.bmp,b8f5cc06af752d347ad883b54d0a28acc225dcd9,4d246e44f32c8d2afc573d4c18ecc19fe9b7a7db,true,ps2 textures\opaque\bp_remade,true,false,0,none,false,5,false
med_arm_ws.bmp,a831009ad03c92ce985ad1d340873d50507983e9,4491832d8f5933bc81f99b579014467f6605fce0,true,ps2 textures\opaque\bp_remade,true,false,0,none,false,5,false
med_best.bmp,101aa9c64ee6d420ce5e68a7507bc770950181b6,77c10dcc1aaf73051193b4c6a89a8c9f7b7e876f,true,ps2 textures\opaque\bp_remade,true,false,0,none,false,5,false
med_boots_himo_ovl_alp.bmp,c23d864df1047b7b0ccc4e13f237ada2ba11cfb0,64f6786566e00c057e2ba5569c5b73032bf2f74b,true,ps2 textures\HAS ALPHA\bp_remade,false,false,0,none,false,5,false
med_bottun_ovl_alp.bmp,5fdfc519336421659fc04109517b4fc840f07913,77e26897fb1cab8b1a448b97792e67b0e4cde272,true,ps2 textures\HAS ALPHA\bp_remade,false,false,0,none,false,5,false
med_bottun_suits_ovl_alp.bmp,eb8ba495e6207c7a1b3673e52460f78430b893df,1885cea7dc6c46b9f7b65c967d66e224c05e31e1,true,ps2 textures\HAS ALPHA\bp_remade,false,false,0,none,false,5,false
med_coat.bmp,322cb5b2f5a9dd48f54a277ef94b009e2c7267ea,6d9122e0bbac63f8252be38fec99b696e0b40e70,true,ps2 textures\opaque\bp_remade,true,false,0,none,false,5,false
med_face.bmp,1b0e269fdc77f92b2e5e64b7f1e50586267727d5,31bbc6ad66739e3d2680f8f8a260d5d84bcfd67a,true,ps2 textures\opaque\bp_remade,true,false,0,none,false,5,false
med_foot.bmp,f2c482bc3624af2031299f339c15e603f180508e,06064e7c919070570989d1dd99518b8047b5e8df,true,ps2 textures\opaque\bp_remade,true,false,0,none,false,5,false
med_hair.bmp,2843c4bd86029375e80b7b09c63c545ab24d0df9,e56dc165ae9c48aa64957c4ce7b3d124ae9d3749,true,ps2 textures\opaque\bp_remade,true,false,0,none,false,5,false
med_hand.bmp,9aa0982418a249cab4a578a08a0b3fbed8d96580,1e4b9a4d5edf59d0608f9c650bca5888fffd9286,true,ps2 textures\opaque\bp_remade,true,false,0,none,false,5,false
med_heel.bmp,7d509c396265a6efc0a548c16609023e483d6bc6,cf3504f575f06a18cf2880b675ff164deb9c8e15,true,ps2 textures\opaque\bp_remade,true,false,0,none,false,5,false
med_idcard.bmp,b393eef2656499bc6f704b849796ed8f9ea51083,3bcd799be2a594e06354efb029c611199d58645e,true,ps2 textures\opaque\bp_remade,true,false,0,none,false,5,false
med_jipper.bmp,ebe05c0e58682da8b93d52e143fc231fe1e264c0,5f3989a1d1f4e1dfaf5964d659a9e9700b2c2274,true,ps2 textures\opaque\bp_remade,true,false,0,none,false,5,false
med_midle_hair_cal_ovl_alp.bmp,d3122a0f15240e9d6e1ff8b7c57691f6aa9a559b,0cc078b4c3a017e60c675fdf1fb6ce1211dde0c0,true,ps2 textures\HAS ALPHA\bp_remade,false,false,0,none,false,5,false
med_skart_ws.bmp,636a765e9e76f7ffe7f0b97689a9764c47f52b45,e41fb8d42c62fdb32816d56171d494dca791d255,true,ps2 textures\opaque\bp_remade,true,false,0,none,false,5,false
meter.bmp,31fd8b65c5a27b2891cb17a91738725402f2ac21,d6bc752deb29b2d526ab0b2d5d59504dc2e4e3c3,true,ps2 textures\opaque\bp_remade,true,false,0,none,false,5,false
meter_a.bmp,adb8399e306ec948bbcf04cbf4015f220ce88080,06ff01759e7b22ddfd6f6a60a8a374b9f863088e,true,ps2 textures\opaque\bp_remade,true,false,0,none,false,5,false
meter_c.bmp,3783fbb37f69f43654eeb4c56e8a2ed351e2cf58,02a67c563f1d23b5e048a890a9a83a7395db9ab4,true,ps2 textures\opaque\bp_remade,true,false,0,none,false,5,false
meter_d.bmp_49a3aa7abb453923c379ae155a4e54a3,7a782ac35f7a134a672fb2ac14a291cc50dcbb5a,9d81317025c6ff59955ef137e5982df3e5e7dd86,true,ps2 textures\opaque\bp_remade,true,false,0,none,false,5,false
mic_a.bmp,83d3c2d77a1c45aefee2295dc8e9335f15c538bd,c2fe658e9b32242d0cc3597f8296cda0e03cc061,true,ps2 textures\opaque\bp_remade,true,false,0,none,false,5,false
mig_cock_front.bmp,eebecb1a4daca6c6ad2fc61be12f75bfecbb0f45,257891ad413df4bf2de2f990a72a2433e376bf61,true,ps2 textures\opaque\bp_remade,true,false,0,none,false,5,false
mk22.bmp,17fb792dc49b547378f8701b54b27f4f62fbe6a8,7c505b6bec3b277b225beec4c3f0e9d371306f32,true,ps2 textures\opaque\bp_remade,true,false,0,none,false,5,false
mk22_amo.bmp,e11a9a871b954bf3ccf154c35cb29f9257169b71,ec2291d9334b532c171489d6809b20ae2c8bdfd9,true,ps2 textures\opaque\bp_remade,true,false,0,none,false,5,false
mk22_sup.bmp,b18d3be58d1a9ee4dd12fb4465123d7085ca856b,dfef4765d83912855320a4af712d9ddddfc227bc,true,ps2 textures\opaque\bp_remade,true,false,0,none,false,5,false
mk22_sup_a.bmp,4bad4fa83ad4818eee15ced4b77e9313c2b2da66,05bc7c81475ca60c789342618fd51ede953727a4,true,ps2 textures\opaque\bp_remade,true,false,0,none,false,5,false
mog_box_04.bmp,2ab0d36ab63385e0e107c9f8e81a1fa56aff6f2e,7ddb4675c621195399091e24b7aee0f3d4d23852,true,ps2 textures\opaque\bp_remade,true,false,0,none,false,5,false
mog_box_11_alp_ovl.bmp,81a5c28a4c4d88ea3690d59c174519a953372dd8,4e12bd047242923bc1c69fe2d246eb8265e500a6,true,ps2 textures\HAS ALPHA\bp_remade,false,false,0,none,false,5,false
mog_box_14.bmp,73e6de0245b3c78111d8c7e4410a93d0e571a0a3,cc3cf918a2a6c7c859606d5658712828ffdf973a,true,ps2 textures\opaque\bp_remade,true,false,0,none,false,5,false
mog_box_15.bmp,7add109340ba8aef498863bb3ec5990215d787f0,8685f8b0cbd1be5c08c6f61314f8ca05d5c16f5c,true,ps2 textures\opaque\bp_remade,true,false,0,none,false,5,false
mog_box_16.bmp,301e57fa7e90f51a5c53d71234ef2ea2d050fc6b,5812369111206e5f702294b8d063dfa6072cc56c,true,ps2 textures\opaque\bp_remade,true,false,0,none,false,5,false
mog_box_17.bmp,ef33ba393e0de28af4a3a15542618c3d61edfd6b,0a314a03adc5c076ebed047651381bed24911e51,true,ps2 textures\opaque\bp_remade,true,false,0,none,false,5,false
mog_box_rep_01.bmp,73ef0972c54a66745d4c51ff000752c59764a8f5,5c32acb47e383b0bc62ef034a10be21aa4e6a279,true,ps2 textures\opaque\bp_remade,true,false,0,none,false,5,false
mog_box_rep_02.bmp,11c9ef18fa6157e313e2c26f1a24b05a62416357,f5f84fe5ca1206af1005ebe9f1cb61100b6cbc7d,true,ps2 textures\opaque\bp_remade,true,false,0,none,false,5,false
mog_door_01.bmp,007634d4c98430dd9d8127be0ab72ae21817ed28,00a4360a733881dc91203cef70319765243b5b0f,true,ps2 textures\opaque\bp_remade,true,false,0,none,false,5,false
mog_door_04.bmp,7d8a4cfc1be3750b4a4387b5a40b65c01e850de8,e791bf32b078d3b03fe40a9fd52b300ce066a202,true,ps2 textures\opaque\bp_remade,true,false,0,none,false,5,false
mog_floor_rep_04.bmp,0428bdf1b9ae6fa0454013bf1216c302a4399941,be55a6285f564ea62d131f275caad23683bcf432,true,ps2 textures\opaque\bp_remade,true,false,0,none,false,5,false
mog_floor_rep_13.bmp,047fcabc9acef7b577e8cce309340d27e709bd76,a1416b93682a5f2a3a71c523cce059f02565a7a6,true,ps2 textures\opaque\bp_remade,true,false,0,none,false,5,false
mog_pillar_04.bmp,f3412fb569f2274e76a3aef1cd793636659ce98c,eb6a7ec0a987c1aacadcd3860da2c9fd24d55d49,true,ps2 textures\opaque\bp_remade,true,false,0,none,false,5,false
mog_pillar_06.bmp,67fd25723b6fd8a72653fc62ad1076c1dadff9dc,e820f52efb0cfa9f549d95bb0501d07a4eb98a7b,true,ps2 textures\opaque\bp_remade,true,false,0,none,false,5,false
mog_pillar_08.bmp,6ad59dbfe962128a5c30e6e90d273632a7455607,5fea990b300b2165f403b003cf2d35ddc37da174,true,ps2 textures\opaque\bp_remade,true,false,0,none,false,5,false
mog_pillar_rep_02.bmp,f48850c6a2cdccc9c955a35c5792099b1c37fa9a,ee8a1a7424c5e0ab1c4881fddb242b6b65b4556f,true,ps2 textures\opaque\bp_remade,true,false,0,none,false,5,false
mog_rail_rep_02.bmp,93ecba3ede23a760a3b516aa725766cd2a9ce14e,778c66b5ef3212f786fd8d168c4344963f8c9c02,true,ps2 textures\opaque\bp_remade,true,false,0,none,false,5,false
mog_shago_base_01.bmp,ad03232e867bae73d412761b8b9fcc37a898ee12,664d8f5418173f6c2b414c418609424c37acdc32,true,ps2 textures\opaque\bp_remade,true,false,0,none,false,5,false
mog_shago_base_rep_02.bmp,af98007baeed53a7276b3c98707601ef6cd37ea2,db0d83b41c8a08bc8d491e5f0c691c59be5ca2eb,true,ps2 textures\opaque\bp_remade,true,false,0,none,false,5,false
mog_step_02.bmp,72e98892a174eb8b70a99e2076185c2bc89baa5c,b7870248c5daad362ea8a94402d2b5039a2a4c4a,true,ps2 textures\opaque\bp_remade,true,false,0,none,false,5,false
mog_wall_13.bmp_9ecb33588af54a5e16bdc5e694a5a3a3,66e10ea1153fb857b8cee9779ee50532a01bff7d,947bc0ec1011879cff99674ba36f74ab760ae07b,true,ps2 textures\opaque\bp_remade,true,false,0,none,false,5,false
mog_wall_rep_01.bmp,27aeae388cd1e56ca9f8610f266c36a030b0ce15,a9445a520b4759ae40adf6d2e4e6f946f7fa935d,true,ps2 textures\opaque\bp_remade,true,false,0,none,false,5,false
mog_wall_rep_04.bmp,1de0c52688cf2e5bb401eda2f294804a0c605d42,1240bbbb19cbb5acf8f8738c596ea1bdecac6c77,true,ps2 textures\opaque\bp_remade,true,false,0,none,false,5,false
mog_wall_rep_08.bmp,66a06c2f8f7e508fa704e124a19581f6a0915105,e77e8bd26ae939f19087edcd1d81f01da497c3c1,true,ps2 textures\opaque\bp_remade,true,false,0,none,false,5,false
mog_wall_rep_10.bmp,537f9bf91b0d21e5c4d2fe66c880fee5b8569dd4,cffabe83d7af1c7ecfa4773d14ee7ca2966fb4ef,true,ps2 textures\opaque\bp_remade,true,false,0,none,false,5,false
mog_wall_rep_13.bmp_c8d1251ac2253f04c5f11f8e7e244b6f,f02361d7318f99212d0e0a88b97a0e75c7e96c3d,48f7ca47a2d4f6c08833fd4f2ee39dcbc614fc4f,true,ps2 textures\opaque\bp_remade,true,false,0,none,false,5,false
mon_tex.bmp,5cec90f54f7a2796d743ef4da9c0c0573254f47c,dec96c14da4bd4b4ab50b8e025bcae285b145fb0,true,ps2 textures\opaque\bp_remade,true,false,0,none,false,5,false
mos_body.bmp,30ec26f2414e6afc27ad339a8bab3bf4313667d5,f52e64a8418f09c041ebed373fae02caa172790a,true,ps2 textures\opaque\bp_remade,true,false,0,none,false,5,false
msn_ngn_b.bmp,1ab174396f2b3500cca84a061a7860900c2dac7a,c685948433b13ccb58225b2d7a14c0b0f9397043,true,ps2 textures\opaque\bp_remade,true,false,0,none,false,5,false
msn_ngn_d.bmp,3872e749bfb31de5cf9909907cb85f396aab14e5,812cffd31ff234dedbcc724ec17f88df40318b78,true,ps2 textures\opaque\bp_remade,true,false,0,none,false,5,false
nidai01.bmp_b38628bdfca1ec9076183e4e264d3320,7c30e1029b6af8e64ed771f9353cd45d5aba6567,6ce6be277b61a410403c6bf0e5a125989640a88f,true,ps2 textures\opaque\bp_remade,true,false,0,none,false,5,false
nidai02.bmp_116814a37d65058a908206b425df176f,6d8cf946b9aad986f588d396ca78b1d668c24376,1abe16359cd6b5cf82d049a000a71b34c6bd99d7,true,ps2 textures\opaque\bp_remade,true,false,0,none,false,5,false
number.bmp,d0cb16d16d2c02cf129434c53a044a7daf918460,a60078647dec0adf6e22bc50570f978259dd27ae,true,ps2 textures\opaque\bp_remade,true,false,0,none,false,5,false
obj279_body.bmp,2ec8ebfe971fb246ea3d58b1d568a0e38d7231ed,00222651fe08d68b6b037018ae64b3fe53994032,true,ps2 textures\opaque\bp_remade,true,false,0,none,false,5,false
obj279_caterpillar.bmp,41eb89c7f138e790259375abf4b2d42b5e23cef6,80e96c252731eaf1dcf1f3a8d37e263d2d4860e9,true,ps2 textures\opaque\bp_remade,true,false,0,none,false,5,false
obj279_test.bmp,672de97be1f359a9db4a5f30775a03bd0be805bc,b44f1c91dba933c3b80af94475ec2fc6fedfede9,true,ps2 textures\opaque\bp_remade,true,false,0,none,false,5,false
oce_def_boots2.bmp,e3f0b76b22834e85567f989b92a26e905dc583b7,34755e45177dc0c4654115011187436550abf603,true,ps2 textures\opaque\bp_remade,true,false,0,none,false,5,false
oce_def_face.bmp,7e106a58b1a042473fa3e786e1ff30867617bbe5,9f6d71e7824c23e13c8fd86de172fbb595083869,true,ps2 textures\opaque\bp_remade,true,false,0,none,false,5,false
operation_room_a_alp_ovl.bmp,ec5cc86871270a9c41c69e586f963039b598b1f9,d2bca9d3b8d534a3176082e87ffb037f1f267b88,true,ps2 textures\HAS ALPHA\bp_remade,false,false,0,none,false,5,false
oum_allbody_col00.bmp,b7e29e29887b485c8daea9214a2ba1725c4c3da1,1b282e8a389bb7cebb39194b6a86b1101d2d35c8,true,ps2 textures\opaque\bp_remade,true,false,0,none,false,5,false
oum_wing_out_alp_ovl_col.bmp,c80ee57176828acff311a4ea508a8228534b75d0,da70342ccb32e076d5547c784e31d5a695c483bc,true,ps2 textures\HAS ALPHA\bp_remade,false,false,0,none,false,5,false
pai_bridge_face.bmp,4d3c1f74623be7472ef56abd01a6742d2ad88657,7659490c27b7f82e2b43879a7ed1a793a6633df4,true,ps2 textures\opaque\bp_remade,true,false,0,none,false,5,false
pai_bridge_face_ovl_sub_alp.bmp,4f49edd3ba0ded2f6d5c702d8d416376b8459473,2a097f8de8ab81632ca05e3574a02cf23adb3af6,false,ps2 textures\HAS ALPHA\bp_remade\no_mip_fixes,false,false,0,none,false,5,false
pai_def_body.bmp,b64c55cbd3a00454750d8de595c8a969407aaed3,3ea9bcd59fa93486d857eec6f630defc70f55b8e,true,ps2 textures\opaque\bp_remade,true,false,0,none,false,5,false
pai_def_boots.bmp,c0cfa6fa5ac469c5c2c3cf84533f6b1c82034c2e,bb51077bcf58ef5f0b033ee9f0e8b0ada38d2dff,true,ps2 textures\opaque\bp_remade,true,false,0,none,false,5,false
pai_def_bp.bmp,c464c9bbcbe996baf206cf39d77f71d4b455b767,fcbc044dbb5106a5f7466a8ce6357d2a10fd353b,true,ps2 textures\opaque\bp_remade,true,false,0,none,false,5,false
pai_def_bp_belt.bmp,ad564d33a8058d575e332da9059709490daab5b9,95d3cbb8c4dd029e825c3e625cc34ffb707b77a2,true,ps2 textures\opaque\bp_remade,true,false,0,none,false,5,false
pai_def_bpstrap.bmp,c1ac4804da8c579e1f6258257cfcf3edc179284c,5dba1feab618451619540a84c1dd202547c3c95d,true,ps2 textures\opaque\bp_remade,true,false,0,none,false,5,false
pai_def_bug.bmp,50ce871d58fcc64d46ad4e0bdecd618e1f5d8e5e,a8a78652eb0c1cc92a89fd573e8f3b021a89a0ef,true,ps2 textures\opaque\bp_remade,true,false,0,none,false,5,false
pai_def_eye_hi.bmp,54f9ab4ace7969fba19867c4ba1c481a8a998e63,0e9336ca7682e9e0396fb12de46d2e71a3051d06,true,ps2 textures\opaque\bp_remade,true,false,0,none,false,5,false
pai_def_face.bmp,859f3311563aa63b7c8f7b114829bf39849bad4e,2c147514ba895d4ed9136eb373e500c905ae23cf,true,ps2 textures\opaque\bp_remade,true,false,0,none,false,5,false
pai_def_face_ovl_sub_alp.bmp,e1e6e0e9c0d91f92a6205d1b4a34d9d70bcf3d3c,6ece51360d0698f75f348615c1e6a030eda05785,false,ps2 textures\HAS ALPHA\bp_remade\no_mip_fixes,false,false,0,none,false,5,false
pai_def_hand_hi.bmp,8fc54bd36086d7a8e8a7bcdb939181bc7661414e,20a02bb126fb5fa8094490790df1212750d3a36c,true,ps2 textures\opaque\bp_remade,true,false,0,none,false,5,false
pai_def_hand_low.bmp,fd044cbe1363a01556e97cb999cd531ee2ff6c94,c474e8aec0c241bb1a04c337c402aa830b30b2d6,true,ps2 textures\opaque\bp_remade,true,false,0,none,false,5,false
pai_def_mask.bmp,38a25ce759e2d2c950eb79b1cfa5f4310ef52059,72abdffe99b16ec9a34717bac83f540678ce6b13,true,ps2 textures\opaque\bp_remade,true,false,0,none,false,5,false
pai_def_mask_dmo.bmp,310de6d555482ca27c3f2c2328e1c71abffde9fc,ee7b209095c7613ae9940e1021e654539183e23d,true,ps2 textures\opaque\bp_remade,true,false,0,none,false,5,false
pai_def_vest.bmp,002bfc0527947248072941169d2413033f0af1e6,068c4830b7d4bd2dedb17d9cdbcc059f2515c38d,true,ps2 textures\opaque\bp_remade,true,false,0,none,false,5,false
pai_ghost_eye.bmp,d2497a0a706d82b5bdd2dc067d5f91c4314e424b,90f67eb5ffb2628fa9cac8cbe7b0687d1006a480,true,ps2 textures\opaque\bp_remade,true,false,0,none,false,5,false
pai_ghost_teeth.bmp,a8d30885ac8320adf41533fcc0c21fbea9c77b89,d0658500ef99150f9c78116cdc69624a06c3a2f1,true,ps2 textures\opaque\bp_remade,true,false,0,none,false,5,false
pato.bmp,466c90b4add01165311f594e966339383b43e025,b396a5d679f46b3f98893a756e13eec06c34ef95,true,ps2 textures\opaque\bp_remade,true,false,0,none,false,5,false
petalb_alp_ovl.bmp,bb0aa4e46fd6b98d4137cd060c82640ed81c68a7,178a3ffb93227cf2f22c4e0d1a469ea584ce2fe3,true,ps2 textures\HAS ALPHA\bp_remade,false,false,0,none,false,5,false
picturel01.bmp,6622712d54cc0df09c39554711daf15ee852a9c6,e47a34349897a05d5f20fd5622d4f2338342d563,true,ps2 textures\opaque\bp_remade,true,false,0,none,false,5,false
picturem00_alp_ovl.bmp,8dafca05a3aab8e7dbcb7b94ba30a0c76d69e796,dd8ebf286f55d5f4065aedb0ff3653680b5d7e6b,true,ps2 textures\HAS ALPHA\bp_remade,false,false,0,none,false,5,false
potted_plant_00.bmp,68d3026d91c8d2be444f0a82592d1292af7e183b,5fa8826c7e8efff8321394d6d96f0f8c87d23ed6,true,ps2 textures\opaque\bp_remade,true,false,0,none,false,5,false
potted_plant_02.bmp,df39088ec5277bf5535f94a27a5b26e0309679db,34a93fb87db1921cc63e4f89067394e5b4bed9d2,true,ps2 textures\opaque\bp_remade,true,false,0,none,false,5,false
pre_boots.bmp,1b23c505f6a97b4b4e84bb41851fd23c86694172,56015ec8cc9af262a0ccf045d1c04eb8882a5731,true,ps2 textures\opaque\bp_remade,true,false,0,none,false,5,false
pre_bottun_suits_ovl_alp.bmp,a5ee3985e83126d17ac7a7376eb2c7ab3cfdd7b1,24a5426e87192e1bf4c8cd46c1e71a043a44db48,true,ps2 textures\HAS ALPHA\bp_remade,false,false,0,none,false,5,false
pre_eye.bmp,8aa8fadb712af4d85e3309cedc69dd1d85f4f727,e98ecc4c3709088078a5e78f4a154d81bd8b8b3b,true,ps2 textures\opaque\bp_remade,true,false,0,none,false,5,false
pre_face.bmp,b34b49c7e7fba22cc3020478cb7efccfbd800015,7addb56acae9996ee57bfa56e5a0340b8a2bbc24,true,ps2 textures\opaque\bp_remade,true,false,0,none,false,5,false
pre_hand.bmp,25ead161c82dcf504fe1a57d75e61ff47e537a37,cb3a13fe014872ea66f6b98155c24548e4be482f,true,ps2 textures\opaque\bp_remade,true,false,0,none,false,5,false
pre_head_back.bmp,47991e389d43c76c37cad6db1e7c79057d8d8196,d99af62e024e7ebb8289f4c075c9e40f01c4db28,true,ps2 textures\opaque\bp_remade,true,false,0,none,false,5,false
pre_item_medal_body.bmp,55f70c050f4fb222e7267026e9658b0155ca0ac9,57a1a72042b6d3d2c69dafb3ece5848cb4b7c629,true,ps2 textures\opaque\bp_remade,true,false,0,none,false,5,false
pre_item_medal_mod1120_ovl_alp_emap.bmp,5c340b2eac0dc8509558bdb3955572f91e6e6859,60b226ca58a05620e869bfe0aea3a91fd7f2cee8,true,ps2 textures\opaque\bp_remade,true,false,0,none,false,5,false
pre_shurts.bmp,5ff1e0078b6683220f4980282a7bb2091254d825,c479362ff1c8b13156fb2f8ba321ce968ef916b4,true,ps2 textures\opaque\bp_remade,true,false,0,none,false,5,false
pre_suits.bmp,f0c20277fb40bca9205cb93699902012f4d478ab,a1c3a0934305297f9de5060ba08d2a23fa144721,true,ps2 textures\opaque\bp_remade,true,false,0,none,false,5,false
pre_tai.bmp,b40e959f5bc7b86c8550755da5822828ac3e1a68,f0731057a154a0ef5cee322bbbe95c95e7455ea3,true,ps2 textures\opaque\bp_remade,true,false,0,none,false,5,false
pre_teeth.bmp,280b3b15338324707927a34348ead77740e4c47f,cacb45bd860e8c306bdd50ce8255b20a39017bb2,true,ps2 textures\opaque\bp_remade,true,false,0,none,false,5,false
radi_break_bottan.bmp,e95a1b964e46e849eae0724a134dbcb0cb35f304,2f9de66111dc57113cfe17f25755faf161f40bc2,true,ps2 textures\opaque\bp_remade,true,false,0,none,false,5,false
radi_break_ita.bmp,30a49874594775af9ddf7afd2ac72f50f827d1ef,fced01cd9c2e2fd92ad1845020f49149d67185c5,true,ps2 textures\opaque\bp_remade,true,false,0,none,false,5,false
radi_break_tetsu.bmp,c3990f5656630e5ba4ebf8c47b05620a70e0de7c,99e4c1e18a867b75bd3652f127bb4ab55ad794f8,true,ps2 textures\opaque\bp_remade,true,false,0,none,false,5,false
radio_4.bmp,e01ef25c3183734177582638259f472dcbdfc8eb,4e99e421b68213c27fc3ef0d0ebcb88eede80578,true,ps2 textures\opaque\bp_remade,true,false,0,none,false,5,false
radio_5.bmp,8509e2920ecfa4d544021d93cb7e9064d12e940f,8789fc1d18d55fc3c654ffd069157f66a521a12e,true,ps2 textures\opaque\bp_remade,true,false,0,none,false,5,false
radio_end.bmp,bbe9baa87bf1ea99a151a31d3306dc53cdd46bfb,35caf4530e3d9a681a3b9661847879b079d0fe0a,true,ps2 textures\opaque\bp_remade,true,false,0,none,false,5,false
radio_mark_ovl_alp.bmp,74826d8eb709372e1d5b151573c32ee2590c3f65,6046bc37ca944674b7bd697b24f3437f7007744e,true,ps2 textures\HAS ALPHA\bp_remade,false,false,0,none,false,5,false
radio_moji.bmp,b52e0d4b94b1f87ec26f21b24d7945632b93c493,c9f1a63d2b7d31e6d10f1840b0b9598b4e350e10,true,ps2 textures\opaque\bp_remade,true,false,0,none,false,5,false
rattrap_tex.bmp,5cfed6afe81b51396607a51f84767243baa78c57,c6b2a0e61583c3a42c23d2629800c5ed6a9dbd54,true,ps2 textures\opaque\bp_remade,true,false,0,none,false,5,false
reception_desk00.bmp,7dff65e452fe871c459bd7adeae008430cb43f70,cad015f5fe8a6a9aeae875a287ad2bf8117f4817,true,ps2 textures\opaque\bp_remade,true,false,0,none,false,5,false
renjin01.bmp,5ec1f52c309310ac241d70943c327fededce745b,e6acfae4f79d81b51bb5b54814dffcb3b71d9532,true,ps2 textures\opaque\bp_remade,true,false,0,none,false,5,false
rfender01.bmp,fa937574d27daf210227e0e62ca7ef191a662810,157b2eb37284a47023a5589771b6397987053ef0,true,ps2 textures\opaque\bp_remade,true,false,0,none,false,5,false
rfender02.bmp,220fdf9397f76d598380fd6bdba10cedb5f4eb15,f31d96f77c8e1d3ee51cfedfa731657c8fd64fda,true,ps2 textures\opaque\bp_remade,true,false,0,none,false,5,false
rgd5_deto.bmp,f93b4aa71f9a9d45e32c3a4d309cb9f7b56631c9,8bb9a90d8d9c2c5ea894291994e8d56500934dbf,true,ps2 textures\opaque\bp_remade,true,false,0,none,false,5,false
rgd5_safe01.bmp,513e982099139b8c93209e7f0cb56e1ecfa82ff5,3bcffe95bac6551844c1b09dbc72a6bbc0efd6c6,true,ps2 textures\opaque\bp_remade,true,false,0,none,false,5,false
rpg7_sco_tex.bmp,6845e5d9df9899262ba77c4fce15b2b8d91cb26e,ec34981abef1ac2eea93c8ae9f7b9678a4a24afd,true,ps2 textures\opaque\bp_remade,true,false,0,none,false,5,false
rpg7_tex.bmp,ea16238919e02b1e891800f1004e5529aaa67823,a959d3ad992438da78c9a11652440898413777b4,true,ps2 textures\opaque\bp_remade,true,false,0,none,false,5,false
s001a_soil01_eld_ne_alp_ovl_rep.bmp,682306e249168d1361297af17b8b77a550aec08f,6c4a45aa94a4b0cb8339f2021e7789ef45889d32,true,ps2 textures\opaque\bp_remade,true,false,0,none,false,5,false
s001a_soil01_rep_mip8000.bmp,7907fe4ac2848180dc1f8eead0df0fc9351845a9,7907fe4ac2848180dc1f8eead0df0fc9351845a9,true,Self Remade\Finalized\DXT5\PS2 Source\bp_remade,false,false,0,none,false,5,false
s001a_wall01_rep_mip8000.bmp,bb097328cf8615f15ccfb0751a33829cb0ea1639,3e724b184ce3ba179ae12559b6232537e2090bef,true,ps2 textures\opaque\bp_remade,true,false,0,none,false,5,false
s001a_wall_edge01_alp_ovl_rep.bmp,cfb681815c70d0d16db7c0aa1cd993ac115d84ff,4d77388db92c596566a24dd1d7def6b85df2b60a,true,ps2 textures\HAS ALPHA\bp_remade,false,false,0,none,false,5,false
s002a_rock_alp_ovl.bmp,82253a1a38ed4eafc16013692470919c553e8903,475d4e367d520153e9fc6c1f81249a4e1340163c,true,ps2 textures\HAS ALPHA\bp_remade,false,false,0,none,false,5,false
s002a_wall04_rep_mip8000.bmp,ef01699fb03d100a02b956fa7a55da8e599ba40d,4e6c5d19e7486f753d78b4036507856e70ae8985,true,ps2 textures\opaque\bp_remade,true,false,0,none,false,5,false
s002a_wall_edge01_alp_ovl_rep.bmp,5ddbe01df6a1fa32d9941e206dd0ccb39aafa54c,6baf4955dab223f1b72d64054fb1a3c770c1f4ae,true,ps2 textures\HAS ALPHA\bp_remade,false,false,0,none,false,5,false
s003a_flr_soil03_alp_ovl.bmp,9fcc0036a652275fa4ec58982c5bf4a99b0054d8,253d096c75de5c1825c130c1dca005efa2b5e7c4,true,ps2 textures\HAS ALPHA\bp_remade,false,false,0,none,false,5,false
s003a_flr_swamp03_rep.bmp,b7b08291a7c8c03e98cb8585534da1e5ff95c7f7,071a2f79a09b321eba3b79590dbfcfa9e68a33ab,true,ps2 textures\opaque\bp_remade,true,false,0,none,false,5,false
s003a_flr_swamp_edge01_alp_ovl.bmp,dbe0466396b7eee206133d174389ef666ff31ce7,b3229d229f480e3ba59df1179f1379f09396de81,true,ps2 textures\HAS ALPHA\bp_remade,false,false,0,none,false,5,false
s003a_moss_mip8000_rep.bmp,e8fcfe084cb6b61ff074afca25a9467b75c59ffe,c6181995c79d9585f38b150666e1acd3341edf8a,true,ps2 textures\opaque\bp_remade,true,false,0,none,false,5,false
s003a_pond_fader2_alp_ovl.bmp,6437ffb7e241e970498ced482bdd06fd5cd8f858,2ce8386f294a8272c090bb2cc0ef2c99e1b6a5f1,true,ps2 textures\HAS ALPHA\bp_remade,false,false,0,none,false,5,false
s003a_rock_alp_ovl.bmp,0412941c23bd1af15f5a02fadd6021f059ac638f,4c9054436cc363cfb1868552906199ca6d4c93be,true,ps2 textures\HAS ALPHA\bp_remade,false,false,0,none,false,5,false
s003a_swamp_hl_alp_ovl_rep.bmp,6aeba79751da4a7e8fb151b37ea9f3a599661583,4fbb2820179f35f946bdd1df5cf00ceb31e0c503,true,ps2 textures\HAS ALPHA\bp_remade,false,false,0,none,false,5,false
s003a_wall01_alp_ovl.bmp,791e07fceb16e94e07fbce203717ca6355b14025,c31024dfbd2b617699c8931686054bb0baf5b46c,true,ps2 textures\HAS ALPHA\bp_remade,false,false,0,none,false,5,false
s004a_flor_noise04_alp_ovl_rep.bmp,2a1aaedd481c5f1123b6afd2dbf389774e2e384b,f811899ddd39ac22a163f4f37f1e73af07e2edae,true,ps2 textures\HAS ALPHA\bp_remade,false,false,0,none,false,5,false
s004a_soil01_hl_rep_mip8000.bmp,6915e22226e93701484352aa7543aa887ba39040,8a58b309a132c7419774b412862da426fd3ff8dd,true,ps2 textures\opaque\bp_remade,true,false,0,none,false,5,false
s005a_bridge01.bmp,3aae0e21bfd3c2da89cc42edf5d06c0f2aaecb8b,9b4b822c17ad88ec2b6561a646fd46fdaa43e339,true,ps2 textures\opaque\bp_remade,true,false,0,none,false,5,false
s005a_flr_soil03_rep.bmp_c9e7b4d605431d5586888d2550feadd4,af017f94d1a32309746bf8321feab9ef4d6500e2,7c52df8c21f2c7e038822d3b2b1d0495ef337e7d,true,ps2 textures\opaque\bp_remade,true,false,0,none,false,5,false
s005a_flr_soil07_alp_ovl_rep.bmp,b5094a84360961ca055f0ef4724aef60f07b91e2,979dc5609ab65c59e070b0b7fdc0475248779283,true,ps2 textures\HAS ALPHA\bp_remade,false,false,0,none,false,5,false
s005a_rock01_rep_mip12000.bmp_68192261b987f8a27dfdba0187a7fc56,1db84eb1fbf4db77797a4173070672068e532cb2,240413028e03e09373f9a5edbc5f85cabb2ec978,true,ps2 textures\opaque\bp_remade,true,false,0,none,false,5,false
s005a_rock04_rep.bmp,6b2d64fda034b5eba39df64fed6af5a0e54e2bba,0c488e82c1ece56642266abd40338e9057f12b73,true,ps2 textures\opaque\bp_remade,true,false,0,none,false,5,false
s005a_susbridge_floor1.bmp,7c7f7a210b9f8889c5d5908c3011fe9d823b4481,54d44207bed2f013f924f6becd6ec5c2acaba009,true,ps2 textures\opaque\bp_remade,true,false,0,none,false,5,false
s006a_bombe1.bmp,740c8946e66c116dfa2a6b0b4520f75b066beb20,59437eecc5341032ac35559bfc4ca74f94ed33a5,true,ps2 textures\opaque\bp_remade,true,false,0,none,false,5,false
s006a_bombe2_top.bmp,7762bc18a8c25ee4bbb37f81105dd4878ec901e1,2c567de4002df29521c51c0b030f0fb0458c20a5,true,ps2 textures\opaque\bp_remade,true,false,0,none,false,5,false
s006a_box1_s1.bmp,cafc18d3342ca1b662372e1825295ecc6a7b6d43,35998eb24b6d6935635169896466c08986577d4c,true,ps2 textures\opaque\bp_remade,true,false,0,none,false,5,false
s006a_box1_s2.bmp,3449dec31989b9bc5641f5fbc731a388ad51def9,21fd4715c064ab79ea01f2257cedc8bddf34eac7,true,ps2 textures\opaque\bp_remade,true,false,0,none,false,5,false
s006a_box1_t1.bmp,0fedee567fe43d27b4e755aa5d4da1246cae35a2,24c71dc5675fc623a1caeb5c11f190513731d9fd,true,ps2 textures\opaque\bp_remade,true,false,0,none,false,5,false
s006a_brickwall1_brk1.bmp,88875ccee61b9966789945d6488da1ca66145bc2,5e9e17118fee219d73fcc3a4315beef9c4be8350,true,ps2 textures\opaque\bp_remade,true,false,0,none,false,5,false
s006a_brickwall1_brk2_rep.bmp,97ed526edb6bd78b7c5add0f723c488dac3b171d,73c4e64ee422679d2ec1c75339c815cf4eaeb835,true,ps2 textures\opaque\bp_remade,true,false,0,none,false,5,false
s006a_brickwall1_rep.bmp,a5899ae309fee75fee15c1c8e7ae4cfb363620b3,0c08924755b6b65bdaa0cbaf846e88331faf63fa,true,ps2 textures\opaque\bp_remade,true,false,0,none,false,5,false
s006a_brickwall2_rep_v2.bmp,aab1c5f560d9905e24750e9839d0afc66ee627b7,2a030794907c5f7ba187d5d729f328b5eba3958f,true,ps2 textures\opaque\bp_remade,true,false,0,none,false,5,false
s006a_conc01_rep.bmp,a37bc7f69c5defa132bd99152027868dfba4e652,90c83287d482f193bdead4c8f758ecc19afcd522,true,ps2 textures\opaque\bp_remade,true,false,0,none,false,5,false
s006a_door1.bmp,a85a5e241a520fbabb63bbb742620fc50aeb7a29,95752ffcab56e8cd3e5b71a2d5e7dbaf6b8c1534,true,ps2 textures\opaque\bp_remade,true,false,0,none,false,5,false
s006a_dust1_alp_ovl.bmp,5304ab5b0972ef5d18398f211e34a1e14d8ed0ff,c5073c9637b484e9313e876da5b809cbf714fcbb,true,ps2 textures\HAS ALPHA\bp_remade,false,false,0,none,false,5,false
s006a_fence_ami_alp_ovl_rep.bmp,a07ed7737b7b759158a156b5fde18e318df0a26e,4a64852374e5ee48e07d18340f7f97f3a7ca1f03,true,ps2 textures\HAS ALPHA\bp_remade,false,false,0,none,false,5,false
s006a_happa05_alp_ovl_mip8000.bmp,6d5fef14e3b1761d7e5bf46ed3010c4d30be5af2,1660a3fb210c16299960cee702e172a51f94e9ac,true,ps2 textures\HAS ALPHA\bp_remade,false,false,0,none,false,5,false
s006a_hatch_frame1.bmp,b569a6657ae30d349874b3b295acdbefc08189b2,c638bf5947c54135b37084e1ac5d336e3ff2ab72,true,ps2 textures\opaque\bp_remade,true,false,0,none,false,5,false
s006a_hatch_hinji_alp_ovl.bmp,9f8b41783a7170603e552fd87b9797fbef0819a8,8c66d04a81ca0b08bb08488aa2d33cb1369b22b1,true,ps2 textures\HAS ALPHA\bp_remade,false,false,0,none,false,5,false
s006a_locker1_f_rep.bmp,ee45b7d4084dd0d04ec6f2a8232fc01c87e0327b,14848810b4c2e19b6d4d8866e3a805b3ff7e4795,true,ps2 textures\opaque\bp_remade,true,false,0,none,false,5,false
s006a_locker1_s_rep.bmp,e2413075869a4e3858d22e183e0760e5890a0750,bdf20deab9fd9581ca2c6419e57c3bfbf6be760e,true,ps2 textures\opaque\bp_remade,true,false,0,none,false,5,false
s006a_machine1_front.bmp,5064a8435b16087c69d604980b1cb32a6bb34ecd,77e62c092e92e581de6de9a758a76c3d588b4d40,true,ps2 textures\opaque\bp_remade,true,false,0,none,false,5,false
s006a_rockwall1_rep.bmp,2a8dddab68576e71595285c49895ca8f1c0e0e21,f7fa8ffa0968f4e91a9071cc6321766e488330e3,true,ps2 textures\opaque\bp_remade,true,false,0,none,false,5,false
s006a_sidetable_f.bmp,1994c04aad6e294cf9eef06bd7236f561e0c4dc7,be5d8a2a30f0e0b11f9398fcad93df67bd0221a7,true,ps2 textures\opaque\bp_remade,true,false,0,none,false,5,false
s006a_soil01_hl_rep_mip8000.bmp,ed7984c014587190c7c3db6843507b7cf6726272,1f8f1553293a7eeaeb4d101d3a3093740f392445,true,ps2 textures\opaque\bp_remade,true,false,0,none,false,5,false
s006a_tall_locker1.bmp,462265bca639f4144904e3fdef9e6529ce21520b,7aa2abd3eb674e1f6ae779f518083f0c30459121,true,ps2 textures\opaque\bp_remade,true,false,0,none,false,5,false
s006a_wfloor1_rep_mip4000.bmp,c8a33d99dca6feb50ca489cdf44a66dfa7f26e59,a8366fbc806caf5f1cab043876525a5c02ad1258,true,ps2 textures\opaque\bp_remade,true,false,0,none,false,5,false
s012a_deadtree1_rep.bmp,943032787934d6d9b254d61e87967025b7fd9cda,e8d936101a2fb1b8a5f95aa14cadc02300cdff9b,true,ps2 textures\opaque\bp_remade,true,false,0,none,false,5,false
s021a_bbwire_rep_alp_ovl.bmp,6f140f1501fb9b24fa1a5ca73256f5593712efb3,69e943abf80a996dec4b8ad6da1f6248098a1ac1,true,ps2 textures\HAS ALPHA\bp_remade,false,false,0,none,false,5,false
s021a_soil00_hl_rep_mip8000.bmp,4f07e945265c0fee19bb1a303b41de0021532f00,9dcae77649638305145d4be2bd353fa067ac95e7,true,ps2 textures\opaque\bp_remade,true,false,0,none,false,5,false
s021a_stfance01.bmp,ae204814d7e79df08480a5c54265934495b8c347,799ad9ca72725c81ae27177de307a5c5cea34043,true,ps2 textures\opaque\bp_remade,true,false,0,none,false,5,false
s021a_stfance01_side.bmp,5875318d1ced35d91824af5fa219a0a7da3f91d1,8cbd02452766dc3a1c577f41283599114db89194,true,ps2 textures\opaque\bp_remade,true,false,0,none,false,5,false
s021a_wf_battery1.bmp,53166d078214b3f490fbfb3d85dd4a27cf3c6eb1,7a6bad06b2703de18adf33689609f2519b9f5335,true,ps2 textures\opaque\bp_remade,true,false,0,none,false,5,false
s021a_wf_battery_cable_alp_ovl.bmp,4d9203bca6cffa5df0beed023957ea2dce672fbd,aad7df07565f987b4ffa5f7360a000fe4cc0f9b6,true,ps2 textures\HAS ALPHA\bp_remade,false,false,0,none,false,5,false
s022a_ara_conk_rep.bmp,87293f70c6daba84ccbe53321692f7f6a9c8c5b7,3597313330ad5581f9bdd7bdc4b51952076574dd,true,ps2 textures\opaque\bp_remade,true,false,0,none,false,5,false
s022a_board_new.bmp,561314df2c7797cdfe3451a5937fe2e65cf2e01a,131099363602b386596310e28e27399d3f703d20,true,ps2 textures\opaque\bp_remade,true,false,0,none,false,5,false
s022a_fence01.bmp,1a7c7481b1e8450da84bb77b5b6271f8c2446c8d,ef412738b9429132e850cf035858b2ccf480848c,true,ps2 textures\opaque\bp_remade,true,false,0,none,false,5,false
s022a_fence_alp_ovl_rep_01.bmp,c4a32bd3429a8c26524b2048a198cb55ade52e3a,ef9de800bddc4c765b84402cd5a42ea1975d6dbf,true,ps2 textures\HAS ALPHA\bp_remade,false,false,0,none,false,5,false
s022a_flr_soil_rep02.bmp,01ea91161067e792996a4357ba05379c75863d0e,2882f9ae030e71b1e2b818616eda57e87a9dfd55,true,ps2 textures\opaque\bp_remade,true,false,0,none,false,5,false
s022a_flr_soil_rep_new.bmp,10e8816b6318e0fd08fbf2623fbf88f9b6e2a3df,7a1b88c39c176fff16370f0137e14670632968a5,true,ps2 textures\opaque\bp_remade,true,false,0,none,false,5,false
s022a_flr_soil_rep_new1.bmp,9a4225f73a1748212a6bdab1ad2711cb10b6d7b3,0284a19cc17c7229e139523080a3be868f7d09f3,true,ps2 textures\opaque\bp_remade,true,false,0,none,false,5,false
s022a_obj_03.bmp,d8c6cd11c257590326ed7108b41c8a3ce0bb487e,d810d808141d820c54a0e99cdf6002a92d734fb8,true,ps2 textures\opaque\bp_remade,true,false,0,none,false,5,false
s022a_pipe_rep01.bmp,2f78b4e679eee029c97ad5ef5d11493d06feecce,e8a8cb228456bf97faa37aaeb5df0a77141639c6,true,ps2 textures\opaque\bp_remade,true,false,0,none,false,5,false
s022a_stfance_rep_02.bmp,1ce5554f5078906d7a38e8e4968b9aff7299961e,9ef89b6e633c5ea5cbeaf366cb053e549cd203b3,true,ps2 textures\opaque\bp_remade,true,false,0,none,false,5,false
s022a_wall_rep05.bmp,cdaf458ba38221b1d3936fa7be16cc13dcba428a,b4ed01f359468c2765356136b3d3c8c4827eb3d4,true,ps2 textures\opaque\bp_remade,true,false,0,none,false,5,false
s022a_wall_rep06.bmp,46be6a89b89521acc09d97d798d6b2a5011ebb7f,49d786b4db584065f56e4078809af5174affa501,true,ps2 textures\opaque\bp_remade,true,false,0,none,false,5,false
s033a_koke_03_alp_ovl_rep.bmp,8dce01235e55154f6afb346608c6b960fb0b66aa,d71eb7e78790bd34f25ec36cd820ac4a7d07ae00,true,ps2 textures\HAS ALPHA\bp_remade,false,false,0,none,false,5,false
s041a_wall01_alp_ovl_rep.bmp,ac5d06681df4b45f2b4e6083b015121e4ae5213b,300f5daabe51918e84c937603fff5e0f96b95e88,true,ps2 textures\HAS ALPHA\bp_remade,false,false,0,none,false,5,false
s042a_armory_caution00_alp_ovl.bmp,6936ec8a03d241beee288a50e995bfd51a46e811,0fdf05e04030e3204fcc898c6107a7dbbd12fb45,true,ps2 textures\HAS ALPHA\bp_remade,false,false,0,none,false,5,false
s042a_fl04a.bmp,7fe380b9d859b57a7fa913bcc74961364f6bfbb3,d5c6ab907dfc4caabb1e7900d907586050ccf057,true,ps2 textures\opaque\bp_remade,true,false,0,none,false,5,false
s042a_fl04b.bmp,b3cfc3da4ab2dc221b2a90978072667ea7e25684,93af5c93287a94cf37d5f15db7d5586c8696d31b,true,ps2 textures\opaque\bp_remade,true,false,0,none,false,5,false
s042a_ladder00.bmp,62c19143582e4a40b71dfa61ee5a6017caac21b0,d2204cbbd1c16812d4852566e27002cb46551f1f,true,ps2 textures\opaque\bp_remade,true,false,0,none,false,5,false
s042a_ladder01.bmp,d58dd5f29efe6c231d3cf4ad0951d0bf8c6098e2,e57c32dd4995d1f96802bbb81ae84b7fe3fafdb9,true,ps2 textures\opaque\bp_remade,true,false,0,none,false,5,false
s042a_rubble00_alp_ovl.bmp,c473641f1b88a7cba37b68455b216d02570049f1,cd8253bdd7baaac3847505f23a3bf8eb12b008ca,true,ps2 textures\HAS ALPHA\bp_remade,false,false,0,none,false,5,false
s042a_wall01a.bmp,711d4c10bb53e1fbc0f7921ffe19f819a5b147d5,4630284ffd8cc6d9cb8f06aab886137c33d9c3c9,true,ps2 textures\opaque\bp_remade,true,false,0,none,false,5,false
s042a_wall01a2.bmp,ea8549cf5bd39c1150fa75b8677bf3877d20239d,9e4b428820ebac87ef90f08ed7f18dbfe4837cba,true,ps2 textures\opaque\bp_remade,true,false,0,none,false,5,false
s043a_box00a.bmp,118fedc0524cc5a19ba1b7a830adb4a53bdd0688,3a1ee0659c370abe3a4da92a56e585f554e97cb7,true,ps2 textures\opaque\bp_remade,true,false,0,none,false,5,false
s043a_box00b.bmp,8f527a124a9f9f85ca7fcbcc30764b062f939473,29ac9b286e8d3c7f901e5817708887e23532ab3d,true,ps2 textures\opaque\bp_remade,true,false,0,none,false,5,false
s043a_box00c.bmp,eb2fc0ba048aa8ebf0b67e1058a78ba26049fe36,525fda5f61dde02a61548d35c669bf0ba07086e6,true,ps2 textures\opaque\bp_remade,true,false,0,none,false,5,false
s043a_bridgefl02b.bmp,2a2f3f84a5f065671a5c30bcbfb15321fa3da591,97d6e736b5e61a8922f446c1fdd0bb3a0c2ffd64,true,ps2 textures\opaque\bp_remade,true,false,0,none,false,5,false
s043a_bridgefl03b.bmp,3c1709a12116d28993398aa82aa824dde59c2036,7fc91a9325465925d19d0068098cb3259abda3eb,true,ps2 textures\opaque\bp_remade,true,false,0,none,false,5,false
s043a_fl01_rep.bmp,8830abeb20f0f240fb21866a9b0b6c7ac2f0505a,049e8fdf478450b52f085e4aaa7dcb457ca6c182,true,ps2 textures\opaque\bp_remade,true,false,0,none,false,5,false
s043a_fl05.bmp,684695c8278c152a3bca1bfcf60074fdfd46f5af,b9a45a619d42a87f30b879f9531fa74536e9ec38,true,ps2 textures\opaque\bp_remade,true,false,0,none,false,5,false
s043a_gate00b.bmp,80d12611514589d5bab2894b2083855cda349ae7,593eaad79e335bed1bbff05deda7fc6e26edac2a,true,ps2 textures\opaque\bp_remade,true,false,0,none,false,5,false
s043a_underwall01a.bmp,700ea1d88ee7f2e16f8c84d5e844534eea7e1d1a,f0aaeae6e599efa9e91dd4f982ac37a2c7d41a56,true,ps2 textures\opaque\bp_remade,true,false,0,none,false,5,false
s043a_underwall01b_rep.bmp,934de26bb93e19ad89d604c6744650a037a643ac,1cb36c8bbbf2c9390009a87a8e1299d2afbf138e,true,ps2 textures\opaque\bp_remade,true,false,0,none,false,5,false
s043a_wall01a.bmp,5703f83a82f9e3e75b78c032f7a37b580668ff03,a94fb7195ad63d43b6d973055730ef9258f0222d,true,ps2 textures\opaque\bp_remade,true,false,0,none,false,5,false
s043a_wall01d.bmp,e5ba632d665dec94f522937c5e061e70c28bf547,a34f9fcafd370753d556f8372cae5096769d8dff,true,ps2 textures\opaque\bp_remade,true,false,0,none,false,5,false
s043a_wall01d2.bmp,70831371f38fc374b1d0afbfdc2feeee88f0fe2d,0fcb4418b94f993a0ff3dff132976916689f255d,true,ps2 textures\opaque\bp_remade,true,false,0,none,false,5,false
s043a_wall02b.bmp,cc07fdb2f0141d759705a33013bfca720887bfae,f3b9635abf92abd3b8398c79cacfe22d38dc2040,true,ps2 textures\opaque\bp_remade,true,false,0,none,false,5,false
s043a_wallbrk02.bmp,f342e2689ed6af0f6fe5a11c76f59f340b35b970,b2a1bc7da6f819901e68aff63aabb2ace9bd55e6,true,ps2 textures\opaque\bp_remade,true,false,0,none,false,5,false
s044a_door00.bmp,f62b25cc23ed4ac3a0a1bd77d5088ad1065a0811,5cda4b1feb45c33b3e4e8c8894b31a189faa6443,true,ps2 textures\opaque\bp_remade,true,false,0,none,false,5,false
s044a_drwall00b.bmp,b225c69d668e2d8551c638573c61f6793d065d29,2737d0a8a33e93b09d2c5f17323d6117463f12f4,true,ps2 textures\opaque\bp_remade,true,false,0,none,false,5,false
s044a_drwall00c.bmp,6f60eedb6bcfb9cbf101ef9b6c8ba8334b40b29f,ef3cccb96713e616402675dee79e359c183440b8,true,ps2 textures\opaque\bp_remade,true,false,0,none,false,5,false
s044a_elv_door00.bmp,29594ab846de63ec78bbbca876ddffee0da1d542,6586e8bf3658649ad61f014b0ef7799e37edbf92,true,ps2 textures\opaque\bp_remade,true,false,0,none,false,5,false
s044a_elv_panel00.bmp,95b875b83bc3e2d04cb364d8f335c28e68a0b2db,d6cb3c04665f35090b41801a12041f9b297e8332,true,ps2 textures\opaque\bp_remade,true,false,0,none,false,5,false
s044a_fl03_rep.bmp,a05f3ef52077ef4fb854c2003f7de7c89cc63e46,8ef85f43ea39401ea2410480c8b860c194e36258,true,ps2 textures\opaque\bp_remade,true,false,0,none,false,5,false
s044a_fl05_alp_ovl.bmp,e4626c6415f35825dfe037995912e1ff7c29a44c,01efb541e8502e767b1f043a3a006d51d1ee52a9,true,ps2 textures\HAS ALPHA\bp_remade,false,false,0,none,false,5,false
s044a_flpnl00a.bmp,2d21b8ead2472fbef836a0fc66982d41a3931035,5aa3db0a93ce33788feb5256577f8fcf89d2d0a1,true,ps2 textures\opaque\bp_remade,true,false,0,none,false,5,false
s044a_flrusty01_alp_ovl.bmp,c3086428013c56e67c8d6b24c17ecae0b539d59f,796dae5d79c0dfedc81ff6515407eac33361e91d,true,ps2 textures\HAS ALPHA\bp_remade,false,false,0,none,false,5,false
s044a_gate00.bmp,0544608f0d98c6e166848ef4bf356ae99051504c,48b87fb17fa3b74a54aeec7704bc58a99945738b,true,ps2 textures\opaque\bp_remade,true,false,0,none,false,5,false
s044a_maa01_01.bmp,a98518954801af2f8597659e0be7cfd16f5995d6,602cc0cd10ad48973d0861eb2248ae6d2ba75a66,true,ps2 textures\opaque\bp_remade,true,false,0,none,false,5,false
s044a_maa01_02.bmp,a4755ebbda97c98c36068a299baac0b22212f0f9,af09f4e2b06a8e90e4465cc037615b6ac140282d,true,ps2 textures\opaque\bp_remade,true,false,0,none,false,5,false
s044a_maa01_03.bmp,bb023a7ca999e2c86f70a5c7bb5d33a485a7b562,063e82b1f9a96ac57eb26ebdf05992db8555b231,true,ps2 textures\opaque\bp_remade,true,false,0,none,false,5,false
s044a_roof00a.bmp,71fc4bac0340ac4b82a13004b4519b8a56ff600e,314d011a141e7ea0632862005ea0f867a7663235,true,ps2 textures\opaque\bp_remade,true,false,0,none,false,5,false
s044a_step01a.bmp,9208c8da2e1fad3ca4c99b2d5a70515d54c03213,c2e6e549a03ed62facf98c12e4fa14ecb2eda20a,true,ps2 textures\opaque\bp_remade,true,false,0,none,false,5,false
s044a_step01b.bmp,a968ab12e2eab99fb7e2317f0573a185241c1689,147ec9c9459472d2af6f7ba8a9f9d85aca75fb2a,true,ps2 textures\opaque\bp_remade,true,false,0,none,false,5,false
s044a_wall01_rep.bmp,b3c5eee84cae0a6ed86f12a08149f1d3474227df,92a83dfc8b6b05f71c75ca4a29b0ae6e65ff9b2b,true,ps2 textures\opaque\bp_remade,true,false,0,none,false,5,false
s044a_wall02_rep.bmp,336382e6b9f6b5332debb9545266229f4e84e7f3,b8fa4b59f597cde1e502a9ef905f86fdd3ad5a6b,true,ps2 textures\opaque\bp_remade,true,false,0,none,false,5,false
s044a_wall03a_rep.bmp,ec04962c785b41422c43e931160d2cba0489769a,be00741a4c71efbf106787144e945acf3a278759,true,ps2 textures\opaque\bp_remade,true,false,0,none,false,5,false
s044a_wall03b_rep.bmp,6b176eb1e2e9f4bb5a2bf2c2f710346cd346a2ec,abb43e6482b5db78a550dd7db77b9ad3c13fd28c,true,ps2 textures\opaque\bp_remade,true,false,0,none,false,5,false
s044a_wall03c_rep.bmp,2779773e2ab11a1ae1df56ae969fac3afb882d3c,017ab0ce8751e5754eebbfec408158a1fd056cee,true,ps2 textures\opaque\bp_remade,true,false,0,none,false,5,false
s044a_wallobj00_alp_ovl.bmp,51388a40ed51d08826d63032c74bb003608caaab,9ff51e92e705a7b25e192cdaef249217eada0f06,true,ps2 textures\HAS ALPHA\bp_remade,false,false,0,none,false,5,false
s044a_wallrusty01_alp_ovl.bmp,d11db9aea4750758e8b813badca76fdd852f3bfe,b464800c3ccdc4eefb3457ae2edc0692551daa30,true,ps2 textures\HAS ALPHA\bp_remade,false,false,0,none,false,5,false
s045a_fence_a_alp_ovl_new.bmp,3ca080608c8ac9c4eaa7386739e768c7bf3fd144,50d483309cb59728014841658f1684a90dabe1f2,true,ps2 textures\HAS ALPHA\bp_remade,false,false,0,none,false,5,false
s045a_wall_a_pillar_new.bmp,0f9630f5a39a4c2540bb5cc04263ad3de74356e6,ed716cab3e3edf70bf425c105e668dca2cd45424,true,ps2 textures\opaque\bp_remade,true,false,0,none,false,5,false
s051a_44wall01b.bmp,0552f87688a6c92e38b1c25875f63347fe42451e,537f64bf9cc251df89e91af752209923775c6f5c,true,ps2 textures\opaque\bp_remade,true,false,0,none,false,5,false
s051a_jimen_a01_rep.bmp_a29eacb6af2fb4c008aac3603e46039a,0cc4fd380b6f6d427d0831a804d96850b3fcb17a,67627ce5a2e498a485043b34d4fc2c97faa1b620,true,ps2 textures\opaque\bp_remade,true,false,0,none,false,5,false
s051a_rock_rep01.bmp,9f12bf1328fb54ef17b07d921fe0369397f67ec8,e2283243fd991908d7a54d105deae727f92896b9,true,ps2 textures\opaque\bp_remade,true,false,0,none,false,5,false
s052a_box_01.bmp,23843c67148ee2bebb0431864b24fa6320a493f8,7125f26df014fd6c69848e69f342004cef4c6162,true,ps2 textures\opaque\bp_remade,true,false,0,none,false,5,false
s052a_door_light_02.bmp,6c0ae01b5f920524502ab8174d60e7b6bb6d1eac,108c536e1cbad835f5152b63fbdb3532d32b81e8,true,ps2 textures\opaque\bp_remade,true,false,0,none,false,5,false
s052a_door_light_03.bmp,1627b8e4df787e64009685b170bb6326dffccb3c,47a500618ccc9ad7b747c5a50249098199cf419f,true,ps2 textures\opaque\bp_remade,true,false,0,none,false,5,false
s052a_door_wood_01.bmp,d521f4a6e62d114a87465615f01e642331dc8b82,9b5760e0b038e91c142fd25765b1c5863a96c6d0,true,ps2 textures\opaque\bp_remade,true,false,0,none,false,5,false
s052a_door_wood_01.bmp_89397a37640b16463974121866f9728f,2d9fa82586ba00854802ddcf67ec7ad7e6c44808,d31bea492de588a6c9a8a9a29d75db691dc42a02,true,ps2 textures\opaque\bp_remade,true,false,0,none,false,5,false
s052a_ent_conc_02_rep.bmp,0319beb3e8b590a327e0a3d95676e1c9f6cebad5,4274dc2db127da98675d64d04cd5c08613adc54f,true,ps2 textures\opaque\bp_remade,true,false,0,none,false,5,false
s052a_ent_deco_01_alp_ovl.bmp,b32b6338dcc02e6d0ee469f896e32cf050601fa0,5962655d515f98f52fd4fa872084567370126ce2,true,ps2 textures\HAS ALPHA\bp_remade,false,false,0,none,false,5,false
s052a_ent_floor_01_rep.bmp,9228f8840fba56513180f3bfeb69cc7b0adbea65,6912aa5f1ac87e38fd3c4e1cce301cdd4183fd1f,true,ps2 textures\opaque\bp_remade,true,false,0,none,false,5,false
s052a_ent_floor_02_rep.bmp,4187861bba42994fc366efa716d1ad0f2971c38a,e15c604cad0d70d934c4956a398d360ceb2971aa,true,ps2 textures\opaque\bp_remade,true,false,0,none,false,5,false
s052a_ent_floor_03.bmp,2dc5a89a58926efe180274deca904eb1282c3496,bc66998df9c0f39f84a038926cd11b97d65f435c,true,ps2 textures\opaque\bp_remade,true,false,0,none,false,5,false
s052a_ent_mat_01_alp_ovl.bmp,31f342db70e2966f0254b02212d58d259ecc816b,b8edc9910a71f79680dd54c71292e9b59e54feb0,true,ps2 textures\HAS ALPHA\bp_remade,false,false,0,none,false,5,false
s052a_ent_mat_02_alp_ovl.bmp,9883c85bea5e0b6bcad909ca8e2647f13829c50c,120d1fd5bf1d52b81adf7bb430c7d8d085034533,true,ps2 textures\HAS ALPHA\bp_remade,false,false,0,none,false,5,false
s052a_gate_door_04mk_alp_ovl.bmp,7b57920bfa4ff3e55f0ada8f6d0c7b61fe2a1db7,79a879251c8ee8fe3d6b061485461fbaf6940cf2,true,ps2 textures\HAS ALPHA\bp_remade,false,false,0,none,false,5,false
s052a_hashira_01.bmp,ccacf9f3f451c89f160ff77889cf385a2e03518a,e470de8974f16a841ab1e6f2b973a0f798470723,true,ps2 textures\opaque\bp_remade,true,false,0,none,false,5,false
s052a_hashira_02.bmp,91786b849c603b489d57226a04796eb045b8b5f7,d845586b84689a314b92a6fffe22e53c6722e98a,true,ps2 textures\opaque\bp_remade,true,false,0,none,false,5,false
s052a_hashira_03.bmp,dbc41f3f33e165bcbd0a8f2d5e95be5f332e7ae3,c827413e5f624200eb37dec0804608a09597f698,true,ps2 textures\opaque\bp_remade,true,false,0,none,false,5,false
s052a_jimen_deco_rep.bmp,08f8658878b5422d7c61d6ea5aebcc17c6506415,7eda912f23e027a57c9ca7b56e7cec875d296bfa,true,ps2 textures\opaque\bp_remade,true,false,0,none,false,5,false
s052a_kadan_01.bmp,b219a99bd35e65fc8cf6d4a83b8999f9fdcba053,1663117164096b941d5ac7d26f06836ff433509b,true,ps2 textures\opaque\bp_remade,true,false,0,none,false,5,false
s052a_noon_ent_kage_02_alp_ovl.bmp,1f8304af80ee1ee843dc1fc09774a2f6336a62c5,9297344fd873cc0339a5a58b59953f0cde1b5cba,true,ps2 textures\HAS ALPHA\bp_remade,false,false,0,none,false,5,false
s052a_noon_ent_roof_rep.bmp,e3ca9ca29b71601faa351697cf9a097a59a5aa7d,44ad7a0d81b0afcb4147b00dd21489cddba3bf93,true,ps2 textures\opaque\bp_remade,true,false,0,none,false,5,false
s052a_renga_wall_01_rep.bmp,0d56d59915cc294807e3a872034b43fec7aa6c3e,b43d8337d90122fa3b392c7e36edfbd40f88a2f0,true,ps2 textures\opaque\bp_remade,true,false,0,none,false,5,false
s052a_renga_wall_02_rep.bmp,b463e4e78a705ac7d81eb2f8a70b79f4a6d87c9f,c0da262b61cb9222bc1ab211d85e70a61538c3f2,true,ps2 textures\opaque\bp_remade,true,false,0,none,false,5,false
s052a_streetlight_03.bmp,da42c1747748d4651ef92413aade8eabc5c281f4,585789b52e6f654cc0875ac71ea11dcaf52c8327,true,ps2 textures\opaque\bp_remade,true,false,0,none,false,5,false
s052a_streetlight_05.bmp,a4dafe6bc119282c660682c8629e5dea9a3e8c92,4eb0ea14dd950a45d8fde8551f4984d9215f1ce6,true,ps2 textures\opaque\bp_remade,true,false,0,none,false,5,false
s052a_tile_floor_01_rep.bmp,3e4c9b21c7830299808f4d9163d0cfc6cf77afda,c67b311afd278c574f2330661a120edd42344ae5,true,ps2 textures\opaque\bp_remade,true,false,0,none,false,5,false
s052a_wall01.bmp,4ad7c17b7b86b8a09395a852e074b3c880a921a3,9f2c8e48275e6ef9dd5dbdf6049d0fa0b7731d7f,true,ps2 textures\opaque\bp_remade,true,false,0,none,false,5,false
s052a_wall02.bmp,a5523cfc124a096cc834be37f3140ea0d9e84559,c93ac97efe695a3052e6c756d5f40520978bf0e7,true,ps2 textures\opaque\bp_remade,true,false,0,none,false,5,false
s052a_windw_sita_01.bmp,367645eadfb717c953b2c71939d0ecb9c8819baf,c1bbebc602b720a4a97615081302d73322942982,true,ps2 textures\opaque\bp_remade,true,false,0,none,false,5,false
s053a_bookstop.bmp_39c48569f059746c2629fdd82139863e,0373f817736a04ca1f0f394a878d291ffbfcd5d5,2c2adacc3ebd80616573c27d4610d6c09b00df32,true,ps2 textures\opaque\bp_remade,true,false,0,none,false,5,false
s053a_boxa00.bmp,117c3177ab74ba7d4b7de8e8720131361fd4eca6,8286c80fb3cb9e0ba4ce840f87658d57da178a5b,true,ps2 textures\opaque\bp_remade,true,false,0,none,false,5,false
s053a_carpet00.bmp,a675bae8a0502e85caee80161c882e2941359883,e03d07ea477539fa9acfa208f6a8c118d7baf099,true,ps2 textures\opaque\bp_remade,true,false,0,none,false,5,false
s053a_case00.bmp_577fc47da881b28a88dcea0b580d8a7e,da54cde7ec73e72218fc0f0396009aa94b04fe50,ba1880a669f7a4f3f276f539dffd8436e7782e85,true,ps2 textures\opaque\bp_remade,true,false,0,none,false,5,false
s053a_comp_c00.bmp,c0eeb6984e0b34c09e1ba8bc68eae54be6858346,61f43d76280455b4d762c374c285b03ae15c206c,true,ps2 textures\opaque\bp_remade,true,false,0,none,false,5,false
s053a_curtain_a00.bmp,5ea73e9d74f0386aa5c40ed3120d301aec8e7ae2,975858a9009009aec209d2678c21a03826be4c72,true,ps2 textures\opaque\bp_remade,true,false,0,none,false,5,false
s053a_curtain_b01.bmp_72e3ddebb0af1ad3cc60e0cce2d72e12,d6900eae40eb7c124bf6cfaeb796dab7275d7abd,ccb36cff39df2865204dfbbe8c7e5956dd18369f,true,ps2 textures\opaque\bp_remade,true,false,0,none,false,5,false
s053a_door_b00.bmp_ac9b2f2a3c8818e577edc950d7cf0a32,8896f7ceea36ee849427b3a3bd68d37097a97a1c,68ec78fec20d6e43919f8d57cdd019047a1234f7,true,ps2 textures\opaque\bp_remade,true,false,0,none,false,5,false
s053a_duct_00_rep.bmp,67a9057ea2fbc1773fd526634c0e6abd6c9ae652,fbd9417a4452ed6ca8f339bfb9874fc47bb6aa39,true,ps2 textures\opaque\bp_remade,true,false,0,none,false,5,false
s053a_floor_b00.bmp_ba9902d7ff252f85633820cfa379a97d,60521690a9ac8fdf3a488e06c47b8a5d5cd019b7,2d0b6f7657e4a1a797531c7c3109f8d5cfc907c5,true,ps2 textures\opaque\bp_remade,true,false,0,none,false,5,false
s053a_floor_c00.bmp,64a3f6a2c3951435ce62719885fcfd74a26b01e6,44f48ee9786f6b4a49c5c4cd6500091f253d5085,true,ps2 textures\opaque\bp_remade,true,false,0,none,false,5,false
s053a_floor_c01.bmp,fef1fd18894cafb774c31c9b59872caadfbf1b8f,49b5b59818c9d8a59f28d27c7d1491af79ad4dd1,true,ps2 textures\opaque\bp_remade,true,false,0,none,false,5,false
s053a_floor_cortyard_00_rep.bmp,6c599dffe7f9b0011d357ce78e5e153f7d51c246,f72e9861e7efaf5c965e2b47b1c167cdc9eec46f,true,ps2 textures\opaque\bp_remade,true,false,0,none,false,5,false
s053a_floor_d00.bmp,22a4f29e3e2123d7d18ad9f581e0b81f890db338,aff2ddd9c2e70f96146725a0dad616265b185fee,true,ps2 textures\opaque\bp_remade,true,false,0,none,false,5,false
s053a_floor_step00.bmp,b43a7c960eef944e5dbff5155444bcefac0d8d8d,9171fa6b8c1dda3dcd29a3a7dc1fb8212cfb7cb4,true,ps2 textures\opaque\bp_remade,true,false,0,none,false,5,false
s053a_floor_step00.bmp_09c53fd0b62a8927f6cb7d36dd6b2867,24a4da409df2f37acd580548ea7471c199d7400d,861c694d8129a75bc8425700925b6c570be09672,true,ps2 textures\opaque\bp_remade,true,false,0,none,false,5,false
s053a_lattice00.bmp,30573b5442208df0c07aa9cd8b411a0784a89eef,4fe35fcc5c8db4ac8ec11cc9837e617469962fbd,true,ps2 textures\opaque\bp_remade,true,false,0,none,false,5,false
s053a_locker00.bmp_39e770c968e39c0253104e49b18ed7ee,a13131b66492243f83d674ff5fbd80e8c4f3995d,314f48e689b05ca3e23ca245a822865743dee415,true,ps2 textures\opaque\bp_remade,true,false,0,none,false,5,false
s053a_outsidewall_a00.bmp,da6b08e7d1affc2e4b37ea54e2cab047947375a3,a50a02ae9e13fcb6b17d2394dc22bda317224d1d,true,ps2 textures\opaque\bp_remade,true,false,0,none,false,5,false
s053a_outsidewall_a01.bmp,7d95c2f5bee5e32b73a2f02323448d18c3ca1d6e,a82621fabc55eb78a2cdea9a57ab6ce86d1c72e2,true,ps2 textures\opaque\bp_remade,true,false,0,none,false,5,false
s053a_outsidewall_a02_rep.bmp,9ece1f5dff0a0d6ebfe1e16ddfb0d6ccd29c46c4,7e8faf6f2a13a0d833b1e9021564969f36bc04b9,true,ps2 textures\opaque\bp_remade,true,false,0,none,false,5,false
s053a_roof_a00_rep.bmp_938bcd93e7a87aab26291f3bae3b87cb,91b3be1bd428d6755a0720bbb7a0d24bf895f519,983f1caf94d281dc442a92c2176611cd60cb737c,true,ps2 textures\opaque\bp_remade,true,false,0,none,false,5,false
s053a_sign_00_alp_ovl.bmp,b7dba09c83e5af11e064f92723d54788fb44e91d,2e8ac92219b526e5917ea409bf2238d5e2628e1c,true,ps2 textures\HAS ALPHA\bp_remade,false,false,0,none,false,5,false
s053a_step00.bmp,bce5efbee7c914bf7ab161c3dd36478944255ab9,25ea18352bfd877fab51bb09281c1c785f3aa553,true,ps2 textures\opaque\bp_remade,true,false,0,none,false,5,false
s053a_step01.bmp,6abcdeefd89c2a9801e9a13f0cbefc8316477774,b461449cfc7abfe1f1a9e788565ee45ab962ddc2,true,ps2 textures\opaque\bp_remade,true,false,0,none,false,5,false
s053a_table00.bmp,4f83681374ca1b684bc1e74341b18935877f3b82,215ea57ee7ffd61c424ca8dc7e0ef52863bea15c,true,ps2 textures\opaque\bp_remade,true,false,0,none,false,5,false
s053a_tablelight_a02.bmp,ae4f5e7afe25fdd865ab8e73f53b293225c382c3,795aeba163b73fc22da0c18709b400d9e4859fce,true,ps2 textures\opaque\bp_remade,true,false,0,none,false,5,false
s053a_tablestone00.bmp,26733f5335348db004d0394ec20ee749d6f02858,22658a7271a80807d1baf18f0a1416d538dc9e97,true,ps2 textures\opaque\bp_remade,true,false,0,none,false,5,false
s053a_vent_b00_alp_ovl.bmp,1e384604e620af192df12572aabeef6fc7949b6d,5fd9433ddae356ed098564cd1f9999aa6a67f817,true,ps2 textures\HAS ALPHA\bp_remade,false,false,0,none,false,5,false
s053a_wall_a00.bmp,a574c322a24cd22a00087f2ba18c2dcfa55f6382,23a1aec49432aeb5efbf5659c9530ef9d4a26a8e,true,ps2 textures\opaque\bp_remade,true,false,0,none,false,5,false
s053a_wall_a01.bmp,84cb4c2a4a05bac117cc5eb6099c3341dbe828d7,9cde7b3340f12b8e1b7106ccac60d5eb6819cd66,true,ps2 textures\opaque\bp_remade,true,false,0,none,false,5,false
s053a_wall_a02.bmp,dc4305c123ece8b5f90f03dc523a361a437b8153,77b825ab6f189d18f5006a8a705a4c796d84ee72,true,ps2 textures\opaque\bp_remade,true,false,0,none,false,5,false
s053a_wall_a03.bmp_1096250c2007540100bdb5ebfacfc248,7b1acfe36da654bdc7380db2c8d3e8822f55ffbf,a127347c0c3690178f17923bb9845d206c72d5ea,true,ps2 textures\opaque\bp_remade,true,false,0,none,false,5,false
s053a_wall_b00.bmp,0910cc818df1bdbb16f5074e6e8fb8bbd1758b24,48919a09f0d8334368a23007e3059e4d461a9bd8,true,ps2 textures\opaque\bp_remade,true,false,0,none,false,5,false
s053a_wall_c00.bmp,d127f71f16eb58322f32b2e7ff784ad519217369,5c886935c49b2ba49ff390032b400478f2a05a38,true,ps2 textures\opaque\bp_remade,true,false,0,none,false,5,false
s053a_wall_c01.bmp,07b6f347004ce87ae8a61b008e6c8227d7881f42,f869c97b91c7109e685fbe8bae0df44432afc311,true,ps2 textures\opaque\bp_remade,true,false,0,none,false,5,false
s053a_wall_tile00.bmp,b6da65c34f0b77d08938745e169769c438964614,9e131930a0e1575a0b6488214fb1479428d7e18e,true,ps2 textures\opaque\bp_remade,true,false,0,none,false,5,false
s053a_wall_tile01.bmp,b39a770082d4336bfa70e5ec56a6729045b7fd46,9816cc59f3e618a10d20770adf524651a6365e5f,true,ps2 textures\opaque\bp_remade,true,false,0,none,false,5,false
s053a_winframe01.bmp,ef9b87e193bf284d4c4da8917accfbb0882129d3,aff8c438bf98afc6b11c90ea6e88b022eb8a4632,true,ps2 textures\opaque\bp_remade,true,false,0,none,false,5,false
s053a_winframe_a00.bmp_5ca9f735c63d9708d16af9fe8a75fabb,47a9262d19b7e6d58c6d9fcc10078f28fe6d3db9,b1dd6cd09f785b988ac71c9dbc7fa699f213df01,true,ps2 textures\opaque\bp_remade,true,false,0,none,false,5,false
s053a_winframe_a01.bmp,3ba9c55e59e5d4ef21e950090d880c2e82972176,9bcddcf4edaaf56fc6abdb61dcc9ca94cf171527,true,ps2 textures\opaque\bp_remade,true,false,0,none,false,5,false
s054a_256floor.bmp_0697fac15d00781af713e1e454a9bfc2,55579eade2b07dfcd9f37acc491488f0a74f2a95,20758ea604230ce8b7a9f8764f13a2a126da6b43,true,ps2 textures\opaque\bp_remade,true,false,0,none,false,5,false
s054a_book00.bmp,33055903894bc8302590d25b617eab606819f4f8,7da6914346464f0e329976327a01115dc3b5ac07,true,ps2 textures\opaque\bp_remade,true,false,0,none,false,5,false
s054a_chair00.bmp_5d9a6452cb3a310e9a4aab3b11eb961d,fceef60b4a3037d951c43ac4bab84d9af436cca7,e5df0d7b5201ab19bb6dfdf8bf0e0afe08249f23,true,ps2 textures\opaque\bp_remade,true,false,0,none,false,5,false
s054a_chair_top.bmp,efa1bb48e4620ab9f943bd03482ff8954723f94d,e097b58ed4a3a588c6581f6397ac730cec5ac61c,true,ps2 textures\opaque\bp_remade,true,false,0,none,false,5,false
s054a_chair_top1.bmp,475c687fc8f1423d4b919180055ae3394034ec0b,d71590ff7d5ddc550c2baa92709835c11171f4db,true,ps2 textures\opaque\bp_remade,true,false,0,none,false,5,false
s054a_comp01.bmp_23e825bc353843aff7bdba09f280521c,2322a2ec59c45f4103e68dbff67b033674f20637,9c8df6c321fda95f8cf0de55cebddf1b6d61db69,true,ps2 textures\opaque\bp_remade,true,false,0,none,false,5,false
s054a_comp256_00.bmp_e2e8f9316df1d56e556e9d7b5d4d2356,530c2d5b7aff0cbbbcf86e0a40a9dd2caec497fc,8362ecea422dbc545b0dbbdeaa034694cf1bc074,true,ps2 textures\opaque\bp_remade,true,false,0,none,false,5,false
s054a_desk_cloth.bmp,96fcc42e747ec56a8d09ea929fb0e1a68b5acfe5,50882fab0662ad6e193e993ce2d9f298183fd8e7,true,ps2 textures\opaque\bp_remade,true,false,0,none,false,5,false
s054a_desk_shelf.bmp,52627ad0ecb7b27b1477d55e95b5b1c7ed48b2f2,24f3b70f408f72fbee97ce01c19ce2595ba15ba0,true,ps2 textures\opaque\bp_remade,true,false,0,none,false,5,false
s054a_desk_side1.bmp_f3680b6f57de4b6130325f13923512ac,872e58efab826ba0d6f9a726cb4cf89b281a4d06,482b741a2f011e4c8fa872e333d2f76c3d1249a8,true,ps2 textures\opaque\bp_remade,true,false,0,none,false,5,false
s054a_desk_side2.bmp,ac66d97611dcb04140cf63aa51a9111bac2e5273,7d9ec84da70c7803f483637060ece15f4f5a0fdc,true,ps2 textures\opaque\bp_remade,true,false,0,none,false,5,false
s054a_desk_side3.bmp,673e08013285035288cda0ca519b1efdd7c8907e,f11ca0c5ef65daffe1f2c0692f88f910c4406314,true,ps2 textures\opaque\bp_remade,true,false,0,none,false,5,false
s054a_desk_top.bmp_e9975f62e962dbfcc0ceb3af4c1baf4b,a3722ca0aac58e26561a7903c06a2f1f34a93674,d912c482ef3316278f573b1e23ced3159976d213,true,ps2 textures\opaque\bp_remade,true,false,0,none,false,5,false
s054a_door.bmp,30d354d60a355c8d61e07ebb1b5dcf9f3716e957,3b403571e1066df8bc318274afd82cfd23920304,true,ps2 textures\opaque\bp_remade,true,false,0,none,false,5,false
s054a_paper_a00_alp_ovl.bmp,1fb4132a742a9eda20264679153f81bfbf3fec0c,69881c66d718921d28a93390876f41097bf56b07,true,ps2 textures\HAS ALPHA\bp_remade,false,false,0,none,false,5,false
s054a_paperd_alp_ovl.bmp,ef6cbe78dd709ff9a1cc62fe4badf1255683ffde,3a29d586f5788fd511c77a87eb96e7976ba56a2d,true,ps2 textures\HAS ALPHA\bp_remade,false,false,0,none,false,5,false
s054a_phone00.bmp,1089cd85c474216a5af75791383bee00caf657df,d60b96254e29d7e2557b60803b35ba704b67938d,true,ps2 textures\opaque\bp_remade,true,false,0,none,false,5,false
s054a_shelf01.bmp_798577b9e4978164785bb7b4d4e1dbb7,8b303349fc1798eb4bc36e0f38a46a81fa91eedc,e9840927e1633aa01f0268102834c96cdd4b59f4,true,ps2 textures\opaque\bp_remade,true,false,0,none,false,5,false
s054a_wall.bmp_ce6231c92dfca41914c8b7670aa2032c,f3f5d8ad88fb7f16eb026f2d6221547c1ce21cc9,cf070c730120a419ab7a9a3c320d63a3a430eee4,true,ps2 textures\opaque\bp_remade,true,false,0,none,false,5,false
s055a_bed_02.bmp,f0805052d0b00ec33b4322c9e8e37abf7284a37b,9bf3c659f665920eb04ce59f66fffaf5b909a7d8,true,ps2 textures\opaque\bp_remade,true,false,0,none,false,5,false
s055a_cagowall00.bmp,ab00e29d726bae4f0dc0b3168d9116a98cfe7879,86943afe8c1692491c454aa212009ddfd7671dbc,true,ps2 textures\opaque\bp_remade,true,false,0,none,false,5,false
s055a_case_a00.bmp,50b0345b388ed0616555803d314098a997473862,70de01ad72dbe2b534313d28c2948c68aa67a057,true,ps2 textures\opaque\bp_remade,true,false,0,none,false,5,false
s055a_case_a01.bmp,17ebddefb4b37a4cd536b01f95d5d0839722e935,373c467c728a1e46375212057ac8f6055a96d0fe,true,ps2 textures\opaque\bp_remade,true,false,0,none,false,5,false
s055a_cell_ironbars_02.bmp,945e5b4fe3f7cd452269c68bea84ca511ca98cb7,c8eaaff8303240860a1b524e227808fbe453fed1,true,ps2 textures\opaque\bp_remade,true,false,0,none,false,5,false
s055a_cell_ironbars_03.bmp,365265c367e5347030eb334445965e40981fd622,b143dc8adacfa71b6fe1c22cd583ce208d8ae59f,true,ps2 textures\opaque\bp_remade,true,false,0,none,false,5,false
s055a_cell_koushi_01.bmp,c62809bd5bda6501d5dff0b17d1ce5c2936a5734,19ffda3d193ebdea4dcd1de2409144529c607d8a,true,ps2 textures\opaque\bp_remade,true,false,0,none,false,5,false
s055a_curtain_b00.bmp,ec714241acb9d151c73b75929cb992336b199941,ff1149009543d47a48e31ad4f4f8cbdadbe9c945,true,ps2 textures\opaque\bp_remade,true,false,0,none,false,5,false
s055a_duct_01.bmp,4d0019746aa2d9d7677a1e6ca30d4d8e535d7634,78c7f17cf7c23d0edbe9b1b3cb1ad11f8061c2bc,true,ps2 textures\opaque\bp_remade,true,false,0,none,false,5,false
s055a_heater01.bmp_680e3d2f3b8f552dca96322c16c58025,d216d43bd330e1c7a0de2ef93e4ec9994580bdc1,8be1e8b68c8bc253a849eec721d537ef7770bb21,true,ps2 textures\opaque\bp_remade,true,false,0,none,false,5,false
s055a_heater04.bmp_ce6c6ff40e9a27d679170944d046584e,431abc6eab08dfe09e2b779046c0492aba11dbdc,6e836df716e166c7c150835a0f3b824f3d6f3a74,true,ps2 textures\opaque\bp_remade,true,false,0,none,false,5,false
s055a_pipe00.bmp,77291342fc9bd6105cfec9d89a6a4c7bb65e0490,0234064f08f554a4e39ffda26359f7e49a5aa4cd,true,ps2 textures\opaque\bp_remade,true,false,0,none,false,5,false
s055a_senmen_04.bmp,26840e9b1b1775dcfc5eaae3dac850089fdff2d1,072bec64f33f737459c43f0edb055f6c96b734a8,true,ps2 textures\opaque\bp_remade,true,false,0,none,false,5,false
s055a_toilet_03.bmp,fa7d37ad1dd09636137bb5a8a4dba6ba179c8f35,0ed5028ff903e67bcf1f1f74b251abf01d985bdb,true,ps2 textures\opaque\bp_remade,true,false,0,none,false,5,false
s055a_wall_b00.bmp,090d9d178a16741873db6febbc209e5668e691ce,ccaa98fb4d15967bd03d37fff4ecdfe223d30edf,true,ps2 textures\opaque\bp_remade,true,false,0,none,false,5,false
s055a_wall_b01.bmp,f5f13e416e62cf1249075879e3f688344e7364ad,64639f1d729173d52f2b69997e21856665956d31,true,ps2 textures\opaque\bp_remade,true,false,0,none,false,5,false
s055a_wall_c00.bmp,b92e5d20f8c1e66687c7c1cc94847c55054a7e0c,14e1db5bf24ebdd02a6c81180ec1461b9f9ae64a,true,ps2 textures\opaque\bp_remade,true,false,0,none,false,5,false
s056a_compdesk_00.bmp,314b1fa55aa2e9431043581c5baba633cf932591,3da63f3b1963e908e73d628dc39bd567cadafbc9,true,ps2 textures\opaque\bp_remade,true,false,0,none,false,5,false
s056a_compdesk_04.bmp,915f0e57c8d4e323016c4ddfc43bf4d5fd650b24,a97f7abd3be27a11d99167b1f4abc769fb3c3214,true,ps2 textures\opaque\bp_remade,true,false,0,none,false,5,false
s056a_compdesk_c00.bmp,0eb4f88d8a9ee16b34e2b0b012830748298440c6,4090e9dc4c5f9e9f91c1f5a9398380292b9021c7,true,ps2 textures\opaque\bp_remade,true,false,0,none,false,5,false
s056a_compdesk_lt00.bmp,a98a34ddfa22b7ea6c0888db78566d795b4c5a5f,b8c2a6bfcfa9ead9f4a13095752506dd7744f5b4,true,ps2 textures\opaque\bp_remade,true,false,0,none,false,5,false
s056a_compdesk_p01.bmp,540e770d14edee4444072904fa25cf3adec7a416,04da6a24784019af8933bff7c9674cc7bfa756f6,true,ps2 textures\opaque\bp_remade,true,false,0,none,false,5,false
s056a_compdesk_top.bmp,985c5b08777e683e45e48d8a559dfd8420945243,c5db25f2de6a628bcf84987fc5e4194242dbbd7a,true,ps2 textures\opaque\bp_remade,true,false,0,none,false,5,false
s056a_door_a00.bmp,ef9a3bf3b66022e480af4173d7c54f306609edd6,5b019bc485d9d9e7bcb9bb5e6265e833c112d471,true,ps2 textures\opaque\bp_remade,true,false,0,none,false,5,false
s056a_door_b00.bmp,7a110dd698115b0ae603de2d565bfc749552b5e6,4f2ff7b758e412293b457638bd69649117d253fe,true,ps2 textures\opaque\bp_remade,true,false,0,none,false,5,false
s056a_door_c00.bmp,85e20dda51aaefc2e5881da72598839088bf368c,15d8697b2a64b2aa93749ba7c2a4a1f0a1985896,true,ps2 textures\opaque\bp_remade,true,false,0,none,false,5,false
s056a_roof_wood00_rep.bmp,5e92a8e6589bbfa5e1b5fff97cfa2dc1b9110aea,250b4b4b14c8d677aae29fdb3b976551761dfe7f,true,ps2 textures\opaque\bp_remade,true,false,0,none,false,5,false
s056a_wall_b00.bmp,ffc5ef5defcbd5456924c4613ba6afb36b5f96d5,831a9969983e4c0d0a9329817c8d9802dd2beab6,true,ps2 textures\opaque\bp_remade,true,false,0,none,false,5,false
s056a_wall_d00.bmp,c552e82b3e3a339ac887cc607fe1627bd5034ec6,555fad34f5f8b9ccd6b506e27d4e4f5d387cac77,true,ps2 textures\opaque\bp_remade,true,false,0,none,false,5,false
s061a_eld_tree1_large_mip8000.bmp,2df8078b7f32885b621e7044aad9511677e206de,eeed1403961a5f2dd5b70efe1c97d5c8680d1ad7,true,ps2 textures\opaque\bp_remade,true,false,0,none,false,5,false
s061a_tree10_mid_rep_mip8000.bmp,8614864294199dc8c0b5da381b9060c3e32df55b,eb08d51c3fff9b495793a85407948effb896622d,true,ps2 textures\opaque\bp_remade,true,false,0,none,false,5,false
s061a_tree13_mid_dark_mip8000_rep.bmp,1d01444dc8aa1386fcd461547fccba632462534f,8c66a89d770f122f2fe8191fb515b8b1baadc77a,true,ps2 textures\opaque\bp_remade,true,false,0,none,false,5,false
s062a_blanket01.bmp,333d20d21d5965a739100c3100482d38533e5d8d,63fc272a7bd3bf259b9cdcd058b6456dfc6c33df,true,ps2 textures\opaque\bp_remade,true,false,0,none,false,5,false
s062a_board01.bmp,a330c82631973871b97b32276a7a183c1aefa908,0e475e3f814d6f6e78abe0417614c2ce57d4bbdb,true,ps2 textures\opaque\bp_remade,true,false,0,none,false,5,false
s062a_box02.bmp,52a967fce84febb55af249f7522d807cb85662e8,0a3ab55d7dc12f43006f3cc4b18d9c0151bb2476,true,ps2 textures\opaque\bp_remade,true,false,0,none,false,5,false
s062a_box03.bmp,92438dec6595944c2e1e1250e8d33d1e8144e28c,3681ec74711e3e90cdba8d1e720f0e588fff4f0e,true,ps2 textures\opaque\bp_remade,true,false,0,none,false,5,false
s062a_box05.bmp,9e0014241be8357d7926af743ba5bdf56aeed73c,86d4e7d0279a1e44c62be5bcb5005178a8f77ad9,true,ps2 textures\opaque\bp_remade,true,false,0,none,false,5,false
s062a_box08.bmp,3195d432d9e16ede515307d27a33b531a51d8198,b4a73be0424d8ba7c663404e46a2f0c37f3141d1,true,ps2 textures\opaque\bp_remade,true,false,0,none,false,5,false
s062a_locker03.bmp,8520cdb9459867be2701eb4847ec81f0b69970ed,0c629369eac932c59fce9ae55f08013853455e7f,true,ps2 textures\opaque\bp_remade,true,false,0,none,false,5,false
s062a_locker03s.bmp,a55a99eff0ec81b6f018c54f39bcc67440885668,7fbac6aed79f0e0e8c736eec2baf187f9cc6da17,true,ps2 textures\opaque\bp_remade,true,false,0,none,false,5,false
s062a_mog_floor_rep_01.bmp,23056cb786dc40b5219b61b78a068524a3831d71,83e3f5078b0f5be604cec99d00cb2ab54d30e9e5,true,ps2 textures\opaque\bp_remade,true,false,0,none,false,5,false
s062a_mog_obj_01.bmp,767203a3be740b35a82428b68d58110174c90e6b,2094d1a95a07f3a121174e94c2abfae104ae2e73,true,ps2 textures\opaque\bp_remade,true,false,0,none,false,5,false
s062a_mog_obj_02.bmp,32723fdd149f204a68d2fb88215237f96ea78429,6272e88348bb119f669a9276870701a8f25ff5e6,true,ps2 textures\opaque\bp_remade,true,false,0,none,false,5,false
s062a_mog_obj_06.bmp,eaca5938624b331c39b05111a7b8f6891fb910ff,f0971f688c1104daae9a582d9199f4307013f5f9,true,ps2 textures\opaque\bp_remade,true,false,0,none,false,5,false
s062a_obj01.bmp,e7f9b522cc771efc7c22ae01528c65228eafd527,4b8cd6ce83f81161e998fd55e7326c1b54edf3b8,true,ps2 textures\opaque\bp_remade,true,false,0,none,false,5,false
s062a_radio01.bmp,2994ecd4ebc5875cbeac09233c8a2fea10f05860,aed4518ee76657c047c613c2aa734e69d1b505ed,true,ps2 textures\opaque\bp_remade,true,false,0,none,false,5,false
s062a_wodbrk01_alp_ovl.bmp,a65905394813cf371e3dd7292aa5f84f603f5763,01ebaaaaa496e40a81d405fe22a5c4bdc92ecdda,true,ps2 textures\HAS ALPHA\bp_remade,false,false,0,none,false,5,false
s062a_wodbrk03_alp_ovl.bmp,114d74a9201c7db1c4b0f18b8ac5931b6476389d,37f4f0dcf1acc20f9030999487575edc2d17caa1,true,ps2 textures\opaque\bp_remade,true,false,0,none,false,5,false
s062a_wodbrk04_alp_ovl.bmp,7d83d46f7c3432b3de2a308cd938161c3dd297b6,129dacf3716daeec2b6248d37af6517c6f697194,true,ps2 textures\HAS ALPHA\bp_remade,false,false,0,none,false,5,false
s063a_armory_moss_alp_ovl_rep.bmp,5169d0eb93bbd6cabd3c03109c28e42373cd86d4,3e25fcfbcd5d3617dff92f52352622fb8d79cd55,true,ps2 textures\HAS ALPHA\bp_remade,false,false,0,none,false,5,false
s063a_conc_wall01.bmp,35f4d3a069810d18f6a9f8d4543c256ab48d19e3,f2be4f95f3f13833dae3c076f70bd49e0ab0cbfa,true,ps2 textures\opaque\bp_remade,true,false,0,none,false,5,false
s063a_flr_moss3_alp_ovl_rep.bmp,59efe1ccb22c0b5581a7dc99788c148ed068a4a1,8b012c21815f18a19d3dc76830a0b24368883ff7,true,ps2 textures\opaque\bp_remade,true,false,0,none,false,5,false
s063a_flr_soilc_alp_ovl_rep.bmp,78018215e5d4efb19c0542ac707558c392691b31,903cab078513fe5460947960a08c69eb21cdb475,true,ps2 textures\opaque\bp_remade,true,false,0,none,false,5,false
s063a_small_tree3_rep.bmp,cbb9c824ef5d30bf9e9f5d649bee120fb1fb3d09,83cdc6d359709e295183644fcfb2d7c127482fa6,true,ps2 textures\opaque\bp_remade,true,false,0,none,false,5,false
s063a_thin_leaf1_alp_ovl_mip8000.bmp,8c6e1d551307fdd75f84efce4704281003196cf3,60615101da6ba5fcc5958ad75ba85a720f85d3f8,true,ps2 textures\HAS ALPHA\bp_remade,false,false,0,none,false,5,false
s063a_thin_tree1_rep.bmp,66292862a0ec6eda8415bd1b712a81cb72ca697a,bc37030f533025a0fd2c2697bb5ffbd4a68f7cf9,true,ps2 textures\opaque\bp_remade,true,false,0,none,false,5,false
s063a_tree13_mid_rep_mip8000.bmp,008dff871750ca099bd8f7cebed0230f68f85060,d7c41bcd6f16e5aea239db82d4e4a5694aaed310,true,ps2 textures\opaque\bp_remade,true,false,0,none,false,5,false
s064a_deadtree2_rep_mip8000.bmp,3757088cbe1d6ea78eb6886ec6c71e2385e145c5,dd1deb770850db9797b2f0c20cd4ea3d77b696cd,true,ps2 textures\opaque\bp_remade,true,false,0,none,false,5,false
s064a_deadtree2_root_alp_ovl_rep.bmp,5533d9a547d279018eb71be7c13ec2c0151630fb,ff57bb56fb3ff006f756be2085f404c2b012b038,true,ps2 textures\HAS ALPHA\bp_remade,false,false,0,none,false,5,false
s065a_gajyu_tree1_l_rep.bmp,3babd1d8515eed76264b29a788b7a0fbec83dfe0,0af45f3d8f190bc852d34e30ae8888fc81cfe555,true,ps2 textures\opaque\bp_remade,true,false,0,none,false,5,false
s066a_door00.bmp,8f9f22c296f94775e92c514b5191bb3f1b3820de,afb4fa41a83d85e83275d8788567bb86f4eec0a4,true,ps2 textures\opaque\bp_remade,true,false,0,none,false,5,false
s066a_ladder00a.bmp,cdda825e61c39f3e9f6c76a2a106bff5d46e5893,e7b46bd6da9b13784c859ce8edcd40c989d448e1,true,ps2 textures\opaque\bp_remade,true,false,0,none,false,5,false
s066a_sk01a.bmp,7f97eb6caef3962d2d81fa04bb3d776b7798a6d9,3acb021243185aad6bb0ae80088e38698025921b,true,ps2 textures\opaque\bp_remade,true,false,0,none,false,5,false
s066a_sk01b.bmp,7797969c130cd4983de25b1fabae19020bde7a87,22c159e3f973070dfd9f301e829f6127ad80f1f1,true,ps2 textures\opaque\bp_remade,true,false,0,none,false,5,false
s071a_snow_06_alp_ovl_rep.bmp,c6c8b6c30c01d565777c4f95bf5f804a1448fb75,3485512db510c84ce2fea04e5888d82f26f7f4e6,true,ps2 textures\HAS ALPHA\bp_remade,false,false,0,none,false,5,false
s072a_jimen_a01_rep.bmp,8e08183050fb9ae7d8e9664da12cadb847afff15,d1f8261942865b2c8385007083e079043f437b58,true,ps2 textures\opaque\bp_remade,true,false,0,none,false,5,false
s072a_wood_a01_rep.bmp,5abf870532645187da09d23c223807d24a4c0a5f,6ef2ca2b69dfbebbf2ba2ac45adf1e565cec3420,true,ps2 textures\opaque\bp_remade,true,false,0,none,false,5,false
s072a_wood_a02_rep.bmp,abb3471bbc81b359853c7ee443d396ccdaa6bc68,c6d920af112b18c00396b1fce382c5fb004d439f,true,ps2 textures\opaque\bp_remade,true,false,0,none,false,5,false
s072a_wood_a03_rep.bmp,e29dcbb135374d7d4e4fc4249f43db4da18851e5,a15cb78ce0ce29139c40b5be9a986dfb7a155d1a,true,ps2 textures\opaque\bp_remade,true,false,0,none,false,5,false
s072a_wood_a04_rep.bmp,b0ee212643c0f0e9068ad7e3309c080e0de83e43,2672f86492b838379123d872041ac7786a17bcd2,true,ps2 textures\opaque\bp_remade,true,false,0,none,false,5,false
s073a_armory_door01.bmp,d0b3e32d067a1377d4a7cf8fb6e33aab06651a44,4ead54c2bff57e19d968c0680d07b959d84eef78,true,ps2 textures\opaque\bp_remade,true,false,0,none,false,5,false
s073a_door_iron_01.bmp,bbd8693acefa0359d68d08f4d4d978db31c5cac6,8ed04b22bdc156cb3e759f3acb30f1b43c0a941f,true,ps2 textures\opaque\bp_remade,true,false,0,none,false,5,false
s073a_snow_a05_alp_ovl_rep.bmp,89c8fd992094843f188e840771c90637e6d0bd41,5ed5d24454ab9e9ff6a2748b282a5b10e39651e6,true,ps2 textures\opaque\bp_remade,true,false,0,none,false,5,false
s073a_wall_sokumen_a01_rep.bmp,9f19481a741962a40e1a792c42c4413ba078732b,a65a344f4364eaa02e26d086dcf6d59fd5ea266c,true,ps2 textures\opaque\bp_remade,true,false,0,none,false,5,false
s073a_wallsfc_a01_rep.bmp,d5b4f6bc994c52a3ad881fe73ecbd833a306fc6c,b87da3e2a601721b2b2538c1eb37316e146e2ae9,true,ps2 textures\opaque\bp_remade,true,false,0,none,false,5,false
s073a_wood_b01_rep.bmp_ca7fe7ef9d25856ead9e67509ef213a1,744f8fac515b2479a126254cf5c6a8bbc504c4e6,fe975642a46361ec4f3425217c584b266aecc79d,true,ps2 textures\opaque\bp_remade,true,false,0,none,false,5,false
s073a_wood_b02_rep.bmp_3a62e37cadcdc0c94cc9b3e4fe52d4f3,a76b712f55bed59511e4951c189fee17ec435690,8368ef259f1e8c653f80e00b40b639c2be2a30ba,true,ps2 textures\opaque\bp_remade,true,false,0,none,false,5,false
s073a_wood_b03_rep.bmp,4c427de11b516d017d3fd5b40c4f23b5a8ebb8ab,ee9ca9037f91b778b3bfc722d12510826ed51b66,true,ps2 textures\opaque\bp_remade,true,false,0,none,false,5,false
s074a_box00.bmp,7627c88d697ed8d6e90d14bd18cfefd1f0d4df38,882fd854a2c9b05c1680b0fea5d15ee0ec296f0d,true,ps2 textures\opaque\bp_remade,true,false,0,none,false,5,false
s074a_roof01_rep.bmp_11bb6511942d5239548ec285d775b056,3f7febc71158457625e001916bc8101867f16f38,1c094bed77ea456ca7bfd16c416976ebd1e937fd,true,ps2 textures\opaque\bp_remade,true,false,0,none,false,5,false
s074a_roof03_rep.bmp,19c621417d96fdc639e1e0fa296f41d34ea5ab8f,9fcb3947b8b311bcca59858949ec99ff36b11a28,true,ps2 textures\opaque\bp_remade,true,false,0,none,false,5,false
s074a_wood.bmp,c19ffa04e7acecc63664c832957c752126fb81f7,03b8cfac6ccb91fcfc81b30cae3d5c5d2e709e5c,true,ps2 textures\opaque\bp_remade,true,false,0,none,false,5,false
s075a_mog_ground_rep_01.bmp,6b1c1376211074cb0b85eff03b0c7ecfc1b7665d,faab2c0c85528354c43fd81637056478940a9f55,true,ps2 textures\opaque\bp_remade,true,false,0,none,false,5,false
s075a_mog_wall_alp_ovl_08.bmp,c6bceb479e123c5fd8dd8daeeda97bb2cdf83e7f,73fae1d2a350c0f756a0eb1b4b813f77e4bc5bab,true,ps2 textures\HAS ALPHA\bp_remade,false,false,0,none,false,5,false
s091a_101wall00.bmp,3ebda724c6c940dae9b9aeb0ae2b55ba7973d04c,5581d64e6ef4bc0d92a7f841e07470076d5da399,true,ps2 textures\opaque\bp_remade,true,false,0,none,false,5,false
s091a_111wall03.bmp,48968e14146885a38e805a0eb755723e3ed8da82,97e0498263d938ee113a7b275c4cacda7b4893dc,true,ps2 textures\opaque\bp_remade,true,false,0,none,false,5,false
s091a_111wall04.bmp,d3859303719246b439a6ef96da320168487a0cd9,3531cf04cedf07d2bb374ec7a4dc85a7c67c58ed,true,ps2 textures\opaque\bp_remade,true,false,0,none,false,5,false
s091a_121gatedoor00.bmp,033f90d6e69ac02aac917b2b8df13c4d9a1a7699,bcdb94819647f14b8654ac2d8d66d2c834913558,true,ps2 textures\opaque\bp_remade,true,false,0,none,false,5,false
s091a_121wall00.bmp_c7b971f7f45fdf2691fd9cfb9214e328,40456c1ed4c9634119c21b8d3c46cb0a0029aa66,46af34df59911d3ef15cd9fec0d716905728ee3c,true,ps2 textures\opaque\bp_remade,true,false,0,none,false,5,false
s091a_armory_rackdoor.bmp,6f7ad964de4bc564a90c7918122733bf51b75415,6f5afb6d6fd29685a5d851daac34281e006d7cc1,true,ps2 textures\opaque\bp_remade,true,false,0,none,false,5,false
s091a_baria.bmp,3c95f23f991dcf73c2bd3bf1a93fbcaf2a5e1b40,a39ee022f635e91eb846858f00b9346b12d4a501,true,ps2 textures\opaque\bp_remade,true,false,0,none,false,5,false
s091a_box00a_1.bmp,b969620c88eadb5601fbdf25de71d97d6b02fde7,6ca22a88fb359d2a0f482a0d32c477e350f0c464,true,ps2 textures\opaque\bp_remade,true,false,0,none,false,5,false
s091a_box00a_2.bmp,605854db745455d27e73907958359fdab5b4eb13,b54dba52b7697d34550cbdcbf9e797f05ba04c20,true,ps2 textures\opaque\bp_remade,true,false,0,none,false,5,false
s091a_box00a_3.bmp,174a320d235edf9777658e2842263ba96a69e578,2123e492e6f9522dbad9e7ebec9e69ff651aa9c2,true,ps2 textures\opaque\bp_remade,true,false,0,none,false,5,false
s091a_box1ma01.bmp,29da6775de26e9248b81054ed2e774fe14fcd820,8eb6f77626f6e5b746b5df30780702fd9bf23b2d,true,ps2 textures\opaque\bp_remade,true,false,0,none,false,5,false
s091a_box1ma02.bmp,ae4b2756fe476f683bdcc879505ecb3e8111c77a,5c2c3c0e12f9f2e61098e733346708869aa87693,true,ps2 textures\opaque\bp_remade,true,false,0,none,false,5,false
s091a_box1ma03.bmp,2da16bb79a9b5a513f30343f73d33de954316366,e12203ca72e4fb4bad6be479002a7e5f7253e517,true,ps2 textures\opaque\bp_remade,true,false,0,none,false,5,false
s091a_box1mb01.bmp,8066147a3158fdfd168b1dd8c791637af63d96ce,de78848615a02ccd4bbce33e9015c750e1c5f362,true,ps2 textures\opaque\bp_remade,true,false,0,none,false,5,false
s091a_box1mb02.bmp,80d7265169c24c62e03b49aa87c77e0894b0ea80,2ff76a79376c55a19a81d058f36447da210c5b7a,true,ps2 textures\opaque\bp_remade,true,false,0,none,false,5,false
s091a_box1mb03.bmp,4585cde4c83c4e60c11ecdecdd5ce030a0a75413,3b07b1235494244aa59d52d1afd94e8f84ac3bb4,true,ps2 textures\opaque\bp_remade,true,false,0,none,false,5,false
s091a_box1mc01.bmp,c02053a212e724dac1de34d243e54ab4d0fc3fe2,85ee9b8835b614c4cc56702831bc9a35c1e510d2,true,ps2 textures\opaque\bp_remade,true,false,0,none,false,5,false
s091a_box1mc02.bmp,ad4918cbd6b9c1de9cf17a33e949da5234aee8c0,a2f35abd6c6c9a90165cd1e6991344550b5d45fb,true,ps2 textures\opaque\bp_remade,true,false,0,none,false,5,false
s091a_box1mc03.bmp,e611dec7029a5aea221fdfd965223254465d1f96,616fab6618c9c13fdac4929f04a1b4b2382ec4ea,true,ps2 textures\opaque\bp_remade,true,false,0,none,false,5,false
s091a_boxashi00a.bmp,41eac40aaf13bfad643dd307fd5cd0358d3c51ea,598eb0b6106dc9c2d7eeead5034a869bda2fbfd9,true,ps2 textures\opaque\bp_remade,true,false,0,none,false,5,false
s091a_conta01.bmp,f0cb2edd250cbbc27a77547fcfbe33bf32db7a87,96ac251119f9524fa6f30fc491db969ae55209f1,true,ps2 textures\opaque\bp_remade,true,false,0,none,false,5,false
s091a_conta02.bmp,2c28fcdd0e155ee1a943fa9bb3f036dde6654eb8,70b9e95e57c4a8a69f6cdb5976ee7c6cca245945,true,ps2 textures\opaque\bp_remade,true,false,0,none,false,5,false
s091a_conta03.bmp,700e28671a46cf7fe6055b30ebad67b624114b03,eebbaf1d8881a12ef2c6778f91f5bb8d28447fa3,true,ps2 textures\opaque\bp_remade,true,false,0,none,false,5,false
s091a_door01.bmp,5637d76112271dc12f5e3b3ed2ceb58f873624ab,dbec836faf9793bd1445ad82a2d70c58f644fafb,true,ps2 textures\opaque\bp_remade,true,false,0,none,false,5,false
s091a_door01_16.bmp,daa5214cee8defade38932b264c65f6a8ab205aa,e3fecf4b40580965552cf01e41506e7aeaaa96f7,true,ps2 textures\opaque\bp_remade,true,false,0,none,false,5,false
s091a_entwall00_rep.bmp_622cb6f0293ae2d2015fed236dd3bb55,fa03654fd179c64db0a2139602dfb62a801493bd,760ca648752b1c4930a61244ef21ad75d6ab927a,true,ps2 textures\opaque\bp_remade,true,false,0,none,false,5,false
s091a_fence00_alp_ovl_rep.bmp_50ae5bce33bd98a74c3feb5a49ab340f,55f6697bae14c1307637e0438f0c03c093d062ff,9c56ca86204c844997f5bb1e684fa50d221206ea,true,ps2 textures\HAS ALPHA\bp_remade,false,false,0,none,false,5,false
s091a_fence00a_alp_ovl.bmp,4796f6865b4ef37cdc3c58ab081836c5cb4f8f35,88f96f483ecba30df1b133fdd7110fcddbf7df8e,true,ps2 textures\HAS ALPHA\bp_remade,false,false,0,none,false,5,false
s091a_fence2_01.bmp,614c38a0f112cd243ce95e1dedcd636407ebafc1,d29270977d70e13d50059742f677b4977d753e9f,true,ps2 textures\opaque\bp_remade,true,false,0,none,false,5,false
s091a_fence3_00.bmp,1d82b1d984db70d708969c39c171f51ed914b80d,5a209d284faeac1144e653e70979206357815e58,true,ps2 textures\opaque\bp_remade,true,false,0,none,false,5,false
s091a_fence3_01.bmp,c348cfe3352dfb550d7dfb26da93b6a51e51e198,8b28403c05e8205d3c153efc1590973702a6d987,true,ps2 textures\opaque\bp_remade,true,false,0,none,false,5,false
s091a_fencedoor00_alp.trans.bmp,0a00d5908e5478313ebcb384234bf59725ca63a8,9ff668ba881535e672425c0dea7996038baebb3d,true,ps2 textures\HAS ALPHA\bp_remade,false,false,0,none,false,5,false
s091a_fencewall00_rep.bmp,316b3afe6774c94aa1195dc1f04f8b74edadc7f0,1db97ee6925418eeaadf3d119e1fdb93e18f6f71,true,ps2 textures\opaque\bp_remade,true,false,0,none,false,5,false
s091a_fkwalla.bmp,aad8317c1ef0423e9d6caf07d41303f08811688c,c6101b2ada30b1ad3e300ee842ca50bdb5936260,true,ps2 textures\opaque\bp_remade,true,false,0,none,false,5,false
s091a_fl02a_rep_mip16000.bmp,923bbe7664cb9b68f975fa317b77939539c3d26e,fc1336e2b8b307295f875ea6cb04199ee6255912,true,ps2 textures\opaque\bp_remade,true,false,0,none,false,5,false
s091a_fl03a_rep.bmp,5c4026ddc5505c5ba833bb3f08f2c46279775f11,4727384a3f003672316f71362359be2165ed1a73,true,ps2 textures\opaque\bp_remade,true,false,0,none,false,5,false
s091a_fl05a_rep.bmp,ed00e31a81f0ba0200ba3d3d120ba0578b8df41a,f9696a2135fcb209b2e2406b9703fb05ffa3adde,true,ps2 textures\opaque\bp_remade,true,false,0,none,false,5,false
s091a_fl05b_rep.bmp,e4dc5c7037c06a1d07108604a1f309153e8f54c1,9720abafac256736ad69c4b63e04c5944b33b67b,true,ps2 textures\opaque\bp_remade,true,false,0,none,false,5,false
s091a_fl06a.bmp,83168125c82218a19fbaa1e0645a444910acee20,8e78b4f0010b16d1c893bbff26687a31b5097c4e,true,ps2 textures\opaque\bp_remade,true,false,0,none,false,5,false
s091a_flrusty01.bmp,56a84a555ce2c417a6957f8ddc011c1fd4a10445,335ae6c43b804e496850d76e8f9eb3853a8ebe83,true,ps2 textures\opaque\bp_remade,true,false,0,none,false,5,false
s091a_gate00.bmp,ed3f2d345044507e86d6f1feef54d16a375c58c2,d73caa9aaac5a1f4ccb183d288fac91f9ba46ade,true,ps2 textures\opaque\bp_remade,true,false,0,none,false,5,false
s091a_gate02.bmp_fa5391ce648a972ea7f35d91860dbd62,a30ce6df6798f257edd0a2c401bb9f0129734158,26d396eefaff5177c1922e153410559919365c7f,true,ps2 textures\opaque\bp_remade,true,false,0,none,false,5,false
s091a_gate03.bmp_1b946272daea4aab1b64c367e527fed8,9aa46123efd486d157b12b15e09963afaaac9bb8,3fd042674fd29320d933f579584348f2f7828b4b,true,ps2 textures\opaque\bp_remade,true,false,0,none,false,5,false
s091a_gate04.bmp,47e3e861479852584e8e309b9b5e320f08ae6f79,20c1f7ce8bbbebf92030d17fa1633d7ad340a599,true,ps2 textures\opaque\bp_remade,true,false,0,none,false,5,false
s091a_gate05.bmp,6c1da3c3e053020e70af699e6cf41beb4606eee8,813ed902a06ecf422f9b9ae7c69021899c786a90,true,ps2 textures\opaque\bp_remade,true,false,0,none,false,5,false
s091a_gate06_alp_ovl.bmp,b444cd795a8a11c504a3707e0137c608aeb76352,9d4a2445dcf3311df156ec2cf385dc08b202be58,true,ps2 textures\HAS ALPHA\bp_remade,false,false,0,none,false,5,false
s091a_gate200_alp_ovl.bmp_884ef573f35f4873464c4393fe5f5292,12b900f0e4d5d85e18eb5664550d5c5325484bb7,2a34de00045c30207717d9796594d4f3c2b60212,true,ps2 textures\HAS ALPHA\bp_remade,false,false,0,none,false,5,false
s091a_haidena01.bmp,63d2518a0d6179b58025334acc14329e0f93bd14,c19709eadfd66b71c23229d2b23d70b0d256d4cb,true,ps2 textures\opaque\bp_remade,true,false,0,none,false,5,false
s091a_haidenb01.bmp,4815a9bf9a697973b9ca35bf48197f037e570d92,f0baf9dc446216152a36b84e3c4829dc05cc0e6d,true,ps2 textures\opaque\bp_remade,true,false,0,none,false,5,false
s091a_haidenc01.bmp,9a49d5fd9ba3c2f073d78a30622fbebac6084032,51c705303cc19e0c42e5a23dc3bf1a4971d568eb,true,ps2 textures\opaque\bp_remade,true,false,0,none,false,5,false
s091a_haideny.bmp,0f273a7efe7dcd7715682220459c2a2354731d40,552bc0f9bbb79a7bf53fb0c3040671ad931f60da,true,ps2 textures\opaque\bp_remade,true,false,0,none,false,5,false
s091a_hangb.bmp,b48983ec0ec811e3b2b76ec8238a291bfda48718,513d6afc72c041c8b05c6b32869b3f2de78a165d,true,ps2 textures\opaque\bp_remade,true,false,0,none,false,5,false
s091a_hangc.bmp,cee9777c404065f040c9c72aaa520a2053d708c6,5c7f606a5ee98ba29a28523cf7990d33898eb408,true,ps2 textures\opaque\bp_remade,true,false,0,none,false,5,false
s091a_hange_alp_ovl.bmp,196e5fec7637bf847ee96e02ad9bd5b08cff4e32,17fef98dafc24c769db5c540ed1c1a832d64ba10,true,ps2 textures\HAS ALPHA\bp_remade,false,false,0,none,false,5,false
s091a_hangwin.bmp,7c8ab251a493f896ecf74c094120c65ef44573f6,c70b8c27a0c14d44a4f26da2d11bd96f6ef414c2,true,ps2 textures\opaque\bp_remade,true,false,0,none,false,5,false
s091a_hut01.bmp,42399a936616acf71aa819d0a7353de20ad9cce2,f25639d5ed87b7e1ca197d4f0ea211b5f2d701d5,true,ps2 textures\opaque\bp_remade,true,false,0,none,false,5,false
s091a_hutdoora.bmp_d11345f0c0eee967839f7adabb6d7653,89dd7bb0545a06ec5e6f02abf6cf551ad1b24c68,fa7f925fa63f6fef1e96227317a463b0ff3ec061,true,ps2 textures\opaque\bp_remade,true,false,0,none,false,5,false
s091a_irona.bmp,bd52db48356fd6fa40562f8df43a0d6b4b0290db,8629b1bf1131e48d0e95c8751a70ed93d85272e0,true,ps2 textures\opaque\bp_remade,true,false,0,none,false,5,false
s091a_ironc.bmp,c1616d4948cb610291c7774fb3c209f001ce9c3a,5daca8449cc5592dfd92dd445f7c4fe4d2ace9a9,true,ps2 textures\opaque\bp_remade,true,false,0,none,false,5,false
s091a_irone.bmp,d3ac04192ed1e3df690248e41308d552ef10ee61,ce458459b7d32a854f58b771d02e98711c5a50d1,true,ps2 textures\opaque\bp_remade,true,false,0,none,false,5,false
s091a_jimenk02_alp_ovl.bmp,806bca0a49e6bfd0834a6db60c3e9f53a659e943,0f5944927dd8a45e313fed6aca431d87ab5dd4ba,true,ps2 textures\HAS ALPHA\bp_remade,false,false,0,none,false,5,false
s091a_kanbana.bmp,d04c8d361bbb12b7b39bb215e2071576380068ff,e92db73713773ae8ff33ffb66842ea537977fa8f,true,ps2 textures\opaque\bp_remade,true,false,0,none,false,5,false
s091a_lighta2.bmp,a121e9b8f430a49d963932857f030a937c251626,0dc66a90c95a5a537b4ea9c96b1a6b994f519fce,true,ps2 textures\opaque\bp_remade,true,false,0,none,false,5,false
s091a_manhole00.bmp,2a7bade035d09184b51703abc6d5eb62e62e534c,5ad0a9f5850f335e2311541c046f1909702b702f,true,ps2 textures\opaque\bp_remade,true,false,0,none,false,5,false
s091a_manhole01a.bmp,ba36ec6338d81e2649dd118a710e3df2fc56e1e5,9483e3a36715a59aa79ac8d68beefad535a74732,true,ps2 textures\opaque\bp_remade,true,false,0,none,false,5,false
s091a_manhole02a.bmp,4e5f6686f2f854797a91e752dc24a60c63969026,079181b93b627621567bc7b733bf08727b85ac39,true,ps2 textures\opaque\bp_remade,true,false,0,none,false,5,false
s091a_mata1.bmp,ad2d52c754e8a0f1ca9419406331593d5937a9ce,fc4e3c85c7855cdbc78d5b33aeda8a77939e2389,true,ps2 textures\opaque\bp_remade,true,false,0,none,false,5,false
s091a_mata2.bmp,05e9dac499a4b920d4074d508aaa314983ddc906,e68fdffce7e00e5f29b87dc53a22db37af76c6fe,true,ps2 textures\opaque\bp_remade,true,false,0,none,false,5,false
s091a_mata3.bmp,69ac16b95c4580e00d81b42bae31df6c56b2efe8,a998f1e4881ddd48404b57c23805165024573e70,true,ps2 textures\opaque\bp_remade,true,false,0,none,false,5,false
s091a_mog_bg00_rep.bmp,3a55b3272fbe1efebe426b8cd0c58f0d9e6a4316,ad4d0da135a18da4d91ce214640926076057ff59,true,ps2 textures\opaque\bp_remade,true,false,0,none,false,5,false
s091a_mog_door_02.bmp_bed64e88590635d16404d74890e03e9c,8dae6752e121f1bfa5818aeaed55012f2dcfe0e9,ffefe401937bdab7f1a1871327768050624de7cd,true,ps2 textures\opaque\bp_remade,true,false,0,none,false,5,false
s091a_mog_roof_rep_01.bmp_f4b772bfb171739bee5668666faa19c4,162fadb465e1770b7e6652b5757ae03ffbcbaf9d,52ae964f3f787819d3a6a532172d7ee5959730ce,true,ps2 textures\opaque\bp_remade,true,false,0,none,false,5,false
s091a_objbox01.bmp,4a16feb4050c3517e68699b9cd7c834c033508d4,8982a98b710838084243478d7f08c03d6cd2d663,true,ps2 textures\opaque\bp_remade,true,false,0,none,false,5,false
s091a_pipe00a_rep.bmp,27a89210a4dea29843a1724427e7f255455e588e,c70898356b0e7960d661eeff7b9fc80df0ad2007,true,ps2 textures\opaque\bp_remade,true,false,0,none,false,5,false
s091a_pipe01.bmp,95d27bf5f247f664ad9edbf39dfd797ee0c8b97b,c237e1c637d1afaf94a0417d13cae98bb67f2e65,true,ps2 textures\opaque\bp_remade,true,false,0,none,false,5,false
s091a_platea_alp_ovl.bmp,89186a10e7de6b836b5941fefbee6eadb4719755,44eeaeb5c8b37f7089f1c6e713c61890d0e876f4,true,ps2 textures\HAS ALPHA\bp_remade,false,false,0,none,false,5,false
s091a_pnl05_alp_ovl.bmp,0973cafc74e8e380521fadf53ddb49f79e4ad69d,195061b4bddbd0299956bca35330860138552007,true,ps2 textures\HAS ALPHA\bp_remade,false,false,0,none,false,5,false
s091a_pole00a.bmp,79537c4b502ff22717595236daecaaaa886a87fe,b7504048ac2e59b57ae9617cb7dd2172f8114103,true,ps2 textures\opaque\bp_remade,true,false,0,none,false,5,false
s091a_sewerfl00a_rep.bmp,0c4aff80bce35c149ba67a5db1bb9aa5051426d7,9d9c89abdd472f8df5f8048a88a831e3d3926131,true,ps2 textures\opaque\bp_remade,true,false,0,none,false,5,false
s091a_sewerfl01_rep.bmp,1f1415d3278cb5ed9ac46ff98fd05753c66ace3a,0cc95ac697b6e4e4e42014276e010926a58bb8fb,true,ps2 textures\opaque\bp_remade,true,false,0,none,false,5,false
s091a_sewerfl02_rep.bmp,ce3fc2ef8d666dc48fb11014e171fcc25fda37b5,54eda6ed3a55cb88bd83a17055cab11800a21624,true,ps2 textures\opaque\bp_remade,true,false,0,none,false,5,false
s091a_st00.bmp,f5434e0b676de279c4ab75de12274b84cb83ae97,6023e66ac7be4b2eae994ffff347d353be7ba87c,true,ps2 textures\opaque\bp_remade,true,false,0,none,false,5,false
s091a_st01.bmp,638a54eea3ee848ebdceb66a3d193792cec2bf1d,718aa8144f4668cc9a72eb8d41e5456cb23c542c,true,ps2 textures\opaque\bp_remade,true,false,0,none,false,5,false
s091a_st_panel00.bmp,7162147896fcf21e619ec31053248224a25195e0,4b2417a1fc26da4712e943381813b1e6bdf9df15,true,ps2 textures\opaque\bp_remade,true,false,0,none,false,5,false
s091a_tanka_rep.bmp_b56bf027bb7820fa0a3c85f07530b224,80b700120e0f01e9635dd8861aa74074bb4db61e,ac5c75a143fc31a5f403680e9f01957fcf77484a,true,ps2 textures\opaque\bp_remade,true,false,0,none,false,5,false
s091a_wall00_rep.bmp_c496d8bbd6b8ff563961f92b15f0b2c6,cc0da9ab1c56b27a7a905427ad3994a2698ecd5c,f0e195a78c3ba02ed02eab2482b713736c1d7f95,true,ps2 textures\opaque\bp_remade,true,false,0,none,false,5,false
s091a_wall01.bmp,0416f986167aa31945722283124de7ac5bf77506,dcd1a5d2f4b3cf41078b3cdcf0d6b8d96a47e1f8,true,ps2 textures\opaque\bp_remade,true,false,0,none,false,5,false
s091a_wall04.bmp_17bfc58190402a6ed22e4525cbedef00,75f3ee56c18a1ee7350d91fad450716b1a2a265b,e766e15cdd35ce334e77f9c58b1bdc2e096c74eb,true,ps2 textures\opaque\bp_remade,true,false,0,none,false,5,false
s091a_walldct00_alp_ovl.bmp,ef8421f1fd690210d505cde7f84748aab07576b2,cdaad26a0d886f47fb9cb1dc5f10c5385ab6f3e6,true,ps2 textures\HAS ALPHA\bp_remade,false,false,0,none,false,5,false
s091a_walldrt00_rep.bmp,fd1c8c7e08954ef3d43a499f9f4327fe82eb765b,8aa0954e74f1a60a17edb4fcc9fa158f05013c43,true,ps2 textures\opaque\bp_remade,true,false,0,none,false,5,false
s091a_walldrt02a_rep.bmp,3160bf5438adfdec32f23907cd0a5d6d278244f4,c6eefa207c0c303795704497bc059e9422230271,true,ps2 textures\opaque\bp_remade,true,false,0,none,false,5,false
s091a_watchtower02.bmp,15512b7d2c37fccc8293555194ae3a6c0aa6da52,4e8415a541bf9f16e37b8845a1f7e535d245e3fc,true,ps2 textures\opaque\bp_remade,true,false,0,none,false,5,false
s093a_rail00.bmp,e0a7d4d16f46b7caa49e711a7d826b1b4c9b5b0e,3d63a702e72b1dabd3e8b60480f839e8d21aa2b9,true,ps2 textures\opaque\bp_remade,true,false,0,none,false,5,false
s094a_wall00_alp_ovl.bmp,ffe26347398044132e9dc3027b75b3fc8aabf316,54f11f88b4ded43a2e4a0bcd4420043176331ebd,true,ps2 textures\HAS ALPHA\bp_remade,false,false,0,none,false,5,false
s101a_256door.bmp,e152bfab607ee25da35260caf7274b417d8d6400,534d24321059453f8f55e914fd85571a9c2e1c22,true,ps2 textures\opaque\bp_remade,true,false,0,none,false,5,false
s101a_256wall_inside.bmp,326e1510da05ae7b2eed84d7eb7d95494d49b11f,d8af9ada064b5952193eb093d97bfd712d29e26b,true,ps2 textures\opaque\bp_remade,true,false,0,none,false,5,false
s101a_256wall_inside2.bmp,fca152e7578ca918b0dc1e7a86dd790a9e37bd04,5986c53fadd11dd29ae6f2575e92a56a17d03cd5,true,ps2 textures\opaque\bp_remade,true,false,0,none,false,5,false
s101a_256wall_rep.bmp,77f7df52164368be0dfca2abbd125d3ec9c6ad2a,9d0a6e7326ab2ce7d7f4c4a53e1e427b1c64dadf,true,ps2 textures\opaque\bp_remade,true,false,0,none,false,5,false
s101a_book_case00.bmp,46042053c3b6738f5af24222ab88d77d78be3eeb,dbc3cbf62d2754653507361e26ff82a65be9128a,true,ps2 textures\opaque\bp_remade,true,false,0,none,false,5,false
s101a_books02.bmp,76097686da0b9dc437a46cf13faad00071fd47ca,34d11891e54d86113c3a4c04432d84ae132845bc,true,ps2 textures\opaque\bp_remade,true,false,0,none,false,5,false
s101a_bord01.bmp,c477c0c7f264b8f14a7a052d293729f45516a890,919c70745544b875bfc24e071bb210843d17e29d,true,ps2 textures\opaque\bp_remade,true,false,0,none,false,5,false
s101a_bordb00.bmp,69932a649f5c5c79154a51e32601f8ef8d29cab2,13dcdd7b14a423e387dda1ba55f536c7c678d881,true,ps2 textures\opaque\bp_remade,true,false,0,none,false,5,false
s101a_boxa00.bmp,0f4457f5ef303a9ffc3297da3dfeb5cee2d63f38,4f363ace145881ad6cd1d327f85f5dc1e9868004,true,ps2 textures\opaque\bp_remade,true,false,0,none,false,5,false
s101a_boxb00.bmp,2f605b35ad5223d0259f84d895683af47c7d40cd,6371507607fd5736cbb40d1391b0bde913979ab8,true,ps2 textures\opaque\bp_remade,true,false,0,none,false,5,false
s101a_case00.bmp,d64682776294d8175dcf37ce0e4fec596c0a3f0a,cece5645158df7a7464fe1d150e1568e13235549,true,ps2 textures\opaque\bp_remade,true,false,0,none,false,5,false
s101a_comp00.bmp,d02ea13f364ff5e14d497ff6f2c24d60ab5c97b7,6795ab734b28f48f511b657b943039d684210194,true,ps2 textures\opaque\bp_remade,true,false,0,none,false,5,false
s101a_comp00_back.bmp,4d87c43aeaebc036f8ddf4658df16698460c9bee,c767ec20f0bf8ed2fa718a8e4b7e3df6a91fe6d7,true,ps2 textures\opaque\bp_remade,true,false,0,none,false,5,false
s101a_comp00_side.bmp,10c615b0d51c86d8518453f41eb1918b60e8af7d,463e522838396aa08243fd39a1a7d30ac35bd705,true,ps2 textures\opaque\bp_remade,true,false,0,none,false,5,false
s101a_comp01_alp_ovl.bmp,b7be531435a7705db6312a2b3b1c2e0bd927e02c,b8c649d2b5b6da64be7b0d78009c583e8528dd41,true,ps2 textures\HAS ALPHA\bp_remade,false,false,0,none,false,5,false
s101a_designpic01_alp_ovl.bmp,d0a72307486cd10024e80f279c9288d85955cdc8,bf0509425dabb735328d47c59a6d78f134b17555,true,ps2 textures\HAS ALPHA\bp_remade,false,false,0,none,false,5,false
s101a_door_toilet00.bmp,880d8e5eb6edb2efc5811ed07331e6c9cde2ba4a,a5e583f5095ab268e075d8a97a755924b8888f20,true,ps2 textures\opaque\bp_remade,true,false,0,none,false,5,false
s101a_doora.bmp,bddd3b0a1f228eff0ce26a80d67d059689656837,a1117c47067f3d509711a419d78fcedeb25f6c73,true,ps2 textures\opaque\bp_remade,true,false,0,none,false,5,false
s101a_doora.bmp_cfde9b5d6e2a46b2606ac8a5922ebd2a,31deac1ff677ca6b4f296116b9c288da9c5b4ea9,1a481fd3ba4a51353099956f99fe98d4eb70e383,true,ps2 textures\opaque\bp_remade,true,false,0,none,false,5,false
s101a_dustbox.bmp,708a4b436b426fb5aba5e6c91c032b8a3c05cfbb,0e9d5a2aab66619150a26a45d1a0fffe5890b32f,true,ps2 textures\opaque\bp_remade,true,false,0,none,false,5,false
s101a_fl_tile00.bmp,2faedcd37d9a24e3ac931e639ab0d4098baefe67,4a3dcd5cdeae0e440370c66e9d772c745b241017,true,ps2 textures\opaque\bp_remade,true,false,0,none,false,5,false
s101a_floor01_rep.bmp,ca2f8f8fe827c85d1b409756926893ac66448e41,ab1a3bfe749ade84792ac4f7c6efa91e2b35bec7,true,ps2 textures\opaque\bp_remade,true,false,0,none,false,5,false
s101a_floor02_rep.bmp,a598dd98e91a98d6a60eb068c6a1fc69a80bd6dc,470a101478c5d70746f5e426aa4e4a0457adc2d3,true,ps2 textures\opaque\bp_remade,true,false,0,none,false,5,false
s101a_floor04_alp_ovl.bmp,5865b5e166af9daa2488caf397021604f47d5270,34d350df804062d3d7f1b06cebbe8f9f08589579,true,ps2 textures\HAS ALPHA\bp_remade,false,false,0,none,false,5,false
s101a_floor05_cpt_rep.bmp,6b1444ba2a2f9fc649a10e3951cee85de23516c2,6e42801ff3cb8d669125531743be773e18f64d6d,true,ps2 textures\opaque\bp_remade,true,false,0,none,false,5,false
s101a_floor07_rep.bmp,053e2bf78b522d942014e39cdae29d7c9613d90f,74c9f58ff8a6b5b91e61b02487941f96be9e533c,true,ps2 textures\opaque\bp_remade,true,false,0,none,false,5,false
s101a_floor07b_rep.bmp,509993f8caffa4d62eb4e483317728054ae24804,e96c897adac3e77432afa5cb1cdc5615237afb92,true,ps2 textures\opaque\bp_remade,true,false,0,none,false,5,false
s101a_frez00.bmp,dcd7db331b1229a51ea0591b57888594a5124c75,68d2c16cc8cf8611d26198a578128f1afded4b4a,true,ps2 textures\opaque\bp_remade,true,false,0,none,false,5,false
s101a_locker00.bmp,2f22b4108fa980ded0a92b1e1e49f5a2dc092182,b86b1b255521c4a4ec5175227a212a6acf8640a0,true,ps2 textures\opaque\bp_remade,true,false,0,none,false,5,false
s101a_locker_sp00.bmp,1522bc2ea1bc18b7a060b7ce6cab4f7f6123acfe,64271af04d7acf2288ff8e423f0261a1674db6f8,true,ps2 textures\opaque\bp_remade,true,false,0,none,false,5,false
s101a_obn00.bmp,83bc98d9b137800a215505fa1af917dae26028b9,9a5ff29729f1306dc04d989f6fd674a8ddee77af,true,ps2 textures\opaque\bp_remade,true,false,0,none,false,5,false
s101a_office_cabinet_01.bmp,01accb0d578b7f1cbdfd2888e82688562541f006,df2b2b564dbc8e7ca7505f9e952558708fd4a28e,true,ps2 textures\opaque\bp_remade,true,false,0,none,false,5,false
s101a_pillar_a00.bmp,49493130af62dbff35352273bf8627152179253a,830e2234699155ae850b31a88a2f4cb5bc32d4e1,true,ps2 textures\opaque\bp_remade,true,false,0,none,false,5,false
s101a_plant00_alp_ovl.bmp,40bc9c601f32a56e11f23c78b10df164223140a2,4bbe67390d3eff1e9c93391dab690ad2626c06f1,true,ps2 textures\HAS ALPHA\bp_remade,false,false,0,none,false,5,false
s101a_plant03.bmp,9d794f0d32e18013e6cd86f5f10ead33185aac61,14d9aa3d5dc2f47d923aedb7c9932e3024f9aa2f,true,ps2 textures\opaque\bp_remade,true,false,0,none,false,5,false
s101a_plantb00_alp_ovl.bmp,c72ab853fc643c6d37904d5306910a3560bdaafb,44e6bb8c77d1edde2f0bef440e91c05d2647997d,true,ps2 textures\HAS ALPHA\bp_remade,false,false,0,none,false,5,false
s101a_plantc02.bmp,6c3a0df483bcf7383fe7240e6723f9b8a2f7b52c,c51d9e73d1f2495dea9d6ff57df150b7b4d0e96f,true,ps2 textures\opaque\bp_remade,true,false,0,none,false,5,false
s101a_plantc03.bmp,0e41ba14a36eaf8efe29a3420ae47dafecd0ced0,571b081ebc817f0d120a84393e10ed00c64c3159,true,ps2 textures\opaque\bp_remade,true,false,0,none,false,5,false
s101a_pot00.bmp,fb9cddea58cb2164292035eeab8f0b7208f0e0ba,fcb8333cdad42b8754c48534918e80d028c0bd17,true,ps2 textures\opaque\bp_remade,true,false,0,none,false,5,false
s101a_sofa00.bmp,114bd75238555e09ae42e26c803aea1d6e1dad14,4143d9bb769a5800910cd3fe5d7c5a189438f5d3,true,ps2 textures\opaque\bp_remade,true,false,0,none,false,5,false
s101a_soil_00_rep.bmp,53e871d8491f57c2b9d748e3e25f7e07ea61a4d0,a2ec4560b0385d83272436fd394f8ee22cb8cc35,true,ps2 textures\opaque\bp_remade,true,false,0,none,false,5,false
s101a_step_wall00.bmp,b936a1debed025b97f2b4773adb44487e8880a43,2f8ef44d58c870e5a548874375e064e0cdc46feb,true,ps2 textures\opaque\bp_remade,true,false,0,none,false,5,false
s101a_table02.bmp,0aecacbea4a9829974d10df9e1b7d08f33b7293f,be06387a459279155f3bf344551549883586da1f,true,ps2 textures\opaque\bp_remade,true,false,0,none,false,5,false
s101a_table02c.bmp,22b0c785e3550cabfbb572eea468276d0a15e2aa,2057669847568c62e2b859aca274cad50a4ac802,true,ps2 textures\opaque\bp_remade,true,false,0,none,false,5,false
s101a_table_entrance00.bmp,686448938b019728af122fe2ae6ad43937957166,eac2c504f93d431a56d48556cb5d084fce750f29,true,ps2 textures\opaque\bp_remade,true,false,0,none,false,5,false
s101a_tablec_cast00.bmp,348fc18dda61f227481e8a7ec1015bcf8dfab682,f476c62b3b81c2364109cedf686e2e0d378680fc,true,ps2 textures\opaque\bp_remade,true,false,0,none,false,5,false
s101a_tablekit00.bmp,016cadb0d48af8860e0dddcf178fae3601947ae6,6f4a41cd3352cf6c617f8f2cacbc2371cc06bda9,true,ps2 textures\opaque\bp_remade,true,false,0,none,false,5,false
s101a_wall_grass00.bmp,b6c9e855277c933248f7ab693f8d4521007d454f,60e05e8f240c973ede8892e38dc13b576d30fb73,true,ps2 textures\opaque\bp_remade,true,false,0,none,false,5,false
s101a_wall_tile00.bmp,1b4dbe9a539ec14a27383abd1084266d67f35476,63b987e81900d6d8f4a6981f2d5817812921e3f0,true,ps2 textures\opaque\bp_remade,true,false,0,none,false,5,false
s101a_water00.bmp,9ccc8c3cc20f54a8895d9793c78aeb79883155fe,6e74344d2e1d60dbc4b285c81b977fffa1cb1442,true,ps2 textures\opaque\bp_remade,true,false,0,none,false,5,false
s101a_water02.bmp,75146fdbaa88ac4f2ecc833bcfcffffc195dbd7a,3b5d63d600d2f0eac35960890d83572e31969c68,true,ps2 textures\opaque\bp_remade,true,false,0,none,false,5,false
s111a_bed_01.bmp,da40eebf0e1ed15908b479ef6cd7fa1b692d87c9,07ebcd8fc25f57ad258dd6deeabf1062be3f69b2,true,ps2 textures\opaque\bp_remade,true,false,0,none,false,5,false
s111a_bed_02.bmp,ae2b3b67f59026270b861e32993a29a3369e565c,ff75448b9cb7263c2fe9a32b60369152a62f7839,true,ps2 textures\opaque\bp_remade,true,false,0,none,false,5,false
s111a_bed_04.bmp,ae968a922280adaba765267916a17c47329c5c61,c17f0e4a59f0477dfda33812cf6ced2646b8457c,true,ps2 textures\opaque\bp_remade,true,false,0,none,false,5,false
s111a_door_01.bmp,dd7d3792200d6975e35d20b6e600aa61480edd8d,1a39b3931abe357aa9936f675ce2e145ea609510,true,ps2 textures\opaque\bp_remade,true,false,0,none,false,5,false
s111a_door_04.bmp,d08cb2f57e4e55c16075f1f5ee5029fcf039f151,30be8dc8933250ef6c843979496262a9c5cbfad7,true,ps2 textures\opaque\bp_remade,true,false,0,none,false,5,false
s111a_room_hako_01.bmp_935e8932457967b8bd4d4d6c213db507,c7c3dd83a2cb0be4563e2c30b671eabb8cd85571,cb4924267434e1cca5e175fcb6e3932de802ea37,true,ps2 textures\opaque\bp_remade,true,false,0,none,false,5,false
s111a_room_light_04_alp_ovl.bmp,03fedc7001c98dc14fde11c92748644f4776e31f,e22eff3a679dd9b02731ae2dd31483860aea0b0f,true,ps2 textures\HAS ALPHA\bp_remade,false,false,0,none,false,5,false
s111a_room_meca_01.bmp,2cf1251fc1b8fe5e916f092234a7da64a5fc8cb0,d6739bde279ac1c6bc6f3a1df54fefcb828e2e87,true,ps2 textures\opaque\bp_remade,true,false,0,none,false,5,false
s111a_toilet_04.bmp,ab14b736c2c394d5519e85ef8b401adc8081f75b,a101d11c6b94a697e885b592736baaf70804d0f2,true,ps2 textures\opaque\bp_remade,true,false,0,none,false,5,false
s111a_wall_01.bmp,4170e4ecd464544ac8cebaf81650a7fa9364d969,a87e864171ac185c4828f42e4990c50d40b44843,true,ps2 textures\opaque\bp_remade,true,false,0,none,false,5,false
s111a_wall_03.bmp,b18df1b9d7b1596e3725bfbb18029939f13fac44,07635aed1bcc5317759e9f7c352f3cdcba393639,true,ps2 textures\opaque\bp_remade,true,false,0,none,false,5,false
s112a_cell_dai_02.bmp,a1747f6dcfc57fe59800895086cf1cf2cc3f90ad,fa790ad797f6ee8dcd2950762606382aee90f75d,true,ps2 textures\opaque\bp_remade,true,false,0,none,false,5,false
s112a_cell_dai_03.bmp_a173326396017c309bd4690558b32265,23b5e04c47edcd27504d3766dff141b7efc54011,eac398d8a88bb3b5b0f14c9b31358e911267bf68,true,ps2 textures\opaque\bp_remade,true,false,0,none,false,5,false
s112a_cell_floor_01_alp_ovl.bmp,5c09fbb4666ec302a73e827539ebeac11ec3aaee,cc9f5f390a4b6bfaa477ec5a0d76c816fd6de4bf,true,ps2 textures\HAS ALPHA\bp_remade,false,false,0,none,false,5,false
s112a_cell_ironbars_01.bmp,1bf665ed03db19bdd0037c0cdfd01c073cb830e2,057a0e3646785b1938fa1ae813d499913847ad53,true,ps2 textures\opaque\bp_remade,true,false,0,none,false,5,false
s112a_cell_ironbars_02.bmp,5c0dc2b44b391ebc241b62fda55b850dc27d9a51,bb2291aa82b9fb2365d84776d3469ab094abfda4,true,ps2 textures\opaque\bp_remade,true,false,0,none,false,5,false
s112a_cell_ironbars_03.bmp,24877a5ae1350d5b48a7e66fd767c53043a15805,931027009c2754068c62f689520976a2c601510b,true,ps2 textures\opaque\bp_remade,true,false,0,none,false,5,false
s112a_cell_ironbars_06.bmp,86069af5ffaf631be844c89327209f67bd624607,a4583efc00a2b5236c872caeef20c26edb22357f,true,ps2 textures\opaque\bp_remade,true,false,0,none,false,5,false
s112a_cell_ironbars_07.bmp,14a3e87dfbcf769aeb68c5c33a85d3161403a042,a466a8af3700521edac14f97f186d501e665ea0d,true,ps2 textures\opaque\bp_remade,true,false,0,none,false,5,false
s112a_cell_ironbars_08.bmp,d461159be503c13552890feee8632f63282f2703,7c0a431d0977142952f456d7cbe36cae08758112,true,ps2 textures\opaque\bp_remade,true,false,0,none,false,5,false
s112a_cell_tuuki_01_alp_ovl.bmp,50663521413ab1a259ddac3b2a87b69a88533f1b,2ba0dcef3b818b7d776ca26c2e0269ea693b3fb6,true,ps2 textures\HAS ALPHA\bp_remade,false,false,0,none,false,5,false
s112a_cell_wall_01.bmp,f3d49593b8c90847305ee686bf171036fa95bbcc,5d70fbfa580a07a8752f76c81a7c51840c02726f,true,ps2 textures\opaque\bp_remade,true,false,0,none,false,5,false
s112a_cor_floor_02.bmp,3f76c47057d23ce0dd0b8d41aa9c88ff9c9dc1b1,7c13823466020262e65f33a09fe2f594453c8bd1,true,ps2 textures\opaque\bp_remade,true,false,0,none,false,5,false
s112a_cor_floor_03.bmp,a85e83edeedbac5c93c5f0c47e6f6a589b23ee48,a3413cdd2a642729d5e7170fbc2257310e17cc60,true,ps2 textures\opaque\bp_remade,true,false,0,none,false,5,false
s112a_cor_floor_05.bmp,ab405730df07c7cd81f92da13c5e198f59acffb2,f3a254fe67064ffa1b9b96efcb961a9c9f6c6914,true,ps2 textures\opaque\bp_remade,true,false,0,none,false,5,false
s112a_cor_floor_07.bmp,31d33c18ef3fc0d7f6205fc26c054f68844bb980,407673b4e85986f4aa1f098d713c2f0d6153301f,true,ps2 textures\opaque\bp_remade,true,false,0,none,false,5,false
s112a_cor_ironbars_02.bmp,bbd07ef72ec306dad9baad164a90cb6fa53eb37c,07c388ea63d24f9d35cdaf547ecc0712867e2b9a,true,ps2 textures\opaque\bp_remade,true,false,0,none,false,5,false
s112a_cor_window_01_alp_ovl.bmp,2a7c4edebb7465abe3903387ba4e5ee0d3288bcc,7cdc2aa3cdfa984091c425af068c3b4ce24b7212,true,ps2 textures\HAS ALPHA\bp_remade,false,false,0,none,false,5,false
s112a_goumon_floor_01.bmp,408ed3a2234243c820bca09124ad8239f003ba82,913ab70a8ac6d9a70b4ebfe82dea5e6522ba0627,true,ps2 textures\opaque\bp_remade,true,false,0,none,false,5,false
s112a_goumon_meca_09.bmp,784ea268d996048765ca6eb5c76a875436e4a750,edf47f9f35496804c3de95f45d02a9b2b7ef16f2,true,ps2 textures\opaque\bp_remade,true,false,0,none,false,5,false
s112a_goumon_rail_02.bmp,55e1ccadcb7d0bf00b192262fa5bdcccbf93ba0c,1beba36cba81f3e19d94eeb97016569aa1b2e232,true,ps2 textures\opaque\bp_remade,true,false,0,none,false,5,false
s112a_goumon_wall_01.bmp,538134f99bd0166f96155d89d4ca023d5145ec12,5941398415ee0cf69b53d85dd2dee27bfb34046d,true,ps2 textures\opaque\bp_remade,true,false,0,none,false,5,false
s112a_hibi_01_alp_ovl.bmp,3451f5d2345a9f71ba74b8d128ba97bc715fe9f4,fa95ce0c4ebd492ee75f6f3e6107aea80f52216b,true,ps2 textures\HAS ALPHA\bp_remade,false,false,0,none,false,5,false
s112a_kanshi_wall_01_rep.bmp,521d13751544a3357f808624ed734d61b2fdcaad,55551c1c27154477ed8e8455453d36eaf25700c4,true,ps2 textures\opaque\bp_remade,true,false,0,none,false,5,false
s112a_ne_room_boad_01.bmp,97dabcf6917bb80caaa7902d45db543e164bf18c,4e8f854b156dfad3a1daea28e980ff71018a6734,true,ps2 textures\opaque\bp_remade,true,false,0,none,false,5,false
s112a_pos01_alp_ovl.bmp,89f1dc285872f562cf0231b4d4289946be190119,6495e4bedeec1b017913b20b9caa7c103e7f1cbc,true,ps2 textures\HAS ALPHA\bp_remade,false,false,0,none,false,5,false
s112a_room_desk_02.bmp,527e078d11d9ea6d27a905460675944781735b0c,f79fff45235d09b6269d1a2f61da8361dc2b91a1,true,ps2 textures\opaque\bp_remade,true,false,0,none,false,5,false
s112a_room_desk_04.bmp,b8cd2dd83dfe328cce703b89272f9244b5b3bdb4,0cd1c954f830fa46d3034456670f7f65a60780e0,true,ps2 textures\opaque\bp_remade,true,false,0,none,false,5,false
s112a_senmen_03.bmp,0b6ce9520c7985f9327293f21778b0579ac809bb,7ceae29092ebc76892c7e4907b10cb6a145d83e1,true,ps2 textures\opaque\bp_remade,true,false,0,none,false,5,false
s112a_slide_door_01.bmp,4c1c787d8917b58ef4755db9d853380879bbe4ed,a1361e23409f16fe74f0e491a3ba4bcdec4d16fb,true,ps2 textures\opaque\bp_remade,true,false,0,none,false,5,false
s112a_toilet_paper_01.bmp,6bdc93e4c8ded23604ce1f7540da1d7430f96d64,48b1dc75aefaf4d8332782a5054473b5738746df,true,ps2 textures\opaque\bp_remade,true,false,0,none,false,5,false
s112a_wall_02.bmp,d295e3c2f2e7ca730a5b6c9aec4cd1f2c3101410,ebe2b1a658262ae4fee5821d06849159d51c81f5,true,ps2 textures\opaque\bp_remade,true,false,0,none,false,5,false
s113a_cfloor00_rep.bmp,cc4935cf1b06372d78f9c86b60341d7eaa0fc5ac,67053998fdf09359331bd1d9972b88de8df25212,true,ps2 textures\opaque\bp_remade,true,false,0,none,false,5,false
s113a_cwall01_rep.bmp,cd72122e625bd6eff8db2b61ceb0e4f052889895,0cae0048c0099147c9e1abe1f610d75d5f13bcab,true,ps2 textures\opaque\bp_remade,true,false,0,none,false,5,false
s113a_dkt00a.bmp,81c827f99674cb9d1c6ecb02d665f291ed212c6d,d18a76535511b486eae5ef24d3d74787711e460f,true,ps2 textures\opaque\bp_remade,true,false,0,none,false,5,false
s113a_dkt00b.bmp,4d005cbf8046218035bb1591018591ce47cf255c,c8d2e6ffde099e214636bec63f008cbfff9a1d2e,true,ps2 textures\opaque\bp_remade,true,false,0,none,false,5,false
s113a_floor_00_rep.bmp,c8f069813d98246073315b84b71defd3a6d56a76,08d35493f79d8021d7f5b55b20e312206f625b9a,true,ps2 textures\opaque\bp_remade,true,false,0,none,false,5,false
s113a_floor_01.bmp,1894917ff5b070fee1059765ea7bf22d81a17adc,4022bafb7f54f798faa9ae49e12f57015e80408d,true,ps2 textures\opaque\bp_remade,true,false,0,none,false,5,false
s113a_floor_03_rep.bmp,6a091ede2940729ee27e0b8ee0059ddae8b37083,23138b619f217dfd58911d67e058148f4097346d,true,ps2 textures\opaque\bp_remade,true,false,0,none,false,5,false
s113a_pipe01a.bmp,148c089f09a197a25f0f39cbc3cc7973a345eaf3,3ce835a3a0497525a4c349fcf9657bc69be78337,true,ps2 textures\opaque\bp_remade,true,false,0,none,false,5,false
s113a_pipepbj01a_alp_ovl.bmp,4aa1426c1f3d1473e5761ae0719eae7bf56d1d8f,98bd5ef85da61c1f070ed03511bb0ed262690fd3,true,ps2 textures\HAS ALPHA\bp_remade,false,false,0,none,false,5,false
s113a_roof_bar00.bmp,c0303578dfd909bb10fade834691480435f2d508,09e8edb2ec17a7ab5e1f73de9b096d60e7eed3f7,true,ps2 textures\opaque\bp_remade,true,false,0,none,false,5,false
s113a_s092adkn00.bmp,fe4eeff129260b396bb8b03f6b57b746ce1b59d7,ad8d72a5509100d45ddc35fc807d84ff34c29f9a,true,ps2 textures\opaque\bp_remade,true,false,0,none,false,5,false
s113a_sk01a.bmp,7147484f84c98c9610090cd92deffc5893f0accd,3d8aa917ee3a8ec725cd875dd3c1194b61df0708,true,ps2 textures\opaque\bp_remade,true,false,0,none,false,5,false
s113a_sk01b.bmp,1174efaf262b8efb6cc7a12d7ef7442bf7884eab,6878f42872aadf2606449524e214ae3862c34b60,true,ps2 textures\opaque\bp_remade,true,false,0,none,false,5,false
s113a_wall01a_rep.bmp,fd538b29998e6747898260b438884b58f0482873,d3a8e972ac176f28c5f0aa059aa17bd0d7dffdae,true,ps2 textures\opaque\bp_remade,true,false,0,none,false,5,false
s113a_wall01b_rep.bmp,3723df1a17843290e04864e886748d805aab5a01,8ba6051e38ea46c256d5b59505829a27b1a31db6,true,ps2 textures\opaque\bp_remade,true,false,0,none,false,5,false
s113a_wall02_rep.bmp,316e2712e61d1e6b9f448389ad732c5ebfa91a4e,6d99e5281374968f69a6a68e1c1a261a59194d2f,true,ps2 textures\opaque\bp_remade,true,false,0,none,false,5,false
s113a_wall03_rep.bmp,ef97ae899a12656c366167e2eaefb0ffac6c1c58,7e799384fedbc64b81d3ebf2ea7e8114eea78f3d,true,ps2 textures\opaque\bp_remade,true,false,0,none,false,5,false
s113a_wall04.bmp,f59a772ff99f1f6a53c0f94c33420dfbdb5435c6,c57d0da1684bd06ed17206d0dc55c9c1ce8d22e8,true,ps2 textures\opaque\bp_remade,true,false,0,none,false,5,false
s113a_wallrusty03a.bmp,c51b48f1650161fe5796f8ccfd0532aa6fc83999,e4ed3bcd83d042f72d4553ed18812067b461c103,true,ps2 textures\opaque\bp_remade,true,false,0,none,false,5,false
s121a_door_01.bmp,09d77d2230ce6d8bab42d092b3019f85dbde5485,ab22242e70456fbd0f0b1c222671f8624c3510bd,true,ps2 textures\opaque\bp_remade,true,false,0,none,false,5,false
s121a_mogi_fueltank_09.bmp,4e5cfc6daaba713a24fceadccacf5fffec73bb2a,90546cb4d665861a187bdc16ba20fc3c0522167e,true,ps2 textures\opaque\bp_remade,true,false,0,none,false,5,false
s121a_mogi_fueltank_10.bmp,b7c7b227e97f5c9ef2a71ff54965ffa2881b25b3,7739844b1948c1899b3509d31baa5e3b2cc74acf,true,ps2 textures\opaque\bp_remade,true,false,0,none,false,5,false
s122a_fence_alp_ovl_01.bmp,52a528a4e9771502d0b3a2f14951dbbbeb6e0e99,31357a805fc51373717316d317ea08ad4ecd17f1,true,ps2 textures\HAS ALPHA\bp_remade,false,false,0,none,false,5,false
s131a_mo_obj_01.bmp,1494d17787a399c5e03728309420d6dd1145c840,d7ef49afa9635e7dabb05cc652483706f77c9af2,true,ps2 textures\opaque\bp_remade,true,false,0,none,false,5,false
s131a_mo_obj_rep_02.bmp,25d73b809c54246b37387948af215aa77a7798a8,b57972c80b216dc51848d720b6ca13c453f54f05,true,ps2 textures\opaque\bp_remade,true,false,0,none,false,5,false
s131a_mo_pipe_alp_ovl_06.bmp,c7c25331f4a0b5f897da31b4578c009892809f49,78956495362c73bc0cb492b510f9358533187e59,true,ps2 textures\HAS ALPHA\bp_remade,false,false,0,none,false,5,false
s131a_mo_pipe_rep_05.bmp,d916ae0a50d149b36ed80ea46d5995de6eb57de4,62fcc9aa0863bf1799c366a4748958cec584b06c,true,ps2 textures\opaque\bp_remade,true,false,0,none,false,5,false
s131a_mog_snow_alp_ovl_rep_04.bmp,ede6a94c6746e3dcccd8f22a6bf8f1fede581656,804c99dad18e3697edb66f7f00eb26e37a363a4b,true,ps2 textures\opaque\bp_remade,true,false,0,none,false,5,false
s131a_mog_stain_alp_ovl_02.bmp,c95f2cb9d466ae421ea652ac02c01d6fefc348fe,c4a61c7b095a4aaeb3d71941d6b110bbd5a34eba,true,ps2 textures\HAS ALPHA\bp_remade,false,false,0,none,false,5,false
s131a_mog_stain_alp_ovl_04.bmp,6bb56ca7054ca5aa8294b1d542a9ebbe87d9124b,47e84f83c038c6fcf891c317e8fad2356dc99ec8,true,ps2 textures\HAS ALPHA\bp_remade,false,false,0,none,false,5,false
s131a_mog_wall_alp_ovl_rep02.bmp,47a21f0994952fafbf35ad1d82205a5e669bfb94,97c6380c3608851b7fe9a1a017e720fa29383209,true,ps2 textures\HAS ALPHA\bp_remade,false,false,0,none,false,5,false
s131a_mog_wall_rep_01.bmp,66ff15e1a4b872ced1176c0a616759a5cb361a4a,a8a17439c2c86c8f671d54f9e159bcaa4972d3c3,true,ps2 textures\opaque\bp_remade,true,false,0,none,false,5,false
s151a_touboku_a01_rep.bmp,fda9318a85ef416b66f7ac9122f80bf0ccaa4dc2,20099de4fb5a01003c96a2b8784d164be5887d35,true,ps2 textures\opaque\bp_remade,true,false,0,none,false,5,false
s151a_wet_rock_a01_1_rep.bmp,89fdc04ad475df144ae6ad5a9015e4a495d5b9c3,e6c8fe4ddd3a6bdab0f533955c33a894f2cb83f5,true,ps2 textures\opaque\bp_remade,true,false,0,none,false,5,false
s152a_fence_01_alp_ovl.bmp,32a3f8d6244c25b9348dced4cc6fe8b5298f1285,035693b194d62b1030c1474bb0ce1af2e83a3f17,true,ps2 textures\HAS ALPHA\bp_remade,false,false,0,none,false,5,false
s152a_fence_02.bmp,504696ef8fe83d8f63d54f081e5cbc5a8a2ce3cf,9ebcc3e572daeabd99a364c387990ad6fcbc94ea,true,ps2 textures\opaque\bp_remade,true,false,0,none,false,5,false
s152a_floor_01.bmp,7f25dd1c1d8f3a03596fd7eb8165bbe0f6547e69,1cbd68a9a8d58ae4b0d6cba4dac4d098411de523,true,ps2 textures\opaque\bp_remade,true,false,0,none,false,5,false
s152a_floor_03.bmp,9fc3874c87b5f8f54442b7a30054212bd5424080,c6246b1d25e351a2643e9316fc4fecd687ef634a,true,ps2 textures\opaque\bp_remade,true,false,0,none,false,5,false
s152a_light_04.bmp,385073821c6b66b17a9e1a6317085e97472b5f1c,3cdbfb7eae94d2cd6d57c4e0314c48a701b3522c,true,ps2 textures\opaque\bp_remade,true,false,0,none,false,5,false
s152a_rocksfc_a01_rep.bmp,41bf12171afceb6a946cad3100eacc6df41d1eeb,1e6d773d7056f0c80d175c848faa38c56a25e2fc,true,ps2 textures\opaque\bp_remade,true,false,0,none,false,5,false
s152a_rocksfc_a03_rep.bmp,3413330f910804b2c2c0bba5321dcf6c5b1201be,b94dc5b8c311e5060ac2ad2b0e06992a1be47b85,true,ps2 textures\opaque\bp_remade,true,false,0,none,false,5,false
s152a_room_door_01.bmp,cb2a066332067de2ee8d2eab3dece3c28e071f5c,23ede01499840ba7ba958a54b1bcb17f2e0e9e81,true,ps2 textures\opaque\bp_remade,true,false,0,none,false,5,false
s152a_room_floor_01.bmp,076c771bfb1a2dd6b401ca69902355a625a28d06,d268792b9d4cd13a8e934a0a344e13971a86c208,true,ps2 textures\opaque\bp_remade,true,false,0,none,false,5,false
s152a_room_pipe_01_rep.bmp,3bdbb0c5636e6c5d7f2bdc9a6ab270134913a0b4,4b57aec4a19517bf34471bfb9a3649faed43f234,true,ps2 textures\opaque\bp_remade,true,false,0,none,false,5,false
s152a_room_wall_02.bmp,d20a0c1df9838d7ef6c5ffbe3535bd4c32f669be,7f184e7563c16d231b6b14c26af514e050277653,true,ps2 textures\opaque\bp_remade,true,false,0,none,false,5,false
s152a_takibi_04.bmp,46e35506634b0230524c5fb4cc9c7ddda979382a,c98d8dd154ccf123ba7742f85c13df36557882d2,true,ps2 textures\opaque\bp_remade,true,false,0,none,false,5,false
s152a_takibi_05.bmp,b0a077157e43a0912b83d5d1e6b0864ebfda5a8e,9bf8d649560cf3d37d2ced77ac0a0f07bf34431c,true,ps2 textures\opaque\bp_remade,true,false,0,none,false,5,false
s152a_wall_01.bmp,7d6d9930264e17d35b9a58ebabedd7fea4df6dbe,ac736ff1a1e1d797e56be840218d47eda7a6aaee,true,ps2 textures\opaque\bp_remade,true,false,0,none,false,5,false
s152a_wall_01_02_alp_ovl.bmp,c243a463a517cb952b786796fe22660927afe472,7ee63d506f19dc7b9d7c9867e718237ba18ec938,true,ps2 textures\HAS ALPHA\bp_remade,false,false,0,none,false,5,false
s152a_wall_01_02_v2_alp_ovl.bmp,9ae576132b079512cb7ebd99030856a9dc2bd90c,9e7a223120d591f217b0dc4859006c0e488f1e70,true,ps2 textures\HAS ALPHA\bp_remade,false,false,0,none,false,5,false
s152a_wall_02.bmp,21bef0b7ef022411c8316897c7fa1162b9a93441,21bf376f6d0be45fe8090daa0cdd7039022868e0,true,ps2 textures\opaque\bp_remade,true,false,0,none,false,5,false
s152a_wall_03.bmp,1feea954bc02a4af637ec6173acefc93c56e5c2c,27071b2b6d33975e224265e18cf15681cb53d17f,true,ps2 textures\opaque\bp_remade,true,false,0,none,false,5,false
s161a_dram_01.bmp_002c882cb5e0df927fa5bac2c4b816c9,4f9a55ef417a767743d5c9c71272d1f7b732087d,3422fb9217a0755b415e3e6221e51847d535ce7d,true,ps2 textures\opaque\bp_remade,true,false,0,none,false,5,false
s161a_flbrk00a.bmp,fc820c835187accb761b635a18e4530707fe6977,7ac1b455a8f8a109c42e575a274097248904aa20,true,ps2 textures\opaque\bp_remade,true,false,0,none,false,5,false
s171a_mo_box_01.bmp_899d285bfe6e63261f49f7d97a18438a,5c0e6ad489d4c88fb7443813f8b4e7dcd9440a73,3f806ee90d26c1538de7dc3f31624fdfdf01e31f,true,ps2 textures\opaque\bp_remade,true,false,0,none,false,5,false
s171a_mo_box_02.bmp,fc37936ce6befa78a3cedcd15b837adbc1e5aaed,c33d48bca62e84fa2a1a4de0a9bb5d3097609de0,true,ps2 textures\opaque\bp_remade,true,false,0,none,false,5,false
s171a_mo_bridge_rep_01.bmp,5db8256ffec6d28d432892cd8702d1172c546d39,4defa92e88a491641394396240388823f8ceebb9,true,ps2 textures\opaque\bp_remade,true,false,0,none,false,5,false
s171a_mo_cloth_alp_ovl_rep_01.bmp,922bdb4a81b917cdfb2cb2e13631cb03cb5339fe,7e4989b18f26b017affc5556c16229cc183e8970,true,ps2 textures\HAS ALPHA\bp_remade,false,false,0,none,false,5,false
s171a_mo_fence_alp_ovl_rep_01.bmp,8bc70f0933355a78a60d68241da9c22f57aa38d9,7751f5d0c53e4b2fbc9f81ecc071c27df4e833a3,true,ps2 textures\HAS ALPHA\bp_remade,false,false,0,none,false,5,false
s171a_mo_grd_rep_01.bmp,26dfd9419336b58ba2121b6269a06d1993b65bc7,1bdeebe6ed48aa91d1ca210618745d2e69ab514a,true,ps2 textures\opaque\bp_remade,true,false,0,none,false,5,false
s171a_mo_grd_rep_alp_ovl_02.bmp,7602842d07ec8d1432b3ff6ceb35699ac5bff1a5,f91be0c4c28c2966afbab6c3a80d90ee04e55aec,true,ps2 textures\HAS ALPHA\bp_remade,false,false,0,none,false,5,false
s171a_mo_pillar_04.bmp,7c1698a494a272ea16dfe7574c2c4f7736c6b41b,61be0a0bfdf469f3ce05677a3db1ff5323170919,true,ps2 textures\opaque\bp_remade,true,false,0,none,false,5,false
s171a_mo_pillar_rep_01.bmp,e5dfc198e283331883760ec25fe39b2f8e6af981,31763cd91ed79ac805ad6c66741147713091fbda,true,ps2 textures\opaque\bp_remade,true,false,0,none,false,5,false
s171a_mo_snow_rep_alp_ovl_07.bmp,0f8df9727af3ca42e58df1500a524ef0acfe02e5,3838d212b3d2465b32858b506538e04f65f4e88c,true,ps2 textures\opaque\bp_remade,true,false,0,none,false,5,false
s171a_mo_wall_rep_03.bmp,d9237448b2a957b6f7316bae800ba4f170fe2b4e,533090806829befbb6a15c4733d9de5806ed5eee,true,ps2 textures\opaque\bp_remade,true,false,0,none,false,5,false
s171a_mogi_fence_alp_ovl_rep_01.bmp,33ea2b0d64b9c8f051237db5efc44bf38d0d9e7a,76c8803ee410e4a96badd640eaa9c8b1c8eb6197,true,ps2 textures\HAS ALPHA\bp_remade,false,false,0,none,false,5,false
s181a_flr_rep01.bmp,0ca03c061812c76d320d3d8943766023b4e5c197,687bc2fffa38c0642a6f7103850a3757b84f4d71,true,ps2 textures\opaque\bp_remade,true,false,0,none,false,5,false
s181a_grass_alp_ovl01.bmp,d07d71c365a4db5fed6b9afd9f25611120c7465d,648cf85f61348c116546f61b69a03491d712bd6a,true,ps2 textures\HAS ALPHA\bp_remade,false,false,0,none,false,5,false
s181a_jimen_a01_rep.bmp,7c6f3c463fbf711885c14b01b852a2b7e559ad8c,46bb7a1ee9601c6249c19ea5f14d8918c23a3bab,true,ps2 textures\opaque\bp_remade,true,false,0,none,false,5,false
s181a_jimen_a04_rep.bmp,6162c29815ef18b1c6af9891eb1b4a3502f4f9ad,b5d758fcb30b5050b558435fde0cbe11f1557aa7,true,ps2 textures\opaque\bp_remade,true,false,0,none,false,5,false
s181a_mt_rep01.bmp,4c2f9c81c0e9780cc0a5601cda40ff6cea40b5a6,3940701ee222cedb3e9e8eb5fbd9545f12571d61,true,ps2 textures\opaque\bp_remade,true,false,0,none,false,5,false
s181a_snow_a01_alp_ovl_rep.bmp,62b997ef364f8bdb0580ef27a6177dcb92920307,7db4ff879953e14319cbc68769e3ba9b3ea13278,true,ps2 textures\opaque\bp_remade,true,false,0,none,false,5,false
s183a_rocksfc_b01_rep.bmp,7d012624fcce58c52cea22fef86fff8b64536acb,dd92043926c851ad9ab8d302c40a63b0970bfa9f,true,ps2 textures\opaque\bp_remade,true,false,0,none,false,5,false
s191a_flr_rock_rep01.bmp,5410c754243a446170956c5436c9eaf05233b6a1,78191a1dd98129587cda2a20999be395f1212c2a,true,ps2 textures\opaque\bp_remade,true,false,0,none,false,5,false
s191a_flr_soil_rep03.bmp,c56c73faa758c91092af414175a4a189ac4b4a88,24a0de94bd05f6f0cdefd8db3a88d4882133fd5b,true,ps2 textures\opaque\bp_remade,true,false,0,none,false,5,false
s191a_forest_alp_ovl01.bmp,9335f79c0f7bf76b2d24b892c86871eb26096915,8d30fc738bf1eddc27d2d38ab90e29d74b1d6861,true,ps2 textures\HAS ALPHA\bp_remade,false,false,0,none,false,5,false
s191a_rock_rep01.bmp,c585c2d592fb1233843cb3bb5d4b8a8ff4f369be,fae7775be2618360c869d4d4170f97c387603109,true,ps2 textures\opaque\bp_remade,true,false,0,none,false,5,false
s191a_tree_danmen_01.bmp,ffad7db1c256b72b6451a0d8655eeec906eb24e1,0cf8147996b0cc17c353eb244142d4c378e9a74a,true,ps2 textures\opaque\bp_remade,true,false,0,none,false,5,false
s201a_amana_mass1_alp_ovl.bmp,5b094eae16e882bead724117faa3d3a6225e07aa,ee7feb503245746a4fcf0709300180245aba003c,true,ps2 textures\HAS ALPHA\bp_remade,false,false,0,none,false,5,false
s201a_deadtree1_rep_mip8000.bmp,e06899c5b7479268288a5b667d162a49249d0086,fe7b18810972e88789aeda70f271644086831217,true,ps2 textures\opaque\bp_remade,true,false,0,none,false,5,false
s221a_bin_00.bmp,10ad7ce3a3bc19b5c895370c2cb6d794f576c864,5b0102cc3e6c25401d9c49c1d994c28ed4b50feb,true,ps2 textures\opaque\bp_remade,true,false,0,none,false,5,false
s221a_books_00.bmp,346c41edbea8b6c32d2013afb13436c47d3c2ad0,97363c41b5738d699a67ac8043071043659f82f3,true,ps2 textures\opaque\bp_remade,true,false,0,none,false,5,false
s221a_carpet_00.bmp,5ab9b457a13f7c2f06e13e8c45bdb49caadf6c6e,472b465f7e47d11b91acd562393905cd624ec6b9,true,ps2 textures\opaque\bp_remade,true,false,0,none,false,5,false
s221a_fireplace_00.bmp,bc16061a39365c7c45941ab61ff43c7749bfa34e,55b9e01fa05b9f9b8e8b12e68f7c2d838e48ef7f,true,ps2 textures\opaque\bp_remade,true,false,0,none,false,5,false
s221a_fireplace_a00_alp_ovl.bmp,52ee12d2fe5cce11efa6612737dda314df5be4ed,d42a34cba71dadd8a3fb170fae2f72db99ea018d,true,ps2 textures\HAS ALPHA\bp_remade,false,false,0,none,false,5,false
s221a_photo01_alp_ovl.bmp,7a48955d2ce4695ac7ef3fc25693b6c4176fda12,823070e4898fab03d1dfffeb24cf6b7f39d47e2f,true,ps2 textures\HAS ALPHA\bp_remade,false,false,0,none,false,5,false
s221a_sirakaba_tree_rep.bmp,e8543b7848e4a357772ef83bce9ba8f05471ac25,bf31afc29bf1699698892753800126abef1b0cca,true,ps2 textures\opaque\bp_remade,true,false,0,none,false,5,false
s221a_stove_01.bmp,2061b7b0d1383dd911de28bb3fee7be1f6688cab,e2cfe205be1040d207f57c93c97229d3e64a12ce,true,ps2 textures\opaque\bp_remade,true,false,0,none,false,5,false
s221a_wall_a00.bmp,5d41fdb8f9851bafc83dcf0c6419cd68fee1aaf9,2d60f1ad92a4f2ce16435f3ec4ce9b98d1931235,true,ps2 textures\opaque\bp_remade,true,false,0,none,false,5,false
s222a_door_nob00_alp_ovl.bmp,c920b2974054f15702421d8371f296418ecf1cb9,48ec12a343dcca4cf9b607d1a650a89ad508eeac,true,ps2 textures\HAS ALPHA\bp_remade,false,false,0,none,false,5,false
s222a_door_nob01.bmp,9f9e9a7e6329cdc02ed7f7448dd297476418b2f7,ec78cb4da296fa3bf1f2d7e74c4c2187fcba952e,true,ps2 textures\opaque\bp_remade,true,false,0,none,false,5,false
s222a_room_carpet_01_alp_ovl.bmp,716409d092b9f8de297fd5f54fca84060d82d978,977b0cf85b2a4cefd626fa98f341c1e1b9810125,true,ps2 textures\HAS ALPHA\bp_remade,false,false,0,none,false,5,false
s222a_room_dai_01.bmp,ebc99966e2ab1694498ca3b8042e896fdc261d6a,bca6a070ac7e297b7d7a74b9e00f12f68ed3becd,true,ps2 textures\opaque\bp_remade,true,false,0,none,false,5,false
s222a_room_dai_02.bmp,e3ead2161a8433c3344a8197be511d2d0ba06216,5d754489dcf7d10867779dc425015d94f387b0c4,true,ps2 textures\opaque\bp_remade,true,false,0,none,false,5,false
s222a_room_dai_03.bmp,622197717239bef6737543174ffd31be592420e9,5437328fd25588e36e3aa5832f4b40b84f9a3d6c,true,ps2 textures\opaque\bp_remade,true,false,0,none,false,5,false
s222a_room_desk_komono_04.bmp,c69013a7068a789c99cfd42ac36b2ff6f621c354,7f7213c76a2a640b910d59bbf3229590c61b70aa,true,ps2 textures\opaque\bp_remade,true,false,0,none,false,5,false
s222a_room_desk_komono_05.bmp,911d26f2e0d53f0e1242b533e00dcfd538631398,9f3d474019e51b5aacef09e13c601bc340ee7307,true,ps2 textures\opaque\bp_remade,true,false,0,none,false,5,false
s222a_room_door_01.bmp,8dc98716b5a2b206731982daad95a1e6eb96fc9f,e91040a64ba9f42f4026d97eb1eea598bc57fdf0,true,ps2 textures\opaque\bp_remade,true,false,0,none,false,5,false
s222a_room_door_02.bmp,d0c7489f414ed317531ba992f00c9c2b9d041270,816acaab8447953683ef957e12f041b5009a3d83,true,ps2 textures\opaque\bp_remade,true,false,0,none,false,5,false
s222a_room_floor_01_rep.bmp,56b279006f70ad8f9a8439fce1bf9175fcbcaf11,c5482effb80e849480ea31e7e11bbd7f758dfca1,true,ps2 textures\opaque\bp_remade,true,false,0,none,false,5,false
s222a_room_hondana_06.bmp,f3199840a1ffe4d02e98bd3048590c7d740e8fd1,36ec90d1c8481d7da622f3686b4b1cff76e03124,true,ps2 textures\opaque\bp_remade,true,false,0,none,false,5,false
s222a_room_isu_01.bmp,2195f010d0879db39b5e79e89e7b6d0ae78360ca,8dc6b9144babdb2a0ab746dd1821247c64058139,true,ps2 textures\opaque\bp_remade,true,false,0,none,false,5,false
s222a_room_isu_03.bmp,fc1b636dcfc1229bea57616526ebd33f8590b49d,85e69fdea75acc9fdef4994b543ebcd2c7f313a5,true,ps2 textures\opaque\bp_remade,true,false,0,none,false,5,false
s222a_room_isu_05.bmp,de4db437c4ba8642b4f5cb6af80b21ef3cb9476a,8f9d3a332127b7805e5736f606d4c291b905cb5b,true,ps2 textures\opaque\bp_remade,true,false,0,none,false,5,false
s222a_room_isu_06.bmp,3207c464ebd6e4bb876be03d99bdd4dd4bb11768,c38a570d8242ab98f093650f7d213ae492188708,true,ps2 textures\opaque\bp_remade,true,false,0,none,false,5,false
s222a_room_isu_07.bmp,df3b7397f502b3cf8a1df93c4e4d3e683efe516e,379220e79f2adbc0db5265b699fde3cfdcf54096,true,ps2 textures\opaque\bp_remade,true,false,0,none,false,5,false
s222a_room_isu_08.bmp,2a07c633ea0952c04e91bb5fa98f7cfd1ca63850,96ed5305dc6637854f9f04b4fc3405ee96ecb9e9,true,ps2 textures\opaque\bp_remade,true,false,0,none,false,5,false
s222a_room_lamp_01.bmp,17957580e29f59e00c2077a7fa5808c07bb1661c,dcd1306716423907b5d0a352dc88b251cdaebc46,true,ps2 textures\opaque\bp_remade,true,false,0,none,false,5,false
s222a_room_light_01_alp_ovl.bmp,45c211b29273096359afab0718711173d61aa353,bd7901aaeb6c727ffa9b7c550ab30788fb95bda0,true,ps2 textures\HAS ALPHA\bp_remade,false,false,0,none,false,5,false
s222a_room_light_03.bmp,cb274c07c240a440dc264a44cd1f21febf6bfc77,05d22e57eda3bc3dcd7d4b44b10f0612212e080d,true,ps2 textures\opaque\bp_remade,true,false,0,none,false,5,false
s222a_room_tans_02.bmp,71960f4a8e7e9186ed68ec5692c851b43ccfb588,923d87a02c059d94b727c1e4978ceb9a2658b27b,true,ps2 textures\opaque\bp_remade,true,false,0,none,false,5,false
s222a_room_wall_01_rep.bmp,566a11d742a91af5ae5ab8a1b8b33099621d2500,7d0b923e68de3ce459b06c30e0f6cd8a2b738a35,true,ps2 textures\opaque\bp_remade,true,false,0,none,false,5,false
s222a_room_wall_02_rep.bmp,deec7c99405bc7d52ab1a28a4b0dbeae746f2300,1b682d78a1c543bb4c888fb925d96dca6e4c7472,true,ps2 textures\opaque\bp_remade,true,false,0,none,false,5,false
s223a_plant_d00_alp_ovl.bmp,c341a83c0524481211a7d5db78f55749b6a44f2c,a3a2c9812acf73959f6ac1c40f57bc26890183f9,true,ps2 textures\HAS ALPHA\bp_remade,false,false,0,none,false,5,false
s22a_mog_box_01.bmp,55a8b61b459c847af2b36dcf878e7b8169f7d885,dca7d2cae5c1c8e8e4accb5a41161eb5c2685ca1,true,ps2 textures\opaque\bp_remade,true,false,0,none,false,5,false
s22a_mog_desk_07.bmp,5e14d20e75377094bb2379cc2e83821e8cec6a25,9255a38aa6ff4594006402a8a65b9ae910247d78,true,ps2 textures\opaque\bp_remade,true,false,0,none,false,5,false
s22a_mog_door_02_0000.bmp,558fb0eb4a7988767d76d0fe238c0f3d3baae7be,1d72abd6735b3aa01cc80155962479fc5b6a4c87,true,ps2 textures\opaque\bp_remade,true,false,0,none,false,5,false
s22a_mog_floor_rep_02.bmp,c70c876f3476f8d3df73753d95e21352b436dea5,330fceee0cfd4bbb441d6df83dd2a6500567949a,true,ps2 textures\opaque\bp_remade,true,false,0,none,false,5,false
s22a_mog_obj_01.bmp,a23713c8805c898308eef9fc9d01050cc46f445a,af236c3a7d71a8c1b0660495fed0952d49caaf66,true,ps2 textures\opaque\bp_remade,true,false,0,none,false,5,false
s22a_mog_obj_02.bmp,d7020c1f56cce4cc4156133dc9d95de69bdadbc8,eb0269fec1833d70e36146a713c289efd3a39497,true,ps2 textures\opaque\bp_remade,true,false,0,none,false,5,false
s22a_mog_obj_03.bmp,8e4ceae0ab22256c063265143b2f785143ae4959,3f59927cabc5018b170d7f5b00fbfb0181809c9d,true,ps2 textures\opaque\bp_remade,true,false,0,none,false,5,false
s22a_mog_obj_05.bmp,56dace73e5bbd0703e003c283926d6b2bffef8ec,06cb4a91f03d9e4577da262e914e5181964491a2,true,ps2 textures\opaque\bp_remade,true,false,0,none,false,5,false
s22a_mog_obj_06.bmp,d706eb0b80873cb5ae3e1b351a407718cf1820f6,5685332f50cc2dcb9ef5a51ba72dd28880598389,true,ps2 textures\opaque\bp_remade,true,false,0,none,false,5,false
s22a_mog_obj_07.bmp,9d59aec19b89f21a6875839076257aba233bc2bc,7ab9f127488b0faa3d59173c59559d0d0c481c16,true,ps2 textures\opaque\bp_remade,true,false,0,none,false,5,false
s22a_mog_obj_09.bmp,8457c657084f54f6612de656566644a03175f2ea,3bb13be61d2fa6208b4d8bc0f49f45cdd88340b9,true,ps2 textures\opaque\bp_remade,true,false,0,none,false,5,false
s22a_mog_obj_12.bmp,90a62a60c521184ca840995d1e50ad82f5b3861e,dffa6f98a3f0e4d552c031544597ed5d6195d75e,true,ps2 textures\opaque\bp_remade,true,false,0,none,false,5,false
s22a_mog_obj_20.bmp,cf6e8f7fc5b2f81935bac750774540685f0b73b1,676968bf21c06300129172d2a3b0b7f8b56085ef,true,ps2 textures\opaque\bp_remade,true,false,0,none,false,5,false
s22a_mog_obj_25.bmp,eb33b8287fba68358dc897cf1c440b67dbaad831,83a3d8d910cc98a9ba50749d0108ebc5f5d8b926,true,ps2 textures\opaque\bp_remade,true,false,0,none,false,5,false
s22a_mog_obj_28.bmp,a2d37386f20feda740e726c69fa11ba383c571f8,aa146ed66ff18bbd2a50175965ea9a1e922ce4fb,true,ps2 textures\opaque\bp_remade,true,false,0,none,false,5,false
s22a_mog_obj_30.bmp,f12fad411b77529283f9b0626d69ab6a981b1be6,9266a2fca12a14c1711276e27c72d6a46149525f,true,ps2 textures\opaque\bp_remade,true,false,0,none,false,5,false
s22a_mog_obj_alp_ovl_15.bmp,0608b76a33962180b877b70c48b1fe238d0c9530,ad40b617c850d7ba8e744b25c49629caaac6c3d1,true,ps2 textures\HAS ALPHA\bp_remade,false,false,0,none,false,5,false
s22a_mog_window_alp_ovl_ara.bmp,7c9906595cf309755073282f17c36779336d7514,d43d2ccc1b91455d9f9c1cd6e92d83bc802ddc73,true,ps2 textures\HAS ALPHA\bp_remade,false,false,0,none,false,5,false
s71a_kinokatamari_a02_rep.bmp,03a88d3a66a87333a482ffa35300573e743c0c7a,3f5a5a968113bb4785406755cba812bda7b0e61d,true,ps2 textures\opaque\bp_remade,true,false,0,none,false,5,false
s71a_wall_a01_rep_alp_ovl.bmp,a565591fbe1bbaaa9c85d2b536c7e0980989ffa8,d73b515ff2ab7d0c223d4396e25b737f30b586bc,true,ps2 textures\opaque\bp_remade,true,false,0,none,false,5,false
s71a_wall_a02_rep.bmp,5d26d07dce82671285a884bf360c1d113c641653,ebf3bc69d618592323695795c28ca5202d19239d,true,ps2 textures\opaque\bp_remade,true,false,0,none,false,5,false
s74a_door00.bmp,230ecad72f663d32cf3b7c0b993194a40322151e,aeaf1b05d4444d9554f9072d6bebff56e4e56859,true,ps2 textures\opaque\bp_remade,true,false,0,none,false,5,false
saa.bmp,678e7341fb4385a2259dcce2d3f6e2b9b9b3de9f,2b815c3931a92f0479eafb10007faf6feb6f621c,true,ps2 textures\opaque\bp_remade,true,false,0,none,false,5,false
saa_stock.bmp,a7ece5944cb91bb87d0b16cac8b7eeaf6bc2cca5,1772d7c937a5dab84df725f1a80e942876e6af28,true,ps2 textures\opaque\bp_remade,true,false,0,none,false,5,false
saa_stock_side.bmp,1796cbfd7328f2165f3804cd962ccbf8b0175549,3dd78c035c1a9b96f903c02335a6e58296e4ff1f,true,ps2 textures\opaque\bp_remade,true,false,0,none,false,5,false
sdbodybc.bmp,bc236c8d0eab89a4a3a6a4c15eb359f7336eea05,3098e8e7c516b9ab19b742cff641264ac3530f8f,true,ps2 textures\opaque\bp_remade,true,false,0,none,false,5,false
sdbodybt.bmp,26514fbc45d0b88e7ecda04138e24bc4a2202918,128982cb0a7469a022efa3ce26b8b8a37176d365,true,ps2 textures\opaque\bp_remade,true,false,0,none,false,5,false
sdbodyso.bmp,029fa6375a73911fc4d10fabd408fcce3dd99e4e,e2007b647733b8acc890de5d42a18a24657f3c41,true,ps2 textures\opaque\bp_remade,true,false,0,none,false,5,false
sdfushiro.bmp,394da1108ebc9c59c094d9f83eb24779e8050bd1,2e1dec730a83d0724743617bd6b501e32ec6a288,true,ps2 textures\opaque\bp_remade,true,false,0,none,false,5,false
sdfyokosoto.bmp,81c681b2655cfbbad683a64a130c7efe78c2cbd8,c066be7a552e0b2a70164ccbd6e666d68f323490,true,ps2 textures\opaque\bp_remade,true,false,0,none,false,5,false
seat01.bmp,71bbaad25333569a6ba17fd61b1b9d1c0ea5ddd8,f1237a51a0cec51c2d3a1b8dd129f2f9a29062b7,true,ps2 textures\opaque\bp_remade,true,false,0,none,false,5,false
sec_boots_new.bmp,89f91a73890b597306b5e478e238997d3e9bdaf6,3df6e32a7d1d47a72f7d3ca9008f8e44cb128e4b,true,ps2 textures\opaque\bp_remade,true,false,0,none,false,5,false
sec_bottun_suits_ovl_alp.bmp,3fc1056a63035279102dcac1af163d6275e8a4c7,f471afcd9b8294d46e6d2cfe4200d638aa592b85,true,ps2 textures\HAS ALPHA\bp_remade,false,false,0,none,false,5,false
sec_eye.bmp,3a83c0fe9e06b50296d4d0a905ff2a4b608b8a83,ef51afe4718505510e64b210a2530a8f3d27a68d,true,ps2 textures\opaque\bp_remade,true,false,0,none,false,5,false
sec_face.bmp,939f0567e426311d58ab09a7b80467da8c7cf8d8,31ac952d5dbfef70f88094eb5cedc769a7bf6c68,true,ps2 textures\opaque\bp_remade,true,false,0,none,false,5,false
sec_hair_back.bmp,625885026e3e3d821bcdef68de8ebde87bc278c0,47441bf6cc63d328237a4d13780a05451e455932,true,ps2 textures\opaque\bp_remade,true,false,0,none,false,5,false
sec_hand.bmp,ee53826dabc2ebdc4b6cde8a4e03668b55e9471c,66e5d47947548e945e2502debdb263370e75c173,true,ps2 textures\opaque\bp_remade,true,false,0,none,false,5,false
sec_shurts.bmp,c3a6b77acbd963ddefc633375e7368231b1ce090,b50ae9b4f9ac0f7214d5a04e1bfcb4bb91ab4311,true,ps2 textures\opaque\bp_remade,true,false,0,none,false,5,false
sec_suits.bmp,9b126355ad81836575000ae52ac055b9141b1213,5ae0b0dfef90723ef83e6a9c72b805919333b8e2,true,ps2 textures\opaque\bp_remade,true,false,0,none,false,5,false
sec_tai.bmp,e4955e97ee0096b25088affbd0c3c28fd8a7b57c,e73e905a2761f58747becfd7bdc871944339213d,true,ps2 textures\opaque\bp_remade,true,false,0,none,false,5,false
sec_teeth.bmp,b07c1c2d86cf38ba46b58278a4818a4976fbdb7c,35d6c6ac588b50e980e8cfd1838328a473e7114b,true,ps2 textures\opaque\bp_remade,true,false,0,none,false,5,false
sga_cigar01.bmp,cdf50288a11c8454db83012dfff295e643aaddc0,cadba9af88c56ee7ea95171ca9d4ed74f357944a,true,ps2 textures\opaque\bp_remade,true,false,0,none,false,5,false
shago_chest.bmp_fcfbdb5e2a15170451a95cb3afe12a59,609fefa16c8dd5587dfb27b5e458fa7fd397f0ac,c70b5820d443796fe43056449940bc539aeec0e6,true,ps2 textures\opaque\bp_remade,true,false,0,none,false,5,false
shago_drill.bmp_28faebf0b34037be547ba7a3f2fb76d1,75b58599a6bc2b405dbe9482e5baa1a0e0191d3d,a3d54c655bec206c7c0dc9979babe534df76da89,true,ps2 textures\opaque\bp_remade,true,false,0,none,false,5,false
shago_guns.bmp_81e766ae723f84e35357da990a62a81e,89da730345542b3dfd5ac42d8570bbdc44d23ed0,30ef742bfab559dc1d115aa803bdd824438002b7,true,ps2 textures\opaque\bp_remade,true,false,0,none,false,5,false
shago_head.bmp_4034d0d5bcdfd95388b31568cc0267f0,f8396ac1103041306572064d3fa1d2ac48946de6,143a3b76023709aea45ddd60a9e7555c5d275aa6,true,ps2 textures\opaque\bp_remade,true,false,0,none,false,5,false
shago_hover.bmp_deb4e1875ec0034166b6eee29ac3dc1d,19a9ac3148bca83be0b3447506f3213ca45e6fb9,c3216763160a9a1ce34083fa3797a7ac74077faa,true,ps2 textures\opaque\bp_remade,true,false,0,none,false,5,false
shago_leg.bmp_e7c7a6f45bfa01e9e22b39dbbeedcfc7,45744abfa19e29f64bb6b365bf9b8058f1228eb8,038ad69ca920955fe1f548bcb9bba4bc44918dae,true,ps2 textures\opaque\bp_remade,true,false,0,none,false,5,false
shago_leg_engine.bmp_858236ddedcd2a526714311b34088216,ec35b032f41b07e430606676e29b67c01ad63c38,0cfe2e43a4da6b8bd81ef80f8f4612fc16589028,true,ps2 textures\opaque\bp_remade,true,false,0,none,false,5,false
shago_leg_struc.bmp_eb93df1be56a59bf594202eba9bbbd6c,29e6e36984e731c4cc056b0009b9cd2613cd3f8e,8211f07fa9523807fba8df485238ac0c8b188429,true,ps2 textures\opaque\bp_remade,true,false,0,none,false,5,false
shago_pit_base.bmp,b8c30cf656ef111d11740693a6590995b038777b,6460f8323932197e14b625e9fbc9c8ff2a657772,true,ps2 textures\opaque\bp_remade,true,false,0,none,false,5,false
shago_pit_duct.bmp,243427cf1cd2825684c53fbeb1e86696a7bea16b,c8ce140d5cb36eaf80b937c53f91f46a1483de00,true,ps2 textures\opaque\bp_remade,true,false,0,none,false,5,false
shago_pit_engine.bmp,cb335950cf95c76964b41d2bd5e082733f89f314,5fd2bfefc4695c0b7e45f3f550521a2bdb612013,true,ps2 textures\opaque\bp_remade,true,false,0,none,false,5,false
shago_pit_rack_more.bmp,da2c93107c23adf99d5b08959153e3e5447d6e52,54d188ec232736a0ca02cfdbd129fdc76aac13d6,true,ps2 textures\opaque\bp_remade,true,false,0,none,false,5,false
shago_pit_roof.bmp,2da9fb74bb161176f1b7ce5ed57fe3c78cf0d367,f3dc65bef1c5b453968794f3578b21c7df6d0da7,true,ps2 textures\opaque\bp_remade,true,false,0,none,false,5,false
shago_pit_seat.bmp,bdf5ba5a99c95dc595942da85fe4ea7654cab34b,9a68743f0c676a7bc1c46d90b842cf09b1180290,true,ps2 textures\opaque\bp_remade,true,false,0,none,false,5,false
shago_shield_02.bmp_b48c11ab58ed89b99d8e8768685b1cb9,cb542cae74cf4279705fdfc6262b5d297ae5ac2a,542a5b948717ae05def2d9bdc18d87085dc278b9,true,ps2 textures\opaque\bp_remade,true,false,0,none,false,5,false
ship_marking01_ovl_alp.bmp,091082f4a4160945e70cda6251adefb140cde500,9e69ecb9910492537eb29f79076d304eff234207,true,ps2 textures\HAS ALPHA\bp_remade,false,false,0,none,false,5,false
shirindahead.bmp,ee47069acb561bb3d9f74d862fa304f7f1ce611d,79611a68dcd5e5491cacbcdca14ccb1f06dd5a1c,true,ps2 textures\opaque\bp_remade,true,false,0,none,false,5,false
sign_a00_alp_ovl.bmp,07f92930bdd3a47afa8473e3aa039f14d92ed9a9,e7aca68d3498faf54f3dffdc8ce73a0a94fdf16c,true,ps2 textures\HAS ALPHA\bp_remade,false,false,0,none,false,5,false
sign_labo_01_alp_ovl.bmp,d056a20c170a98a4c092eb6141373cabfddf7196,2297180255488a8ebd8b47068907cbb519b301d1,true,ps2 textures\HAS ALPHA\bp_remade,false,false,0,none,false,5,false
sky_d1_cone64.bmp,e1683335cad8560ffc97b37c11a691205df7ec6c,1b6e8d724afffcd39fef620d6501d9380f844b1e,true,ps2 textures\opaque\bp_remade,true,false,0,none,false,5,false
sky_d1_hem64_alp_ovl_rep.bmp,4c43a8e2b70239ef5a1015c0d7954906d5b5b97d,c8448294cbddae954685d137f8a0f26fbc838176,true,ps2 textures\HAS ALPHA\bp_remade,false,false,0,none,false,5,false
sna_bk.bmp,e89253f824ba921724554ebe549a3b18acc0d612,02b036514fa7da4a40285a2c949eacb86a892618,true,ps2 textures\opaque\bp_remade,true,false,0,none,false,5,false
sna_def_hair_base.bmp,6c9cd982b1bc159371b265a668b21a56aadf34f1,93469af601bfef0a736b73cdf134915db758d3f0,true,ps2 textures\opaque\bp_remade,true,false,0,none,false,5,false
sna_def_hand.bmp,ed511e5a98196cd4b0cd62cb334c4807e6c58f0a,6597b7a06f30aa3b739e28e2b9fedbb898148ce2,true,ps2 textures\opaque\bp_remade,true,false,0,none,false,5,false
sna_def_olive.bmp,cb80fb05e5c0aa91107bd026d1cc994962962407,c692ed525715fefbd645aa827e476066ece26c9d,true,ps2 textures\opaque\bp_remade,true,false,0,none,false,5,false
sna_def_olive.bmp_1e8fc08d5b630dfe69f34753272d8373,8017fe0176f1c2ea00ee02aeedc8697713c6afd3,ec4323e9f4aace1a160fefd249f351dc25125091,true,ps2 textures\opaque\bp_remade,true,false,0,none,false,5,false
sna_def_olive.bmp_3143cadcb73aac1bbd968a2b5d153f86,e44ea8ba9b28c889d1e96d0966b3b4ecaefbb9bf,4c6a0cd01d982a46cb1c6fd3bce35468dca2819b,true,ps2 textures\opaque\bp_remade,true,false,0,none,false,5,false
sna_def_olive.bmp_34ca265f5efeb803459e00e7bba3ec76,de1d10b26c361804c36b759d762271b229b3a2df,9f064a8b1bd2fc9163bf67f8b3409348f3247b61,true,ps2 textures\opaque\bp_remade,true,false,0,none,false,5,false
sna_def_olive.bmp_3613882f043e61b306da380d95f00e56,5dfe867d909495c7855ec478310dab94bd0c0056,0cda62ab4a4b393b9bb57a1def69b28ec220da33,true,ps2 textures\opaque\bp_remade,true,false,0,none,false,5,false
sna_def_olive.bmp_429f87cee87483c5dfd68a8483db6a88,e2ef17e55a21cab21c293c39e22912ac268dd65b,e9c275b57079f245fbabc310a844a3a10c09008b,true,ps2 textures\opaque\bp_remade,true,false,0,none,false,5,false
sna_def_olive.bmp_4ed6ab75380ef132068c07def42791b2,ce950bf2e9dfdfc279a0487eae1a2a6c65945841,efd63f945e6fe2554d70876d6e29eda4b0eded32,true,ps2 textures\opaque\bp_remade,true,false,0,none,false,5,false
sna_def_olive.bmp_4fe34e9fb94333e54a96678c83539a6a,f81238187bfdb04082b25a0c537e3038f5f2c31a,a6e89b93d0389c4777b4ed1da7233fa109ea9355,true,ps2 textures\opaque\bp_remade,true,false,0,none,false,5,false
sna_def_olive.bmp_57799a742ee247d19fecd7117747eb4c,0e253f1d2fcc2a272c4cf68f916aa286f0cc423a,10061f707eabdd516604a804c50b46be3b4a8cd2,true,ps2 textures\opaque\bp_remade,true,false,0,none,false,5,false
sna_def_olive.bmp_5cde5a23f56142e48a6daea0749d27b6,829911c8fdb70ba4cfc0ff7974c9a2a3b3ae211e,d92597cd9c47ea828f568e9a0308fcbe9386d1eb,true,ps2 textures\opaque\bp_remade,true,false,0,none,false,5,false
sna_def_olive.bmp_66e33477ee309989a8edabf630709b1f,127ee05163644823df599ec346243366ee0a21df,4cb7ca95277e89230ac6a6019881c2166ada3ed1,true,ps2 textures\opaque\bp_remade,true,false,0,none,false,5,false
sna_def_olive.bmp_6944dfbf2b7396ecd6c6b4eae01573c9,1f3bcb45bdd1fbdeef60faece21c3318118c7b67,5b2702666284c5dfc1b04089a582c97dd5728775,true,ps2 textures\opaque\bp_remade,true,false,0,none,false,5,false
sna_def_olive.bmp_69a080e9a1fbf01b5815160fd59db213,4b9f9853f8a91335d13745ccbc2a34145a442242,1edf0a605083eed41d941d9890a89ec6a2ca3afd,true,ps2 textures\opaque\bp_remade,true,false,0,none,false,5,false
sna_def_olive.bmp_6ad901c21d969ba685fb19576d166134,9c42f110fa62053073ea8d46678ded17eca547be,2e5033cc53cdf4d7702c806cef564e6ad3269a0d,true,ps2 textures\opaque\bp_remade,true,false,0,none,false,5,false
sna_def_olive.bmp_6b97ee6a2a4b329361fa5a0d882cd8aa,3fd719575785470e0e5889b0e89820461079223f,6dc99e9427953b6fff1620624c0f137d48c89907,true,ps2 textures\opaque\bp_remade,true,false,0,none,false,5,false
sna_def_olive.bmp_80b56de647570ad2aea1f3d87ce70d27,03204c8a441b5b05e89669156dcc5f546d4f328a,4c8ec4619d55820b8d0143f143e413fe2dbfb64b,true,ps2 textures\opaque\bp_remade,true,false,0,none,false,5,false
sna_def_olive.bmp_8376e598d8c57af4a0eb4f3fd60a016f,414f47488b56e32cdfe9b6568577e454d52f8807,724d94e593e54515d2149e4139c1bd7b91e74a94,true,ps2 textures\opaque\bp_remade,true,false,0,none,false,5,false
sna_def_olive.bmp_8a7087c7c87848f2d0a0aa81a5398d63,b422aeb5a65fc4a99899ffdde6bdf52b84b29a5a,3f279215f6af2024004bb90ebadbc40c25ec3275,true,ps2 textures\opaque\bp_remade,true,false,0,none,false,5,false
sna_def_olive.bmp_9af6aaef5b609776c8e303d94ab315b0,bfaf9f4a8db7a38b534cbc0aa1369df6ea9f0fee,55e2a8795ef7ec7f3c07d65fb0b04ee20cf365d8,true,ps2 textures\opaque\bp_remade,true,false,0,none,false,5,false
sna_def_olive.bmp_b38b6218ff8fa62af178fe6218ed1e0a,66641eabc48cb8ac9ee603dd5d07314fae3beb24,6370f1e249d51d6600b2b89c4539790f8608be6f,true,ps2 textures\opaque\bp_remade,true,false,0,none,false,5,false
sna_def_olive.bmp_c24ea2e0e48eee993d85e497dc482559,5206acbe44c929a09484b87c40dfa0b5853730a2,080b993a8719dcfc11d2e6bbfb40028298103f9d,true,ps2 textures\opaque\bp_remade,true,false,0,none,false,5,false
sna_def_olive.bmp_c93f85099829dd9ea31bea8b0ed00ceb,f38d8b6aec3cbc89c06a0ca4a09cfde2eeb7115b,9ad23953a34c15bf179f596f9fe8297ef704868f,true,ps2 textures\opaque\bp_remade,true,false,0,none,false,5,false
sna_def_olive.bmp_c9b5db71e3bb16a2462c4ad6d16643a6,52789cc49c448dd0a8cb95968bd2106501f08b13,c20f606330e7a6719a413a9ffda5272c719d7630,true,ps2 textures\opaque\bp_remade,true,false,0,none,false,5,false
sna_def_olive.bmp_d1074941f11b44c7bc252191a3af0061,8174c11c9cc82739ae2e6c53fe5310cac0402051,039ad4620298db71c6ad65791403cff0232a1c41,true,ps2 textures\opaque\bp_remade,true,false,0,none,false,5,false
sna_def_olive.bmp_e4294d43ca30e584d679b3175ebea12f,3e29c21e92aa6911634cdbb35dbdf147ae427c37,d4bead688729d0631c2a928c8fe952111bf36890,true,ps2 textures\opaque\bp_remade,true,false,0,none,false,5,false
sna_def_olive.bmp_fb7533906ae772bfe0412dad5c8f1b2c,851b278ab29fd96ad95d86b3db895748c429b79b,84d60d2859ace6f565aaef17ea0d88b43a088d7e,true,ps2 textures\opaque\bp_remade,true,false,0,none,false,5,false
sna_def_olive.bmp_fddc17abd35f6bd4bcfe075aa87fcd3d,c875a1ee5a556a2012fd94c3bb865ccc52d509a4,c888248067d615e96ee472e27c3a1f4eafcb2811,true,ps2 textures\opaque\bp_remade,true,false,0,none,false,5,false
sna_def_ovl_mod1120_alp_emap.bmp,1459cb0e117f9ef311a6c5e03561a5996fbf364a,ee784e71fb1ad1b4b1ba88372348397f0a5a1e2f,true,ps2 textures\opaque\bp_remade,true,false,0,none,false,5,false
sna_def_vr_eye.bmp,74f1b89df8ed909dcd17b582ecaa941f7db7c638,aef5375d43c31320e418be11ac528bb7de5ef9bf,true,ps2 textures\opaque\bp_remade,true,false,0,none,false,5,false
sna_face_cell.bmp,ac5a16e3c41f93c7a1091a87a8d137bad5190097,424faf5e5d0cb8686e3d178ae866008d8e440ec5,true,ps2 textures\opaque\bp_remade,true,false,0,none,false,5,false
sna_face_dam_max.bmp,d30e81f9b3c151d14107f59476d6bb33fda8ac74,c95425d338d7a42ba266ca0044d0120339afa42c,true,ps2 textures\opaque\bp_remade,true,false,0,none,false,5,false
sna_face_def.bmp,03085eb48aa337279edf0a1aed55c1c52d3e45d2,4390a2e4a98804ce3fd61e260d13e93f535a4095,true,ps2 textures\opaque\bp_remade,true,false,0,none,false,5,false
sna_face_def.bmp_bbe58170874ef112ad7f8269143d4430,afe66a08875329d44a6cdb24065bb56e78bc13cf,884b7e2378186b57ba6e41f785fa3b7fe46a5b75,true,ps2 textures\opaque\bp_remade,true,false,0,none,false,5,false
sna_face_halo_def.bmp,70da8666b144e2e0cc78210bdc9b889cf148e2b8,06f0521e3f5605c80ba4ca4b0a350c0a9abf1c72,true,ps2 textures\opaque\bp_remade,true,false,0,none,false,5,false
sna_face_vr_def_hi.bmp,6f8389e822b9bc6bf576d4a89db6b8fe952b7e19,43b8b21d05de1eaffe3c9e331e8679cf65f1eef1,true,ps2 textures\opaque\bp_remade,true,false,0,none,false,5,false
sna_foot_sp.bmp,67f3b56674788efe959c9d495debcd6570aa10ee,4b0cef27c770def5d3f0565f4b2d6e84b18c8904,true,ps2 textures\opaque\bp_remade,true,false,0,none,false,5,false
sna_foot_vr.bmp,559b4bfad6d061af9e4b30ebf0d95fc490d1a589,ceb2426e43b3b6854e03b6dac56616fb02336f91,true,ps2 textures\opaque\bp_remade,true,false,0,none,false,5,false
sna_hair_base.bmp,5f03f0cc3af2c98a8df8955aa901d0ef846aa8ee,2a2027922d5d94b879239e80de25c636eca5ace6,true,ps2 textures\opaque\bp_remade,true,false,0,none,false,5,false
sna_hair_front_ovl_alp.bmp,562f45fbefabc0e6392a915e9d2275b90837e5dd,88e5b6b780ad895b842163343daefe7f344a7460,true,ps2 textures\HAS ALPHA\bp_remade,false,false,0,none,false,5,false
sna_hair_layer_ovl_alp.bmp,07d849323fab86facd7d1347a6054bbafa20fa7e,52ecdd9826f66cbecc3132a51892f7ca3ff3fc7c,true,ps2 textures\HAS ALPHA\bp_remade,false,false,0,none,false,5,false
sna_halo_alt.bmp,1334e03e0c27630749c9cf4b955318b74a7e1c6b,c795b1e8e3ca3e8e1267035fa9471cdfe0cf7d76,true,ps2 textures\opaque\bp_remade,true,false,0,none,false,5,false
sna_halo_arm_def.bmp,d863c70d4e08bdaadc32105cb8fbfb44796e5e45,b9c93bb38f95d84ce154faf2e82287a7ed34359a,true,ps2 textures\opaque\bp_remade,true,false,0,none,false,5,false
sna_halo_bkpk_vr.bmp,7ecf2db4f6bf5d5da14a3399bc6a323eef1f0a62,e704e2bf64fba0a4523642309f85de6e965963dc,true,ps2 textures\opaque\bp_remade,true,false,0,none,false,5,false
sna_halo_chut_open.bmp,7429d7b05e835c33e8a9e6e7d460dc7ac93caa78,d5d07bd813328202d899893054f989072004eaa1,true,ps2 textures\opaque\bp_remade,true,false,0,none,false,5,false
sna_halo_hips_op.bmp,1647243ffe8abea21a93cb29a5e13ba94666c6c3,a6023715ad51d0291e815f7b178ac3bb8da87114,true,ps2 textures\opaque\bp_remade,true,false,0,none,false,5,false
sna_halo_para_close.bmp,da0ab2725d38bb9f841376efd7581cfa5c182d8a,e6151032f758014797d86e0e255f178c99514145,true,ps2 textures\opaque\bp_remade,true,false,0,none,false,5,false
sna_item_hm.bmp,ec46d70ece0ab18350dbd92ece7393cb28d61db3,fb24c59e28225d5572123d375ac9b91a10995530,true,ps2 textures\opaque\bp_remade,true,false,0,none,false,5,false
sna_item_roastfish_dmo_body.bmp,4e768d8ccca460ac08bbf21d5cadebaef7604893,09f45152273e6c8b412b0efac447372165c48461,true,ps2 textures\opaque\bp_remade,true,false,0,none,false,5,false
sna_item_roastviper_dmo_body.bmp,5f62d77ee89a2463e5e352383961de3ba2368d3e,73ce2abeace51dacff0316a39a71daac53cf5c9f,true,ps2 textures\opaque\bp_remade,true,false,0,none,false,5,false
sna_item_roastviper_dmo_wood.bmp,dbbf0538daabc07fa3328a8d151308d137a05a00,e130068307bf35a63b077a10070cbf7ce6a7c288,true,ps2 textures\opaque\bp_remade,true,false,0,none,false,5,false
sna_mgs3_antena.bmp,b7c1e3c6b7bbf436837f29f52375c7c527bab240,9a1bdba79b186aa132b5f9305abe4d97287500e6,true,ps2 textures\opaque\bp_remade,true,false,0,none,false,5,false
sna_mgs3_arm.bmp,63b8b68f4f0b8ac52bfc8262b1f7bcf323e6a494,5c4a369a17bf670e344f910dd76a9d7cd73c2389,true,ps2 textures\opaque\bp_remade,true,false,0,none,false,5,false
sna_mgs3_belt.bmp,151b2efc10bf4d2200cfe63a5e5083699491fbfd,62c792b9d1f640b0a6febb858964f1f091b1770f,true,ps2 textures\opaque\bp_remade,true,false,0,none,false,5,false
sna_mgs3_belt_side.bmp,7e98f3bb88e35cc38da7ab4a86525676c698552d,0e00913fd97b487a05c5fe261a24f03b762729e3,true,ps2 textures\opaque\bp_remade,true,false,0,none,false,5,false
sna_mgs3_gh.bmp,e07118d37e619004dc8299694c56caa6a2b9073e,a0a6e08c93e9ce4c86e23ba23c90a24a10222dd1,true,ps2 textures\opaque\bp_remade,true,false,0,none,false,5,false
sna_mgs3_gun_hol.bmp,ad26a1eb9ef5b45de9a19123434a623de8f00b25,5fd511193064b3b920b10c60a2c17fd970cac1cc,true,ps2 textures\opaque\bp_remade,true,false,0,none,false,5,false
sna_mgs3_halo_belt_of.bmp,2bd5076ca323701666edfa96f5def77a29d72795,693ec5db242be683492a5b6d6c60db8b06b9da82,true,ps2 textures\opaque\bp_remade,true,false,0,none,false,5,false
sna_mgs3_halo_belt_op.bmp,086b596de68959953f8849e46be5dd82f25dac50,3e0d57dbe1ed93d35bdf3dff74a8e70f832db89d,true,ps2 textures\opaque\bp_remade,true,false,0,none,false,5,false
sna_mgs3_halo_chut.bmp,a7731ae6bf67a3edebb803c774dcc851d61ba83f,3aa71b3892c8bb0b43734fa8a48197c57caa9cde,true,ps2 textures\opaque\bp_remade,true,false,0,none,false,5,false
sna_mgs3_halo_front_op.bmp,6b266ec91b90378c8e9e6742d1b6591f9c33dedc,05d0bd0a2fdf7a292d6a2fa54cd1374226550970,true,ps2 textures\opaque\bp_remade,true,false,0,none,false,5,false
sna_mgs3_halo_head.bmp,f3350f7ded8aba74685d5aedcb2413db9ff95aae,9f1a8009e426c03473f6c126af89c2dcd7ad35f6,true,ps2 textures\opaque\bp_remade,true,false,0,none,false,5,false
sna_mgs3_halo_head_top.bmp,39bdf4b31fb51e5b42d5fab554649b1a9dfecf00,5a92ddb581912907f405a99516e8d713a9b324de,true,ps2 textures\opaque\bp_remade,true,false,0,none,false,5,false
sna_mgs3_halo_mask_demo.bmp,e1872ad99e55478977d9103e0ff772d5ee3e118a,d9068c57d1111a2bbbdaac329d945ba87fd4df8a,true,ps2 textures\opaque\bp_remade,true,false,0,none,false,5,false
sna_mgs3_halo_shl_op.bmp,5ea33bf8870554506f1b5ff2c35d8adfcdf73074,b5727d7ce2c47747eac4b75498b51d9f5c29804d,true,ps2 textures\opaque\bp_remade,true,false,0,none,false,5,false
sna_mgs3_halo_tape.bmp,b526373a9b27ddcd4d93999f73c22625583d3bca,664cd43cd35343bd3b8888b2cbb42c7fad84cadd,true,ps2 textures\opaque\bp_remade,true,false,0,none,false,5,false
sna_mgs3_hh.bmp,838819d87906cb42759939beade02bf8e7de5e01,44cadcf15f3d984b28b79214be4bf23e753dbc88,true,ps2 textures\opaque\bp_remade,true,false,0,none,false,5,false
sna_mgs3_musen.bmp,cba0974d1b1d9a5428f1f120be806a2a093c42dc,5e182ab2c914da111ca06965ac61132e45365bc9,true,ps2 textures\opaque\bp_remade,true,false,0,none,false,5,false
sna_mgs3_naked_belt.bmp,a4536aa1e1a5f14e8fa08c60e899d5ca304153d3,32cdcb5ab6b61b47dd3bd50356051b4b353defad,true,ps2 textures\opaque\bp_remade,true,false,0,none,false,5,false
sna_mgs3_wl_op.bmp,82d2c16aedcd08686e729531fc8a33db5fc51290,f646a3610b1cd89cbc7a62076536a4174d0abe56,true,ps2 textures\opaque\bp_remade,true,false,0,none,false,5,false
sna_mgs3_wpl.bmp,17ce4b0bb10419efaa5fd39f183db7e6b34c07d0,2de4e93db12f5066abfd4f0a0034b9d2e3df80b3,true,ps2 textures\opaque\bp_remade,true,false,0,none,false,5,false
sna_mnt_boots.bmp,a3feedf0ec1e16560a8d76a303a1b4e152d0bee2,f1a36cb637fcfde01cbbbe854ffedf1a508e86d2,true,ps2 textures\opaque\bp_remade,true,false,0,none,false,5,false
sna_mtg_ovl_alp.bmp,b2a67ee31d9e2344190f595f6f2e14c1acad123d,c75890b03a71774e1aa9cd100522fe98c6db879b,true,ps2 textures\HAS ALPHA\bp_remade,false,false,0,none,false,5,false
sna_rai_face_def.bmp,c24e41832f011aaafa2c9eb58d3a25d1db12091b,8b24054450aef6acafea6aef5f94ca9697b09a7b,true,ps2 textures\opaque\bp_remade,true,false,0,none,false,5,false
sna_rai_face_strip.bmp,22ab0a9f41d2bbf121b1a3fbd83b65bc16b4a584,af690b1c0c1172278d6ba435849f2f78afc6a2b2,true,ps2 textures\opaque\bp_remade,true,false,0,none,false,5,false
sna_snif_def.bmp,69cfe916adfe7e39e9be789176acc6c2a39fe69b,d8623786daf506509d98921acc99d63cb081f705,true,ps2 textures\opaque\bp_remade,true,false,0,none,false,5,false
sna_vinyl_bos_hand.bmp,caab5a5d0c993e69827a1bf1710faa95695f3ed5,15f88218f43cf7f2e41419eff85bccd38e34a282,true,ps2 textures\opaque\bp_remade,true,false,0,none,false,5,false
sna_wor_def_shatu.bmp,47bc8b58fbc5361543f08381a6f917f86d78a150,82826b5e9986a1afb2b93f88d1f016f5e3453dc7,true,ps2 textures\opaque\bp_remade,true,false,0,none,false,5,false
sna_wor_def_staffproof.bmp,4f23d84e5748afa4d7978367d0e9a37c87d5af64,334eeb76e631b8375f43e225f2912ec1b33b25b6,true,ps2 textures\opaque\bp_remade,true,false,0,none,false,5,false
sna_wor_def_white.bmp,5ca5c18d80df9ac7fc52d058f5092642e8cbec23,38244e72bdc2f8524df3443c818821cb43659c1d,true,ps2 textures\opaque\bp_remade,true,false,0,none,false,5,false
sofa_side.bmp,d50aa2af968730ad6d7a134382152044bf6f92ee,02331309e2a1ac72d31fef55b4405ad3406c7b26,true,ps2 textures\opaque\bp_remade,true,false,0,none,false,5,false
sofa_top.bmp,555418257157c4a0c2f36915f5c0c4cbeeedda55,5b5607fef28a9d3c7131d51f2c9db96bf87aee52,true,ps2 textures\opaque\bp_remade,true,false,0,none,false,5,false
sofa_under.bmp,02de474555f6a7ca3291b29f8d3e762806baed20,df83ae39fccdde6723ac388a81e795435cd07bee,true,ps2 textures\opaque\bp_remade,true,false,0,none,false,5,false
sok_coat_body.bmp,3b66157b3c00abf4189cac882b9053d834ffe4bf,828b746d77c8450a8aa378d43373f3ec4263332d,true,ps2 textures\opaque\bp_remade,true,false,0,none,false,5,false
sok_coat_boots1_ovl_sub_alp.bmp,cea720df0e6d3f5c042b04a5947b3700267ae014,71d078b9769083b7b840297f4b1dc3f22d5568c5,false,ps2 textures\HAS ALPHA\bp_remade\no_mip_fixes,false,false,0,none,false,5,false
sok_coat_boots2_ovl_sub_alp.bmp,b48aa83ab7e96e5c2bc38c4b89ad8bfc76696ce1,18207c74b46ac3733195ac4d69ae96bf7805df7d,false,ps2 textures\HAS ALPHA\bp_remade\no_mip_fixes,false,false,0,none,false,5,false
sok_coat_boots_ovl_mod1120_alp_emap.bmp,8d02572bc2a8b34a9e96a36f27a671c091861842,96f0e388d6105589f33731005e10f4be6f1aff74,true,ps2 textures\opaque\bp_remade,true,false,0,none,false,5,false
sok_coat_coat.bmp,5a830ac6f69a5d2a250da098a93ab7382c2c5b1d,a80e24e2ca0cfb48d5008d61640f9dc7127b8aa4,true,ps2 textures\opaque\bp_remade,true,false,0,none,false,5,false
sok_coat_coat_ovl_sub_alp.bmp,0870f346987b7941b4ed4691794eb03d668f94de,95ce4fe924e52cc96cb46e821ec42e4dbbabdea1,false,ps2 textures\HAS ALPHA\bp_remade\no_mip_fixes,false,false,0,none,false,5,false
sok_coat_eye.bmp,708dabbd7d96336608fdebfe7b0e915215a203ce,79dd1fcedad46b3cf8f04945971931312ede1a86,true,ps2 textures\opaque\bp_remade,true,false,0,none,false,5,false
sok_coat_eye_hi_ovl_sub_alp.bmp,98f59b99550b310cf161f7c003e54cbb47865578,8f1c1fe44414f2238238eff7948708b41e76456f,false,ps2 textures\HAS ALPHA\bp_remade\no_mip_fixes,false,false,0,none,false,5,false
sok_coat_eye_ovl_mod1120_alp_emap.bmp,8bf47921fa92fc3be7e173725f65ef5a3abc5de5,4fd73cbee45bb580a506376df626059c847885d6,true,ps2 textures\opaque\bp_remade,true,false,0,none,false,5,false
sok_coat_face.bmp,8c97d9a58d1f2887b494d49cee8a5c33d3e7a915,8cbe9a4a7f6c8d146b6e72c70a21555fec42a613,true,ps2 textures\opaque\bp_remade,true,false,0,none,false,5,false
sok_coat_face_ovl_sub_alp.bmp,7443b5ebd3515b67f3a9321aa458ea48932cfefe,3c9b01084b7c37794c5734a84a310d894439f3ac,false,ps2 textures\HAS ALPHA\bp_remade\no_mip_fixes,false,false,0,none,false,5,false
sok_coat_haind.bmp,f8c4c6684509694b87e223d93a657bb29ff6cec6,14e7d508eb3225790b551a11905e691ef043f014,true,ps2 textures\opaque\bp_remade,true,false,0,none,false,5,false
sok_coat_haind_hand.bmp,1cb42cac5e5292dbca1692dc965f8b1504cbf7b8,4e7c07cc8d2028d63825a52ebb3d9f1ce3ccf9f4,true,ps2 textures\opaque\bp_remade,true,false,0,none,false,5,false
sok_coat_hair_alp_ovl.bmp,f98956043b6ef07d83c6bc5a91a3a0cd622af99f,636ae5366e0be04b14691b69d1eb79b609e7df73,true,ps2 textures\HAS ALPHA\bp_remade,false,false,0,none,false,5,false
sok_coat_lupe2_ovl_alp.bmp,3e7386ad0e8839d66f2a838a810745d29cb2d632,b2c6511b8d7ce70a383e895d0bc962ba3521f0f2,true,ps2 textures\HAS ALPHA\bp_remade,false,false,0,none,false,5,false
sok_coat_lupe_himo.bmp,e536a4768b19e8fe435c8580b3e31ac45ccb832f,132c245ac59d348e04ab2991f9429ae0a3f2b86c,true,ps2 textures\opaque\bp_remade,true,false,0,none,false,5,false
sok_coat_lupe_ovl_alp.bmp,41698c1912a30934ab9611b9f783e953c5c2b378,37e35215ac4a96a9b27769624ca8f88127923cb6,true,ps2 textures\HAS ALPHA\bp_remade,false,false,0,none,false,5,false
sok_coat_lupe_ovl_mod1120_alp_emap.bmp,70e57ffb06b7817a649193be18f1daba3cfec7d2,a971a54ac243df8d33deac17d10bb1699c49e47d,true,ps2 textures\opaque\bp_remade,true,false,0,none,false,5,false
sok_coat_lupe_pin.bmp,4c6bbba935807f930b805b6a1738dcca6c863a8c,5785bbf82f153e42ba3aa56ee7a4e875f0c51d6a,true,ps2 textures\opaque\bp_remade,true,false,0,none,false,5,false
sok_coat_matuge_alp_ovl.bmp,0fbb88ff00182a8502556f4d0488e307743d6e70,6fad5c7a14cf3b15536096f67f9816d0dda64999,true,ps2 textures\HAS ALPHA\bp_remade,false,false,0,none,false,5,false
sok_coat_nekutai.bmp,dc8380d85ae264fcd175c37aac7e1ef55c4f62b0,0fc69a693f8dcf7a91e810fefe8dcc48b29cf3b3,true,ps2 textures\opaque\bp_remade,true,false,0,none,false,5,false
sok_coat_ovl_mod1120_alp_emap.bmp,624d13caeb48cd35fefbf05edcc73cc260faa6d1,d0882fb8685b1bc2c8c9a5e68a90c52729f04d72,true,ps2 textures\opaque\bp_remade,true,false,0,none,false,5,false
sok_coat_shatu.bmp,08436b60ee67c580598fa65885fc3c179bf37499,e45467b2fabd2ab179f014cfaf6696d49e33132f,true,ps2 textures\opaque\bp_remade,true,false,0,none,false,5,false
sok_coat_teeth.bmp,77730a9d3cdaaad49f924461cf2d15c82516124b,6600d40aedac5ac6cc4724f2ed233a6a268a4839,true,ps2 textures\opaque\bp_remade,true,false,0,none,false,5,false
sok_white_body.bmp,5190eabaabf6a397f1dba70aa3f7792955c0d995,bdcd868e66910ac91be7b64d33345112c71e4591,true,ps2 textures\opaque\bp_remade,true,false,0,none,false,5,false
sok_white_botan_ovl_alp.bmp,fc680a0f02ea49983ff4cf714ba9ef16f5efa056,4999aa9f68b9daf5d0c080c3f040a528a0987800,true,ps2 textures\HAS ALPHA\bp_remade,false,false,0,none,false,5,false
sok_white_damknee_ovl_alp.bmp,8b84226070e6fe9da0442366ecb2ed95ee3d863c,f5dc76eca2f7b0195f81ac950e7623fa487c4e02,true,ps2 textures\HAS ALPHA\bp_remade,false,false,0,none,false,5,false
sok_white_hand.bmp,45bd1a59d11fa339d19b4ca4e5b32b58e33c7ed5,23f1b0d9a31cac9e30ddba98c3e2bdfbbac43c66,true,ps2 textures\opaque\bp_remade,true,false,0,none,false,5,false
sok_white_staffproof.bmp,dbb568f4f9d7d13f9708392ba166f5aa5ef8ec03,de0d95647390c21bea6276644c3e3c1bfb91f5a9,true,ps2 textures\opaque\bp_remade,true,false,0,none,false,5,false
sok_white_white_ovl_mod1120_alp_emap.bmp,85ad4dbd13c6b3785c14cd7cadb399ceb5923a1b,6956e75be3cb92292bfed650d7f43eab71dc96fa,true,ps2 textures\opaque\bp_remade,true,false,0,none,false,5,false
sokuseki_ramen_01.bmp,5f9e48b9deec2f6a26ac2f9ffff84e1554e7fba0,b945f51d9e022542ddd98f99179eee00a35bcd65,true,ps2 textures\opaque\bp_remade,true,false,0,none,false,5,false
solidago1_alp_ovl.bmp,710b4be3fffcc55bfbcc83a1d6c85c95a7d39800,954ee73b64a97c5b10fed527f29294beef849b79,true,ps2 textures\HAS ALPHA\bp_remade,false,false,0,none,false,5,false
sor_blood_tears_left_ovl_alp.bmp,c5110810fa42005630c81efe88417030810b890a,e6ec76a117540e71c6dbdcc5380713af51b09e2e,true,ps2 textures\HAS ALPHA\bp_remade,false,false,0,none,false,5,false
sor_foot_def.bmp,3c6b681ae0092a09e44bb16910d608b748edb79a,db50beffcf17a7f2aa85daa04348caa9ea7ebdd7,true,ps2 textures\opaque\bp_remade,true,false,0,none,false,5,false
sor_foot_def_smole.bmp,5247581fe0f658ace2238ac39b39dda5289bd06e,7f09a017b19cc7675e69a2dee20246eae9eac07e,true,ps2 textures\opaque\bp_remade,true,false,0,none,false,5,false
sor_foot_under.bmp,479c3a1766aa9168d16d2948bd3a8d689dd81a89,e1124181dd53aa3df09f75a35030db0249293c32,true,ps2 textures\opaque\bp_remade,true,false,0,none,false,5,false
sor_hair_back_ovl_alp.bmp,785b34e9fb2f19f2cddd94196481096741b76991,a4908f4d6db5d5913dada919253897fc37ea20ff,true,ps2 textures\HAS ALPHA\bp_remade,false,false,0,none,false,5,false
sor_hand_def.bmp,802ddb2d60ab31600f1c57cdd8b75aafc4441a84,c405539bb90be04389589f7a52beae3fc932ba69,true,ps2 textures\opaque\bp_remade,true,false,0,none,false,5,false
sor_item_hol_def.bmp,963d326a2bbd983cccd68607c947374347b5f482,fa2ca84e1df339cb5f4a0b4521950b7aeb1a7cc4,true,ps2 textures\opaque\bp_remade,true,false,0,none,false,5,false
sor_item_hol_def_deth.bmp,1fc6fb1265c77bc8ef65f50127578f7bd813f54b,e9b48071f2798ed0342f3d75da6db0a95c3bcc18,true,ps2 textures\opaque\bp_remade,true,false,0,none,false,5,false
sor_mgs3_arm_park.bmp,3fa976c302d0d5d70472dc115f320ad03e627bbb,2b8dcacf3bb0c09645506026983f9e292794f626,true,ps2 textures\opaque\bp_remade,true,false,0,none,false,5,false
sor_mgs3_arm_park_smole.bmp,e506640849b4319b483d2c60f1462707eb4a2a93,cade35ac0ca4617bd0a006f445ccf15e8be30e0c,true,ps2 textures\opaque\bp_remade,true,false,0,none,false,5,false
sor_mgs3_belt.bmp,03531409e7b651528af5dbb373a098776ab487fb,2543a5621b4e26e498c1bb4ddce73f406df94410,true,ps2 textures\opaque\bp_remade,true,false,0,none,false,5,false
sor_mgs3_belt_deth.bmp,ffad819ae995a44641f8f943484955aa8250989f,b45118786a424e4d5a304adab0bbef73804b8942,true,ps2 textures\opaque\bp_remade,true,false,0,none,false,5,false
sor_mgs3_belt_vr.bmp,eac68fb801e0d30da50f33a153e2d01fb908b50b,0bbe75079cd478b965ff15deabd1c7a13849107f,true,ps2 textures\opaque\bp_remade,true,false,0,none,false,5,false
sor_mgs3_body_over.bmp,e92e29634d684e0c7b4b28c2d24dcdbda009d974,253e824ba1314a936ab580c9c1df76603c5e74cb,true,ps2 textures\opaque\bp_remade,true,false,0,none,false,5,false
sor_mgs3_body_over_det.bmp,df9690c3be0897f5cd81f3378575b3ad47b7cf12,a81425c8c58495ca2cb77f2de91b94fc82df16f0,true,ps2 textures\opaque\bp_remade,true,false,0,none,false,5,false
sor_mgs3_body_over_park.bmp,4de118a1a65d4378b3b87495d17db6fb046722fc,2a943de2495a4e5b2c25fdf0395820bc88b40933,true,ps2 textures\opaque\bp_remade,true,false,0,none,false,5,false
sor_mgs3_body_over_park_smole.bmp,b723a0660e1ea8fbb725bbd581dbc909905b481e,9a8c7730b4ff2099578910339f7c82e2279bed8e,true,ps2 textures\opaque\bp_remade,true,false,0,none,false,5,false
sor_mgs3_body_park.bmp,69f37a347e3c3860d3bac24c4c5408a12cbffce9,061326deb3de24ad13d3535447ba8c621fd58400,true,ps2 textures\opaque\bp_remade,true,false,0,none,false,5,false
sor_mgs3_body_park_smole.bmp,8c869d9012c702f2ca59a65ac5e93d67eca3c7e1,3bc06af227ef3e55f6583ab6fae41c96d213e9da,true,ps2 textures\opaque\bp_remade,true,false,0,none,false,5,false
sor_mgs3_body_shld.bmp,a46c8ba7785264d3f2837b9cd80c3806c0c0006e,8725a6a6074a6426a9e46f924abcf58585c6171f,true,ps2 textures\opaque\bp_remade,true,false,0,none,false,5,false
sor_mgs3_body_shld_deth.bmp,f7f06d689f07135f9cbb8abc586e857af03a3ef5,bad6df93045ef453a8cfc07c39504bc92b7d6f50,true,ps2 textures\opaque\bp_remade,true,false,0,none,false,5,false
sor_mgs3_body_under.bmp,6f9474da74616274ab487fcf04d8b0bcb6322476,a6b544c4cd73b4b0b6fecb52cfc277f070ea9109,true,ps2 textures\opaque\bp_remade,true,false,0,none,false,5,false
sor_mgs3_body_under_deth.bmp,585e82c98a9a4b0a35f62a638edca1ba74ac46f4,59f8f29b760661c9fbe87e0b4d95e2b8eb488abe,true,ps2 textures\opaque\bp_remade,true,false,0,none,false,5,false
sor_mgs3_eye_hi.bmp,8b5e7f6b72a041c78fb30c76b2fbed3624fb6e8f,fd261c762cc2da6e40d73ef78b75fa1480b38cf6,true,ps2 textures\opaque\bp_remade,true,false,0,none,false,5,false
sor_mgs3_eye_hi_smole.bmp,4a3e955143a934159361b25dd4d4b9b60a4c6287,48b88310315bd1f377e2a1e0b0e77c9a2e53fe07,true,ps2 textures\opaque\bp_remade,true,false,0,none,false,5,false
sor_mgs3_eye_ovl_mod1120_alp_emap.bmp,3d61d284fc63cd1e4bc232cdc43069d91c34404e,96fe99eccdb60ec3e48821b33292b4f36e1b9f4c,true,ps2 textures\opaque\bp_remade,true,false,0,none,false,5,false
sor_mgs3_eye_red_decal.bmp,02a802d60cc90d8d485809e85022e3a377e29eb1,ff24f6c6fe5571427201f63c24eb224ffc3083c7,true,ps2 textures\opaque\bp_remade,true,false,0,none,false,5,false
sor_mgs3_face_blood.bmp,7a14adb2a94764cd7be67763488a86c17059a1f9,8de694bc11d1d17e528c905487028dfee79ba3bc,true,ps2 textures\opaque\bp_remade,true,false,0,none,false,5,false
sor_mgs3_face_def.bmp,280cf05fffea5500bbcafb63d52d4a8ab4959445,60f0fa5be27e5434bcd25a876614e8297c8aa405,true,ps2 textures\opaque\bp_remade,true,false,0,none,false,5,false
sor_mgs3_face_park.bmp,997921abc65ddf7d8851fc98338f21b7030b9fc5,5663eb229dab743cf9b5afb20316e5b7bc9dd7eb,true,ps2 textures\opaque\bp_remade,true,false,0,none,false,5,false
sor_mgs3_face_park_smole.bmp,6e2bbea421db64dc7061e1224e040ab744f203c6,97047c12862e8bcbbbfcf56b68be077a127e7c61,true,ps2 textures\opaque\bp_remade,true,false,0,none,false,5,false
sor_mgs3_foot_goast.bmp,1a5d2f92bb3ee5cf2add192f63e697e194603d9a,949b67018c65394d4fd96618c73950da8abf8786,true,ps2 textures\opaque\bp_remade,true,false,0,none,false,5,false
sor_mgs3_foot_goast_smole.bmp,e85e8a5794995dbf4f87a6d4413ce279bc291131,8241cd54ca5921704b904ca180a0d954841ff146,true,ps2 textures\opaque\bp_remade,true,false,0,none,false,5,false
sor_mgs3_gun.bmp,970c5e7cb5eb8b52f6e6d9a3181187a54ff10d70,7125ea65023eb7e3bdafa177e3f81119978fdb2e,true,ps2 textures\opaque\bp_remade,true,false,0,none,false,5,false
sor_mgs3_gun_belt.bmp,f1d8ff06056ae6ad95d6b8d179ef0757efb50792,e434b8a1cdf17fccf9d3cf6af45180141da85657,true,ps2 textures\opaque\bp_remade,true,false,0,none,false,5,false
sor_mgs3_gun_belt_deth.bmp,82fa359092b428892d15f0b949129328ce0ed58e,bbbd6a27388fac6bd5948e52ea62af1032d95e7a,true,ps2 textures\opaque\bp_remade,true,false,0,none,false,5,false
sor_mgs3_gun_belt_left.bmp,f41102bc1bcd610c0c54ec546d846e3c33556c4e,344757c52419f4b6026f1c7107af7c17b766007c,true,ps2 textures\opaque\bp_remade,true,false,0,none,false,5,false
sor_mgs3_gun_belt_left_deth.bmp,a0a8bf362ed17de58eec3af9577d0cb73ba9731f,6bf6f8a455536c6a2371d6a0bb3c82673ac0d004,true,ps2 textures\opaque\bp_remade,true,false,0,none,false,5,false
sor_mgs3_gun_belt_shl.bmp,7a91d43b736c6ff33368f50b00b8029124007d88,7fdf0d925006faea03781ca2aa6aa3ad03770523,true,ps2 textures\opaque\bp_remade,true,false,0,none,false,5,false
sor_mgs3_gun_belt_shl_deth.bmp,36bf33897fc11f5325630849290b96e476f1a10b,9293156ffba3994caeae811872a08f6aa6b6bf6f,true,ps2 textures\opaque\bp_remade,true,false,0,none,false,5,false
sor_mgs3_gun_grip.bmp,0a4da7a0b2991ff42e6e87adb6a7f50f126d3cb4,dd2236095c523a45cdbfe51590b70fc699ce3c45,true,ps2 textures\opaque\bp_remade,true,false,0,none,false,5,false
sor_mgs3_hand_def.bmp,b9fae925897cd74ae1e8063bbeb5ebb75bb64954,104fc3b7aad3ce8c9c07017558df4c01dd4ed768,true,ps2 textures\opaque\bp_remade,true,false,0,none,false,5,false
sor_mgs3_hand_def_smole.bmp,7477701541d262396092a1ddc7e1addd4cc2fc40,7c0846032b34a9f6fb677350f1f2294ca03f1c6f,true,ps2 textures\opaque\bp_remade,true,false,0,none,false,5,false
sor_mgs3_head_park.bmp,2180c81a5ea1be2ed6fe02fadbb03d05f509652e,6be71654cb0788432e3d8e4ba519ace788287810,true,ps2 textures\opaque\bp_remade,true,false,0,none,false,5,false
sor_mgs3_head_park_smole.bmp,ffa542cdeec1d7e8bc5832f751ec01f99be377c2,4403bd71e08fbc906f3c4d27c73bf34a580dc234,true,ps2 textures\opaque\bp_remade,true,false,0,none,false,5,false
sor_mgs3_wpl.bmp,503644419e67041804748df293fac9d04d89d1d8,3577bfcf440277295b49b7d34ccfb4b674f07b30,true,ps2 textures\opaque\bp_remade,true,false,0,none,false,5,false
sor_rend_waist.bmp,62902f16b5e0d4ee21a060b988a09c0a387836d3,97fb6b0ae149e44981efc0d515240cd2aed040b7,true,ps2 textures\opaque\bp_remade,true,false,0,none,false,5,false
sor_xry_bones.bmp,caa0988db6a2e8a7108e4843c2cd9d502881e7ca,ecf74ebdced5df35ce7cabe1ee23497229f8d8e7,true,ps2 textures\opaque\bp_remade,true,false,0,none,false,5,false
sor_xry_buckbone.bmp,15882219a43db98317ff37168531461b8205b750,55a4683fbaabcbc81733df819d2058c33dcb7baf,true,ps2 textures\opaque\bp_remade,true,false,0,none,false,5,false
sor_xry_skull.bmp,492b9603426d5c08b4fdca58a0e6edf654658d86,14b387ff29dcf3d98c6bfb08958bdcfbb981e53d,true,ps2 textures\opaque\bp_remade,true,false,0,none,false,5,false
spy_case_a.bmp,cb627423dace4debf1249050f9c8a561470b4a1d,67be3fa77d543d27b15037eb455936237cc9100e,true,ps2 textures\opaque\bp_remade,true,false,0,none,false,5,false
storehouse_box02front.bmp,e12cf4838280068c31f1de2e580384c1feff6e36,b8bdfe0b3c5f1f998d669610accebb3d67bf03ac,true,ps2 textures\opaque\bp_remade,true,false,0,none,false,5,false
storehouse_box02side.bmp,56502341bd780dfc37ee452ae93d317a64fb5ca1,bf492d33c71613366add5476b4c4c6100306198f,true,ps2 textures\opaque\bp_remade,true,false,0,none,false,5,false
storehouse_boxb02front.bmp,71b2ad4828cfff9359287ead9125c5a39958c9ca,1db18d01c881b4b2402804be0e1e3499080a5a85,true,ps2 textures\opaque\bp_remade,true,false,0,none,false,5,false
storehouse_boxb02side.bmp_3865ee5a3e19a6b38038156285f0bcff,fe93b01db3e8c1e07a01ab6199b3f042378ac02b,f31209182aaa3d84ef50a58cb94f0f5123864e57,true,ps2 textures\opaque\bp_remade,true,false,0,none,false,5,false
storehouse_boxb02top.bmp_5cda35273604474644562ccc18a700ee,482a9a758783c86429f29f21773b266006e72fde,99384ad15ab5a16270016c04aa8703c311b764fb,true,ps2 textures\opaque\bp_remade,true,false,0,none,false,5,false
storehouse_ceiling01.bmp,0537cc2db78f7ccff14743d225c42cc138baffc3,8374027b69ee61c3d50ee3766219c3729564065e,true,ps2 textures\opaque\bp_remade,true,false,0,none,false,5,false
storehouse_door01.bmp,f5d310218029ca174e011df3c8c40e19efc75a77,18c14fd94eeb5ba018623357fef38d884fa6ef0b,true,ps2 textures\opaque\bp_remade,true,false,0,none,false,5,false
storehouse_door01.bmp_8a3ef897aa63e596e7f9d9151c29d1c9,df5c3b432bc557cc349e7346111abb2f1fb4fdcb,1b4ae90fb91a4071cccd7d311decf17ff7cacd99,true,ps2 textures\opaque\bp_remade,true,false,0,none,false,5,false
storehouse_flour00.bmp_74be034da3517787c642dfb992a58f76,c05d17ce7b3cff431c1fd9c8e33571b726b110c5,976ccd59ac7a5ebbae5814698697c7b2a0960464,true,ps2 textures\opaque\bp_remade,true,false,0,none,false,5,false
storehouse_kan00.bmp,f4dd81406a61bb6e226df296043b98cc0014f995,b0e1cadbddaa97976f4bfa0cc9837f5cacfb2ffc,true,ps2 textures\opaque\bp_remade,true,false,0,none,false,5,false
storehouse_pillar01.bmp,8d2c0710a03612f1699bf257a64d21dbd5af04ac,1320ea5a692786590210312b3f001edbb2d1055b,true,ps2 textures\opaque\bp_remade,true,false,0,none,false,5,false
storehouse_pillar02.bmp,e65ec3bb94351a9c9510ffcae55b7914b6c3d262,13358a831277e564d8c382d47f1bff5295bf3632,true,ps2 textures\opaque\bp_remade,true,false,0,none,false,5,false
storehouse_plt00.bmp,710c87f0ca707b88ac357b6b91c233c53d500330,8869d78e1b1c6a0d4b47d68a81fcc60db287feff,true,ps2 textures\opaque\bp_remade,true,false,0,none,false,5,false
storehouse_wall02.bmp,a74cc782c62f092cd760ca93d4f4d7e02f720022,7523fce743a215b803554bc67e0136a8d3a6fb3d,true,ps2 textures\opaque\bp_remade,true,false,0,none,false,5,false
stove_stand.bmp,995f1feaaf07c26761fbb1b4e705c3e684d05288,ba45898cebf74b7db47f4758fb210b2750a08079,true,ps2 textures\opaque\bp_remade,true,false,0,none,false,5,false
susb_tesuri1.bmp,190e1c0eb577b1c410d32b20ef9755eef2e2a374,854054c47c23ef99bd97ac60b67263e9631ac561,true,ps2 textures\opaque\bp_remade,true,false,0,none,false,5,false
susb_wire1_rep.bmp,8022c794899d47268f7a5c88aea508e486a3fcae,5179347be38de21c1139ebbbf6b1903ceaf991a2,true,ps2 textures\opaque\bp_remade,true,false,0,none,false,5,false
susbridge_floor1.bmp,d89cf7b26fe212a80d0b937f95102167f3a7d0ba,bbb815b1258493efa3b2fc74c342891942480f66,true,ps2 textures\opaque\bp_remade,true,false,0,none,false,5,false
svd01_tex.bmp,bfde810db8cef5ce84acc424edc738fec0d8fdeb,e9dbd04fff67709e941f0d77d3a3fd869c29d070,true,ps2 textures\opaque\bp_remade,true,false,0,none,false,5,false
svd02_tex.bmp,3ed07d86ed98e7820dbbeddb2a1aa7c81713df88,5368fa20bd093d70a31cd056fbb6baa017ae9952,true,ps2 textures\opaque\bp_remade,true,false,0,none,false,5,false
svd03.bmp,4d1bab4a984b32ffc67621ef16aff8c0bb49bb72,23d025a5365c04a46ba325d87adfc44dc0b4f437,true,ps2 textures\opaque\bp_remade,true,false,0,none,false,5,false
svd04_ren.bmp,b1296b91e64001b987f800ed18d4d814ecffb9f3,fc84aba09ed9a55365bdc3568da7077660424dbf,true,ps2 textures\opaque\bp_remade,true,false,0,none,false,5,false
svd_amo.bmp,dcb23fd6ec613657932dd2246a22f21c9b5f1a16,2be8d680c3b24d25745db7897a426f1f51255cbb,true,ps2 textures\opaque\bp_remade,true,false,0,none,false,5,false
svknf_grip.bmp,250485dfe39b86e6e1a8ddca8a769a109b1f32f2,cb57ca318c460172d8c0bee4c22d08c7faa64b61,true,ps2 textures\opaque\bp_remade,true,false,0,none,false,5,false
tablewood_cast00.bmp_72e255b759c38bae586f426480cf6076,844c7997c9772744796acfdf1dde6fd96e120b60,057cff76e9738cdc28e952b052ef28270e28324b,true,ps2 textures\opaque\bp_remade,true,false,0,none,false,5,false
tablewood_top.bmp,bf96d719f7d95a7df1b5f1758c0247720f7cdee2,6080f2179b840b97a24afb9327533f1f150b95ce,true,ps2 textures\opaque\bp_remade,true,false,0,none,false,5,false
tablewood_top_256.bmp,ec61946b1ccd7b70fca657916d264b9cf3cd27ae,91fa4b5fb24265af902cb5504f3237cb17d37100,true,ps2 textures\opaque\bp_remade,true,false,0,none,false,5,false
taiya.bmp_acd4abfd35a8f731aab5deca60c1d712,9c2d4caf66021408838c3a9e390477a8e0c51a92,357e54483f85df5cbf727018318fd583d0757cda,true,ps2 textures\opaque\bp_remade,true,false,0,none,false,5,false
taiya.bmp_e606aaab5c9434f992fd585a35ba9ab0,2c60fd0b6f1ec00cc5e54a8d326cb3404b1d21d5,8203e06be815be4f316326eb27fc4e0e90ab41ab,true,ps2 textures\opaque\bp_remade,true,false,0,none,false,5,false
taiyabase.bmp,b8d113eba8b0baba7d4935fdd2e78c2dc77c167a,9eb4ee09746f00d265dce549ad6f1e4fbc9a078f,true,ps2 textures\opaque\bp_remade,true,false,0,none,false,5,false
taki_eda_12_alp_ovl.bmp,0967992c4386d75beacb32462e12b1ec6e0a3021,65c773287c0d9c55d954bc46debc3d01bb3d675f,true,ps2 textures\HAS ALPHA\bp_remade,false,false,0,none,false,5,false
taki_eda_12_alp_ovl.bmp_9d79dcb7c6e2d7a01f869a18e42c730b,0a92f2e419f7814824397946047f6908ab3292b8,0f9d0f4e1abec6e6d97d785c99c9153fb072a0a6,true,ps2 textures\HAS ALPHA\bp_remade,false,false,0,none,false,5,false
taki_iwanohyoumen_07_2_rep.bmp_4c306fbc0612bd3c1a022dbc47d91989,1bd27ced3313572a0959b94f2338e5742f81ef2f,30f5f381f87a411dabcf3a09724c07adc6cfc7ee,true,ps2 textures\opaque\bp_remade,true,false,0,none,false,5,false
taki_iwanohyoumen_07_rep.bmp,b103124a92aab39cd987b774f6d54bcbf075fad8,820bfcbf0229e1ca90c9d924ee6fbb27ce5a5394,true,ps2 textures\opaque\bp_remade,true,false,0,none,false,5,false
taki_sida_a02_alp_ovl.bmp,5999ba7344cbd740e408b738846f861f4af55879,65716a47010473e3079524e1c3f0d24bdde13f49,true,ps2 textures\HAS ALPHA\bp_remade,false,false,0,none,false,5,false
taki_tree_a19_rp.bmp,5a425223a8e1a7487f9f4223ffd6e17048af4de0,9e45460dac13f72ad9129910efd22b85078ee855,true,ps2 textures\opaque\bp_remade,true,false,0,none,false,5,false
taki_tree_b02_rp.bmp,915dc6b00d5c5a7ae879f7976ea15974e5d3e562,ad20a4b4c7d7e301460d12e9c8bceceddb0927ff,true,ps2 textures\opaque\bp_remade,true,false,0,none,false,5,false
taki_tree_b08_rp.bmp_a0ac50d5b5ddc886e2ce9174ff6c9331,0348ad0b1bdffc439ac675df0c0c5ab017dc947e,75624bfdc1325ef88753ad3243f8b15ae3c16dc6,true,ps2 textures\opaque\bp_remade,true,false,0,none,false,5,false
taki_tree_b09_alp_ovl.bmp,fccbcd7b6c573d52890cf75b34e5e3ae14d5f000,39a740001c3017d14a5917e10b721c7b7d00bd09,true,ps2 textures\HAS ALPHA\bp_remade,false,false,0,none,false,5,false
taki_tree_b10_alp_ovl.bmp,533e8fc09b1d66372da88868c53bded94421a159,351de49b33628652cc34a524c57d503775767009,true,ps2 textures\HAS ALPHA\bp_remade,false,false,0,none,false,5,false
taki_tuta_a02_alp_ovl.bmp,9ad65435cc41bfc138088815c4739ea97d5466e2,54a00a1c8b48abf84335a206c79388d4c5b1d287,true,ps2 textures\HAS ALPHA\bp_remade,false,false,0,none,false,5,false
tank.bmp,94ea2edffe706ec9309193d66182903af59b8a7c,3a2bcdaf14f2ac8dcc6d04a48f43635f6a2ebf70,true,ps2 textures\opaque\bp_remade,true,false,0,none,false,5,false
thu_arm_cord_ovl_alp.bmp,e78a842506d0a881a12e49b7cea31e037b1ef1d4,94c14ae7ce9145ce962a5d11d4c1ece8fcb78e0f,true,ps2 textures\HAS ALPHA\bp_remade,false,false,0,none,false,5,false
thu_belt_ovl_alp.bmp,dd625dfe8451312c2e00e6c6d0abaf78f40e7b16,354fd872146b829462c74e99c0bf074e6b01e025,true,ps2 textures\HAS ALPHA\bp_remade,false,false,0,none,false,5,false
thu_body_def.bmp,6eeb0992917c39e8e9ff429cfeda0b0e76b3412f,f23ffa3ae5ce5cbd3d557f223686c9132e2d5da4,true,ps2 textures\opaque\bp_remade,true,false,0,none,false,5,false
thu_coat_foot_sole.bmp,eea1e269ac48b7b1d4b67ddcaca238f47d67d206,b9e799348444ba24ab5fde1e73b7bd691d5a8c68,true,ps2 textures\opaque\bp_remade,true,false,0,none,false,5,false
thu_coat_toe.bmp,96ea5fe98c30d804ef5a43f63caedcf27ccdc84a,5047f3b70204f99c54d85d0e9ad00ea61e3cafe2,true,ps2 textures\opaque\bp_remade,true,false,0,none,false,5,false
thu_def_cord.bmp,7b8f1a222891491ec83096c039029137e1eab44a,6d516c893cd7f0832a42f755a468e9277248752e,true,ps2 textures\opaque\bp_remade,true,false,0,none,false,5,false
thu_def_eye.bmp,032ca5ce01c962ec0c5f8dedfdd46c7765d84c42,7bcbc9b65738029813b0e133dd19be87762ef30c,true,ps2 textures\opaque\bp_remade,true,false,0,none,false,5,false
thu_item_arm_gro.bmp,6e2c5f42f9a42153f5cc7e445b2a1777d06dbf6d,40776fb8b19c1985ae14c81b53e7e751e03458c2,true,ps2 textures\opaque\bp_remade,true,false,0,none,false,5,false
thu_item_arm_jnt.bmp,5235f1e2896e5069f6e68d9412813afce440adf2,9801b3a14e7840ea874df5c25dea20113026b17b,true,ps2 textures\opaque\bp_remade,true,false,0,none,false,5,false
thu_item_hand_jnt.bmp,125de18c1f3ac91a8ae079b8b2c5dda7f8c8fc7b,1db226f4f1f03d9b7580128a134c3b273ed64551,true,ps2 textures\opaque\bp_remade,true,false,0,none,false,5,false
thu_makarofu.bmp,426fd9cfc7f501f6c6418ddef8dd1fe84c55b63b,ad44021d3aa9ae4b6876baf0c60fdfe1933b1a8a,true,ps2 textures\opaque\bp_remade,true,false,0,none,false,5,false
thu_mgs3_arm_cord.bmp,f395c1a5e99a56d72e2a3215ac0b7c45a8f2f6fa,38be2ee29e63c9b171feb175548249776cbc5560,true,ps2 textures\opaque\bp_remade,true,false,0,none,false,5,false
thu_mgs3_arm_dam.bmp,72d43a9aa67f9fbc85ce76689c7fd0f9c1a3e721,e8e8e3ea3c733fc0637b735cd5cad34c7feabe92,true,ps2 textures\opaque\bp_remade,true,false,0,none,false,5,false
thu_mgs3_arm_def.bmp,b80080f0a0fda41638d4f232a0968a04c50829e5,dc77eadfe4fb7d4eec9d9af6d20a313ac11275de,true,ps2 textures\opaque\bp_remade,true,false,0,none,false,5,false
thu_mgs3_arm_jnt.bmp,b57c558089be2e8d7c71d0399c4d973e4f2e5a7f,c5cbbf11c7fcef756ee4009838b526a573ea0aae,true,ps2 textures\opaque\bp_remade,true,false,0,none,false,5,false
thu_mgs3_btn_body.bmp,fb8da3c1bd259cb88ffedd4c6fa7f9e5bf78fc36,ce671c78aeec7a2a3f32337a46d33e1f15ab1b50,true,ps2 textures\opaque\bp_remade,true,false,0,none,false,5,false
thu_mgs3_btn_coat.bmp,89fd79274f916bbddedc86a45e106055e0e07d6e,656483f02671656bff1c73dac73192ac152ce209,true,ps2 textures\opaque\bp_remade,true,false,0,none,false,5,false
thu_mgs3_bull.bmp,1e893e13c3dfd743d8db22198207d7e61702d17f,7295b070eb014d1ff215f23232ba49a2e6536be5,true,ps2 textures\opaque\bp_remade,true,false,0,none,false,5,false
thu_mgs3_coat_def.bmp,ea70918ea4bcacff846a45ce48c1cf78b1561e82,40c16326fe2a051ee41c8313187f5cd4379b4f55,true,ps2 textures\opaque\bp_remade,true,false,0,none,false,5,false
thu_mgs3_coat_hand_def.bmp,21a7c501258a9e09453244d007b9c9b318560eb5,bbc7e3b53a380d401b72f827016d7abf17d97c3e,true,ps2 textures\opaque\bp_remade,true,false,0,none,false,5,false
thu_mgs3_face_after.bmp,4e9db02752366b6bde59b29c7d6c2d1c4398c9d9,f915fed9e3c2f3ef9b8a01e4341024421de69e5e,true,ps2 textures\opaque\bp_remade,true,false,0,none,false,5,false
thu_mgs3_face_after_ovl_add_alp.bmp,a2d7d0edc267dd164b5d43cc7cb54dc2eb3e63e8,06c830481099f3d0932e5e26dc5540d2c4a2516a,true,ps2 textures\HAS ALPHA\bp_remade,false,false,0,none,false,5,false
thu_mgs3_face_def.bmp,0a21d91b1613b408507f252821b8e656677da3c4,fab6c0094f34af0484060dfa5a2b7cc96bc8171d,true,ps2 textures\opaque\bp_remade,true,false,0,none,false,5,false
thu_mgs3_face_def_dam.bmp,bf21d6f7b6f5f2afdfd8f650e2c5998ead5f60eb,f510739455c53ddd48f90702e5a2ec647daa05dc,true,ps2 textures\opaque\bp_remade,true,false,0,none,false,5,false
thu_mgs3_face_def_ovl_add_alp.bmp,3c08c048870b20a1fae67ad52a4d4192e2840790,4c4f78e8de3c96c2025e6395c2a020fc39b20fbe,true,ps2 textures\HAS ALPHA\bp_remade,false,false,0,none,false,5,false
thu_mgs3_face_hard.bmp,e5ee07562fef760c1595c957bb5bde344078d46b,6b7d9914e31c2e3cef9c6457ae59f37801f37e40,true,ps2 textures\opaque\bp_remade,true,false,0,none,false,5,false
thu_mgs3_foot_dam.bmp,062022acd71322a98468de80890703869d547dee,a73ee3cbf4a06480547c1d2454fd15c62d7211e4,true,ps2 textures\opaque\bp_remade,true,false,0,none,false,5,false
thu_mgs3_knee_def.bmp,12b0b29b79f99ced2834dc474d9a435c94d76b0e,b28a0e1f5619da75ba79f4324dc0e3be2a08622b,true,ps2 textures\opaque\bp_remade,true,false,0,none,false,5,false
thu_mgs3_leg_def.bmp,147e0e88f469f8c8b112cf12e662f9d2858548ee,b356e1dcf178ec8d40d6ebe5732506303634be2c,true,ps2 textures\opaque\bp_remade,true,false,0,none,false,5,false
thu_mgs3_pin_ovl_alp.bmp,d2dfd852c751df30d4ee17f5affb0281b1a18ea1,2174bf21ae2a2c1765d431da8de9c38f064709c2,true,ps2 textures\HAS ALPHA\bp_remade,false,false,0,none,false,5,false
thu_mgs3_shl_dam.bmp,37618a5294585d863cb6dc296e2c7a8a45f3933c,dadc4ce58cef88305ee877eef6bf02a41d611615,true,ps2 textures\opaque\bp_remade,true,false,0,none,false,5,false
thu_pal_ovl_alp.bmp,109cae0e305addf3b659bc05732dcf75782bcc2a,bb5a4a6dde895b2622b116c36ba23e0510225fc7,true,ps2 textures\HAS ALPHA\bp_remade,false,false,0,none,false,5,false
thu_pal_top.bmp,805e8df28b3b335d83e2c7ece32026c76778a956,27dca1c7df68899d5f047a804f58ae7cce0ca555,true,ps2 textures\opaque\bp_remade,true,false,0,none,false,5,false
tiger_a00.bmp,f147b4c3d6df9675aa3133e5576b5046176edae5,95827549bef945f25626ff39e79ebd7bff3c3cde,true,ps2 textures\opaque\bp_remade,true,false,0,none,false,5,false
tiger_a03_alp_ovl.bmp,878c0c475b48f6ad9dd30e26405de91689d4cc23,46a1ec1f5bcc0b8999503981d5e98b16cb53860d,true,ps2 textures\HAS ALPHA\bp_remade,false,false,0,none,false,5,false
tntbomb_tex.bmp,4fe8720aebd13d23aa3509512843516db4df15fc,8dfb08c7b20fa8719207c633b6a03129b2a00000,true,ps2 textures\opaque\bp_remade,true,false,0,none,false,5,false
tntigni_tex.bmp,30e9630875f6fe637031c1ed6eacdadbc383b785,6a246f5dfd231620ba74997c766068a835348089,true,ps2 textures\opaque\bp_remade,true,false,0,none,false,5,false
toilet_wash00.bmp_130f36d03b48f1b7fe4be27796066b60,0ac090ee1b852530ba68be77500821c4a6f2b4f0,8072aa9d317a665d8e462c9ba578bb2975ffc80d,true,ps2 textures\opaque\bp_remade,true,false,0,none,false,5,false
torch_cloth.bmp,073786dc4d4404148e5f8716933565e028978c1d,ccf7f2d2fc99c53c6dcb8b8518f8e520c99bb1dd,true,ps2 textures\opaque\bp_remade,true,false,0,none,false,5,false
torch_kai.bmp,898ec751d9323abc83553b037ddf3a2dfcc3a959,9da99ee3f936eb81abcbdd1987f491060eaf116a,true,ps2 textures\opaque\bp_remade,true,false,0,none,false,5,false
torch_wire.bmp,65fb08e550e59317d9ee770e65ff97672e29b576,18a0041ecc6d81979e86f3bf262118fa166c54c6,true,ps2 textures\opaque\bp_remade,true,false,0,none,false,5,false
trap2.bmp,f813bf05aa033570cfe076604b4b3b66053ef897,caa2229adc8a35d262c34c7aab8cff0384a945c0,true,ps2 textures\opaque\bp_remade,true,false,0,none,false,5,false
trap_hookrope_iron.bmp,f4efaef5063767c510f2e77646e23796fe6b8aab,4160decffab99f0354e957e4f220896c2112568c,true,ps2 textures\opaque\bp_remade,true,false,0,none,false,5,false
trap_pendulum_large.bmp,05c6ae44a817233214c902fbec9d63443bf2f3da,412551ac86fea2ca015999c2968a2332c5d0d4af,true,ps2 textures\opaque\bp_remade,true,false,0,none,false,5,false
u06_3.bmp,e9937c83656983c2fd267c284a1c50213940331d,a9a6e284891ae37480fb94c1500272089ffeca81,true,ps2 textures\opaque\bp_remade,true,false,0,none,false,5,false
u06_4.bmp,012a277fc37310944e7dc3824999f4cb4c2b70c2,2f58d4acf2e38278fbdf6a492f9a387f5a466423,true,ps2 textures\opaque\bp_remade,true,false,0,none,false,5,false
v004a_flr_swamp03_alp_ovl_rep.bmp,a953feef8246528dbe56cbca2f90655a2f3ffc42,d2ff43191881e8670600c18f5889e26fa9c60967,true,ps2 textures\HAS ALPHA\bp_remade,false,false,0,none,false,5,false
v004a_leaf2_alp_ovl_rep_256.bmp,499716503a9e47b99f2b4636d484f744e0091658,7a0fbec3c6fb3ce0c73fbc90e677bb93178d6b57,true,ps2 textures\HAS ALPHA\bp_remade,false,false,0,none,false,5,false
v004a_soil01_yake_rep_mip8000.bmp_52acaa17f120e32e0ee757b69a796358,89ac514fafa63740e8785bae2c6295638d787904,1a33446f571643f284bf05824773a3f519baf7ec,true,ps2 textures\opaque\bp_remade,true,false,0,none,false,5,false
v004a_wall04_rep_mip8000.bmp,3a4ef26505d86b85cd408fcb3706a5abd4619e0c,19e1b7c06aa7b2cc9c567644d95001a7ef9f055d,true,ps2 textures\opaque\bp_remade,true,false,0,none,false,5,false
v006a_eda3_alp_ovl_mip8000.bmp,c761ff0cc9de49fddf4ae271f9396871bb0f6e09,5823aede0e095fd4c25ff2a767fea329a9f2beea,true,ps2 textures\HAS ALPHA\bp_remade,false,false,0,none,false,5,false
v006a_temptex1_rep.bmp,da86d61904a8dcd18cc953dfca41f2755f47ff17,38bece3cbd4a8fed9444a647d97b4fc5b01c82f8,true,ps2 textures\opaque\bp_remade,true,false,0,none,false,5,false
v006a_tree13_alrep_mid_mip8000_rep.bmp,c770b1a8a02a32ddcaed0be613cdfa934a060f08,fd5213cf71c713874b0b0124f47260a49f26bf6b,true,ps2 textures\opaque\bp_remade,true,false,0,none,false,5,false
vbiyoku01.bmp,86fdcf0f79b30a92dfc544b68eb1d50613484cfe,fa3d6903bb87b298230b0c9ad9310c2c0e32ddba,true,ps2 textures\opaque\bp_remade,true,false,0,none,false,5,false
vtol010.bmp,8ecdbfe89ee8bdcc404fd0d42621e6b47f0232d0,5856fbee9d1e1c6fd8fc01dd03d7a36ca97fdeca,true,ps2 textures\opaque\bp_remade,true,false,0,none,false,5,false
vva_a.bmp,3b7898215491d848ce57b6d0fb4bb488e6fd963a,b32fa22cc3d736fb186bccb2a1bbfcc8e92fb3a3,true,ps2 textures\opaque\bp_remade,true,false,0,none,false,5,false
vva_b.bmp_ba723258d9bb183f072193c17df4f8b1,21676547a3d0e6dbd8b1fabaf6a49bf936cd570e,cf8048e1ace0276438dcb32740f6ff419255aea7,true,ps2 textures\opaque\bp_remade,true,false,0,none,false,5,false
vva_e.bmp,804d51826c36ba27247d1f064bb306fdb2f146b8,22d7083da80010219883e8d38b2ad7230a65d98f,true,ps2 textures\opaque\bp_remade,true,false,0,none,false,5,false
vz61_l_site.bmp,054b4a3a099f4c47c924f99c3031d8b3cdc222e9,e7a72e4a099efe99cbeb38d8ba647f25e49f5e93,true,ps2 textures\opaque\bp_remade,true,false,0,none,false,5,false
vz61mtex.bmp,096cf12c7bb2ccafde875b4ffbe62f078c228866,16a47ae71e31950d1fe8f70844c1497c0bba29c4,true,ps2 textures\opaque\bp_remade,true,false,0,none,false,5,false
w121a_mecha_01.bmp,4f276b29817d29d0c2e6deb7cbc50156e5ae914b,50eddc5682c08dbe8589b8252b6f881506b97ec7,true,ps2 textures\opaque\bp_remade,true,false,0,none,false,5,false
w122a_mecha_06.bmp,f2a989523b55b38ad3889ffb28566d1a337d6e56,9ae3e708760b6e4a8f1e3a15b1dd60d5c7047b7a,true,ps2 textures\opaque\bp_remade,true,false,0,none,false,5,false
w122a_mecha_08.bmp,8fdd6d68cb5be6ec026e2e5ebde4d677124809aa,5bea6ba128dea3073ff7819c258a3c258f72c346,true,ps2 textures\opaque\bp_remade,true,false,0,none,false,5,false
w122a_mecha_14.bmp,42e15f7309dcabd8e37fb33d7a6a468f66235906,87542e2afc656dce1017805b50f002c252f58472,true,ps2 textures\opaque\bp_remade,true,false,0,none,false,5,false
w122a_mecha_18.bmp,627db303db3e4c0da8fb85841552c1e0aba768a9,e61de48ce7ae3e25cd1955685e000444cdb8b77b,true,ps2 textures\opaque\bp_remade,true,false,0,none,false,5,false
w122a_mecha_23.bmp,60aa95ac7da8ada742470798d552e1d0fe9d0728,1a80848040b428295a27c0dd725c4415348be739,true,ps2 textures\opaque\bp_remade,true,false,0,none,false,5,false
w122a_mecha_25.bmp,94e99aa42227fd16b1b26db2e9883f4b1b61f1bb,bb4374c1ab3c81a1b47ecc826f8116c190ecdd86,true,ps2 textures\opaque\bp_remade,true,false,0,none,false,5,false
w12b1_pipe_08.bmp,52f285b78d32b50f930f1ebf7ec5f7244225ba49,5ed772f65ffd91ea5309735d39f2e94741b96c5a,true,ps2 textures\opaque\bp_remade,true,false,0,none,false,5,false
w12b1_pipe_dodai_06.bmp_fcb55562e23327cbfc931647af728ded,39af5720434a379ca46248f28390ffe6c7d853e9,2280584c2f1e57ded7d25422e25ecfd92f1887ca,true,ps2 textures\opaque\bp_remade,true,false,0,none,false,5,false
warning_a00.bmp,6a8745e39fb35d38067ddf8661dbc2cdcdcf5122,d86a3dcc5ca8fd096d8051fab9c2e0817236e458,true,ps2 textures\opaque\bp_remade,true,false,0,none,false,5,false
weap_b.bmp,0415cc01bc9ec74d03ce5153e26b74246196a2bc,59fbaa98d758ddbf99cd28e127025010cab6b961,true,ps2 textures\opaque\bp_remade,true,false,0,none,false,5,false
wigbody01.bmp,7cb82b2d91ebc76d81ca4dea4301747855bae079,e59b81089f5e8bba76f09c2fb771f0b7b8022caa,true,ps2 textures\opaque\bp_remade,true,false,0,none,false,5,false
wighad01.bmp,6e5a3d2b4fed3b6ee53d73a7f8934031e7b1d0ef,cc204096ae99618ab5fa89bc26825589f648c4d3,true,ps2 textures\opaque\bp_remade,true,false,0,none,false,5,false
wighad02.bmp,d639f6a2cf22c8aa561e6ec16272fc493c96fc97,760f820640c1fb390cadff524280abca2e71c69c,true,ps2 textures\opaque\bp_remade,true,false,0,none,false,5,false
wighara.bmp,efcedc9aa7bc177c1754061258c474ea53ba7d89,bb9a217620bdd482f6782e2f6068f78c0fbf1268,true,ps2 textures\opaque\bp_remade,true,false,0,none,false,5,false
will_tex.bmp,d07ab27a956ed4b1b942d06a79a4c12ef2b90fb8,66f017e1e29a226915ecbd936eefe048cb65c061,true,ps2 textures\opaque\bp_remade,true,false,0,none,false,5,false
will_tex_01.bmp,66c52ddf161802b3aee8eeab5541e520499350e6,bb436e088c4364cd20ffe8082509111c8ccf83b5,true,ps2 textures\opaque\bp_remade,true,false,0,none,false,5,false
wor_pendulum_white.bmp,12957ceea13f6db68682c61ccaebf11860f755dc,c11fe8ee376a474d9bc7a1138bd2c1ed3165cca8,true,ps2 textures\opaque\bp_remade,true,false,0,none,false,5,false
wor_suspend_leg.bmp,0eb397a01723221db1e6c996ca3152e84d1ad2e5,8d61b92fbb7463032a0498d32b82d6ed02d156e8,true,ps2 textures\opaque\bp_remade,true,false,0,none,false,5,false
zro_def_arm.bmp,be549265fdc30383c5a86d0b78ac63eb0618db15,ad06cf558c549f67edfe40ae410b5924981396ef,true,ps2 textures\opaque\bp_remade,true,false,0,none,false,5,false
zro_def_eri.bmp_15527f701d8cd045dc161c08e82d4c5e,c49438567ff79b5f03175c8a6c18403ecda5d488,db0b036db327cc35256c241c5ec868289750379f,true,ps2 textures\opaque\bp_remade,true,false,0,none,false,5,false
zro_def_face.bmp,158cc23d8e4d67d8ecc85a264660ee6e015e7494,78373819312f294cbec5e6eee1e70c6e6a00cea3,true,ps2 textures\opaque\bp_remade,true,false,0,none,false,5,false
zro_def_hair_back.bmp,8450fcfe022d85ff8812c43735b315fa140c975d,9ee6ac52d5f0093da5efda4eaf5537c018aba1c5,true,ps2 textures\opaque\bp_remade,true,false,0,none,false,5,false
zu_23_01tex.bmp,ce7722e0b51943dc9aa16e7036e6016b9552fcfb,e1c309edb2d29b4d7d06a91e6854815b557b8251,true,ps2 textures\opaque\bp_remade,true,false,0,none,false,5,false
zu_23_amo.bmp,7e300b18cb894279b4790f7780b764bb5b59076b,9dc8d00dd879f71da827aaa1788914b112416bf4,true,ps2 textures\opaque\bp_remade,true,false,0,none,false,5,false
zu_23_base.bmp,2656427ffea42f25e66d4b9dcfff4629ea08f8c3,71d3a8027590e1a5abf5fe4c4c8f4f019a444ea6,true,ps2 textures\opaque\bp_remade,true,false,0,none,false,5,false
zu_23_body.bmp,425d1912e0d6ab087a1b7a27fbf1a9a5e65ba4f3,dc6e984c7924769ce10c4948109eab11a3bd8d52,true,ps2 textures\opaque\bp_remade,true,false,0,none,false,5,false
zu_23_box.bmp,da67efc7b023b83c69374c4199611e36dbfbfc48,a597c00aa6e17c813992e5860664ede04fbc70dc,true,ps2 textures\opaque\bp_remade,true,false,0,none,false,5,false
zu_23_handle.bmp,0dce160733cd534344719fc72fa2ee618b9e35e2,5b7a16367040edf12bbbf709462402e111911b8b,true,ps2 textures\opaque\bp_remade,true,false,0,none,false,5,false
zu_23_sidebig.bmp,a47cacf5501dda945ae62c39660909e060279c12,f8a968f89f9bd7dd143001c1732856a095abfdb8,true,ps2 textures\opaque\bp_remade,true,false,0,none,false,5,false
